train,date,station,sch_arr,act_arr,arr_delay,sch_dep,act_dep,dep_delay
12303,2024-09-02,BXR,05:40 PM,06:01 PM,21.0,05:42 PM,06:03 PM,21.0
12303,2024-09-02,DDU,07:30 PM,07:31 PM,0.0,07:40 PM,07:41 PM,0.0
12303,2024-09-02,PRYJ,09:40 PM,09:43 PM,3.0,09:45 PM,09:48 PM,3.0
12303,2024-09-02,CNB,12:02 AM,12:28 AM,26.0,12:07 AM,12:33 AM,26.0
12303,2024-09-03,BXR,05:40 PM,09:51 PM,251.0,05:42 PM,09:53 PM,251.0
12303,2024-09-03,DDU,07:30 PM,11:16 PM,226.0,07:40 PM,11:26 PM,226.0
12303,2024-09-03,PRYJ,09:40 PM,02:32 AM,292.0,09:45 PM,02:37 AM,292.0
12303,2024-09-03,CNB,12:02 AM,06:26 AM,384.0,12:07 AM,06:31 AM,384.0
12303,2024-09-06,BXR,05:40 PM,07:28 PM,108.0,05:42 PM,07:30 PM,108.0
12303,2024-09-06,DDU,07:30 PM,08:38 PM,68.0,07:40 PM,08:48 PM,68.0
12303,2024-09-06,PRYJ,09:40 PM,10:35 PM,55.0,09:45 PM,10:40 PM,55.0
12303,2024-09-06,CNB,12:02 AM,12:56 AM,54.0,12:07 AM,01:01 AM,54.0
12303,2024-09-07,BXR,05:40 PM,06:10 PM,30.0,05:42 PM,06:12 PM,30.0
12303,2024-09-07,DDU,07:30 PM,07:30 PM,0.0,07:40 PM,07:40 PM,0.0
12303,2024-09-07,PRYJ,09:40 PM,09:55 PM,15.0,09:45 PM,10:00 PM,15.0
12303,2024-09-07,CNB,12:02 AM,12:05 AM,3.0,12:07 AM,12:10 AM,3.0
12303,2024-09-09,BXR,05:40 PM,09:37 PM,237.0,05:42 PM,09:39 PM,237.0
12303,2024-09-09,DDU,07:30 PM,10:53 PM,203.0,07:40 PM,11:03 PM,203.0
12303,2024-09-09,PRYJ,09:40 PM,01:08 AM,208.0,09:45 PM,01:13 AM,208.0
12303,2024-09-09,CNB,12:02 AM,03:25 AM,203.0,12:07 AM,03:30 AM,203.0
12303,2024-09-10,BXR,05:40 PM,05:40 PM,0.0,05:42 PM,05:42 PM,0.0
12303,2024-09-10,DDU,07:30 PM,12:28 AM,298.0,07:40 PM,12:38 AM,298.0
12303,2024-09-10,PRYJ,09:40 PM,02:45 AM,305.0,09:45 PM,02:50 AM,305.0
12303,2024-09-10,CNB,12:02 AM,05:48 AM,346.0,12:07 AM,05:53 AM,346.0
12303,2024-09-13,BXR,05:40 PM,06:32 PM,52.0,05:42 PM,06:34 PM,52.0
12303,2024-09-13,DDU,07:30 PM,07:38 PM,8.0,07:40 PM,07:48 PM,8.0
12303,2024-09-13,PRYJ,09:40 PM,09:54 PM,14.0,09:45 PM,09:59 PM,14.0
12303,2024-09-13,CNB,12:02 AM,12:16 AM,14.0,12:07 AM,12:21 AM,14.0
12303,2024-09-14,BXR,05:40 PM,06:32 PM,52.0,05:42 PM,06:34 PM,52.0
12303,2024-09-14,DDU,07:30 PM,07:39 PM,9.0,07:40 PM,07:49 PM,9.0
12303,2024-09-14,PRYJ,09:40 PM,10:06 PM,26.0,09:45 PM,10:11 PM,26.0
12303,2024-09-14,CNB,12:02 AM,12:30 AM,28.0,12:07 AM,12:35 AM,28.0
12303,2024-09-16,BXR,05:40 PM,08:05 PM,145.0,05:42 PM,08:07 PM,145.0
12303,2024-09-16,DDU,07:30 PM,09:23 PM,113.0,07:40 PM,09:33 PM,113.0
12303,2024-09-16,PRYJ,09:40 PM,11:30 PM,110.0,09:45 PM,11:35 PM,110.0
12303,2024-09-16,CNB,12:02 AM,12:02 AM,0.0,12:07 AM,12:07 AM,0.0
12303,2024-09-17,BXR,05:40 PM,06:40 PM,60.0,05:42 PM,06:42 PM,60.0
12303,2024-09-17,DDU,07:30 PM,07:50 PM,20.0,07:40 PM,08:00 PM,20.0
12303,2024-09-17,PRYJ,09:40 PM,10:13 PM,33.0,09:45 PM,10:18 PM,33.0
12303,2024-09-17,CNB,12:02 AM,01:38 AM,96.0,12:07 AM,01:43 AM,96.0
12303,2024-09-20,BXR,05:40 PM,06:06 PM,26.0,05:42 PM,06:08 PM,26.0
12303,2024-09-20,DDU,07:30 PM,07:35 PM,5.0,07:40 PM,07:45 PM,5.0
12303,2024-09-20,PRYJ,09:40 PM,09:41 PM,0.0,09:45 PM,09:46 PM,0.0
12303,2024-09-20,CNB,12:02 AM,12:03 AM,0.0,12:07 AM,12:08 AM,0.0
12303,2024-09-21,BXR,05:40 PM,06:26 PM,46.0,05:42 PM,06:28 PM,46.0
12303,2024-09-21,DDU,07:30 PM,07:35 PM,5.0,07:40 PM,07:45 PM,5.0
12303,2024-09-21,PRYJ,09:40 PM,09:46 PM,6.0,09:45 PM,09:51 PM,6.0
12303,2024-09-21,CNB,12:02 AM,12:13 AM,11.0,12:07 AM,12:18 AM,11.0
12303,2024-09-23,BXR,05:40 PM,06:37 PM,57.0,05:42 PM,06:39 PM,57.0
12303,2024-09-23,DDU,07:30 PM,08:12 PM,42.0,07:40 PM,08:22 PM,42.0
12303,2024-09-23,PRYJ,09:40 PM,10:30 PM,50.0,09:45 PM,10:35 PM,50.0
12303,2024-09-23,CNB,12:02 AM,01:03 AM,61.0,12:07 AM,01:08 AM,61.0
12303,2024-09-24,BXR,05:40 PM,06:28 PM,48.0,05:42 PM,06:30 PM,48.0
12303,2024-09-24,DDU,07:30 PM,07:56 PM,26.0,07:40 PM,08:06 PM,26.0
12303,2024-09-24,PRYJ,09:40 PM,09:55 PM,15.0,09:45 PM,10:00 PM,15.0
12303,2024-09-24,CNB,12:02 AM,12:31 AM,29.0,12:07 AM,12:36 AM,29.0
12303,2024-09-27,BXR,05:40 PM,05:40 PM,0.0,05:42 PM,05:42 PM,0.0
12303,2024-09-27,DDU,07:30 PM,07:31 PM,0.0,07:40 PM,07:41 PM,0.0
12303,2024-09-27,PRYJ,09:40 PM,09:40 PM,0.0,09:45 PM,09:45 PM,0.0
12303,2024-09-27,CNB,12:02 AM,12:02 AM,0.0,12:07 AM,12:07 AM,0.0
12303,2024-09-28,BXR,05:40 PM,06:24 PM,44.0,05:42 PM,06:26 PM,44.0
12303,2024-09-28,DDU,07:30 PM,07:36 PM,6.0,07:40 PM,07:46 PM,6.0
12303,2024-09-28,PRYJ,09:40 PM,09:40 PM,0.0,09:45 PM,09:45 PM,0.0
12303,2024-09-28,CNB,12:02 AM,12:14 AM,12.0,12:07 AM,12:19 AM,12.0
12303,2024-09-30,BXR,05:40 PM,06:24 PM,44.0,05:42 PM,06:26 PM,44.0
12303,2024-09-30,DDU,07:30 PM,07:32 PM,2.0,07:40 PM,07:42 PM,2.0
12303,2024-09-30,PRYJ,09:40 PM,09:56 PM,16.0,09:45 PM,10:01 PM,16.0
12303,2024-09-30,CNB,12:02 AM,12:02 AM,0.0,12:07 AM,12:07 AM,0.0
22968,2024-09-20,PRYJ,06:50 PM,06:50 PM,0.0,06:50 PM,06:50 PM,0.0
22968,2024-09-27,PRYJ,06:50 PM,06:50 PM,0.0,06:50 PM,06:50 PM,0.0
7647,2024-09-07,DDU,02:15 AM,06:10 AM,235.0,02:25 AM,06:20 AM,235.0
7647,2024-09-07,BXR,03:48 AM,03:48 AM,0.0,03:50 AM,03:50 AM,0.0
7647,2024-09-28,DDU,02:15 AM,04:29 AM,134.0,02:25 AM,04:39 AM,134.0
7647,2024-09-28,BXR,03:48 AM,03:48 AM,0.0,03:50 AM,03:50 AM,0.0
4121,2024-09-05,CNB,06:05 PM,07:04 PM,59.0,06:10 PM,07:09 PM,59.0
4121,2024-09-12,CNB,06:05 PM,07:30 PM,85.0,06:10 PM,07:35 PM,85.0
12314,2024-09-01,CNB,09:12 PM,09:12 PM,0.0,09:17 PM,09:17 PM,0.0
12314,2024-09-01,DDU,01:27 AM,01:32 AM,5.0,01:37 AM,01:42 AM,5.0
12314,2024-09-02,CNB,09:12 PM,09:35 PM,23.0,09:17 PM,09:40 PM,23.0
12314,2024-09-02,DDU,01:27 AM,01:30 AM,3.0,01:37 AM,01:40 AM,3.0
12314,2024-09-03,CNB,09:12 PM,09:19 PM,7.0,09:17 PM,09:24 PM,7.0
12314,2024-09-03,DDU,01:27 AM,01:30 AM,3.0,01:37 AM,01:40 AM,3.0
12314,2024-09-04,CNB,09:12 PM,09:14 PM,2.0,09:17 PM,09:19 PM,2.0
12314,2024-09-04,DDU,01:27 AM,01:31 AM,4.0,01:37 AM,01:41 AM,4.0
12314,2024-09-05,CNB,09:12 PM,09:15 PM,3.0,09:17 PM,09:20 PM,3.0
12314,2024-09-05,DDU,01:27 AM,01:31 AM,4.0,01:37 AM,01:41 AM,4.0
12314,2024-09-06,CNB,09:12 PM,09:19 PM,7.0,09:17 PM,09:24 PM,7.0
12314,2024-09-06,DDU,01:27 AM,01:27 AM,0.0,01:37 AM,01:37 AM,0.0
12314,2024-09-07,CNB,09:12 PM,09:12 PM,0.0,09:17 PM,09:17 PM,0.0
12314,2024-09-07,DDU,01:27 AM,01:27 AM,0.0,01:37 AM,01:37 AM,0.0
12314,2024-09-08,CNB,09:12 PM,09:32 PM,20.0,09:17 PM,09:37 PM,20.0
12314,2024-09-08,DDU,01:27 AM,01:30 AM,3.0,01:37 AM,01:40 AM,3.0
12314,2024-09-09,CNB,09:12 PM,09:22 PM,10.0,09:17 PM,09:27 PM,10.0
12314,2024-09-09,DDU,01:27 AM,01:30 AM,3.0,01:37 AM,01:40 AM,3.0
12314,2024-09-10,CNB,09:12 PM,09:14 PM,2.0,09:17 PM,09:19 PM,2.0
12314,2024-09-10,DDU,01:27 AM,01:30 AM,3.0,01:37 AM,01:40 AM,3.0
12314,2024-09-11,CNB,09:12 PM,09:30 PM,18.0,09:17 PM,09:35 PM,18.0
12314,2024-09-11,DDU,01:27 AM,01:31 AM,4.0,01:37 AM,01:41 AM,4.0
12314,2024-09-12,CNB,09:12 PM,09:20 PM,8.0,09:17 PM,09:25 PM,8.0
12314,2024-09-12,DDU,01:27 AM,01:28 AM,0.0,01:37 AM,01:38 AM,0.0
12314,2024-09-13,CNB,09:12 PM,09:28 PM,16.0,09:17 PM,09:33 PM,16.0
12314,2024-09-13,DDU,01:27 AM,01:44 AM,17.0,01:37 AM,01:54 AM,17.0
12314,2024-09-14,CNB,09:12 PM,09:27 PM,15.0,09:17 PM,09:32 PM,15.0
12314,2024-09-14,DDU,01:27 AM,01:30 AM,3.0,01:37 AM,01:40 AM,3.0
12314,2024-09-16,CNB,09:12 PM,09:17 PM,5.0,09:17 PM,09:22 PM,5.0
12314,2024-09-16,DDU,01:27 AM,01:32 AM,5.0,01:37 AM,01:42 AM,5.0
12314,2024-09-17,CNB,09:12 PM,10:27 PM,75.0,09:17 PM,10:32 PM,75.0
12314,2024-09-17,DDU,01:27 AM,02:44 AM,77.0,01:37 AM,02:54 AM,77.0
12314,2024-09-18,CNB,09:12 PM,09:14 PM,2.0,09:17 PM,09:19 PM,2.0
12314,2024-09-18,DDU,01:27 AM,01:30 AM,3.0,01:37 AM,01:40 AM,3.0
12314,2024-09-19,CNB,09:12 PM,09:34 PM,22.0,09:17 PM,09:39 PM,22.0
12314,2024-09-19,DDU,01:27 AM,01:47 AM,20.0,01:37 AM,01:57 AM,20.0
12314,2024-09-20,CNB,09:12 PM,09:12 PM,0.0,09:17 PM,09:17 PM,0.0
12314,2024-09-20,DDU,01:27 AM,01:27 AM,0.0,01:37 AM,01:37 AM,0.0
12314,2024-09-21,CNB,09:12 PM,09:16 PM,4.0,09:17 PM,09:21 PM,4.0
12314,2024-09-21,DDU,01:27 AM,01:31 AM,4.0,01:37 AM,01:41 AM,4.0
12314,2024-09-22,CNB,09:12 PM,09:31 PM,19.0,09:17 PM,09:36 PM,19.0
12314,2024-09-22,DDU,01:27 AM,01:33 AM,6.0,01:37 AM,01:43 AM,6.0
12314,2024-09-23,CNB,09:12 PM,09:41 PM,29.0,09:17 PM,09:46 PM,29.0
12314,2024-09-23,DDU,01:27 AM,01:35 AM,8.0,01:37 AM,01:45 AM,8.0
12314,2024-09-24,CNB,09:12 PM,09:13 PM,0.0,09:17 PM,09:18 PM,0.0
12314,2024-09-24,DDU,01:27 AM,01:31 AM,4.0,01:37 AM,01:41 AM,4.0
12314,2024-09-25,CNB,09:12 PM,10:09 PM,57.0,09:17 PM,10:14 PM,57.0
12314,2024-09-25,DDU,01:27 AM,02:07 AM,40.0,01:37 AM,02:17 AM,40.0
12314,2024-09-26,CNB,09:12 PM,09:35 PM,23.0,09:17 PM,09:40 PM,23.0
12314,2024-09-26,DDU,01:27 AM,01:34 AM,7.0,01:37 AM,01:44 AM,7.0
12314,2024-09-27,CNB,09:12 PM,09:31 PM,19.0,09:17 PM,09:36 PM,19.0
12314,2024-09-27,DDU,01:27 AM,01:30 AM,3.0,01:37 AM,01:40 AM,3.0
12314,2024-09-28,CNB,09:12 PM,09:28 PM,16.0,09:17 PM,09:33 PM,16.0
12314,2024-09-28,DDU,01:27 AM,01:27 AM,0.0,01:37 AM,01:37 AM,0.0
12314,2024-09-30,CNB,09:12 PM,10:08 PM,56.0,09:17 PM,10:13 PM,56.0
12314,2024-09-30,DDU,01:27 AM,02:02 AM,35.0,01:37 AM,02:12 AM,35.0
19435,2024-09-05,DDU,10:00 AM,10:00 AM,0.0,10:10 AM,10:10 AM,0.0
19435,2024-09-05,BXR,11:11 AM,11:11 AM,0.0,11:13 AM,11:13 AM,0.0
19435,2024-09-12,DDU,10:00 AM,10:01 AM,0.0,10:10 AM,10:11 AM,0.0
19435,2024-09-12,BXR,11:11 AM,11:29 AM,18.0,11:13 AM,11:31 AM,18.0
19435,2024-09-19,DDU,10:00 AM,10:00 AM,0.0,10:10 AM,10:10 AM,0.0
19435,2024-09-19,BXR,11:11 AM,11:11 AM,0.0,11:13 AM,11:13 AM,0.0
19435,2024-09-26,DDU,10:00 AM,10:00 AM,0.0,10:10 AM,10:10 AM,0.0
19435,2024-09-26,BXR,11:11 AM,11:11 AM,0.0,11:13 AM,11:13 AM,0.0
11108,2024-09-01,PRYJ,08:55 PM,10:12 PM,77.0,09:20 PM,10:37 PM,77.0
11108,2024-09-02,PRYJ,08:55 PM,08:58 PM,3.0,09:20 PM,09:23 PM,3.0
11108,2024-09-03,PRYJ,08:55 PM,09:01 PM,6.0,09:20 PM,09:26 PM,6.0
11108,2024-09-04,PRYJ,08:55 PM,09:07 PM,12.0,09:20 PM,09:32 PM,12.0
11108,2024-09-05,PRYJ,08:55 PM,09:04 PM,9.0,09:20 PM,09:29 PM,9.0
11108,2024-09-06,PRYJ,08:55 PM,09:05 PM,10.0,09:20 PM,09:30 PM,10.0
11108,2024-09-07,PRYJ,08:55 PM,09:13 PM,18.0,09:20 PM,09:38 PM,18.0
11108,2024-09-08,PRYJ,08:55 PM,09:18 PM,23.0,09:20 PM,09:43 PM,23.0
11108,2024-09-09,PRYJ,08:55 PM,08:55 PM,0.0,09:20 PM,09:20 PM,0.0
11108,2024-09-10,PRYJ,08:55 PM,09:05 PM,10.0,09:20 PM,09:30 PM,10.0
11108,2024-09-11,PRYJ,08:55 PM,09:03 PM,8.0,09:20 PM,09:28 PM,8.0
11108,2024-09-12,PRYJ,08:55 PM,08:59 PM,4.0,09:20 PM,09:24 PM,4.0
11108,2024-09-13,PRYJ,08:55 PM,09:05 PM,10.0,09:20 PM,09:30 PM,10.0
11108,2024-09-14,PRYJ,08:55 PM,09:05 PM,10.0,09:20 PM,09:30 PM,10.0
11108,2024-09-15,PRYJ,08:55 PM,09:06 PM,11.0,09:20 PM,09:31 PM,11.0
11108,2024-09-16,PRYJ,08:55 PM,09:18 PM,23.0,09:20 PM,09:43 PM,23.0
11108,2024-09-17,PRYJ,08:55 PM,08:56 PM,0.0,09:20 PM,09:21 PM,0.0
11108,2024-09-18,PRYJ,08:55 PM,08:59 PM,4.0,09:20 PM,09:24 PM,4.0
11108,2024-09-19,PRYJ,08:55 PM,09:05 PM,10.0,09:20 PM,09:30 PM,10.0
11108,2024-09-20,PRYJ,08:55 PM,09:04 PM,9.0,09:20 PM,09:29 PM,9.0
11108,2024-09-21,PRYJ,08:55 PM,08:59 PM,4.0,09:20 PM,09:24 PM,4.0
11108,2024-09-22,PRYJ,08:55 PM,09:01 PM,6.0,09:20 PM,09:26 PM,6.0
11108,2024-09-23,PRYJ,08:55 PM,10:34 PM,99.0,09:20 PM,10:59 PM,99.0
11108,2024-09-24,PRYJ,08:55 PM,08:55 PM,0.0,09:20 PM,09:20 PM,0.0
11108,2024-09-25,PRYJ,08:55 PM,09:02 PM,7.0,09:20 PM,09:27 PM,7.0
11108,2024-09-26,PRYJ,08:55 PM,09:24 PM,29.0,09:20 PM,09:49 PM,29.0
11108,2024-09-27,PRYJ,08:55 PM,10:59 PM,124.0,09:20 PM,11:24 PM,124.0
11108,2024-09-28,PRYJ,08:55 PM,10:47 PM,112.0,09:20 PM,11:12 PM,112.0
11108,2024-09-29,PRYJ,08:55 PM,09:09 PM,14.0,09:20 PM,09:34 PM,14.0
11108,2024-09-30,PRYJ,08:55 PM,08:59 PM,4.0,09:20 PM,09:24 PM,4.0
2392,2024-09-01,CNB,06:20 AM,06:35 AM,15.0,06:30 AM,06:45 AM,15.0
2392,2024-09-01,PRYJ,09:30 AM,09:44 AM,14.0,09:35 AM,09:49 AM,14.0
2392,2024-09-01,DDU,01:15 PM,01:15 PM,0.0,01:25 PM,01:25 PM,0.0
2392,2024-09-01,BXR,02:45 PM,02:45 PM,0.0,02:47 PM,02:47 PM,0.0
2392,2024-09-08,CNB,06:20 AM,07:20 AM,60.0,06:30 AM,07:30 AM,60.0
2392,2024-09-08,PRYJ,09:30 AM,09:30 AM,0.0,09:35 AM,09:35 AM,0.0
2392,2024-09-08,DDU,01:15 PM,01:18 PM,3.0,01:25 PM,01:28 PM,3.0
2392,2024-09-08,BXR,02:45 PM,02:45 PM,0.0,02:47 PM,02:47 PM,0.0
2392,2024-09-22,CNB,06:20 AM,06:49 AM,29.0,06:30 AM,06:59 AM,29.0
2392,2024-09-22,PRYJ,09:30 AM,10:02 AM,32.0,09:35 AM,10:07 AM,32.0
2392,2024-09-22,DDU,01:15 PM,01:16 PM,0.0,01:25 PM,01:26 PM,0.0
2392,2024-09-22,BXR,02:45 PM,04:46 PM,121.0,02:47 PM,04:48 PM,121.0
2392,2024-09-29,CNB,06:20 AM,06:20 AM,0.0,06:30 AM,06:30 AM,0.0
2392,2024-09-29,PRYJ,09:30 AM,09:30 AM,0.0,09:35 AM,09:35 AM,0.0
2392,2024-09-29,DDU,01:15 PM,01:15 PM,0.0,01:25 PM,01:25 PM,0.0
2392,2024-09-29,BXR,02:45 PM,02:45 PM,0.0,02:47 PM,02:47 PM,0.0
22967,2024-09-05,PRYJ,04:50 PM,04:50 PM,0.0,04:50 PM,04:50 PM,0.0
22967,2024-09-12,PRYJ,04:50 PM,04:50 PM,0.0,04:50 PM,04:50 PM,0.0
22967,2024-09-19,PRYJ,04:50 PM,04:50 PM,0.0,04:50 PM,04:50 PM,0.0
22967,2024-09-26,PRYJ,04:50 PM,04:50 PM,0.0,04:50 PM,04:50 PM,0.0
3247,2024-09-05,BXR,04:20 PM,06:33 PM,133.0,04:22 PM,06:35 PM,133.0
3247,2024-09-05,DDU,05:50 PM,08:00 PM,130.0,06:00 PM,08:10 PM,130.0
3247,2024-09-12,BXR,04:20 PM,04:20 PM,0.0,04:22 PM,04:22 PM,0.0
3247,2024-09-12,DDU,05:50 PM,05:58 PM,8.0,06:00 PM,06:08 PM,8.0
14102,2024-09-01,CNB,09:40 AM,09:41 AM,0.0,09:40 AM,09:41 AM,0.0
14102,2024-09-02,CNB,09:40 AM,09:40 AM,0.0,09:40 AM,09:40 AM,0.0
14102,2024-09-03,CNB,09:40 AM,09:41 AM,0.0,09:40 AM,09:41 AM,0.0
14102,2024-09-04,CNB,09:40 AM,09:41 AM,0.0,09:40 AM,09:41 AM,0.0
14102,2024-09-05,CNB,09:40 AM,09:40 AM,0.0,09:40 AM,09:40 AM,0.0
14102,2024-09-06,CNB,09:40 AM,09:41 AM,0.0,09:40 AM,09:41 AM,0.0
14102,2024-09-07,CNB,09:40 AM,09:41 AM,0.0,09:40 AM,09:41 AM,0.0
14102,2024-09-08,CNB,09:40 AM,09:40 AM,0.0,09:40 AM,09:40 AM,0.0
14102,2024-09-10,CNB,09:40 AM,09:41 AM,0.0,09:40 AM,09:41 AM,0.0
14102,2024-09-11,CNB,09:40 AM,09:40 AM,0.0,09:40 AM,09:40 AM,0.0
14102,2024-09-12,CNB,09:40 AM,09:40 AM,0.0,09:40 AM,09:40 AM,0.0
14102,2024-09-13,CNB,09:40 AM,09:40 AM,0.0,09:40 AM,09:40 AM,0.0
14102,2024-09-14,CNB,09:40 AM,09:40 AM,0.0,09:40 AM,09:40 AM,0.0
14102,2024-09-15,CNB,09:40 AM,09:42 AM,2.0,09:40 AM,09:42 AM,2.0
14102,2024-09-16,CNB,09:40 AM,09:41 AM,0.0,09:40 AM,09:41 AM,0.0
14102,2024-09-17,CNB,09:40 AM,09:40 AM,0.0,09:40 AM,09:40 AM,0.0
14102,2024-09-18,CNB,09:40 AM,09:44 AM,4.0,09:40 AM,09:44 AM,4.0
14102,2024-09-19,CNB,09:40 AM,09:41 AM,0.0,09:40 AM,09:41 AM,0.0
14102,2024-09-20,CNB,09:40 AM,09:41 AM,0.0,09:40 AM,09:41 AM,0.0
14102,2024-09-21,CNB,09:40 AM,09:41 AM,0.0,09:40 AM,09:41 AM,0.0
14102,2024-09-22,CNB,09:40 AM,09:41 AM,0.0,09:40 AM,09:41 AM,0.0
14102,2024-09-23,CNB,09:40 AM,09:40 AM,0.0,09:40 AM,09:40 AM,0.0
14102,2024-09-24,CNB,09:40 AM,09:41 AM,0.0,09:40 AM,09:41 AM,0.0
14102,2024-09-25,CNB,09:40 AM,09:40 AM,0.0,09:40 AM,09:40 AM,0.0
14102,2024-09-27,CNB,09:40 AM,09:40 AM,0.0,09:40 AM,09:40 AM,0.0
14102,2024-09-28,CNB,09:40 AM,09:40 AM,0.0,09:40 AM,09:40 AM,0.0
14102,2024-09-29,CNB,09:40 AM,09:40 AM,0.0,09:40 AM,09:40 AM,0.0
14102,2024-09-30,CNB,09:40 AM,09:42 AM,2.0,09:40 AM,09:42 AM,2.0
12371,2024-09-02,DDU,05:45 PM,05:51 PM,6.0,05:55 PM,06:01 PM,6.0
12371,2024-09-09,DDU,05:45 PM,06:02 PM,17.0,05:55 PM,06:12 PM,17.0
12371,2024-09-16,DDU,05:45 PM,05:46 PM,0.0,05:55 PM,05:56 PM,0.0
12371,2024-09-23,DDU,05:45 PM,05:45 PM,0.0,05:55 PM,05:55 PM,0.0
12371,2024-09-30,DDU,05:45 PM,06:02 PM,17.0,05:55 PM,06:12 PM,17.0
12369,2024-09-01,BXR,10:50 PM,10:50 PM,0.0,10:52 PM,10:52 PM,0.0
12369,2024-09-01,DDU,12:25 AM,12:25 AM,0.0,12:35 AM,12:35 AM,0.0
12369,2024-09-02,BXR,10:50 PM,11:23 AM,753.0,10:52 PM,11:25 AM,753.0
12369,2024-09-02,DDU,12:25 AM,12:39 PM,734.0,12:35 AM,12:49 PM,734.0
12369,2024-09-04,BXR,10:50 PM,11:25 PM,35.0,10:52 PM,11:27 PM,35.0
12369,2024-09-04,DDU,12:25 AM,12:30 AM,5.0,12:35 AM,12:40 AM,5.0
12369,2024-09-07,BXR,10:50 PM,10:50 PM,0.0,10:52 PM,10:52 PM,0.0
12369,2024-09-07,DDU,12:25 AM,12:25 AM,0.0,12:35 AM,12:35 AM,0.0
12369,2024-09-08,BXR,10:50 PM,01:50 PM,900.0,10:52 PM,01:52 PM,900.0
12369,2024-09-08,DDU,12:25 AM,03:04 PM,879.0,12:35 AM,03:14 PM,879.0
12369,2024-09-09,BXR,10:50 PM,11:41 PM,51.0,10:52 PM,11:43 PM,51.0
12369,2024-09-09,DDU,12:25 AM,12:54 AM,29.0,12:35 AM,01:04 AM,29.0
12369,2024-09-11,BXR,10:50 PM,11:41 PM,51.0,10:52 PM,11:43 PM,51.0
12369,2024-09-11,DDU,12:25 AM,01:01 AM,36.0,12:35 AM,01:11 AM,36.0
12369,2024-09-12,BXR,10:50 PM,10:50 PM,0.0,10:52 PM,10:52 PM,0.0
12369,2024-09-12,DDU,12:25 AM,12:25 AM,0.0,12:35 AM,12:35 AM,0.0
12369,2024-09-14,BXR,10:50 PM,02:08 AM,198.0,10:52 PM,02:10 AM,198.0
12369,2024-09-14,DDU,12:25 AM,03:24 AM,179.0,12:35 AM,03:34 AM,179.0
12369,2024-09-15,BXR,10:50 PM,11:17 PM,27.0,10:52 PM,11:19 PM,27.0
12369,2024-09-15,DDU,12:25 AM,12:31 AM,6.0,12:35 AM,12:41 AM,6.0
12369,2024-09-16,BXR,10:50 PM,10:50 PM,0.0,10:52 PM,10:52 PM,0.0
12369,2024-09-16,DDU,12:25 AM,12:25 AM,0.0,12:35 AM,12:35 AM,0.0
12369,2024-09-18,BXR,10:50 PM,10:58 PM,8.0,10:52 PM,11:00 PM,8.0
12369,2024-09-18,DDU,12:25 AM,12:25 AM,0.0,12:35 AM,12:35 AM,0.0
12369,2024-09-19,BXR,10:50 PM,11:15 PM,25.0,10:52 PM,11:17 PM,25.0
12369,2024-09-19,DDU,12:25 AM,12:25 AM,0.0,12:35 AM,12:35 AM,0.0
12369,2024-09-21,BXR,10:50 PM,10:50 PM,0.0,10:52 PM,10:52 PM,0.0
12369,2024-09-21,DDU,12:25 AM,12:25 AM,0.0,12:35 AM,12:35 AM,0.0
12369,2024-09-22,BXR,10:50 PM,10:56 PM,6.0,10:52 PM,10:58 PM,6.0
12369,2024-09-22,DDU,12:25 AM,12:25 AM,0.0,12:35 AM,12:35 AM,0.0
12369,2024-09-23,BXR,10:50 PM,11:00 PM,10.0,10:52 PM,11:02 PM,10.0
12369,2024-09-23,DDU,12:25 AM,12:26 AM,0.0,12:35 AM,12:36 AM,0.0
12369,2024-09-25,BXR,10:50 PM,11:04 PM,14.0,10:52 PM,11:06 PM,14.0
12369,2024-09-25,DDU,12:25 AM,12:28 AM,3.0,12:35 AM,12:38 AM,3.0
12369,2024-09-26,BXR,10:50 PM,11:22 PM,32.0,10:52 PM,11:24 PM,32.0
12369,2024-09-26,DDU,12:25 AM,12:30 AM,5.0,12:35 AM,12:40 AM,5.0
12369,2024-09-28,BXR,10:50 PM,10:50 PM,0.0,10:52 PM,10:52 PM,0.0
12369,2024-09-28,DDU,12:25 AM,12:25 AM,0.0,12:35 AM,12:35 AM,0.0
12369,2024-09-29,BXR,10:50 PM,10:58 PM,8.0,10:52 PM,11:00 PM,8.0
12369,2024-09-29,DDU,12:25 AM,12:26 AM,0.0,12:35 AM,12:36 AM,0.0
12369,2024-09-30,BXR,10:50 PM,11:15 PM,25.0,10:52 PM,11:17 PM,25.0
12369,2024-09-30,DDU,12:25 AM,12:25 AM,0.0,12:35 AM,12:35 AM,0.0
22427,2024-09-01,PRYJ,04:00 AM,04:01 AM,0.0,04:05 AM,04:06 AM,0.0
22427,2024-09-01,CNB,06:25 AM,06:37 AM,12.0,06:30 AM,06:42 AM,12.0
22427,2024-09-08,PRYJ,04:00 AM,04:00 AM,0.0,04:05 AM,04:05 AM,0.0
22427,2024-09-08,CNB,06:25 AM,06:39 AM,14.0,06:30 AM,06:44 AM,14.0
22427,2024-09-22,PRYJ,04:00 AM,04:00 AM,0.0,04:05 AM,04:05 AM,0.0
22427,2024-09-22,CNB,06:25 AM,06:25 AM,0.0,06:30 AM,06:30 AM,0.0
4124,2024-09-19,PRYJ,09:00 AM,09:00 AM,0.0,09:00 AM,09:00 AM,0.0
4124,2024-09-26,PRYJ,09:00 AM,09:00 AM,0.0,09:00 AM,09:00 AM,0.0
4124,2024-09-30,PRYJ,09:00 AM,09:00 AM,0.0,09:00 AM,09:00 AM,0.0
22468,2024-09-12,PRYJ,08:20 PM,08:28 PM,8.0,08:25 PM,08:33 PM,8.0
19484,2024-09-01,BXR,02:18 AM,03:00 AM,42.0,02:20 AM,03:02 AM,42.0
19484,2024-09-01,DDU,04:50 AM,04:50 AM,0.0,05:00 AM,05:00 AM,0.0
19484,2024-09-02,BXR,02:18 AM,02:35 AM,17.0,02:20 AM,02:37 AM,17.0
19484,2024-09-02,DDU,04:50 AM,04:53 AM,3.0,05:00 AM,05:03 AM,3.0
19484,2024-09-03,BXR,02:18 AM,03:05 AM,47.0,02:20 AM,03:07 AM,47.0
19484,2024-09-03,DDU,04:50 AM,04:51 AM,0.0,05:00 AM,05:01 AM,0.0
19484,2024-09-05,BXR,02:18 AM,02:59 AM,41.0,02:20 AM,03:01 AM,41.0
19484,2024-09-05,DDU,04:50 AM,04:51 AM,0.0,05:00 AM,05:01 AM,0.0
19484,2024-09-06,BXR,02:18 AM,02:38 AM,20.0,02:20 AM,02:40 AM,20.0
19484,2024-09-06,DDU,04:50 AM,04:52 AM,2.0,05:00 AM,05:02 AM,2.0
19484,2024-09-08,BXR,02:18 AM,02:29 AM,11.0,02:20 AM,02:31 AM,11.0
19484,2024-09-08,DDU,04:50 AM,04:50 AM,0.0,05:00 AM,05:00 AM,0.0
19484,2024-09-09,BXR,02:18 AM,02:43 AM,25.0,02:20 AM,02:45 AM,25.0
19484,2024-09-09,DDU,04:50 AM,04:50 AM,0.0,05:00 AM,05:00 AM,0.0
19484,2024-09-10,BXR,02:18 AM,03:03 AM,45.0,02:20 AM,03:05 AM,45.0
19484,2024-09-10,DDU,04:50 AM,04:55 AM,5.0,05:00 AM,05:05 AM,5.0
19484,2024-09-11,BXR,02:18 AM,02:41 AM,23.0,02:20 AM,02:43 AM,23.0
19484,2024-09-11,DDU,04:50 AM,04:50 AM,0.0,05:00 AM,05:00 AM,0.0
19484,2024-09-12,BXR,02:18 AM,02:27 AM,9.0,02:20 AM,02:29 AM,9.0
19484,2024-09-12,DDU,04:50 AM,05:05 AM,15.0,05:00 AM,05:15 AM,15.0
19484,2024-09-13,BXR,02:18 AM,02:18 AM,0.0,02:20 AM,02:20 AM,0.0
19484,2024-09-13,DDU,04:50 AM,04:50 AM,0.0,05:00 AM,05:00 AM,0.0
19484,2024-09-15,BXR,02:18 AM,02:24 AM,6.0,02:20 AM,02:26 AM,6.0
19484,2024-09-15,DDU,04:50 AM,04:56 AM,6.0,05:00 AM,05:06 AM,6.0
19484,2024-09-16,BXR,02:18 AM,02:23 AM,5.0,02:20 AM,02:25 AM,5.0
19484,2024-09-16,DDU,04:50 AM,05:10 AM,20.0,05:00 AM,05:20 AM,20.0
19484,2024-09-17,BXR,02:18 AM,02:44 AM,26.0,02:20 AM,02:46 AM,26.0
19484,2024-09-17,DDU,04:50 AM,04:50 AM,0.0,05:00 AM,05:00 AM,0.0
19484,2024-09-18,BXR,02:18 AM,04:12 AM,114.0,02:20 AM,04:14 AM,114.0
19484,2024-09-18,DDU,04:50 AM,05:20 AM,30.0,05:00 AM,05:30 AM,30.0
19484,2024-09-19,BXR,02:18 AM,02:18 AM,0.0,02:20 AM,02:20 AM,0.0
19484,2024-09-19,DDU,04:50 AM,04:50 AM,0.0,05:00 AM,05:00 AM,0.0
19484,2024-09-20,BXR,02:18 AM,02:28 AM,10.0,02:20 AM,02:30 AM,10.0
19484,2024-09-20,DDU,04:50 AM,04:50 AM,0.0,05:00 AM,05:00 AM,0.0
19484,2024-09-22,BXR,02:18 AM,02:18 AM,0.0,02:20 AM,02:20 AM,0.0
19484,2024-09-22,DDU,04:50 AM,04:50 AM,0.0,05:00 AM,05:00 AM,0.0
19484,2024-09-23,BXR,02:18 AM,03:30 AM,72.0,02:20 AM,03:32 AM,72.0
19484,2024-09-23,DDU,04:50 AM,04:51 AM,0.0,05:00 AM,05:01 AM,0.0
19484,2024-09-24,BXR,02:18 AM,03:15 AM,57.0,02:20 AM,03:17 AM,57.0
19484,2024-09-24,DDU,04:50 AM,04:54 AM,4.0,05:00 AM,05:04 AM,4.0
19484,2024-09-25,BXR,02:18 AM,02:21 AM,3.0,02:20 AM,02:23 AM,3.0
19484,2024-09-25,DDU,04:50 AM,04:50 AM,0.0,05:00 AM,05:00 AM,0.0
19484,2024-09-26,BXR,02:18 AM,02:43 AM,25.0,02:20 AM,02:45 AM,25.0
19484,2024-09-26,DDU,04:50 AM,04:50 AM,0.0,05:00 AM,05:00 AM,0.0
19484,2024-09-27,BXR,02:18 AM,02:24 AM,6.0,02:20 AM,02:26 AM,6.0
19484,2024-09-27,DDU,04:50 AM,04:50 AM,0.0,05:00 AM,05:00 AM,0.0
19484,2024-09-29,BXR,02:18 AM,02:18 AM,0.0,02:20 AM,02:20 AM,0.0
19484,2024-09-29,DDU,04:50 AM,04:50 AM,0.0,05:00 AM,05:00 AM,0.0
19484,2024-09-30,BXR,02:18 AM,02:36 AM,18.0,02:20 AM,02:38 AM,18.0
19484,2024-09-30,DDU,04:50 AM,04:50 AM,0.0,05:00 AM,05:00 AM,0.0
2394,2024-09-01,PRYJ,09:45 PM,02:45 AM,300.0,09:50 PM,02:50 AM,300.0
2394,2024-09-01,DDU,03:05 AM,05:20 AM,135.0,03:15 AM,05:30 AM,135.0
2394,2024-09-01,BXR,04:20 AM,06:56 AM,156.0,04:22 AM,06:58 AM,156.0
2394,2024-09-02,PRYJ,09:45 PM,09:45 PM,0.0,09:50 PM,09:50 PM,0.0
2394,2024-09-02,DDU,03:05 AM,03:05 AM,0.0,03:15 AM,03:15 AM,0.0
2394,2024-09-02,BXR,04:20 AM,04:20 AM,0.0,04:22 AM,04:22 AM,0.0
2394,2024-09-03,PRYJ,09:45 PM,12:50 AM,185.0,09:50 PM,12:55 AM,185.0
2394,2024-09-03,DDU,03:05 AM,03:14 AM,9.0,03:15 AM,03:24 AM,9.0
2394,2024-09-03,BXR,04:20 AM,04:43 AM,23.0,04:22 AM,04:45 AM,23.0
2394,2024-09-04,PRYJ,09:45 PM,04:49 AM,424.0,09:50 PM,04:54 AM,424.0
2394,2024-09-04,DDU,03:05 AM,07:24 AM,259.0,03:15 AM,07:34 AM,259.0
2394,2024-09-04,BXR,04:20 AM,09:12 AM,292.0,04:22 AM,09:14 AM,292.0
2394,2024-09-05,PRYJ,09:45 PM,04:32 AM,407.0,09:50 PM,04:37 AM,407.0
2394,2024-09-05,DDU,03:05 AM,06:51 AM,226.0,03:15 AM,07:01 AM,226.0
2394,2024-09-05,BXR,04:20 AM,08:12 AM,232.0,04:22 AM,08:14 AM,232.0
2394,2024-09-07,PRYJ,09:45 PM,04:22 AM,397.0,09:50 PM,04:27 AM,397.0
2394,2024-09-07,DDU,03:05 AM,07:57 AM,292.0,03:15 AM,08:07 AM,292.0
2394,2024-09-07,BXR,04:20 AM,09:21 AM,301.0,04:22 AM,09:23 AM,301.0
2394,2024-09-08,PRYJ,09:45 PM,02:16 AM,271.0,09:50 PM,02:21 AM,271.0
2394,2024-09-08,DDU,03:05 AM,05:06 AM,121.0,03:15 AM,05:16 AM,121.0
2394,2024-09-08,BXR,04:20 AM,06:48 AM,148.0,04:22 AM,06:50 AM,148.0
2394,2024-09-09,PRYJ,09:45 PM,05:32 AM,467.0,09:50 PM,05:37 AM,467.0
2394,2024-09-09,DDU,03:05 AM,08:00 AM,295.0,03:15 AM,08:10 AM,295.0
2394,2024-09-09,BXR,04:20 AM,04:20 AM,0.0,04:22 AM,04:22 AM,0.0
2394,2024-09-10,PRYJ,09:45 PM,03:15 AM,330.0,09:50 PM,03:20 AM,330.0
2394,2024-09-10,DDU,03:05 AM,06:36 AM,211.0,03:15 AM,06:46 AM,211.0
2394,2024-09-10,BXR,04:20 AM,08:23 AM,243.0,04:22 AM,08:25 AM,243.0
2394,2024-09-11,PRYJ,09:45 PM,02:29 AM,284.0,09:50 PM,02:34 AM,284.0
2394,2024-09-11,DDU,03:05 AM,05:47 AM,162.0,03:15 AM,05:57 AM,162.0
2394,2024-09-11,BXR,04:20 AM,07:28 AM,188.0,04:22 AM,07:30 AM,188.0
2394,2024-09-12,PRYJ,09:45 PM,03:59 AM,374.0,09:50 PM,04:04 AM,374.0
2394,2024-09-12,DDU,03:05 AM,07:14 AM,249.0,03:15 AM,07:24 AM,249.0
2394,2024-09-12,BXR,04:20 AM,09:07 AM,287.0,04:22 AM,09:09 AM,287.0
2394,2024-09-14,PRYJ,09:45 PM,04:07 AM,382.0,09:50 PM,04:12 AM,382.0
2394,2024-09-14,DDU,03:05 AM,07:09 AM,244.0,03:15 AM,07:19 AM,244.0
2394,2024-09-14,BXR,04:20 AM,09:25 AM,305.0,04:22 AM,09:27 AM,305.0
2394,2024-09-15,PRYJ,09:45 PM,02:34 AM,289.0,09:50 PM,02:39 AM,289.0
2394,2024-09-15,DDU,03:05 AM,05:29 AM,144.0,03:15 AM,05:39 AM,144.0
2394,2024-09-15,BXR,04:20 AM,04:20 AM,0.0,04:22 AM,04:22 AM,0.0
2394,2024-09-16,PRYJ,09:45 PM,03:32 AM,347.0,09:50 PM,03:37 AM,347.0
2394,2024-09-16,DDU,03:05 AM,06:44 AM,219.0,03:15 AM,06:54 AM,219.0
2394,2024-09-16,BXR,04:20 AM,08:38 AM,258.0,04:22 AM,08:40 AM,258.0
2394,2024-09-17,PRYJ,09:45 PM,03:41 AM,356.0,09:50 PM,03:46 AM,356.0
2394,2024-09-17,DDU,03:05 AM,06:22 AM,197.0,03:15 AM,06:32 AM,197.0
2394,2024-09-17,BXR,04:20 AM,07:50 AM,210.0,04:22 AM,07:52 AM,210.0
2394,2024-09-18,PRYJ,09:45 PM,05:35 AM,470.0,09:50 PM,05:40 AM,470.0
2394,2024-09-18,DDU,03:05 AM,08:27 AM,322.0,03:15 AM,08:37 AM,322.0
2394,2024-09-18,BXR,04:20 AM,10:19 AM,359.0,04:22 AM,10:21 AM,359.0
2394,2024-09-19,PRYJ,09:45 PM,04:04 AM,379.0,09:50 PM,04:09 AM,379.0
2394,2024-09-19,DDU,03:05 AM,06:40 AM,215.0,03:15 AM,06:50 AM,215.0
2394,2024-09-19,BXR,04:20 AM,08:06 AM,226.0,04:22 AM,08:08 AM,226.0
2394,2024-09-21,PRYJ,09:45 PM,03:09 AM,324.0,09:50 PM,03:14 AM,324.0
2394,2024-09-21,DDU,03:05 AM,06:28 AM,203.0,03:15 AM,06:38 AM,203.0
2394,2024-09-21,BXR,04:20 AM,07:48 AM,208.0,04:22 AM,07:50 AM,208.0
2394,2024-09-22,PRYJ,09:45 PM,02:22 AM,277.0,09:50 PM,02:27 AM,277.0
2394,2024-09-22,DDU,03:05 AM,04:58 AM,113.0,03:15 AM,05:08 AM,113.0
2394,2024-09-22,BXR,04:20 AM,06:33 AM,133.0,04:22 AM,06:35 AM,133.0
2394,2024-09-23,PRYJ,09:45 PM,12:57 AM,192.0,09:50 PM,01:02 AM,192.0
2394,2024-09-23,DDU,03:05 AM,05:13 AM,128.0,03:15 AM,05:23 AM,128.0
2394,2024-09-23,BXR,04:20 AM,06:31 AM,131.0,04:22 AM,06:33 AM,131.0
2394,2024-09-24,PRYJ,09:45 PM,11:39 PM,114.0,09:50 PM,11:44 PM,114.0
2394,2024-09-24,DDU,03:05 AM,03:33 AM,28.0,03:15 AM,03:43 AM,28.0
2394,2024-09-24,BXR,04:20 AM,05:24 AM,64.0,04:22 AM,05:26 AM,64.0
2394,2024-09-25,PRYJ,09:45 PM,04:12 AM,387.0,09:50 PM,04:17 AM,387.0
2394,2024-09-25,DDU,03:05 AM,07:17 AM,252.0,03:15 AM,07:27 AM,252.0
2394,2024-09-25,BXR,04:20 AM,08:39 AM,259.0,04:22 AM,08:41 AM,259.0
2394,2024-09-26,PRYJ,09:45 PM,01:32 AM,227.0,09:50 PM,01:37 AM,227.0
2394,2024-09-26,DDU,03:05 AM,05:38 AM,153.0,03:15 AM,05:48 AM,153.0
2394,2024-09-26,BXR,04:20 AM,06:54 AM,154.0,04:22 AM,06:56 AM,154.0
2394,2024-09-28,PRYJ,09:45 PM,02:44 AM,299.0,09:50 PM,02:49 AM,299.0
2394,2024-09-28,DDU,03:05 AM,05:28 AM,143.0,03:15 AM,05:38 AM,143.0
2394,2024-09-28,BXR,04:20 AM,07:03 AM,163.0,04:22 AM,07:05 AM,163.0
2394,2024-09-29,PRYJ,09:45 PM,02:49 AM,304.0,09:50 PM,02:54 AM,304.0
2394,2024-09-29,DDU,03:05 AM,05:13 AM,128.0,03:15 AM,05:23 AM,128.0
2394,2024-09-29,BXR,04:20 AM,06:59 AM,159.0,04:22 AM,07:01 AM,159.0
2394,2024-09-30,PRYJ,09:45 PM,02:56 AM,311.0,09:50 PM,03:01 AM,311.0
2394,2024-09-30,DDU,03:05 AM,05:29 AM,144.0,03:15 AM,05:39 AM,144.0
2394,2024-09-30,BXR,04:20 AM,07:04 AM,164.0,04:22 AM,07:06 AM,164.0
18101,2024-09-01,PRYJ,09:45 AM,09:45 AM,0.0,09:50 AM,09:50 AM,0.0
18101,2024-09-01,CNB,01:00 PM,01:00 PM,0.0,01:10 PM,01:10 PM,0.0
18101,2024-09-04,PRYJ,09:45 AM,10:11 AM,26.0,09:50 AM,10:16 AM,26.0
18101,2024-09-04,CNB,01:00 PM,01:15 PM,15.0,01:10 PM,01:25 PM,15.0
18101,2024-09-06,PRYJ,09:45 AM,10:37 AM,52.0,09:50 AM,10:42 AM,52.0
18101,2024-09-06,CNB,01:00 PM,01:40 PM,40.0,01:10 PM,01:50 PM,40.0
18101,2024-09-08,PRYJ,09:45 AM,10:09 AM,24.0,09:50 AM,10:14 AM,24.0
18101,2024-09-08,CNB,01:00 PM,01:00 PM,0.0,01:10 PM,01:10 PM,0.0
18101,2024-09-11,PRYJ,09:45 AM,09:46 AM,0.0,09:50 AM,09:51 AM,0.0
18101,2024-09-11,CNB,01:00 PM,01:00 PM,0.0,01:10 PM,01:10 PM,0.0
18101,2024-09-13,PRYJ,09:45 AM,09:47 AM,2.0,09:50 AM,09:52 AM,2.0
18101,2024-09-13,CNB,01:00 PM,01:14 PM,14.0,01:10 PM,01:24 PM,14.0
18101,2024-09-15,PRYJ,09:45 AM,08:22 PM,637.0,09:50 AM,08:27 PM,637.0
18101,2024-09-15,CNB,01:00 PM,12:10 AM,670.0,01:10 PM,12:20 AM,670.0
18101,2024-09-18,PRYJ,09:45 AM,09:58 AM,13.0,09:50 AM,10:03 AM,13.0
18101,2024-09-18,CNB,01:00 PM,01:04 PM,4.0,01:10 PM,01:14 PM,4.0
18101,2024-09-20,PRYJ,09:45 AM,09:53 AM,8.0,09:50 AM,09:58 AM,8.0
18101,2024-09-20,CNB,01:00 PM,01:30 PM,30.0,01:10 PM,01:40 PM,30.0
18101,2024-09-22,PRYJ,09:45 AM,10:47 AM,62.0,09:50 AM,10:52 AM,62.0
18101,2024-09-22,CNB,01:00 PM,03:10 PM,130.0,01:10 PM,03:20 PM,130.0
18101,2024-09-25,PRYJ,09:45 AM,10:37 AM,52.0,09:50 AM,10:42 AM,52.0
18101,2024-09-25,CNB,01:00 PM,01:42 PM,42.0,01:10 PM,01:52 PM,42.0
18101,2024-09-27,PRYJ,09:45 AM,09:45 AM,0.0,09:50 AM,09:50 AM,0.0
18101,2024-09-27,CNB,01:00 PM,01:00 PM,0.0,01:10 PM,01:10 PM,0.0
18101,2024-09-29,PRYJ,09:45 AM,10:56 AM,71.0,09:50 AM,11:01 AM,71.0
18101,2024-09-29,CNB,01:00 PM,02:15 PM,75.0,01:10 PM,02:25 PM,75.0
14865,2024-09-05,CNB,02:00 AM,05:14 AM,194.0,02:05 AM,05:19 AM,194.0
14865,2024-09-12,CNB,02:00 AM,04:17 AM,137.0,02:05 AM,04:22 AM,137.0
14865,2024-09-19,CNB,02:00 AM,02:10 AM,10.0,02:05 AM,02:15 AM,10.0
14865,2024-09-26,CNB,02:00 AM,03:32 AM,92.0,02:05 AM,03:37 AM,92.0
15633,2024-09-04,CNB,06:45 PM,06:50 PM,5.0,06:55 PM,07:00 PM,5.0
15633,2024-09-04,PRYJ,09:25 PM,09:25 PM,0.0,09:35 PM,09:35 PM,0.0
15633,2024-09-04,DDU,12:50 AM,12:50 AM,0.0,01:00 AM,01:00 AM,0.0
15633,2024-09-11,CNB,06:45 PM,07:30 PM,45.0,06:55 PM,07:40 PM,45.0
15633,2024-09-11,PRYJ,09:25 PM,10:23 PM,58.0,09:35 PM,10:33 PM,58.0
15633,2024-09-11,DDU,12:50 AM,12:50 AM,0.0,01:00 AM,01:00 AM,0.0
15633,2024-09-18,CNB,06:45 PM,07:15 PM,30.0,06:55 PM,07:25 PM,30.0
15633,2024-09-18,PRYJ,09:25 PM,09:25 PM,0.0,09:35 PM,09:35 PM,0.0
15633,2024-09-18,DDU,12:50 AM,12:50 AM,0.0,01:00 AM,01:00 AM,0.0
15633,2024-09-25,CNB,06:45 PM,06:46 PM,0.0,06:55 PM,06:56 PM,0.0
15633,2024-09-25,PRYJ,09:25 PM,09:28 PM,3.0,09:35 PM,09:38 PM,3.0
15633,2024-09-25,DDU,12:50 AM,12:55 AM,5.0,01:00 AM,01:05 AM,5.0
12176,2024-09-03,DDU,08:15 PM,09:43 PM,88.0,08:25 PM,09:53 PM,88.0
12176,2024-09-07,DDU,08:15 PM,08:15 PM,0.0,08:25 PM,08:25 PM,0.0
12176,2024-09-10,DDU,08:15 PM,08:15 PM,0.0,08:25 PM,08:25 PM,0.0
12176,2024-09-14,DDU,08:15 PM,09:08 PM,53.0,08:25 PM,09:18 PM,53.0
12176,2024-09-17,DDU,08:15 PM,09:48 PM,93.0,08:25 PM,09:58 PM,93.0
12176,2024-09-21,DDU,08:15 PM,08:24 PM,9.0,08:25 PM,08:34 PM,9.0
12176,2024-09-24,DDU,08:15 PM,08:28 PM,13.0,08:25 PM,08:38 PM,13.0
12176,2024-09-28,DDU,08:15 PM,08:35 PM,20.0,08:25 PM,08:45 PM,20.0
12535,2024-09-09,CNB,03:40 PM,03:57 PM,17.0,03:45 PM,04:02 PM,17.0
12535,2024-09-12,CNB,03:40 PM,03:40 PM,0.0,03:45 PM,03:45 PM,0.0
12535,2024-09-16,CNB,03:40 PM,03:49 PM,9.0,03:45 PM,03:54 PM,9.0
12535,2024-09-19,CNB,03:40 PM,03:58 PM,18.0,03:45 PM,04:03 PM,18.0
12535,2024-09-23,CNB,03:40 PM,03:50 PM,10.0,03:45 PM,03:55 PM,10.0
12535,2024-09-26,CNB,03:40 PM,03:45 PM,5.0,03:45 PM,03:50 PM,5.0
12535,2024-09-30,CNB,03:40 PM,03:43 PM,3.0,03:45 PM,03:48 PM,3.0
11056,2024-09-01,PRYJ,04:15 PM,04:32 PM,17.0,04:40 PM,04:57 PM,17.0
11056,2024-09-03,PRYJ,04:15 PM,07:19 PM,184.0,04:40 PM,07:44 PM,184.0
11056,2024-09-04,PRYJ,04:15 PM,08:22 PM,247.0,04:40 PM,08:47 PM,247.0
11056,2024-09-06,PRYJ,04:15 PM,10:12 PM,357.0,04:40 PM,10:37 PM,357.0
11056,2024-09-08,PRYJ,04:15 PM,08:39 PM,264.0,04:40 PM,09:04 PM,264.0
11056,2024-09-10,PRYJ,04:15 PM,08:03 PM,228.0,04:40 PM,08:28 PM,228.0
11056,2024-09-11,PRYJ,04:15 PM,11:19 PM,424.0,04:40 PM,11:44 PM,424.0
11056,2024-09-13,PRYJ,04:15 PM,09:28 PM,313.0,04:40 PM,09:53 PM,313.0
11056,2024-09-15,PRYJ,04:15 PM,08:10 PM,235.0,04:40 PM,08:35 PM,235.0
11056,2024-09-17,PRYJ,04:15 PM,07:34 PM,199.0,04:40 PM,07:59 PM,199.0
11056,2024-09-18,PRYJ,04:15 PM,11:00 PM,405.0,04:40 PM,11:25 PM,405.0
11056,2024-09-20,PRYJ,04:15 PM,12:31 AM,496.0,04:40 PM,12:56 AM,496.0
11056,2024-09-22,PRYJ,04:15 PM,08:19 PM,244.0,04:40 PM,08:44 PM,244.0
11056,2024-09-24,PRYJ,04:15 PM,06:02 PM,107.0,04:40 PM,06:27 PM,107.0
11056,2024-09-25,PRYJ,04:15 PM,05:07 PM,52.0,04:40 PM,05:32 PM,52.0
11056,2024-09-27,PRYJ,04:15 PM,05:28 PM,73.0,04:40 PM,05:53 PM,73.0
11056,2024-09-29,PRYJ,04:15 PM,05:11 PM,56.0,04:40 PM,05:36 PM,56.0
22446,2024-09-03,CNB,04:50 AM,04:50 AM,0.0,04:50 AM,04:50 AM,0.0
22446,2024-09-10,CNB,04:50 AM,04:50 AM,0.0,04:50 AM,04:50 AM,0.0
22446,2024-09-17,CNB,04:50 AM,04:50 AM,0.0,04:50 AM,04:50 AM,0.0
22446,2024-09-24,CNB,04:50 AM,07:04 AM,134.0,04:50 AM,07:04 AM,134.0
9044,2024-09-02,CNB,09:30 PM,11:48 PM,138.0,09:40 PM,11:58 PM,138.0
9044,2024-09-04,CNB,09:30 PM,12:22 AM,172.0,09:40 PM,12:32 AM,172.0
9044,2024-09-09,CNB,09:30 PM,09:31 PM,0.0,09:40 PM,09:41 PM,0.0
9044,2024-09-11,CNB,09:30 PM,11:48 PM,138.0,09:40 PM,11:58 PM,138.0
9044,2024-09-16,CNB,09:30 PM,09:36 PM,6.0,09:40 PM,09:46 PM,6.0
9044,2024-09-18,CNB,09:30 PM,01:21 AM,231.0,09:40 PM,01:31 AM,231.0
9044,2024-09-23,CNB,09:30 PM,09:44 PM,14.0,09:40 PM,09:54 PM,14.0
9044,2024-09-25,CNB,09:30 PM,11:59 PM,149.0,09:40 PM,12:09 AM,149.0
9044,2024-09-30,CNB,09:30 PM,12:23 AM,173.0,09:40 PM,12:33 AM,173.0
15707,2024-09-01,CNB,07:50 PM,07:50 PM,0.0,07:55 PM,07:55 PM,0.0
15707,2024-09-02,CNB,07:50 PM,10:27 PM,157.0,07:55 PM,10:32 PM,157.0
15707,2024-09-03,CNB,07:50 PM,07:50 PM,0.0,07:55 PM,07:55 PM,0.0
15707,2024-09-04,CNB,07:50 PM,07:50 PM,0.0,07:55 PM,07:55 PM,0.0
15707,2024-09-05,CNB,07:50 PM,11:01 PM,191.0,07:55 PM,11:06 PM,191.0
15707,2024-09-06,CNB,07:50 PM,09:00 PM,70.0,07:55 PM,09:05 PM,70.0
15707,2024-09-07,CNB,07:50 PM,08:12 PM,22.0,07:55 PM,08:17 PM,22.0
15707,2024-09-08,CNB,07:50 PM,08:28 PM,38.0,07:55 PM,08:33 PM,38.0
15707,2024-09-09,CNB,07:50 PM,11:49 PM,239.0,07:55 PM,11:54 PM,239.0
15707,2024-09-10,CNB,07:50 PM,10:30 PM,160.0,07:55 PM,10:35 PM,160.0
15707,2024-09-11,CNB,07:50 PM,10:04 PM,134.0,07:55 PM,10:09 PM,134.0
15707,2024-09-12,CNB,07:50 PM,07:50 PM,0.0,07:55 PM,07:55 PM,0.0
15707,2024-09-13,CNB,07:50 PM,07:50 PM,0.0,07:55 PM,07:55 PM,0.0
15707,2024-09-14,CNB,07:50 PM,10:01 PM,131.0,07:55 PM,10:06 PM,131.0
15707,2024-09-15,CNB,07:50 PM,09:11 PM,81.0,07:55 PM,09:16 PM,81.0
15707,2024-09-16,CNB,07:50 PM,08:23 PM,33.0,07:55 PM,08:28 PM,33.0
15707,2024-09-17,CNB,07:50 PM,09:53 PM,123.0,07:55 PM,09:58 PM,123.0
15707,2024-09-18,CNB,07:50 PM,10:32 PM,162.0,07:55 PM,10:37 PM,162.0
15707,2024-09-19,CNB,07:50 PM,07:50 PM,0.0,07:55 PM,07:55 PM,0.0
15707,2024-09-20,CNB,07:50 PM,08:37 PM,47.0,07:55 PM,08:42 PM,47.0
15707,2024-09-21,CNB,07:50 PM,07:50 PM,0.0,07:55 PM,07:55 PM,0.0
15707,2024-09-22,CNB,07:50 PM,09:14 PM,84.0,07:55 PM,09:19 PM,84.0
15707,2024-09-23,CNB,07:50 PM,08:25 PM,35.0,07:55 PM,08:30 PM,35.0
15707,2024-09-24,CNB,07:50 PM,07:50 PM,0.0,07:55 PM,07:55 PM,0.0
15707,2024-09-25,CNB,07:50 PM,07:50 PM,0.0,07:55 PM,07:55 PM,0.0
15707,2024-09-26,CNB,07:50 PM,08:02 PM,12.0,07:55 PM,08:07 PM,12.0
15707,2024-09-27,CNB,07:50 PM,07:50 PM,0.0,07:55 PM,07:55 PM,0.0
15707,2024-09-28,CNB,07:50 PM,09:26 PM,96.0,07:55 PM,09:31 PM,96.0
15707,2024-09-29,CNB,07:50 PM,09:00 PM,70.0,07:55 PM,09:05 PM,70.0
15707,2024-09-30,CNB,07:50 PM,10:20 PM,150.0,07:55 PM,10:25 PM,150.0
11055,2024-09-01,PRYJ,08:10 AM,08:10 AM,0.0,08:35 AM,08:35 AM,0.0
11055,2024-09-02,PRYJ,08:10 AM,08:11 AM,0.0,08:35 AM,08:36 AM,0.0
11055,2024-09-04,PRYJ,08:10 AM,08:11 AM,0.0,08:35 AM,08:36 AM,0.0
11055,2024-09-06,PRYJ,08:10 AM,08:11 AM,0.0,08:35 AM,08:36 AM,0.0
11055,2024-09-08,PRYJ,08:10 AM,08:10 AM,0.0,08:35 AM,08:35 AM,0.0
11055,2024-09-09,PRYJ,08:10 AM,08:11 AM,0.0,08:35 AM,08:36 AM,0.0
11055,2024-09-11,PRYJ,08:10 AM,08:11 AM,0.0,08:35 AM,08:36 AM,0.0
11055,2024-09-13,PRYJ,08:10 AM,08:11 AM,0.0,08:35 AM,08:36 AM,0.0
11055,2024-09-15,PRYJ,08:10 AM,08:13 AM,3.0,08:35 AM,08:38 AM,3.0
11055,2024-09-16,PRYJ,08:10 AM,08:20 AM,10.0,08:35 AM,08:45 AM,10.0
11055,2024-09-18,PRYJ,08:10 AM,08:10 AM,0.0,08:35 AM,08:35 AM,0.0
11055,2024-09-20,PRYJ,08:10 AM,08:10 AM,0.0,08:35 AM,08:35 AM,0.0
11055,2024-09-22,PRYJ,08:10 AM,08:11 AM,0.0,08:35 AM,08:36 AM,0.0
11055,2024-09-23,PRYJ,08:10 AM,08:19 AM,9.0,08:35 AM,08:44 AM,9.0
11055,2024-09-25,PRYJ,08:10 AM,08:10 AM,0.0,08:35 AM,08:35 AM,0.0
11055,2024-09-27,PRYJ,08:10 AM,08:11 AM,0.0,08:35 AM,08:36 AM,0.0
11055,2024-09-29,PRYJ,08:10 AM,08:18 AM,8.0,08:35 AM,08:43 AM,8.0
11055,2024-09-30,PRYJ,08:10 AM,08:13 AM,3.0,08:35 AM,08:38 AM,3.0
5734,2024-09-05,CNB,06:30 AM,10:15 AM,225.0,06:40 AM,10:25 AM,225.0
5734,2024-09-12,CNB,06:30 AM,06:30 AM,0.0,06:40 AM,06:40 AM,0.0
5734,2024-09-19,CNB,06:30 AM,06:30 AM,0.0,06:40 AM,06:40 AM,0.0
5734,2024-09-26,CNB,06:30 AM,06:30 AM,0.0,06:40 AM,06:40 AM,0.0
19616,2024-09-05,CNB,04:05 AM,06:34 AM,149.0,04:10 AM,06:39 AM,149.0
19616,2024-09-12,CNB,04:05 AM,04:05 AM,0.0,04:10 AM,04:10 AM,0.0
19616,2024-09-19,CNB,04:05 AM,04:05 AM,0.0,04:10 AM,04:10 AM,0.0
19616,2024-09-26,CNB,04:05 AM,04:05 AM,0.0,04:10 AM,04:10 AM,0.0
12295,2024-09-01,DDU,04:05 AM,07:32 AM,207.0,04:15 AM,07:42 AM,207.0
12295,2024-09-01,BXR,05:30 AM,05:30 AM,0.0,05:32 AM,05:32 AM,0.0
12295,2024-09-03,DDU,04:05 AM,04:06 AM,0.0,04:15 AM,04:16 AM,0.0
12295,2024-09-03,BXR,05:30 AM,05:31 AM,0.0,05:32 AM,05:33 AM,0.0
12295,2024-09-04,DDU,04:05 AM,05:03 AM,58.0,04:15 AM,05:13 AM,58.0
12295,2024-09-04,BXR,05:30 AM,06:26 AM,56.0,05:32 AM,06:28 AM,56.0
12295,2024-09-05,DDU,04:05 AM,11:11 AM,1866.0,04:15 AM,11:21 AM,1866.0
12295,2024-09-05,BXR,05:30 AM,05:30 AM,0.0,05:32 AM,05:32 AM,0.0
12295,2024-09-06,DDU,04:05 AM,04:07 AM,2.0,04:15 AM,04:17 AM,2.0
12295,2024-09-06,BXR,05:30 AM,05:30 AM,0.0,05:32 AM,05:32 AM,0.0
12295,2024-09-08,DDU,04:05 AM,04:05 AM,0.0,04:15 AM,04:15 AM,0.0
12295,2024-09-08,BXR,05:30 AM,05:30 AM,0.0,05:32 AM,05:32 AM,0.0
12295,2024-09-09,DDU,04:05 AM,04:05 AM,0.0,04:15 AM,04:15 AM,0.0
12295,2024-09-09,BXR,05:30 AM,05:30 AM,0.0,05:32 AM,05:32 AM,0.0
12295,2024-09-10,DDU,04:05 AM,04:05 AM,0.0,04:15 AM,04:15 AM,0.0
12295,2024-09-10,BXR,05:30 AM,06:37 AM,67.0,05:32 AM,06:39 AM,67.0
12295,2024-09-11,DDU,04:05 AM,04:05 AM,0.0,04:15 AM,04:15 AM,0.0
12295,2024-09-11,BXR,05:30 AM,05:30 AM,0.0,05:32 AM,05:32 AM,0.0
12295,2024-09-12,DDU,04:05 AM,04:06 AM,0.0,04:15 AM,04:16 AM,0.0
12295,2024-09-12,BXR,05:30 AM,05:30 AM,0.0,05:32 AM,05:32 AM,0.0
12295,2024-09-13,DDU,04:05 AM,04:05 AM,0.0,04:15 AM,04:15 AM,0.0
12295,2024-09-13,BXR,05:30 AM,05:30 AM,0.0,05:32 AM,05:32 AM,0.0
12295,2024-09-14,DDU,04:05 AM,04:05 AM,0.0,04:15 AM,04:15 AM,0.0
12295,2024-09-14,BXR,05:30 AM,05:33 AM,3.0,05:32 AM,05:35 AM,3.0
12295,2024-09-15,DDU,04:05 AM,04:11 AM,6.0,04:15 AM,04:21 AM,6.0
12295,2024-09-15,BXR,05:30 AM,05:37 AM,7.0,05:32 AM,05:39 AM,7.0
12295,2024-09-16,DDU,04:05 AM,04:05 AM,0.0,04:15 AM,04:15 AM,0.0
12295,2024-09-16,BXR,05:30 AM,05:30 AM,0.0,05:32 AM,05:32 AM,0.0
12295,2024-09-17,DDU,04:05 AM,04:07 AM,2.0,04:15 AM,04:17 AM,2.0
12295,2024-09-17,BXR,05:30 AM,05:35 AM,5.0,05:32 AM,05:37 AM,5.0
12295,2024-09-18,DDU,04:05 AM,05:08 AM,63.0,04:15 AM,05:18 AM,63.0
12295,2024-09-18,BXR,05:30 AM,06:41 AM,71.0,05:32 AM,06:43 AM,71.0
12295,2024-09-19,DDU,04:05 AM,04:05 AM,0.0,04:15 AM,04:15 AM,0.0
12295,2024-09-19,BXR,05:30 AM,05:30 AM,0.0,05:32 AM,05:32 AM,0.0
12295,2024-09-20,DDU,04:05 AM,05:11 AM,66.0,04:15 AM,05:21 AM,66.0
12295,2024-09-20,BXR,05:30 AM,06:37 AM,67.0,05:32 AM,06:39 AM,67.0
12295,2024-09-21,DDU,04:05 AM,04:05 AM,0.0,04:15 AM,04:15 AM,0.0
12295,2024-09-21,BXR,05:30 AM,05:35 AM,5.0,05:32 AM,05:37 AM,5.0
12295,2024-09-22,DDU,04:05 AM,04:05 AM,0.0,04:15 AM,04:15 AM,0.0
12295,2024-09-22,BXR,05:30 AM,05:31 AM,0.0,05:32 AM,05:33 AM,0.0
12295,2024-09-23,DDU,04:05 AM,04:10 AM,5.0,04:15 AM,04:20 AM,5.0
12295,2024-09-23,BXR,05:30 AM,05:43 AM,13.0,05:32 AM,05:45 AM,13.0
12295,2024-09-24,DDU,04:05 AM,04:05 AM,0.0,04:15 AM,04:15 AM,0.0
12295,2024-09-24,BXR,05:30 AM,05:30 AM,0.0,05:32 AM,05:32 AM,0.0
12295,2024-09-25,DDU,04:05 AM,04:05 AM,0.0,04:15 AM,04:15 AM,0.0
12295,2024-09-25,BXR,05:30 AM,05:30 AM,0.0,05:32 AM,05:32 AM,0.0
12295,2024-09-26,DDU,04:05 AM,04:07 AM,2.0,04:15 AM,04:17 AM,2.0
12295,2024-09-26,BXR,05:30 AM,07:15 AM,105.0,05:32 AM,07:17 AM,105.0
12295,2024-09-27,DDU,04:05 AM,04:12 AM,7.0,04:15 AM,04:22 AM,7.0
12295,2024-09-27,BXR,05:30 AM,05:40 AM,10.0,05:32 AM,05:42 AM,10.0
12295,2024-09-28,DDU,04:05 AM,04:06 AM,0.0,04:15 AM,04:16 AM,0.0
12295,2024-09-28,BXR,05:30 AM,05:37 AM,7.0,05:32 AM,05:39 AM,7.0
12295,2024-09-29,DDU,04:05 AM,04:05 AM,0.0,04:15 AM,04:15 AM,0.0
12295,2024-09-29,BXR,05:30 AM,05:30 AM,0.0,05:32 AM,05:32 AM,0.0
12295,2024-09-30,DDU,04:05 AM,04:06 AM,0.0,04:15 AM,04:16 AM,0.0
12295,2024-09-30,BXR,05:30 AM,05:31 AM,0.0,05:32 AM,05:33 AM,0.0
11033,2024-09-04,PRYJ,04:10 PM,04:10 PM,0.0,04:35 PM,04:35 PM,0.0
11033,2024-09-11,PRYJ,04:10 PM,04:10 PM,0.0,04:35 PM,04:35 PM,0.0
11033,2024-09-18,PRYJ,04:10 PM,04:10 PM,0.0,04:35 PM,04:35 PM,0.0
11033,2024-09-25,PRYJ,04:10 PM,04:10 PM,0.0,04:35 PM,04:35 PM,0.0
14124,2024-09-01,CNB,05:30 PM,05:31 PM,0.0,05:30 PM,05:31 PM,0.0
14124,2024-09-02,CNB,05:30 PM,05:31 PM,0.0,05:30 PM,05:31 PM,0.0
14124,2024-09-03,CNB,05:30 PM,05:30 PM,0.0,05:30 PM,05:30 PM,0.0
14124,2024-09-04,CNB,05:30 PM,05:30 PM,0.0,05:30 PM,05:30 PM,0.0
14124,2024-09-05,CNB,05:30 PM,05:30 PM,0.0,05:30 PM,05:30 PM,0.0
14124,2024-09-06,CNB,05:30 PM,05:30 PM,0.0,05:30 PM,05:30 PM,0.0
14124,2024-09-07,CNB,05:30 PM,05:30 PM,0.0,05:30 PM,05:30 PM,0.0
14124,2024-09-09,CNB,05:30 PM,05:30 PM,0.0,05:30 PM,05:30 PM,0.0
14124,2024-09-10,CNB,05:30 PM,05:30 PM,0.0,05:30 PM,05:30 PM,0.0
14124,2024-09-11,CNB,05:30 PM,05:32 PM,2.0,05:30 PM,05:32 PM,2.0
14124,2024-09-12,CNB,05:30 PM,05:33 PM,3.0,05:30 PM,05:33 PM,3.0
14124,2024-09-13,CNB,05:30 PM,05:30 PM,0.0,05:30 PM,05:30 PM,0.0
14124,2024-09-14,CNB,05:30 PM,05:30 PM,0.0,05:30 PM,05:30 PM,0.0
14124,2024-09-15,CNB,05:30 PM,05:30 PM,0.0,05:30 PM,05:30 PM,0.0
14124,2024-09-16,CNB,05:30 PM,05:30 PM,0.0,05:30 PM,05:30 PM,0.0
14124,2024-09-17,CNB,05:30 PM,05:30 PM,0.0,05:30 PM,05:30 PM,0.0
14124,2024-09-18,CNB,05:30 PM,05:30 PM,0.0,05:30 PM,05:30 PM,0.0
14124,2024-09-19,CNB,05:30 PM,05:32 PM,2.0,05:30 PM,05:32 PM,2.0
14124,2024-09-20,CNB,05:30 PM,05:30 PM,0.0,05:30 PM,05:30 PM,0.0
14124,2024-09-21,CNB,05:30 PM,05:32 PM,2.0,05:30 PM,05:32 PM,2.0
14124,2024-09-22,CNB,05:30 PM,05:30 PM,0.0,05:30 PM,05:30 PM,0.0
14124,2024-09-23,CNB,05:30 PM,05:31 PM,0.0,05:30 PM,05:31 PM,0.0
14124,2024-09-24,CNB,05:30 PM,05:30 PM,0.0,05:30 PM,05:30 PM,0.0
14124,2024-09-25,CNB,05:30 PM,05:31 PM,0.0,05:30 PM,05:31 PM,0.0
14124,2024-09-26,CNB,05:30 PM,05:31 PM,0.0,05:30 PM,05:31 PM,0.0
14124,2024-09-27,CNB,05:30 PM,05:30 PM,0.0,05:30 PM,05:30 PM,0.0
14124,2024-09-28,CNB,05:30 PM,05:31 PM,0.0,05:30 PM,05:31 PM,0.0
14124,2024-09-29,CNB,05:30 PM,05:30 PM,0.0,05:30 PM,05:30 PM,0.0
14124,2024-09-30,CNB,05:30 PM,05:30 PM,0.0,05:30 PM,05:30 PM,0.0
12946,2024-09-04,PRYJ,09:50 AM,09:51 AM,0.0,10:00 AM,10:01 AM,0.0
12946,2024-09-04,CNB,12:35 PM,12:35 PM,0.0,12:40 PM,12:40 PM,0.0
12946,2024-09-11,PRYJ,09:50 AM,09:53 AM,3.0,10:00 AM,10:03 AM,3.0
12946,2024-09-11,CNB,12:35 PM,12:35 PM,0.0,12:40 PM,12:40 PM,0.0
12946,2024-09-18,PRYJ,09:50 AM,09:59 AM,9.0,10:00 AM,10:09 AM,9.0
12946,2024-09-18,CNB,12:35 PM,12:35 PM,0.0,12:40 PM,12:40 PM,0.0
12946,2024-09-25,PRYJ,09:50 AM,09:50 AM,0.0,10:00 AM,10:00 AM,0.0
12946,2024-09-25,CNB,12:35 PM,12:35 PM,0.0,12:40 PM,12:40 PM,0.0
12107,2024-09-02,CNB,01:40 PM,05:44 PM,244.0,01:45 PM,05:49 PM,244.0
12107,2024-09-04,CNB,01:40 PM,01:40 PM,0.0,01:45 PM,01:45 PM,0.0
12107,2024-09-07,CNB,01:40 PM,01:42 PM,2.0,01:45 PM,01:47 PM,2.0
12107,2024-09-09,CNB,01:40 PM,01:40 PM,0.0,01:45 PM,01:45 PM,0.0
12107,2024-09-11,CNB,01:40 PM,01:40 PM,0.0,01:45 PM,01:45 PM,0.0
12107,2024-09-14,CNB,01:40 PM,02:31 PM,51.0,01:45 PM,02:36 PM,51.0
12107,2024-09-16,CNB,01:40 PM,01:41 PM,0.0,01:45 PM,01:46 PM,0.0
12107,2024-09-18,CNB,01:40 PM,01:40 PM,0.0,01:45 PM,01:45 PM,0.0
12107,2024-09-21,CNB,01:40 PM,01:40 PM,0.0,01:45 PM,01:45 PM,0.0
12107,2024-09-23,CNB,01:40 PM,01:42 PM,2.0,01:45 PM,01:47 PM,2.0
12107,2024-09-25,CNB,01:40 PM,01:40 PM,0.0,01:45 PM,01:45 PM,0.0
12107,2024-09-28,CNB,01:40 PM,01:40 PM,0.0,01:45 PM,01:45 PM,0.0
12107,2024-09-30,CNB,01:40 PM,01:41 PM,0.0,01:45 PM,01:46 PM,0.0
22442,2024-09-01,CNB,06:45 AM,06:45 AM,0.0,06:45 AM,06:45 AM,0.0
22442,2024-09-01,PRYJ,09:45 AM,10:16 AM,31.0,09:55 AM,10:26 AM,31.0
22442,2024-09-02,CNB,06:45 AM,06:45 AM,0.0,06:45 AM,06:45 AM,0.0
22442,2024-09-02,PRYJ,09:45 AM,09:56 AM,11.0,09:55 AM,10:06 AM,11.0
22442,2024-09-03,CNB,06:45 AM,06:47 AM,2.0,06:45 AM,06:47 AM,2.0
22442,2024-09-03,PRYJ,09:45 AM,09:55 AM,10.0,09:55 AM,10:05 AM,10.0
22442,2024-09-04,CNB,06:45 AM,06:45 AM,0.0,06:45 AM,06:45 AM,0.0
22442,2024-09-04,PRYJ,09:45 AM,09:49 AM,4.0,09:55 AM,09:59 AM,4.0
22442,2024-09-05,CNB,06:45 AM,06:45 AM,0.0,06:45 AM,06:45 AM,0.0
22442,2024-09-05,PRYJ,09:45 AM,09:50 AM,5.0,09:55 AM,10:00 AM,5.0
22442,2024-09-06,CNB,06:45 AM,08:03 AM,78.0,06:45 AM,08:03 AM,78.0
22442,2024-09-06,PRYJ,09:45 AM,11:00 AM,75.0,09:55 AM,11:10 AM,75.0
22442,2024-09-07,CNB,06:45 AM,06:45 AM,0.0,06:45 AM,06:45 AM,0.0
22442,2024-09-07,PRYJ,09:45 AM,10:12 AM,27.0,09:55 AM,10:22 AM,27.0
22442,2024-09-08,CNB,06:45 AM,06:46 AM,0.0,06:45 AM,06:46 AM,0.0
22442,2024-09-08,PRYJ,09:45 AM,09:47 AM,2.0,09:55 AM,09:57 AM,2.0
22442,2024-09-09,CNB,06:45 AM,06:48 AM,3.0,06:45 AM,06:48 AM,3.0
22442,2024-09-09,PRYJ,09:45 AM,09:49 AM,4.0,09:55 AM,09:59 AM,4.0
22442,2024-09-10,CNB,06:45 AM,06:47 AM,2.0,06:45 AM,06:47 AM,2.0
22442,2024-09-10,PRYJ,09:45 AM,09:47 AM,2.0,09:55 AM,09:57 AM,2.0
22442,2024-09-11,CNB,06:45 AM,06:55 AM,10.0,06:45 AM,06:55 AM,10.0
22442,2024-09-11,PRYJ,09:45 AM,09:55 AM,10.0,09:55 AM,10:05 AM,10.0
22442,2024-09-12,CNB,06:45 AM,06:45 AM,0.0,06:45 AM,06:45 AM,0.0
22442,2024-09-12,PRYJ,09:45 AM,10:03 AM,18.0,09:55 AM,10:13 AM,18.0
22442,2024-09-13,CNB,06:45 AM,06:45 AM,0.0,06:45 AM,06:45 AM,0.0
22442,2024-09-13,PRYJ,09:45 AM,09:47 AM,2.0,09:55 AM,09:57 AM,2.0
22442,2024-09-14,CNB,06:45 AM,06:45 AM,0.0,06:45 AM,06:45 AM,0.0
22442,2024-09-14,PRYJ,09:45 AM,10:12 AM,27.0,09:55 AM,10:22 AM,27.0
22442,2024-09-15,CNB,06:45 AM,06:45 AM,0.0,06:45 AM,06:45 AM,0.0
22442,2024-09-15,PRYJ,09:45 AM,09:45 AM,0.0,09:55 AM,09:55 AM,0.0
22442,2024-09-16,CNB,06:45 AM,06:46 AM,0.0,06:45 AM,06:46 AM,0.0
22442,2024-09-16,PRYJ,09:45 AM,09:52 AM,7.0,09:55 AM,10:02 AM,7.0
22442,2024-09-17,CNB,06:45 AM,06:45 AM,0.0,06:45 AM,06:45 AM,0.0
22442,2024-09-17,PRYJ,09:45 AM,10:07 AM,22.0,09:55 AM,10:17 AM,22.0
22442,2024-09-18,CNB,06:45 AM,07:08 AM,23.0,06:45 AM,07:08 AM,23.0
22442,2024-09-18,PRYJ,09:45 AM,10:06 AM,21.0,09:55 AM,10:16 AM,21.0
22442,2024-09-19,CNB,06:45 AM,06:45 AM,0.0,06:45 AM,06:45 AM,0.0
22442,2024-09-19,PRYJ,09:45 AM,09:51 AM,6.0,09:55 AM,10:01 AM,6.0
22442,2024-09-20,CNB,06:45 AM,06:47 AM,2.0,06:45 AM,06:47 AM,2.0
22442,2024-09-20,PRYJ,09:45 AM,10:02 AM,17.0,09:55 AM,10:12 AM,17.0
22442,2024-09-21,CNB,06:45 AM,06:45 AM,0.0,06:45 AM,06:45 AM,0.0
22442,2024-09-21,PRYJ,09:45 AM,10:15 AM,30.0,09:55 AM,10:25 AM,30.0
22442,2024-09-22,CNB,06:45 AM,06:46 AM,0.0,06:45 AM,06:46 AM,0.0
22442,2024-09-22,PRYJ,09:45 AM,10:32 AM,47.0,09:55 AM,10:42 AM,47.0
22442,2024-09-23,CNB,06:45 AM,06:45 AM,0.0,06:45 AM,06:45 AM,0.0
22442,2024-09-23,PRYJ,09:45 AM,09:47 AM,2.0,09:55 AM,09:57 AM,2.0
22442,2024-09-24,CNB,06:45 AM,06:45 AM,0.0,06:45 AM,06:45 AM,0.0
22442,2024-09-24,PRYJ,09:45 AM,10:07 AM,22.0,09:55 AM,10:17 AM,22.0
22442,2024-09-25,CNB,06:45 AM,06:45 AM,0.0,06:45 AM,06:45 AM,0.0
22442,2024-09-25,PRYJ,09:45 AM,09:52 AM,7.0,09:55 AM,10:02 AM,7.0
22442,2024-09-26,CNB,06:45 AM,06:45 AM,0.0,06:45 AM,06:45 AM,0.0
22442,2024-09-26,PRYJ,09:45 AM,10:20 AM,35.0,09:55 AM,10:30 AM,35.0
22442,2024-09-27,CNB,06:45 AM,06:45 AM,0.0,06:45 AM,06:45 AM,0.0
22442,2024-09-27,PRYJ,09:45 AM,10:14 AM,29.0,09:55 AM,10:24 AM,29.0
22442,2024-09-28,CNB,06:45 AM,07:09 AM,24.0,06:45 AM,07:09 AM,24.0
22442,2024-09-28,PRYJ,09:45 AM,10:08 AM,23.0,09:55 AM,10:18 AM,23.0
22442,2024-09-29,CNB,06:45 AM,06:45 AM,0.0,06:45 AM,06:45 AM,0.0
22442,2024-09-29,PRYJ,09:45 AM,09:50 AM,5.0,09:55 AM,10:00 AM,5.0
22442,2024-09-30,CNB,06:45 AM,06:45 AM,0.0,06:45 AM,06:45 AM,0.0
22442,2024-09-30,PRYJ,09:45 AM,09:53 AM,8.0,09:55 AM,10:03 AM,8.0
18184,2024-09-01,BXR,03:30 AM,03:30 AM,0.0,03:30 AM,03:30 AM,0.0
18184,2024-09-02,BXR,03:30 AM,03:37 AM,7.0,03:30 AM,03:37 AM,7.0
18184,2024-09-03,BXR,03:30 AM,03:30 AM,0.0,03:30 AM,03:30 AM,0.0
18184,2024-09-04,BXR,03:30 AM,03:37 AM,7.0,03:30 AM,03:37 AM,7.0
18184,2024-09-05,BXR,03:30 AM,03:30 AM,0.0,03:30 AM,03:30 AM,0.0
18184,2024-09-06,BXR,03:30 AM,03:30 AM,0.0,03:30 AM,03:30 AM,0.0
18184,2024-09-07,BXR,03:30 AM,03:38 AM,8.0,03:30 AM,03:38 AM,8.0
18184,2024-09-08,BXR,03:30 AM,03:30 AM,0.0,03:30 AM,03:30 AM,0.0
18184,2024-09-09,BXR,03:30 AM,03:30 AM,0.0,03:30 AM,03:30 AM,0.0
18184,2024-09-10,BXR,03:30 AM,03:30 AM,0.0,03:30 AM,03:30 AM,0.0
18184,2024-09-11,BXR,03:30 AM,05:24 AM,114.0,03:30 AM,05:24 AM,114.0
18184,2024-09-12,BXR,03:30 AM,03:30 AM,0.0,03:30 AM,03:30 AM,0.0
18184,2024-09-13,BXR,03:30 AM,03:41 AM,11.0,03:30 AM,03:41 AM,11.0
18184,2024-09-14,BXR,03:30 AM,03:42 AM,12.0,03:30 AM,03:42 AM,12.0
18184,2024-09-15,BXR,03:30 AM,03:39 AM,9.0,03:30 AM,03:39 AM,9.0
18184,2024-09-16,BXR,03:30 AM,03:30 AM,0.0,03:30 AM,03:30 AM,0.0
18184,2024-09-17,BXR,03:30 AM,03:30 AM,0.0,03:30 AM,03:30 AM,0.0
18184,2024-09-18,BXR,03:30 AM,03:43 AM,13.0,03:30 AM,03:43 AM,13.0
18184,2024-09-19,BXR,03:30 AM,03:38 AM,8.0,03:30 AM,03:38 AM,8.0
18184,2024-09-20,BXR,03:30 AM,03:30 AM,0.0,03:30 AM,03:30 AM,0.0
18184,2024-09-21,BXR,03:30 AM,03:48 AM,18.0,03:30 AM,03:48 AM,18.0
18184,2024-09-22,BXR,03:30 AM,03:34 AM,4.0,03:30 AM,03:34 AM,4.0
18184,2024-09-23,BXR,03:30 AM,03:30 AM,0.0,03:30 AM,03:30 AM,0.0
18184,2024-09-24,BXR,03:30 AM,03:40 AM,10.0,03:30 AM,03:40 AM,10.0
18184,2024-09-25,BXR,03:30 AM,03:32 AM,2.0,03:30 AM,03:32 AM,2.0
18184,2024-09-26,BXR,03:30 AM,03:30 AM,0.0,03:30 AM,03:30 AM,0.0
18184,2024-09-27,BXR,03:30 AM,03:42 AM,12.0,03:30 AM,03:42 AM,12.0
18184,2024-09-30,BXR,03:30 AM,03:30 AM,0.0,03:30 AM,03:30 AM,0.0
12309,2024-09-01,DDU,10:10 PM,10:10 PM,0.0,10:20 PM,10:20 PM,0.0
12309,2024-09-01,PRYJ,12:10 AM,12:13 AM,3.0,12:12 AM,12:15 AM,3.0
12309,2024-09-01,CNB,02:15 AM,02:23 AM,8.0,02:20 AM,02:28 AM,8.0
12309,2024-09-02,DDU,10:10 PM,10:10 PM,0.0,10:20 PM,10:20 PM,0.0
12309,2024-09-02,PRYJ,12:10 AM,12:10 AM,0.0,12:12 AM,12:12 AM,0.0
12309,2024-09-02,CNB,02:15 AM,02:17 AM,2.0,02:20 AM,02:22 AM,2.0
12309,2024-09-03,DDU,10:10 PM,10:10 PM,0.0,10:20 PM,10:20 PM,0.0
12309,2024-09-03,PRYJ,12:10 AM,12:29 AM,19.0,12:12 AM,12:31 AM,19.0
12309,2024-09-03,CNB,02:15 AM,02:31 AM,16.0,02:20 AM,02:36 AM,16.0
12309,2024-09-04,DDU,10:10 PM,10:14 PM,4.0,10:20 PM,10:24 PM,4.0
12309,2024-09-04,PRYJ,12:10 AM,12:10 AM,0.0,12:12 AM,12:12 AM,0.0
12309,2024-09-04,CNB,02:15 AM,02:26 AM,11.0,02:20 AM,02:31 AM,11.0
12309,2024-09-05,DDU,10:10 PM,10:10 PM,0.0,10:20 PM,10:20 PM,0.0
12309,2024-09-05,PRYJ,12:10 AM,12:11 AM,0.0,12:12 AM,12:13 AM,0.0
12309,2024-09-05,CNB,02:15 AM,02:15 AM,0.0,02:20 AM,02:20 AM,0.0
12309,2024-09-07,DDU,10:10 PM,10:11 PM,0.0,10:20 PM,10:21 PM,0.0
12309,2024-09-07,PRYJ,12:10 AM,12:10 AM,0.0,12:12 AM,12:12 AM,0.0
12309,2024-09-07,CNB,02:15 AM,02:27 AM,12.0,02:20 AM,02:32 AM,12.0
12309,2024-09-08,DDU,10:10 PM,10:12 PM,2.0,10:20 PM,10:22 PM,2.0
12309,2024-09-08,PRYJ,12:10 AM,12:10 AM,0.0,12:12 AM,12:12 AM,0.0
12309,2024-09-08,CNB,02:15 AM,02:26 AM,11.0,02:20 AM,02:31 AM,11.0
12309,2024-09-09,DDU,10:10 PM,10:10 PM,0.0,10:20 PM,10:20 PM,0.0
12309,2024-09-09,PRYJ,12:10 AM,12:10 AM,0.0,12:12 AM,12:12 AM,0.0
12309,2024-09-09,CNB,02:15 AM,02:36 AM,21.0,02:20 AM,02:41 AM,21.0
12309,2024-09-10,DDU,10:10 PM,10:10 PM,0.0,10:20 PM,10:20 PM,0.0
12309,2024-09-10,PRYJ,12:10 AM,12:11 AM,0.0,12:12 AM,12:13 AM,0.0
12309,2024-09-10,CNB,02:15 AM,02:29 AM,14.0,02:20 AM,02:34 AM,14.0
12309,2024-09-11,DDU,10:10 PM,10:10 PM,0.0,10:20 PM,10:20 PM,0.0
12309,2024-09-11,PRYJ,12:10 AM,12:17 AM,7.0,12:12 AM,12:19 AM,7.0
12309,2024-09-11,CNB,02:15 AM,02:19 AM,4.0,02:20 AM,02:24 AM,4.0
12309,2024-09-12,DDU,10:10 PM,10:10 PM,0.0,10:20 PM,10:20 PM,0.0
12309,2024-09-12,PRYJ,12:10 AM,12:11 AM,0.0,12:12 AM,12:13 AM,0.0
12309,2024-09-12,CNB,02:15 AM,02:22 AM,7.0,02:20 AM,02:27 AM,7.0
12309,2024-09-13,DDU,10:10 PM,10:11 PM,0.0,10:20 PM,10:21 PM,0.0
12309,2024-09-13,PRYJ,12:10 AM,12:11 AM,0.0,12:12 AM,12:13 AM,0.0
12309,2024-09-13,CNB,02:15 AM,02:18 AM,3.0,02:20 AM,02:23 AM,3.0
12309,2024-09-14,DDU,10:10 PM,10:10 PM,0.0,10:20 PM,10:20 PM,0.0
12309,2024-09-14,PRYJ,12:10 AM,12:13 AM,3.0,12:12 AM,12:15 AM,3.0
12309,2024-09-14,CNB,02:15 AM,02:16 AM,0.0,02:20 AM,02:21 AM,0.0
12309,2024-09-15,DDU,10:10 PM,10:11 PM,0.0,10:20 PM,10:21 PM,0.0
12309,2024-09-15,PRYJ,12:10 AM,12:14 AM,4.0,12:12 AM,12:16 AM,4.0
12309,2024-09-15,CNB,02:15 AM,02:20 AM,5.0,02:20 AM,02:25 AM,5.0
12309,2024-09-16,DDU,10:10 PM,10:10 PM,0.0,10:20 PM,10:20 PM,0.0
12309,2024-09-16,PRYJ,12:10 AM,12:12 AM,2.0,12:12 AM,12:14 AM,2.0
12309,2024-09-16,CNB,02:15 AM,02:16 AM,0.0,02:20 AM,02:21 AM,0.0
12309,2024-09-17,DDU,10:10 PM,10:10 PM,0.0,10:20 PM,10:20 PM,0.0
12309,2024-09-17,PRYJ,12:10 AM,12:25 AM,15.0,12:12 AM,12:27 AM,15.0
12309,2024-09-17,CNB,02:15 AM,02:43 AM,28.0,02:20 AM,02:48 AM,28.0
12309,2024-09-18,DDU,10:10 PM,10:10 PM,0.0,10:20 PM,10:20 PM,0.0
12309,2024-09-18,PRYJ,12:10 AM,12:13 AM,3.0,12:12 AM,12:15 AM,3.0
12309,2024-09-18,CNB,02:15 AM,02:31 AM,16.0,02:20 AM,02:36 AM,16.0
12309,2024-09-19,DDU,10:10 PM,10:10 PM,0.0,10:20 PM,10:20 PM,0.0
12309,2024-09-19,PRYJ,12:10 AM,12:15 AM,5.0,12:12 AM,12:17 AM,5.0
12309,2024-09-19,CNB,02:15 AM,02:21 AM,6.0,02:20 AM,02:26 AM,6.0
12309,2024-09-20,DDU,10:10 PM,10:10 PM,0.0,10:20 PM,10:20 PM,0.0
12309,2024-09-20,PRYJ,12:10 AM,12:14 AM,4.0,12:12 AM,12:16 AM,4.0
12309,2024-09-20,CNB,02:15 AM,02:16 AM,0.0,02:20 AM,02:21 AM,0.0
12309,2024-09-21,DDU,10:10 PM,10:10 PM,0.0,10:20 PM,10:20 PM,0.0
12309,2024-09-21,PRYJ,12:10 AM,12:10 AM,0.0,12:12 AM,12:12 AM,0.0
12309,2024-09-21,CNB,02:15 AM,02:20 AM,5.0,02:20 AM,02:25 AM,5.0
12309,2024-09-22,DDU,10:10 PM,10:10 PM,0.0,10:20 PM,10:20 PM,0.0
12309,2024-09-22,PRYJ,12:10 AM,12:10 AM,0.0,12:12 AM,12:12 AM,0.0
12309,2024-09-22,CNB,02:15 AM,02:16 AM,0.0,02:20 AM,02:21 AM,0.0
12309,2024-09-23,DDU,10:10 PM,10:10 PM,0.0,10:20 PM,10:20 PM,0.0
12309,2024-09-23,PRYJ,12:10 AM,12:10 AM,0.0,12:12 AM,12:12 AM,0.0
12309,2024-09-23,CNB,02:15 AM,02:15 AM,0.0,02:20 AM,02:20 AM,0.0
12309,2024-09-24,DDU,10:10 PM,10:10 PM,0.0,10:20 PM,10:20 PM,0.0
12309,2024-09-24,PRYJ,12:10 AM,12:13 AM,3.0,12:12 AM,12:15 AM,3.0
12309,2024-09-24,CNB,02:15 AM,02:21 AM,6.0,02:20 AM,02:26 AM,6.0
12309,2024-09-25,DDU,10:10 PM,10:10 PM,0.0,10:20 PM,10:20 PM,0.0
12309,2024-09-25,PRYJ,12:10 AM,12:13 AM,3.0,12:12 AM,12:15 AM,3.0
12309,2024-09-25,CNB,02:15 AM,02:20 AM,5.0,02:20 AM,02:25 AM,5.0
12309,2024-09-26,DDU,10:10 PM,10:10 PM,0.0,10:20 PM,10:20 PM,0.0
12309,2024-09-26,PRYJ,12:10 AM,12:14 AM,4.0,12:12 AM,12:16 AM,4.0
12309,2024-09-26,CNB,02:15 AM,02:20 AM,5.0,02:20 AM,02:25 AM,5.0
12309,2024-09-27,DDU,10:10 PM,10:12 PM,2.0,10:20 PM,10:22 PM,2.0
12309,2024-09-27,PRYJ,12:10 AM,12:10 AM,0.0,12:12 AM,12:12 AM,0.0
12309,2024-09-27,CNB,02:15 AM,02:21 AM,6.0,02:20 AM,02:26 AM,6.0
12309,2024-09-28,DDU,10:10 PM,10:10 PM,0.0,10:20 PM,10:20 PM,0.0
12309,2024-09-28,PRYJ,12:10 AM,12:11 AM,0.0,12:12 AM,12:13 AM,0.0
12309,2024-09-28,CNB,02:15 AM,02:16 AM,0.0,02:20 AM,02:21 AM,0.0
12309,2024-09-29,DDU,10:10 PM,10:10 PM,0.0,10:20 PM,10:20 PM,0.0
12309,2024-09-29,PRYJ,12:10 AM,12:14 AM,4.0,12:12 AM,12:16 AM,4.0
12309,2024-09-29,CNB,02:15 AM,02:27 AM,12.0,02:20 AM,02:32 AM,12.0
12309,2024-09-30,DDU,10:10 PM,10:42 PM,32.0,10:20 PM,10:52 PM,32.0
12309,2024-09-30,PRYJ,12:10 AM,12:51 AM,41.0,12:12 AM,12:53 AM,41.0
12309,2024-09-30,CNB,02:15 AM,02:57 AM,42.0,02:20 AM,03:02 AM,42.0
9063,2024-09-03,DDU,03:40 AM,03:40 AM,0.0,03:50 AM,03:50 AM,0.0
9063,2024-09-03,BXR,05:00 AM,05:00 AM,0.0,05:02 AM,05:02 AM,0.0
9063,2024-09-06,DDU,03:40 AM,05:14 AM,94.0,03:50 AM,05:24 AM,94.0
9063,2024-09-06,BXR,05:00 AM,06:55 AM,115.0,05:02 AM,06:57 AM,115.0
9063,2024-09-07,DDU,03:40 AM,04:08 AM,28.0,03:50 AM,04:18 AM,28.0
9063,2024-09-07,BXR,05:00 AM,05:33 AM,33.0,05:02 AM,05:35 AM,33.0
9063,2024-09-10,DDU,03:40 AM,04:29 AM,49.0,03:50 AM,04:39 AM,49.0
9063,2024-09-10,BXR,05:00 AM,05:00 AM,0.0,05:02 AM,05:02 AM,0.0
9063,2024-09-13,DDU,03:40 AM,05:33 AM,113.0,03:50 AM,05:43 AM,113.0
9063,2024-09-13,BXR,05:00 AM,07:22 AM,142.0,05:02 AM,07:24 AM,142.0
9063,2024-09-14,DDU,03:40 AM,05:42 AM,122.0,03:50 AM,05:52 AM,122.0
9063,2024-09-14,BXR,05:00 AM,08:06 AM,186.0,05:02 AM,08:08 AM,186.0
9063,2024-09-27,DDU,03:40 AM,05:15 AM,95.0,03:50 AM,05:25 AM,95.0
9063,2024-09-27,BXR,05:00 AM,05:00 AM,0.0,05:02 AM,05:02 AM,0.0
9063,2024-09-28,DDU,03:40 AM,03:40 AM,0.0,03:50 AM,03:50 AM,0.0
9063,2024-09-28,BXR,05:00 AM,05:00 AM,0.0,05:02 AM,05:02 AM,0.0
22911,2024-09-10,DDU,08:15 PM,08:15 PM,0.0,08:25 PM,08:25 PM,0.0
22911,2024-09-12,DDU,08:15 PM,08:54 PM,39.0,08:25 PM,09:04 PM,39.0
22911,2024-09-14,DDU,08:15 PM,08:16 PM,0.0,08:25 PM,08:26 PM,0.0
22911,2024-09-17,DDU,08:15 PM,08:15 PM,0.0,08:25 PM,08:25 PM,0.0
22911,2024-09-19,DDU,08:15 PM,08:15 PM,0.0,08:25 PM,08:25 PM,0.0
22911,2024-09-21,DDU,08:15 PM,08:15 PM,0.0,08:25 PM,08:25 PM,0.0
22911,2024-09-24,DDU,08:15 PM,08:15 PM,0.0,08:25 PM,08:25 PM,0.0
22911,2024-09-26,DDU,08:15 PM,08:15 PM,0.0,08:25 PM,08:25 PM,0.0
22911,2024-09-28,DDU,08:15 PM,08:15 PM,0.0,08:25 PM,08:25 PM,0.0
4182,2024-09-01,CNB,02:50 PM,02:50 PM,0.0,02:50 PM,02:50 PM,0.0
4182,2024-09-02,CNB,02:50 PM,03:18 PM,28.0,02:50 PM,03:18 PM,28.0
4182,2024-09-03,CNB,02:50 PM,02:50 PM,0.0,02:50 PM,02:50 PM,0.0
4182,2024-09-04,CNB,02:50 PM,02:52 PM,2.0,02:50 PM,02:52 PM,2.0
4182,2024-09-05,CNB,02:50 PM,02:51 PM,0.0,02:50 PM,02:51 PM,0.0
4182,2024-09-06,CNB,02:50 PM,02:51 PM,0.0,02:50 PM,02:51 PM,0.0
4182,2024-09-07,CNB,02:50 PM,02:50 PM,0.0,02:50 PM,02:50 PM,0.0
4182,2024-09-08,CNB,02:50 PM,02:50 PM,0.0,02:50 PM,02:50 PM,0.0
4182,2024-09-09,CNB,02:50 PM,05:56 PM,186.0,02:50 PM,05:56 PM,186.0
4182,2024-09-10,CNB,02:50 PM,03:33 PM,43.0,02:50 PM,03:33 PM,43.0
4182,2024-09-11,CNB,02:50 PM,03:50 PM,60.0,02:50 PM,03:50 PM,60.0
4182,2024-09-12,CNB,02:50 PM,03:22 PM,32.0,02:50 PM,03:22 PM,32.0
4182,2024-09-13,CNB,02:50 PM,03:19 PM,29.0,02:50 PM,03:19 PM,29.0
4182,2024-09-14,CNB,02:50 PM,02:51 PM,0.0,02:50 PM,02:51 PM,0.0
4182,2024-09-15,CNB,02:50 PM,03:17 PM,27.0,02:50 PM,03:17 PM,27.0
4182,2024-09-16,CNB,02:50 PM,03:37 PM,47.0,02:50 PM,03:37 PM,47.0
4182,2024-09-17,CNB,02:50 PM,03:25 PM,35.0,02:50 PM,03:25 PM,35.0
4182,2024-09-18,CNB,02:50 PM,03:45 PM,55.0,02:50 PM,03:45 PM,55.0
4182,2024-09-19,CNB,02:50 PM,02:53 PM,3.0,02:50 PM,02:53 PM,3.0
4182,2024-09-20,CNB,02:50 PM,02:58 PM,8.0,02:50 PM,02:58 PM,8.0
4182,2024-09-21,CNB,02:50 PM,03:25 PM,35.0,02:50 PM,03:25 PM,35.0
4182,2024-09-22,CNB,02:50 PM,02:51 PM,0.0,02:50 PM,02:51 PM,0.0
4182,2024-09-23,CNB,02:50 PM,02:50 PM,0.0,02:50 PM,02:50 PM,0.0
4182,2024-09-24,CNB,02:50 PM,03:15 PM,25.0,02:50 PM,03:15 PM,25.0
4182,2024-09-25,CNB,02:50 PM,02:51 PM,0.0,02:50 PM,02:51 PM,0.0
4182,2024-09-26,CNB,02:50 PM,03:01 PM,11.0,02:50 PM,03:01 PM,11.0
4182,2024-09-27,CNB,02:50 PM,02:50 PM,0.0,02:50 PM,02:50 PM,0.0
4182,2024-09-28,CNB,02:50 PM,03:07 PM,17.0,02:50 PM,03:07 PM,17.0
4182,2024-09-29,CNB,02:50 PM,03:25 PM,35.0,02:50 PM,03:25 PM,35.0
4182,2024-09-30,CNB,02:50 PM,03:07 PM,17.0,02:50 PM,03:07 PM,17.0
15181,2024-09-07,PRYJ,05:00 AM,05:27 AM,27.0,05:25 AM,05:52 AM,27.0
15181,2024-09-14,PRYJ,05:00 AM,05:24 AM,24.0,05:25 AM,05:49 AM,24.0
15181,2024-09-21,PRYJ,05:00 AM,05:01 AM,0.0,05:25 AM,05:26 AM,0.0
15181,2024-09-28,PRYJ,05:00 AM,05:12 AM,12.0,05:25 AM,05:37 AM,12.0
12380,2024-09-01,CNB,01:10 AM,01:10 AM,0.0,01:15 AM,01:15 AM,0.0
12380,2024-09-01,DDU,06:10 AM,06:10 AM,0.0,06:20 AM,06:20 AM,0.0
12380,2024-09-08,CNB,01:10 AM,01:10 AM,0.0,01:15 AM,01:15 AM,0.0
12380,2024-09-08,DDU,06:10 AM,06:10 AM,0.0,06:20 AM,06:20 AM,0.0
12380,2024-09-15,CNB,01:10 AM,01:10 AM,0.0,01:15 AM,01:15 AM,0.0
12380,2024-09-15,DDU,06:10 AM,06:10 AM,0.0,06:20 AM,06:20 AM,0.0
12380,2024-09-22,CNB,01:10 AM,05:41 AM,271.0,01:15 AM,05:46 AM,271.0
12380,2024-09-22,DDU,06:10 AM,06:10 AM,0.0,06:20 AM,06:20 AM,0.0
12380,2024-09-29,CNB,01:10 AM,02:30 AM,80.0,01:15 AM,02:35 AM,80.0
12380,2024-09-29,DDU,06:10 AM,06:38 AM,28.0,06:20 AM,06:48 AM,28.0
12553,2024-09-01,CNB,11:40 PM,11:58 PM,18.0,11:45 PM,12:03 AM,18.0
12553,2024-09-02,CNB,11:40 PM,11:58 PM,18.0,11:45 PM,12:03 AM,18.0
12553,2024-09-03,CNB,11:40 PM,02:18 AM,158.0,11:45 PM,02:23 AM,158.0
12553,2024-09-04,CNB,11:40 PM,04:02 AM,262.0,11:45 PM,04:07 AM,262.0
12553,2024-09-05,CNB,11:40 PM,02:02 AM,142.0,11:45 PM,02:07 AM,142.0
12553,2024-09-06,CNB,11:40 PM,11:51 PM,11.0,11:45 PM,11:56 PM,11.0
12553,2024-09-07,CNB,11:40 PM,11:40 PM,0.0,11:45 PM,11:45 PM,0.0
12553,2024-09-08,CNB,11:40 PM,12:24 AM,44.0,11:45 PM,12:29 AM,44.0
12553,2024-09-09,CNB,11:40 PM,11:40 PM,0.0,11:45 PM,11:45 PM,0.0
12553,2024-09-10,CNB,11:40 PM,12:50 AM,70.0,11:45 PM,12:55 AM,70.0
12553,2024-09-11,CNB,11:40 PM,12:17 AM,37.0,11:45 PM,12:22 AM,37.0
12553,2024-09-12,CNB,11:40 PM,11:40 PM,0.0,11:45 PM,11:45 PM,0.0
12553,2024-09-13,CNB,11:40 PM,11:49 PM,9.0,11:45 PM,11:54 PM,9.0
12553,2024-09-14,CNB,11:40 PM,11:56 PM,16.0,11:45 PM,12:01 AM,16.0
12553,2024-09-15,CNB,11:40 PM,11:41 PM,0.0,11:45 PM,11:46 PM,0.0
12553,2024-09-16,CNB,11:40 PM,11:40 PM,0.0,11:45 PM,11:45 PM,0.0
12553,2024-09-17,CNB,11:40 PM,12:14 AM,34.0,11:45 PM,12:19 AM,34.0
12553,2024-09-18,CNB,11:40 PM,11:40 PM,0.0,11:45 PM,11:45 PM,0.0
12553,2024-09-19,CNB,11:40 PM,12:00 AM,20.0,11:45 PM,12:05 AM,20.0
12553,2024-09-20,CNB,11:40 PM,12:13 AM,33.0,11:45 PM,12:18 AM,33.0
12553,2024-09-21,CNB,11:40 PM,11:43 PM,3.0,11:45 PM,11:48 PM,3.0
12553,2024-09-22,CNB,11:40 PM,11:57 PM,17.0,11:45 PM,12:02 AM,17.0
12553,2024-09-23,CNB,11:40 PM,11:59 PM,19.0,11:45 PM,12:04 AM,19.0
12553,2024-09-24,CNB,11:40 PM,11:44 PM,4.0,11:45 PM,11:49 PM,4.0
12553,2024-09-25,CNB,11:40 PM,12:19 AM,39.0,11:45 PM,12:24 AM,39.0
12553,2024-09-26,CNB,11:40 PM,12:04 AM,24.0,11:45 PM,12:09 AM,24.0
12553,2024-09-27,CNB,11:40 PM,11:40 PM,0.0,11:45 PM,11:45 PM,0.0
12553,2024-09-28,CNB,11:40 PM,12:06 AM,26.0,11:45 PM,12:11 AM,26.0
12553,2024-09-29,CNB,11:40 PM,12:25 AM,45.0,11:45 PM,12:30 AM,45.0
12553,2024-09-30,CNB,11:40 PM,11:55 PM,15.0,11:45 PM,12:00 AM,15.0
12305,2024-09-01,DDU,12:45 AM,12:46 AM,0.0,12:55 AM,12:56 AM,0.0
12305,2024-09-01,PRYJ,02:43 AM,02:43 AM,0.0,02:45 AM,02:45 AM,0.0
12305,2024-09-01,CNB,04:50 AM,04:51 AM,0.0,04:55 AM,04:56 AM,0.0
12305,2024-09-08,DDU,12:45 AM,12:45 AM,0.0,12:55 AM,12:55 AM,0.0
12305,2024-09-08,PRYJ,02:43 AM,02:45 AM,2.0,02:45 AM,02:47 AM,2.0
12305,2024-09-08,CNB,04:50 AM,04:56 AM,6.0,04:55 AM,05:01 AM,6.0
12305,2024-09-15,DDU,12:45 AM,12:45 AM,0.0,12:55 AM,12:55 AM,0.0
12305,2024-09-15,PRYJ,02:43 AM,02:43 AM,0.0,02:45 AM,02:45 AM,0.0
12305,2024-09-15,CNB,04:50 AM,04:50 AM,0.0,04:55 AM,04:55 AM,0.0
12305,2024-09-22,DDU,12:45 AM,12:45 AM,0.0,12:55 AM,12:55 AM,0.0
12305,2024-09-22,PRYJ,02:43 AM,02:51 AM,8.0,02:45 AM,02:53 AM,8.0
12305,2024-09-22,CNB,04:50 AM,04:50 AM,0.0,04:55 AM,04:55 AM,0.0
12305,2024-09-29,DDU,12:45 AM,12:45 AM,0.0,12:55 AM,12:55 AM,0.0
12305,2024-09-29,PRYJ,02:43 AM,02:43 AM,0.0,02:45 AM,02:45 AM,0.0
12305,2024-09-29,CNB,04:50 AM,04:50 AM,0.0,04:55 AM,04:55 AM,0.0
15946,2024-09-01,BXR,03:38 PM,03:38 PM,0.0,03:42 PM,03:42 PM,0.0
15946,2024-09-01,DDU,05:35 PM,05:35 PM,0.0,05:45 PM,05:45 PM,0.0
15946,2024-09-04,BXR,03:38 PM,03:38 PM,0.0,03:42 PM,03:42 PM,0.0
15946,2024-09-04,DDU,05:35 PM,05:35 PM,0.0,05:45 PM,05:45 PM,0.0
15946,2024-09-08,BXR,03:38 PM,03:38 PM,0.0,03:42 PM,03:42 PM,0.0
15946,2024-09-08,DDU,05:35 PM,05:35 PM,0.0,05:45 PM,05:45 PM,0.0
15946,2024-09-11,BXR,03:38 PM,03:38 PM,0.0,03:42 PM,03:42 PM,0.0
15946,2024-09-11,DDU,05:35 PM,05:35 PM,0.0,05:45 PM,05:45 PM,0.0
15946,2024-09-15,BXR,03:38 PM,03:38 PM,0.0,03:42 PM,03:42 PM,0.0
15946,2024-09-15,DDU,05:35 PM,05:35 PM,0.0,05:45 PM,05:45 PM,0.0
15946,2024-09-18,BXR,03:38 PM,04:03 PM,25.0,03:42 PM,04:07 PM,25.0
15946,2024-09-18,DDU,05:35 PM,05:52 PM,17.0,05:45 PM,06:02 PM,17.0
15946,2024-09-22,BXR,03:38 PM,03:38 PM,0.0,03:42 PM,03:42 PM,0.0
15946,2024-09-22,DDU,05:35 PM,05:35 PM,0.0,05:45 PM,05:45 PM,0.0
15946,2024-09-25,BXR,03:38 PM,03:38 PM,0.0,03:42 PM,03:42 PM,0.0
15946,2024-09-25,DDU,05:35 PM,05:35 PM,0.0,05:45 PM,05:45 PM,0.0
15946,2024-09-29,BXR,03:38 PM,03:45 PM,7.0,03:42 PM,03:49 PM,7.0
15946,2024-09-29,DDU,05:35 PM,05:35 PM,0.0,05:45 PM,05:45 PM,0.0
3484,2024-09-01,CNB,04:00 PM,11:56 PM,476.0,04:05 PM,12:01 AM,476.0
3484,2024-09-01,PRYJ,06:05 PM,02:30 AM,505.0,06:10 PM,02:35 AM,505.0
3484,2024-09-01,DDU,08:20 PM,08:20 PM,0.0,08:30 PM,08:30 PM,0.0
3484,2024-09-01,BXR,09:30 PM,09:30 PM,0.0,09:32 PM,09:32 PM,0.0
3484,2024-09-08,CNB,04:00 PM,08:45 PM,285.0,04:05 PM,08:50 PM,285.0
3484,2024-09-08,PRYJ,06:05 PM,12:50 AM,405.0,06:10 PM,12:55 AM,405.0
3484,2024-09-08,DDU,08:20 PM,04:17 AM,477.0,08:30 PM,04:27 AM,477.0
3484,2024-09-08,BXR,09:30 PM,09:30 PM,0.0,09:32 PM,09:32 PM,0.0
3484,2024-09-11,CNB,04:00 PM,02:43 AM,643.0,04:05 PM,02:48 AM,643.0
3484,2024-09-11,PRYJ,06:05 PM,05:14 AM,669.0,06:10 PM,05:19 AM,669.0
3484,2024-09-11,DDU,08:20 PM,08:14 AM,714.0,08:30 PM,08:24 AM,714.0
3484,2024-09-11,BXR,09:30 PM,10:01 AM,751.0,09:32 PM,10:03 AM,751.0
3484,2024-09-15,CNB,04:00 PM,09:25 PM,325.0,04:05 PM,09:30 PM,325.0
3484,2024-09-15,PRYJ,06:05 PM,01:10 AM,425.0,06:10 PM,01:15 AM,425.0
3484,2024-09-15,DDU,08:20 PM,04:09 AM,469.0,08:30 PM,04:19 AM,469.0
3484,2024-09-15,BXR,09:30 PM,09:30 PM,0.0,09:32 PM,09:32 PM,0.0
3484,2024-09-18,CNB,04:00 PM,02:26 AM,626.0,04:05 PM,02:31 AM,626.0
3484,2024-09-18,PRYJ,06:05 PM,04:50 AM,645.0,06:10 PM,04:55 AM,645.0
3484,2024-09-18,DDU,08:20 PM,07:58 AM,698.0,08:30 PM,08:08 AM,698.0
3484,2024-09-18,BXR,09:30 PM,09:24 AM,714.0,09:32 PM,09:26 AM,714.0
3484,2024-09-22,CNB,04:00 PM,12:03 AM,483.0,04:05 PM,12:08 AM,483.0
3484,2024-09-22,PRYJ,06:05 PM,02:43 AM,518.0,06:10 PM,02:48 AM,518.0
3484,2024-09-22,DDU,08:20 PM,05:10 AM,530.0,08:30 PM,05:20 AM,530.0
3484,2024-09-22,BXR,09:30 PM,07:11 AM,581.0,09:32 PM,07:13 AM,581.0
3484,2024-09-25,CNB,04:00 PM,03:17 AM,677.0,04:05 PM,03:22 AM,677.0
3484,2024-09-25,PRYJ,06:05 PM,07:09 AM,784.0,06:10 PM,07:14 AM,784.0
3484,2024-09-25,DDU,08:20 PM,10:12 AM,832.0,08:30 PM,10:22 AM,832.0
3484,2024-09-25,BXR,09:30 PM,09:30 PM,0.0,09:32 PM,09:32 PM,0.0
3484,2024-09-29,CNB,04:00 PM,12:51 AM,531.0,04:05 PM,12:56 AM,531.0
3484,2024-09-29,PRYJ,06:05 PM,03:28 AM,563.0,06:10 PM,03:33 AM,563.0
3484,2024-09-29,DDU,08:20 PM,06:10 AM,590.0,08:30 PM,06:20 AM,590.0
3484,2024-09-29,BXR,09:30 PM,09:30 PM,0.0,09:32 PM,09:32 PM,0.0
20961,2024-09-03,PRYJ,08:25 AM,08:25 AM,0.0,08:30 AM,08:30 AM,0.0
20961,2024-09-17,PRYJ,08:25 AM,08:25 AM,0.0,08:30 AM,08:30 AM,0.0
20961,2024-09-24,PRYJ,08:25 AM,08:25 AM,0.0,08:30 AM,08:30 AM,0.0
11061,2024-09-01,PRYJ,09:35 AM,09:41 AM,6.0,10:00 AM,10:06 AM,6.0
11061,2024-09-02,PRYJ,09:35 AM,09:36 AM,0.0,10:00 AM,10:01 AM,0.0
11061,2024-09-03,PRYJ,09:35 AM,09:36 AM,0.0,10:00 AM,10:01 AM,0.0
11061,2024-09-04,PRYJ,09:35 AM,09:37 AM,2.0,10:00 AM,10:02 AM,2.0
11061,2024-09-05,PRYJ,09:35 AM,09:47 AM,12.0,10:00 AM,10:12 AM,12.0
11061,2024-09-06,PRYJ,09:35 AM,10:51 AM,76.0,10:00 AM,11:16 AM,76.0
11061,2024-09-07,PRYJ,09:35 AM,09:36 AM,0.0,10:00 AM,10:01 AM,0.0
11061,2024-09-08,PRYJ,09:35 AM,09:35 AM,0.0,10:00 AM,10:00 AM,0.0
11061,2024-09-09,PRYJ,09:35 AM,09:38 AM,3.0,10:00 AM,10:03 AM,3.0
11061,2024-09-10,PRYJ,09:35 AM,09:35 AM,0.0,10:00 AM,10:00 AM,0.0
11061,2024-09-11,PRYJ,09:35 AM,10:49 AM,74.0,10:00 AM,11:14 AM,74.0
11061,2024-09-12,PRYJ,09:35 AM,09:40 AM,5.0,10:00 AM,10:05 AM,5.0
11061,2024-09-13,PRYJ,09:35 AM,09:35 AM,0.0,10:00 AM,10:00 AM,0.0
11061,2024-09-14,PRYJ,09:35 AM,09:35 AM,0.0,10:00 AM,10:00 AM,0.0
11061,2024-09-15,PRYJ,09:35 AM,09:36 AM,0.0,10:00 AM,10:01 AM,0.0
11061,2024-09-16,PRYJ,09:35 AM,10:11 AM,36.0,10:00 AM,10:36 AM,36.0
11061,2024-09-17,PRYJ,09:35 AM,09:36 AM,0.0,10:00 AM,10:01 AM,0.0
11061,2024-09-18,PRYJ,09:35 AM,09:37 AM,2.0,10:00 AM,10:02 AM,2.0
11061,2024-09-19,PRYJ,09:35 AM,09:35 AM,0.0,10:00 AM,10:00 AM,0.0
11061,2024-09-20,PRYJ,09:35 AM,09:46 AM,11.0,10:00 AM,10:11 AM,11.0
11061,2024-09-21,PRYJ,09:35 AM,09:35 AM,0.0,10:00 AM,10:00 AM,0.0
11061,2024-09-22,PRYJ,09:35 AM,09:35 AM,0.0,10:00 AM,10:00 AM,0.0
11061,2024-09-23,PRYJ,09:35 AM,10:34 AM,59.0,10:00 AM,10:59 AM,59.0
11061,2024-09-24,PRYJ,09:35 AM,09:35 AM,0.0,10:00 AM,10:00 AM,0.0
11061,2024-09-25,PRYJ,09:35 AM,09:35 AM,0.0,10:00 AM,10:00 AM,0.0
11061,2024-09-26,PRYJ,09:35 AM,03:40 PM,365.0,10:00 AM,04:05 PM,365.0
11061,2024-09-27,PRYJ,09:35 AM,09:35 AM,0.0,10:00 AM,10:00 AM,0.0
11061,2024-09-28,PRYJ,09:35 AM,09:35 AM,0.0,10:00 AM,10:00 AM,0.0
11061,2024-09-29,PRYJ,09:35 AM,09:36 AM,0.0,10:00 AM,10:01 AM,0.0
11061,2024-09-30,PRYJ,09:35 AM,09:35 AM,0.0,10:00 AM,10:00 AM,0.0
12108,2024-09-03,CNB,12:05 AM,12:05 AM,0.0,12:10 AM,12:10 AM,0.0
12108,2024-09-05,CNB,12:05 AM,03:12 AM,187.0,12:10 AM,03:17 AM,187.0
12108,2024-09-08,CNB,12:05 AM,12:08 AM,3.0,12:10 AM,12:13 AM,3.0
12108,2024-09-10,CNB,12:05 AM,02:14 AM,129.0,12:10 AM,02:19 AM,129.0
12108,2024-09-12,CNB,12:05 AM,12:55 AM,50.0,12:10 AM,01:00 AM,50.0
12108,2024-09-17,CNB,12:05 AM,12:21 AM,16.0,12:10 AM,12:26 AM,16.0
12108,2024-09-19,CNB,12:05 AM,12:05 AM,0.0,12:10 AM,12:10 AM,0.0
12108,2024-09-22,CNB,12:05 AM,12:05 AM,0.0,12:10 AM,12:10 AM,0.0
12108,2024-09-24,CNB,12:05 AM,12:11 AM,6.0,12:10 AM,12:16 AM,6.0
5671,2024-09-04,DDU,06:10 PM,09:56 PM,226.0,06:20 PM,10:06 PM,226.0
5671,2024-09-04,PRYJ,08:25 PM,01:14 AM,289.0,08:35 PM,01:24 AM,289.0
5671,2024-09-11,DDU,06:10 PM,09:27 PM,197.0,06:20 PM,09:37 PM,197.0
5671,2024-09-11,PRYJ,08:25 PM,11:55 PM,210.0,08:35 PM,12:05 AM,210.0
5671,2024-09-18,DDU,06:10 PM,06:10 PM,0.0,06:20 PM,06:20 PM,0.0
5671,2024-09-18,PRYJ,08:25 PM,08:25 PM,0.0,08:35 PM,08:35 PM,0.0
15030,2024-09-07,CNB,11:40 AM,11:40 AM,0.0,11:50 AM,11:50 AM,0.0
15030,2024-09-14,CNB,11:40 AM,11:52 AM,12.0,11:50 AM,12:02 PM,12.0
15030,2024-09-21,CNB,11:40 AM,12:03 PM,23.0,11:50 AM,12:13 PM,23.0
15030,2024-09-28,CNB,11:40 AM,11:40 AM,0.0,11:50 AM,11:50 AM,0.0
15084,2024-09-01,CNB,05:45 PM,05:50 PM,5.0,05:55 PM,06:00 PM,5.0
15084,2024-09-02,CNB,05:45 PM,05:50 PM,5.0,05:55 PM,06:00 PM,5.0
15084,2024-09-03,CNB,05:45 PM,05:48 PM,3.0,05:55 PM,05:58 PM,3.0
15084,2024-09-04,CNB,05:45 PM,05:48 PM,3.0,05:55 PM,05:58 PM,3.0
15084,2024-09-05,CNB,05:45 PM,05:45 PM,0.0,05:55 PM,05:55 PM,0.0
15084,2024-09-07,CNB,05:45 PM,05:46 PM,0.0,05:55 PM,05:56 PM,0.0
15084,2024-09-08,CNB,05:45 PM,05:48 PM,3.0,05:55 PM,05:58 PM,3.0
15084,2024-09-09,CNB,05:45 PM,05:50 PM,5.0,05:55 PM,06:00 PM,5.0
15084,2024-09-10,CNB,05:45 PM,05:57 PM,12.0,05:55 PM,06:07 PM,12.0
15084,2024-09-12,CNB,05:45 PM,05:50 PM,5.0,05:55 PM,06:00 PM,5.0
15084,2024-09-13,CNB,05:45 PM,05:46 PM,0.0,05:55 PM,05:56 PM,0.0
15084,2024-09-14,CNB,05:45 PM,05:46 PM,0.0,05:55 PM,05:56 PM,0.0
15084,2024-09-15,CNB,05:45 PM,05:45 PM,0.0,05:55 PM,05:55 PM,0.0
15084,2024-09-16,CNB,05:45 PM,05:47 PM,2.0,05:55 PM,05:57 PM,2.0
15084,2024-09-17,CNB,05:45 PM,05:47 PM,2.0,05:55 PM,05:57 PM,2.0
15084,2024-09-18,CNB,05:45 PM,06:06 PM,21.0,05:55 PM,06:16 PM,21.0
15084,2024-09-19,CNB,05:45 PM,05:45 PM,0.0,05:55 PM,05:55 PM,0.0
15084,2024-09-20,CNB,05:45 PM,05:45 PM,0.0,05:55 PM,05:55 PM,0.0
15084,2024-09-21,CNB,05:45 PM,05:45 PM,0.0,05:55 PM,05:55 PM,0.0
15084,2024-09-22,CNB,05:45 PM,05:47 PM,2.0,05:55 PM,05:57 PM,2.0
15084,2024-09-23,CNB,05:45 PM,05:45 PM,0.0,05:55 PM,05:55 PM,0.0
15084,2024-09-24,CNB,05:45 PM,05:45 PM,0.0,05:55 PM,05:55 PM,0.0
15084,2024-09-25,CNB,05:45 PM,05:47 PM,2.0,05:55 PM,05:57 PM,2.0
15084,2024-09-26,CNB,05:45 PM,05:46 PM,0.0,05:55 PM,05:56 PM,0.0
15084,2024-09-27,CNB,05:45 PM,05:46 PM,0.0,05:55 PM,05:56 PM,0.0
15084,2024-09-28,CNB,05:45 PM,05:45 PM,0.0,05:55 PM,05:55 PM,0.0
15084,2024-09-29,CNB,05:45 PM,05:46 PM,0.0,05:55 PM,05:56 PM,0.0
15084,2024-09-30,CNB,05:45 PM,05:52 PM,7.0,05:55 PM,06:02 PM,7.0
13168,2024-09-07,CNB,12:45 PM,12:46 PM,0.0,12:50 PM,12:51 PM,0.0
13168,2024-09-07,DDU,09:00 PM,11:26 PM,146.0,09:10 PM,11:36 PM,146.0
13168,2024-09-14,CNB,12:45 PM,12:46 PM,0.0,12:50 PM,12:51 PM,0.0
13168,2024-09-14,DDU,09:00 PM,02:21 AM,321.0,09:10 PM,02:31 AM,321.0
13168,2024-09-21,CNB,12:45 PM,12:46 PM,0.0,12:50 PM,12:51 PM,0.0
13168,2024-09-21,DDU,09:00 PM,09:00 PM,0.0,09:10 PM,09:10 PM,0.0
13168,2024-09-28,CNB,12:45 PM,12:47 PM,2.0,12:50 PM,12:52 PM,2.0
13168,2024-09-28,DDU,09:00 PM,11:42 PM,162.0,09:10 PM,11:52 PM,162.0
12593,2024-09-07,CNB,12:30 AM,12:30 AM,0.0,12:35 AM,12:35 AM,0.0
12877,2024-09-02,DDU,01:35 AM,01:48 AM,13.0,01:45 AM,01:58 AM,13.0
12877,2024-09-02,PRYJ,03:35 AM,03:43 AM,8.0,03:37 AM,03:45 AM,8.0
12877,2024-09-02,CNB,05:40 AM,06:13 AM,33.0,05:45 AM,06:18 AM,33.0
12877,2024-09-03,DDU,01:35 AM,01:38 AM,3.0,01:45 AM,01:48 AM,3.0
12877,2024-09-03,PRYJ,03:35 AM,03:36 AM,0.0,03:37 AM,03:38 AM,0.0
12877,2024-09-03,CNB,05:40 AM,05:52 AM,12.0,05:45 AM,05:57 AM,12.0
12877,2024-09-06,DDU,01:35 AM,01:35 AM,0.0,01:45 AM,01:45 AM,0.0
12877,2024-09-06,PRYJ,03:35 AM,03:35 AM,0.0,03:37 AM,03:37 AM,0.0
12877,2024-09-06,CNB,05:40 AM,05:40 AM,0.0,05:45 AM,05:45 AM,0.0
12877,2024-09-09,DDU,01:35 AM,01:56 AM,21.0,01:45 AM,02:06 AM,21.0
12877,2024-09-09,PRYJ,03:35 AM,04:21 AM,46.0,03:37 AM,04:23 AM,46.0
12877,2024-09-09,CNB,05:40 AM,06:34 AM,54.0,05:45 AM,06:39 AM,54.0
12877,2024-09-10,DDU,01:35 AM,02:29 AM,54.0,01:45 AM,02:39 AM,54.0
12877,2024-09-10,PRYJ,03:35 AM,04:36 AM,61.0,03:37 AM,04:38 AM,61.0
12877,2024-09-10,CNB,05:40 AM,07:07 AM,87.0,05:45 AM,07:12 AM,87.0
12877,2024-09-13,DDU,01:35 AM,02:06 AM,31.0,01:45 AM,02:16 AM,31.0
12877,2024-09-13,PRYJ,03:35 AM,03:35 AM,0.0,03:37 AM,03:37 AM,0.0
12877,2024-09-13,CNB,05:40 AM,05:40 AM,0.0,05:45 AM,05:45 AM,0.0
12877,2024-09-16,DDU,01:35 AM,02:17 AM,42.0,01:45 AM,02:27 AM,42.0
12877,2024-09-16,PRYJ,03:35 AM,04:46 AM,71.0,03:37 AM,04:48 AM,71.0
12877,2024-09-16,CNB,05:40 AM,07:08 AM,88.0,05:45 AM,07:13 AM,88.0
12877,2024-09-17,DDU,01:35 AM,01:37 AM,2.0,01:45 AM,01:47 AM,2.0
12877,2024-09-17,PRYJ,03:35 AM,03:52 AM,17.0,03:37 AM,03:54 AM,17.0
12877,2024-09-17,CNB,05:40 AM,07:12 AM,92.0,05:45 AM,07:17 AM,92.0
12877,2024-09-20,DDU,01:35 AM,01:35 AM,0.0,01:45 AM,01:45 AM,0.0
12877,2024-09-20,PRYJ,03:35 AM,03:35 AM,0.0,03:37 AM,03:37 AM,0.0
12877,2024-09-20,CNB,05:40 AM,05:40 AM,0.0,05:45 AM,05:45 AM,0.0
12877,2024-09-23,DDU,01:35 AM,01:35 AM,0.0,01:45 AM,01:45 AM,0.0
12877,2024-09-23,PRYJ,03:35 AM,03:35 AM,0.0,03:37 AM,03:37 AM,0.0
12877,2024-09-23,CNB,05:40 AM,05:40 AM,0.0,05:45 AM,05:45 AM,0.0
12877,2024-09-24,DDU,01:35 AM,01:35 AM,0.0,01:45 AM,01:45 AM,0.0
12877,2024-09-24,PRYJ,03:35 AM,03:35 AM,0.0,03:37 AM,03:37 AM,0.0
12877,2024-09-24,CNB,05:40 AM,05:40 AM,0.0,05:45 AM,05:45 AM,0.0
12877,2024-09-27,DDU,01:35 AM,02:02 AM,27.0,01:45 AM,02:12 AM,27.0
12877,2024-09-27,PRYJ,03:35 AM,04:06 AM,31.0,03:37 AM,04:08 AM,31.0
12877,2024-09-27,CNB,05:40 AM,06:13 AM,33.0,05:45 AM,06:18 AM,33.0
12877,2024-09-30,DDU,01:35 AM,01:37 AM,2.0,01:45 AM,01:47 AM,2.0
12877,2024-09-30,PRYJ,03:35 AM,03:40 AM,5.0,03:37 AM,03:42 AM,5.0
12877,2024-09-30,CNB,05:40 AM,05:53 AM,13.0,05:45 AM,05:58 AM,13.0
14620,2024-09-02,CNB,05:20 AM,06:21 AM,61.0,05:25 AM,06:26 AM,61.0
14620,2024-09-02,PRYJ,07:50 AM,08:50 AM,60.0,07:55 AM,08:55 AM,60.0
14620,2024-09-02,DDU,10:50 AM,11:09 AM,19.0,11:00 AM,11:19 AM,19.0
14620,2024-09-09,CNB,05:20 AM,05:33 AM,13.0,05:25 AM,05:38 AM,13.0
14620,2024-09-09,PRYJ,07:50 AM,07:50 AM,0.0,07:55 AM,07:55 AM,0.0
14620,2024-09-09,DDU,10:50 AM,10:50 AM,0.0,11:00 AM,11:00 AM,0.0
14620,2024-09-16,CNB,05:20 AM,05:20 AM,0.0,05:25 AM,05:25 AM,0.0
14620,2024-09-16,PRYJ,07:50 AM,07:50 AM,0.0,07:55 AM,07:55 AM,0.0
14620,2024-09-16,DDU,10:50 AM,10:50 AM,0.0,11:00 AM,11:00 AM,0.0
14620,2024-09-23,CNB,05:20 AM,05:20 AM,0.0,05:25 AM,05:25 AM,0.0
14620,2024-09-23,PRYJ,07:50 AM,07:50 AM,0.0,07:55 AM,07:55 AM,0.0
14620,2024-09-23,DDU,10:50 AM,10:50 AM,0.0,11:00 AM,11:00 AM,0.0
14620,2024-09-30,CNB,05:20 AM,05:37 AM,17.0,05:25 AM,05:42 AM,17.0
14620,2024-09-30,PRYJ,07:50 AM,07:54 AM,4.0,07:55 AM,07:59 AM,4.0
14620,2024-09-30,DDU,10:50 AM,10:50 AM,0.0,11:00 AM,11:00 AM,0.0
15003,2024-09-01,CNB,04:50 PM,04:59 PM,9.0,05:00 PM,05:09 PM,9.0
15003,2024-09-01,PRYJ,08:55 PM,08:56 PM,0.0,09:05 PM,09:06 PM,0.0
15003,2024-09-02,CNB,04:50 PM,04:52 PM,2.0,05:00 PM,05:02 PM,2.0
15003,2024-09-02,PRYJ,08:55 PM,08:56 PM,0.0,09:05 PM,09:06 PM,0.0
15003,2024-09-03,CNB,04:50 PM,04:52 PM,2.0,05:00 PM,05:02 PM,2.0
15003,2024-09-03,PRYJ,08:55 PM,08:59 PM,4.0,09:05 PM,09:09 PM,4.0
15003,2024-09-04,CNB,04:50 PM,05:26 PM,36.0,05:00 PM,05:36 PM,36.0
15003,2024-09-04,PRYJ,08:55 PM,09:42 PM,47.0,09:05 PM,09:52 PM,47.0
15003,2024-09-05,CNB,04:50 PM,04:52 PM,2.0,05:00 PM,05:02 PM,2.0
15003,2024-09-05,PRYJ,08:55 PM,08:55 PM,0.0,09:05 PM,09:05 PM,0.0
15003,2024-09-06,CNB,04:50 PM,04:55 PM,5.0,05:00 PM,05:05 PM,5.0
15003,2024-09-06,PRYJ,08:55 PM,08:56 PM,0.0,09:05 PM,09:06 PM,0.0
15003,2024-09-07,CNB,04:50 PM,04:52 PM,2.0,05:00 PM,05:02 PM,2.0
15003,2024-09-07,PRYJ,08:55 PM,08:55 PM,0.0,09:05 PM,09:05 PM,0.0
15003,2024-09-08,CNB,04:50 PM,04:55 PM,5.0,05:00 PM,05:05 PM,5.0
15003,2024-09-08,PRYJ,08:55 PM,09:38 PM,43.0,09:05 PM,09:48 PM,43.0
15003,2024-09-09,CNB,04:50 PM,05:25 PM,35.0,05:00 PM,05:35 PM,35.0
15003,2024-09-09,PRYJ,08:55 PM,08:55 PM,0.0,09:05 PM,09:05 PM,0.0
15003,2024-09-10,CNB,04:50 PM,04:54 PM,4.0,05:00 PM,05:04 PM,4.0
15003,2024-09-10,PRYJ,08:55 PM,08:59 PM,4.0,09:05 PM,09:09 PM,4.0
15003,2024-09-11,CNB,04:50 PM,04:55 PM,5.0,05:00 PM,05:05 PM,5.0
15003,2024-09-11,PRYJ,08:55 PM,09:06 PM,11.0,09:05 PM,09:16 PM,11.0
15003,2024-09-12,CNB,04:50 PM,05:03 PM,13.0,05:00 PM,05:13 PM,13.0
15003,2024-09-12,PRYJ,08:55 PM,08:58 PM,3.0,09:05 PM,09:08 PM,3.0
15003,2024-09-13,CNB,04:50 PM,04:54 PM,4.0,05:00 PM,05:04 PM,4.0
15003,2024-09-13,PRYJ,08:55 PM,08:55 PM,0.0,09:05 PM,09:05 PM,0.0
15003,2024-09-14,CNB,04:50 PM,04:52 PM,2.0,05:00 PM,05:02 PM,2.0
15003,2024-09-14,PRYJ,08:55 PM,08:55 PM,0.0,09:05 PM,09:05 PM,0.0
15003,2024-09-15,CNB,04:50 PM,04:52 PM,2.0,05:00 PM,05:02 PM,2.0
15003,2024-09-15,PRYJ,08:55 PM,08:56 PM,0.0,09:05 PM,09:06 PM,0.0
15003,2024-09-16,CNB,04:50 PM,04:57 PM,7.0,05:00 PM,05:07 PM,7.0
15003,2024-09-16,PRYJ,08:55 PM,08:55 PM,0.0,09:05 PM,09:05 PM,0.0
15003,2024-09-17,CNB,04:50 PM,04:51 PM,0.0,05:00 PM,05:01 PM,0.0
15003,2024-09-17,PRYJ,08:55 PM,08:55 PM,0.0,09:05 PM,09:05 PM,0.0
15003,2024-09-18,CNB,04:50 PM,04:52 PM,2.0,05:00 PM,05:02 PM,2.0
15003,2024-09-18,PRYJ,08:55 PM,08:55 PM,0.0,09:05 PM,09:05 PM,0.0
15003,2024-09-19,CNB,04:50 PM,04:58 PM,8.0,05:00 PM,05:08 PM,8.0
15003,2024-09-19,PRYJ,08:55 PM,08:56 PM,0.0,09:05 PM,09:06 PM,0.0
15003,2024-09-20,CNB,04:50 PM,04:53 PM,3.0,05:00 PM,05:03 PM,3.0
15003,2024-09-20,PRYJ,08:55 PM,08:55 PM,0.0,09:05 PM,09:05 PM,0.0
15003,2024-09-21,CNB,04:50 PM,04:55 PM,5.0,05:00 PM,05:05 PM,5.0
15003,2024-09-21,PRYJ,08:55 PM,08:56 PM,0.0,09:05 PM,09:06 PM,0.0
15003,2024-09-22,CNB,04:50 PM,04:54 PM,4.0,05:00 PM,05:04 PM,4.0
15003,2024-09-22,PRYJ,08:55 PM,08:55 PM,0.0,09:05 PM,09:05 PM,0.0
15003,2024-09-23,CNB,04:50 PM,04:52 PM,2.0,05:00 PM,05:02 PM,2.0
15003,2024-09-23,PRYJ,08:55 PM,08:55 PM,0.0,09:05 PM,09:05 PM,0.0
15003,2024-09-24,CNB,04:50 PM,04:55 PM,5.0,05:00 PM,05:05 PM,5.0
15003,2024-09-24,PRYJ,08:55 PM,08:55 PM,0.0,09:05 PM,09:05 PM,0.0
15003,2024-09-25,CNB,04:50 PM,04:54 PM,4.0,05:00 PM,05:04 PM,4.0
15003,2024-09-25,PRYJ,08:55 PM,08:55 PM,0.0,09:05 PM,09:05 PM,0.0
15003,2024-09-26,CNB,04:50 PM,04:52 PM,2.0,05:00 PM,05:02 PM,2.0
15003,2024-09-26,PRYJ,08:55 PM,08:55 PM,0.0,09:05 PM,09:05 PM,0.0
15003,2024-09-27,CNB,04:50 PM,04:54 PM,4.0,05:00 PM,05:04 PM,4.0
15003,2024-09-27,PRYJ,08:55 PM,08:57 PM,2.0,09:05 PM,09:07 PM,2.0
15003,2024-09-28,CNB,04:50 PM,04:53 PM,3.0,05:00 PM,05:03 PM,3.0
15003,2024-09-28,PRYJ,08:55 PM,08:55 PM,0.0,09:05 PM,09:05 PM,0.0
15003,2024-09-29,CNB,04:50 PM,04:55 PM,5.0,05:00 PM,05:05 PM,5.0
15003,2024-09-29,PRYJ,08:55 PM,08:55 PM,0.0,09:05 PM,09:05 PM,0.0
15003,2024-09-30,CNB,04:50 PM,04:56 PM,6.0,05:00 PM,05:06 PM,6.0
15003,2024-09-30,PRYJ,08:55 PM,08:55 PM,0.0,09:05 PM,09:05 PM,0.0
12326,2024-09-07,DDU,02:15 AM,02:15 AM,0.0,02:25 AM,02:25 AM,0.0
12326,2024-09-14,DDU,02:15 AM,02:15 AM,0.0,02:25 AM,02:25 AM,0.0
12326,2024-09-21,DDU,02:15 AM,02:15 AM,0.0,02:25 AM,02:25 AM,0.0
12326,2024-09-28,DDU,02:15 AM,02:16 AM,0.0,02:25 AM,02:26 AM,0.0
12742,2024-09-07,BXR,03:34 PM,03:51 PM,17.0,03:36 PM,03:53 PM,17.0
12742,2024-09-07,DDU,05:35 PM,05:38 PM,3.0,05:45 PM,05:48 PM,3.0
12742,2024-09-14,BXR,03:34 PM,03:48 PM,14.0,03:36 PM,03:50 PM,14.0
12742,2024-09-14,DDU,05:35 PM,05:35 PM,0.0,05:45 PM,05:45 PM,0.0
12742,2024-09-21,BXR,03:34 PM,03:34 PM,0.0,03:36 PM,03:36 PM,0.0
12742,2024-09-21,DDU,05:35 PM,05:36 PM,0.0,05:45 PM,05:46 PM,0.0
12742,2024-09-28,BXR,03:34 PM,03:46 PM,12.0,03:36 PM,03:48 PM,12.0
12742,2024-09-28,DDU,05:35 PM,05:35 PM,0.0,05:45 PM,05:45 PM,0.0
4824,2024-09-02,CNB,01:50 PM,03:33 PM,103.0,02:00 PM,03:43 PM,103.0
4824,2024-09-09,CNB,01:50 PM,04:35 PM,165.0,02:00 PM,04:45 PM,165.0
4824,2024-09-16,CNB,01:50 PM,03:00 PM,70.0,02:00 PM,03:10 PM,70.0
4824,2024-09-23,CNB,01:50 PM,05:50 PM,240.0,02:00 PM,06:00 PM,240.0
4824,2024-09-30,CNB,01:50 PM,08:50 PM,420.0,02:00 PM,09:00 PM,420.0
12178,2024-09-02,DDU,08:15 PM,09:29 PM,74.0,08:25 PM,09:39 PM,74.0
12178,2024-09-09,DDU,08:15 PM,08:15 PM,0.0,08:25 PM,08:25 PM,0.0
12178,2024-09-16,DDU,08:15 PM,08:15 PM,0.0,08:25 PM,08:25 PM,0.0
12178,2024-09-23,DDU,08:15 PM,08:26 PM,11.0,08:25 PM,08:36 PM,11.0
12178,2024-09-30,DDU,08:15 PM,08:16 PM,0.0,08:25 PM,08:26 PM,0.0
12802,2024-09-01,CNB,04:00 AM,04:00 AM,0.0,04:05 AM,04:05 AM,0.0
12802,2024-09-01,PRYJ,06:55 AM,06:55 AM,0.0,07:00 AM,07:00 AM,0.0
12802,2024-09-01,DDU,09:50 AM,09:50 AM,0.0,10:00 AM,10:00 AM,0.0
12802,2024-09-03,CNB,04:00 AM,04:24 AM,24.0,04:05 AM,04:29 AM,24.0
12802,2024-09-03,PRYJ,06:55 AM,06:59 AM,4.0,07:00 AM,07:04 AM,4.0
12802,2024-09-03,DDU,09:50 AM,09:50 AM,0.0,10:00 AM,10:00 AM,0.0
12802,2024-09-04,CNB,04:00 AM,04:09 AM,9.0,04:05 AM,04:14 AM,9.0
12802,2024-09-04,PRYJ,06:55 AM,06:57 AM,2.0,07:00 AM,07:02 AM,2.0
12802,2024-09-04,DDU,09:50 AM,09:50 AM,0.0,10:00 AM,10:00 AM,0.0
12802,2024-09-05,CNB,04:00 AM,04:26 AM,26.0,04:05 AM,04:31 AM,26.0
12802,2024-09-05,PRYJ,06:55 AM,06:55 AM,0.0,07:00 AM,07:00 AM,0.0
12802,2024-09-05,DDU,09:50 AM,09:50 AM,0.0,10:00 AM,10:00 AM,0.0
12802,2024-09-06,CNB,04:00 AM,05:20 AM,80.0,04:05 AM,05:25 AM,80.0
12802,2024-09-06,PRYJ,06:55 AM,07:53 AM,58.0,07:00 AM,07:58 AM,58.0
12802,2024-09-06,DDU,09:50 AM,10:18 AM,28.0,10:00 AM,10:28 AM,28.0
12802,2024-09-07,CNB,04:00 AM,04:24 AM,24.0,04:05 AM,04:29 AM,24.0
12802,2024-09-07,PRYJ,06:55 AM,07:04 AM,9.0,07:00 AM,07:09 AM,9.0
12802,2024-09-07,DDU,09:50 AM,09:50 AM,0.0,10:00 AM,10:00 AM,0.0
12802,2024-09-08,CNB,04:00 AM,05:07 AM,67.0,04:05 AM,05:12 AM,67.0
12802,2024-09-08,PRYJ,06:55 AM,07:20 AM,25.0,07:00 AM,07:25 AM,25.0
12802,2024-09-08,DDU,09:50 AM,09:50 AM,0.0,10:00 AM,10:00 AM,0.0
12802,2024-09-09,CNB,04:00 AM,04:09 AM,9.0,04:05 AM,04:14 AM,9.0
12802,2024-09-09,PRYJ,06:55 AM,06:56 AM,0.0,07:00 AM,07:01 AM,0.0
12802,2024-09-09,DDU,09:50 AM,09:50 AM,0.0,10:00 AM,10:00 AM,0.0
12802,2024-09-10,CNB,04:00 AM,04:48 AM,48.0,04:05 AM,04:53 AM,48.0
12802,2024-09-10,PRYJ,06:55 AM,07:13 AM,18.0,07:00 AM,07:18 AM,18.0
12802,2024-09-10,DDU,09:50 AM,09:51 AM,0.0,10:00 AM,10:01 AM,0.0
12802,2024-09-11,CNB,04:00 AM,04:36 AM,36.0,04:05 AM,04:41 AM,36.0
12802,2024-09-11,PRYJ,06:55 AM,07:02 AM,7.0,07:00 AM,07:07 AM,7.0
12802,2024-09-11,DDU,09:50 AM,09:50 AM,0.0,10:00 AM,10:00 AM,0.0
12802,2024-09-12,CNB,04:00 AM,04:59 AM,59.0,04:05 AM,05:04 AM,59.0
12802,2024-09-12,PRYJ,06:55 AM,07:22 AM,27.0,07:00 AM,07:27 AM,27.0
12802,2024-09-12,DDU,09:50 AM,09:50 AM,0.0,10:00 AM,10:00 AM,0.0
12802,2024-09-13,CNB,04:00 AM,05:13 AM,73.0,04:05 AM,05:18 AM,73.0
12802,2024-09-13,PRYJ,06:55 AM,07:57 AM,62.0,07:00 AM,08:02 AM,62.0
12802,2024-09-13,DDU,09:50 AM,10:24 AM,34.0,10:00 AM,10:34 AM,34.0
12802,2024-09-14,CNB,04:00 AM,04:46 AM,46.0,04:05 AM,04:51 AM,46.0
12802,2024-09-14,PRYJ,06:55 AM,07:12 AM,17.0,07:00 AM,07:17 AM,17.0
12802,2024-09-14,DDU,09:50 AM,09:50 AM,0.0,10:00 AM,10:00 AM,0.0
12802,2024-09-15,CNB,04:00 AM,04:23 AM,23.0,04:05 AM,04:28 AM,23.0
12802,2024-09-15,PRYJ,06:55 AM,06:59 AM,4.0,07:00 AM,07:04 AM,4.0
12802,2024-09-15,DDU,09:50 AM,09:51 AM,0.0,10:00 AM,10:01 AM,0.0
12802,2024-09-16,CNB,04:00 AM,04:29 AM,29.0,04:05 AM,04:34 AM,29.0
12802,2024-09-16,PRYJ,06:55 AM,07:19 AM,24.0,07:00 AM,07:24 AM,24.0
12802,2024-09-16,DDU,09:50 AM,09:50 AM,0.0,10:00 AM,10:00 AM,0.0
12802,2024-09-17,CNB,04:00 AM,04:52 AM,52.0,04:05 AM,04:57 AM,52.0
12802,2024-09-17,PRYJ,06:55 AM,07:39 AM,44.0,07:00 AM,07:44 AM,44.0
12802,2024-09-17,DDU,09:50 AM,09:59 AM,9.0,10:00 AM,10:09 AM,9.0
12802,2024-09-18,CNB,04:00 AM,05:51 AM,111.0,04:05 AM,05:56 AM,111.0
12802,2024-09-18,PRYJ,06:55 AM,08:03 AM,68.0,07:00 AM,08:08 AM,68.0
12802,2024-09-18,DDU,09:50 AM,10:34 AM,44.0,10:00 AM,10:44 AM,44.0
12802,2024-09-19,CNB,04:00 AM,04:22 AM,22.0,04:05 AM,04:27 AM,22.0
12802,2024-09-19,PRYJ,06:55 AM,06:59 AM,4.0,07:00 AM,07:04 AM,4.0
12802,2024-09-19,DDU,09:50 AM,09:50 AM,0.0,10:00 AM,10:00 AM,0.0
12802,2024-09-20,CNB,04:00 AM,04:35 AM,35.0,04:05 AM,04:40 AM,35.0
12802,2024-09-20,PRYJ,06:55 AM,06:56 AM,0.0,07:00 AM,07:01 AM,0.0
12802,2024-09-20,DDU,09:50 AM,09:50 AM,0.0,10:00 AM,10:00 AM,0.0
12802,2024-09-21,CNB,04:00 AM,04:19 AM,19.0,04:05 AM,04:24 AM,19.0
12802,2024-09-21,PRYJ,06:55 AM,07:00 AM,5.0,07:00 AM,07:05 AM,5.0
12802,2024-09-21,DDU,09:50 AM,09:50 AM,0.0,10:00 AM,10:00 AM,0.0
12802,2024-09-22,CNB,04:00 AM,04:17 AM,17.0,04:05 AM,04:22 AM,17.0
12802,2024-09-22,PRYJ,06:55 AM,06:56 AM,0.0,07:00 AM,07:01 AM,0.0
12802,2024-09-22,DDU,09:50 AM,09:50 AM,0.0,10:00 AM,10:00 AM,0.0
12802,2024-09-23,CNB,04:00 AM,04:26 AM,26.0,04:05 AM,04:31 AM,26.0
12802,2024-09-23,PRYJ,06:55 AM,06:56 AM,0.0,07:00 AM,07:01 AM,0.0
12802,2024-09-23,DDU,09:50 AM,09:50 AM,0.0,10:00 AM,10:00 AM,0.0
12802,2024-09-24,CNB,04:00 AM,04:32 AM,32.0,04:05 AM,04:37 AM,32.0
12802,2024-09-24,PRYJ,06:55 AM,07:21 AM,26.0,07:00 AM,07:26 AM,26.0
12802,2024-09-24,DDU,09:50 AM,09:50 AM,0.0,10:00 AM,10:00 AM,0.0
12802,2024-09-25,CNB,04:00 AM,04:23 AM,23.0,04:05 AM,04:28 AM,23.0
12802,2024-09-25,PRYJ,06:55 AM,06:56 AM,0.0,07:00 AM,07:01 AM,0.0
12802,2024-09-25,DDU,09:50 AM,09:50 AM,0.0,10:00 AM,10:00 AM,0.0
12802,2024-09-26,CNB,04:00 AM,04:10 AM,10.0,04:05 AM,04:15 AM,10.0
12802,2024-09-26,PRYJ,06:55 AM,06:55 AM,0.0,07:00 AM,07:00 AM,0.0
12802,2024-09-26,DDU,09:50 AM,09:50 AM,0.0,10:00 AM,10:00 AM,0.0
12802,2024-09-27,CNB,04:00 AM,04:56 AM,56.0,04:05 AM,05:01 AM,56.0
12802,2024-09-27,PRYJ,06:55 AM,07:11 AM,16.0,07:00 AM,07:16 AM,16.0
12802,2024-09-27,DDU,09:50 AM,09:50 AM,0.0,10:00 AM,10:00 AM,0.0
12802,2024-09-28,CNB,04:00 AM,04:23 AM,23.0,04:05 AM,04:28 AM,23.0
12802,2024-09-28,PRYJ,06:55 AM,06:56 AM,0.0,07:00 AM,07:01 AM,0.0
12802,2024-09-28,DDU,09:50 AM,09:50 AM,0.0,10:00 AM,10:00 AM,0.0
12802,2024-09-29,CNB,04:00 AM,04:23 AM,23.0,04:05 AM,04:28 AM,23.0
12802,2024-09-29,PRYJ,06:55 AM,06:56 AM,0.0,07:00 AM,07:01 AM,0.0
12802,2024-09-29,DDU,09:50 AM,09:56 AM,6.0,10:00 AM,10:06 AM,6.0
12802,2024-09-30,CNB,04:00 AM,04:39 AM,39.0,04:05 AM,04:44 AM,39.0
12802,2024-09-30,PRYJ,06:55 AM,07:06 AM,11.0,07:00 AM,07:11 AM,11.0
12802,2024-09-30,DDU,09:50 AM,09:50 AM,0.0,10:00 AM,10:00 AM,0.0
22312,2024-09-05,DDU,07:50 AM,07:55 AM,5.0,08:00 AM,08:05 AM,5.0
22312,2024-09-05,BXR,09:32 AM,09:33 AM,0.0,09:34 AM,09:35 AM,0.0
22312,2024-09-12,DDU,07:50 AM,07:50 AM,0.0,08:00 AM,08:00 AM,0.0
22312,2024-09-12,BXR,09:32 AM,09:32 AM,0.0,09:34 AM,09:34 AM,0.0
22312,2024-09-19,DDU,07:50 AM,07:50 AM,0.0,08:00 AM,08:00 AM,0.0
22312,2024-09-19,BXR,09:32 AM,09:32 AM,0.0,09:34 AM,09:34 AM,0.0
22312,2024-09-26,DDU,07:50 AM,08:01 AM,11.0,08:00 AM,08:11 AM,11.0
22312,2024-09-26,BXR,09:32 AM,09:32 AM,0.0,09:34 AM,09:34 AM,0.0
7420,2024-09-02,BXR,03:58 PM,03:58 PM,0.0,04:00 PM,04:00 PM,0.0
7420,2024-09-02,DDU,05:55 PM,06:03 PM,8.0,06:05 PM,06:13 PM,8.0
7420,2024-09-09,BXR,03:58 PM,03:58 PM,0.0,04:00 PM,04:00 PM,0.0
7420,2024-09-09,DDU,05:55 PM,06:11 PM,16.0,06:05 PM,06:21 PM,16.0
7420,2024-09-16,BXR,03:58 PM,06:10 PM,132.0,04:00 PM,06:12 PM,132.0
7420,2024-09-16,DDU,05:55 PM,07:28 PM,93.0,06:05 PM,07:38 PM,93.0
7420,2024-09-23,BXR,03:58 PM,04:22 PM,24.0,04:00 PM,04:24 PM,24.0
7420,2024-09-23,DDU,05:55 PM,05:55 PM,0.0,06:05 PM,06:05 PM,0.0
14223,2024-09-02,DDU,05:25 AM,05:25 AM,0.0,05:35 AM,05:35 AM,0.0
14223,2024-09-03,DDU,05:25 AM,05:25 AM,0.0,05:35 AM,05:35 AM,0.0
14223,2024-09-04,DDU,05:25 AM,05:25 AM,0.0,05:35 AM,05:35 AM,0.0
14223,2024-09-05,DDU,05:25 AM,06:21 AM,56.0,05:35 AM,06:31 AM,56.0
14223,2024-09-06,DDU,05:25 AM,05:29 AM,4.0,05:35 AM,05:39 AM,4.0
14223,2024-09-07,DDU,05:25 AM,05:44 AM,19.0,05:35 AM,05:54 AM,19.0
14223,2024-09-08,DDU,05:25 AM,05:45 AM,20.0,05:35 AM,05:55 AM,20.0
14223,2024-09-09,DDU,05:25 AM,05:29 AM,4.0,05:35 AM,05:39 AM,4.0
14223,2024-09-10,DDU,05:25 AM,05:25 AM,0.0,05:35 AM,05:35 AM,0.0
14223,2024-09-11,DDU,05:25 AM,05:57 AM,32.0,05:35 AM,06:07 AM,32.0
14223,2024-09-12,DDU,05:25 AM,05:48 AM,23.0,05:35 AM,05:58 AM,23.0
14223,2024-09-14,DDU,05:25 AM,05:38 AM,13.0,05:35 AM,05:48 AM,13.0
14223,2024-09-15,DDU,05:25 AM,05:58 AM,33.0,05:35 AM,06:08 AM,33.0
14223,2024-09-16,DDU,05:25 AM,06:02 AM,37.0,05:35 AM,06:12 AM,37.0
14223,2024-09-17,DDU,05:25 AM,05:26 AM,0.0,05:35 AM,05:36 AM,0.0
14223,2024-09-18,DDU,05:25 AM,05:43 AM,18.0,05:35 AM,05:53 AM,18.0
14223,2024-09-19,DDU,05:25 AM,05:35 AM,10.0,05:35 AM,05:45 AM,10.0
14223,2024-09-20,DDU,05:25 AM,05:25 AM,0.0,05:35 AM,05:35 AM,0.0
14223,2024-09-21,DDU,05:25 AM,05:38 AM,13.0,05:35 AM,05:48 AM,13.0
14223,2024-09-22,DDU,05:25 AM,05:25 AM,0.0,05:35 AM,05:35 AM,0.0
14223,2024-09-23,DDU,05:25 AM,05:25 AM,0.0,05:35 AM,05:35 AM,0.0
14223,2024-09-24,DDU,05:25 AM,05:25 AM,0.0,05:35 AM,05:35 AM,0.0
14223,2024-09-25,DDU,05:25 AM,06:36 AM,71.0,05:35 AM,06:46 AM,71.0
14223,2024-09-26,DDU,05:25 AM,06:00 AM,35.0,05:35 AM,06:10 AM,35.0
14223,2024-09-27,DDU,05:25 AM,05:59 AM,34.0,05:35 AM,06:09 AM,34.0
14223,2024-09-28,DDU,05:25 AM,06:11 AM,46.0,05:35 AM,06:21 AM,46.0
14223,2024-09-30,DDU,05:25 AM,05:25 AM,0.0,05:35 AM,05:35 AM,0.0
7021,2024-09-05,DDU,01:50 PM,01:50 PM,0.0,02:00 PM,02:00 PM,0.0
7021,2024-09-05,BXR,03:00 PM,03:00 PM,0.0,03:02 PM,03:02 PM,0.0
7021,2024-09-12,DDU,01:50 PM,01:50 PM,0.0,02:00 PM,02:00 PM,0.0
7021,2024-09-12,BXR,03:00 PM,03:00 PM,0.0,03:02 PM,03:02 PM,0.0
7007,2024-09-04,DDU,08:05 PM,03:18 AM,433.0,08:15 PM,03:28 AM,433.0
7007,2024-09-04,BXR,09:28 PM,05:29 AM,481.0,09:30 PM,05:31 AM,481.0
7007,2024-09-11,DDU,08:05 PM,08:05 PM,0.0,08:15 PM,08:15 PM,0.0
7007,2024-09-11,BXR,09:28 PM,09:28 PM,0.0,09:30 PM,09:30 PM,0.0
7007,2024-09-18,DDU,08:05 PM,03:01 AM,416.0,08:15 PM,03:11 AM,416.0
7007,2024-09-18,BXR,09:28 PM,04:53 AM,445.0,09:30 PM,04:55 AM,445.0
12173,2024-09-01,CNB,01:40 PM,01:43 PM,3.0,01:45 PM,01:48 PM,3.0
12173,2024-09-03,CNB,01:40 PM,01:40 PM,0.0,01:45 PM,01:45 PM,0.0
12173,2024-09-08,CNB,01:40 PM,01:40 PM,0.0,01:45 PM,01:45 PM,0.0
12173,2024-09-10,CNB,01:40 PM,01:40 PM,0.0,01:45 PM,01:45 PM,0.0
12173,2024-09-15,CNB,01:40 PM,01:44 PM,4.0,01:45 PM,01:49 PM,4.0
12173,2024-09-17,CNB,01:40 PM,01:40 PM,0.0,01:45 PM,01:45 PM,0.0
12173,2024-09-22,CNB,01:40 PM,01:45 PM,5.0,01:45 PM,01:50 PM,5.0
12173,2024-09-24,CNB,01:40 PM,01:46 PM,6.0,01:45 PM,01:51 PM,6.0
12173,2024-09-29,CNB,01:40 PM,01:43 PM,3.0,01:45 PM,01:48 PM,3.0
20976,2024-09-05,DDU,08:15 PM,08:15 PM,0.0,08:25 PM,08:25 PM,0.0
20976,2024-09-12,DDU,08:15 PM,08:47 PM,32.0,08:25 PM,08:57 PM,32.0
20976,2024-09-19,DDU,08:15 PM,08:15 PM,0.0,08:25 PM,08:25 PM,0.0
20976,2024-09-26,DDU,08:15 PM,08:15 PM,0.0,08:25 PM,08:25 PM,0.0
13414,2024-09-02,CNB,06:20 AM,06:22 AM,2.0,06:30 AM,06:32 AM,2.0
13414,2024-09-02,DDU,06:10 PM,06:10 PM,0.0,06:20 PM,06:20 PM,0.0
13414,2024-09-02,BXR,08:05 PM,08:05 PM,0.0,08:10 PM,08:10 PM,0.0
13414,2024-09-04,CNB,06:20 AM,06:20 AM,0.0,06:30 AM,06:30 AM,0.0
13414,2024-09-04,DDU,06:10 PM,06:10 PM,0.0,06:20 PM,06:20 PM,0.0
13414,2024-09-04,BXR,08:05 PM,08:05 PM,0.0,08:10 PM,08:10 PM,0.0
13414,2024-09-07,CNB,06:20 AM,07:23 AM,63.0,06:30 AM,07:33 AM,63.0
13414,2024-09-07,DDU,06:10 PM,06:10 PM,0.0,06:20 PM,06:20 PM,0.0
13414,2024-09-07,BXR,08:05 PM,08:05 PM,0.0,08:10 PM,08:10 PM,0.0
13414,2024-09-09,CNB,06:20 AM,06:21 AM,0.0,06:30 AM,06:31 AM,0.0
13414,2024-09-09,DDU,06:10 PM,06:10 PM,0.0,06:20 PM,06:20 PM,0.0
13414,2024-09-09,BXR,08:05 PM,08:05 PM,0.0,08:10 PM,08:10 PM,0.0
13414,2024-09-11,CNB,06:20 AM,06:20 AM,0.0,06:30 AM,06:30 AM,0.0
13414,2024-09-11,DDU,06:10 PM,06:10 PM,0.0,06:20 PM,06:20 PM,0.0
13414,2024-09-11,BXR,08:05 PM,08:05 PM,0.0,08:10 PM,08:10 PM,0.0
13414,2024-09-14,CNB,06:20 AM,06:21 AM,0.0,06:30 AM,06:31 AM,0.0
13414,2024-09-14,DDU,06:10 PM,06:10 PM,0.0,06:20 PM,06:20 PM,0.0
13414,2024-09-14,BXR,08:05 PM,08:05 PM,0.0,08:10 PM,08:10 PM,0.0
13414,2024-09-16,CNB,06:20 AM,07:34 AM,74.0,06:30 AM,07:44 AM,74.0
13414,2024-09-16,DDU,06:10 PM,06:10 PM,0.0,06:20 PM,06:20 PM,0.0
13414,2024-09-16,BXR,08:05 PM,08:05 PM,0.0,08:10 PM,08:10 PM,0.0
13414,2024-09-18,CNB,06:20 AM,06:53 AM,33.0,06:30 AM,07:03 AM,33.0
13414,2024-09-18,DDU,06:10 PM,06:10 PM,0.0,06:20 PM,06:20 PM,0.0
13414,2024-09-18,BXR,08:05 PM,08:05 PM,0.0,08:10 PM,08:10 PM,0.0
13414,2024-09-21,CNB,06:20 AM,06:20 AM,0.0,06:30 AM,06:30 AM,0.0
13414,2024-09-21,DDU,06:10 PM,06:10 PM,0.0,06:20 PM,06:20 PM,0.0
13414,2024-09-21,BXR,08:05 PM,08:11 PM,6.0,08:10 PM,08:16 PM,6.0
13414,2024-09-23,CNB,06:20 AM,07:03 AM,43.0,06:30 AM,07:13 AM,43.0
13414,2024-09-23,DDU,06:10 PM,06:10 PM,0.0,06:20 PM,06:20 PM,0.0
13414,2024-09-23,BXR,08:05 PM,08:05 PM,0.0,08:10 PM,08:10 PM,0.0
13414,2024-09-25,CNB,06:20 AM,09:44 AM,204.0,06:30 AM,09:54 AM,204.0
13414,2024-09-25,DDU,06:10 PM,06:10 PM,0.0,06:20 PM,06:20 PM,0.0
13414,2024-09-25,BXR,08:05 PM,08:05 PM,0.0,08:10 PM,08:10 PM,0.0
13414,2024-09-28,CNB,06:20 AM,06:20 AM,0.0,06:30 AM,06:30 AM,0.0
13414,2024-09-28,DDU,06:10 PM,06:10 PM,0.0,06:20 PM,06:20 PM,0.0
13414,2024-09-28,BXR,08:05 PM,08:05 PM,0.0,08:10 PM,08:10 PM,0.0
13414,2024-09-30,CNB,06:20 AM,06:20 AM,0.0,06:30 AM,06:30 AM,0.0
13414,2024-09-30,DDU,06:10 PM,06:10 PM,0.0,06:20 PM,06:20 PM,0.0
13414,2024-09-30,BXR,08:05 PM,08:05 PM,0.0,08:10 PM,08:10 PM,0.0
19716,2024-09-02,CNB,07:15 PM,07:37 PM,22.0,07:20 PM,07:42 PM,22.0
19716,2024-09-04,CNB,07:15 PM,07:18 PM,3.0,07:20 PM,07:23 PM,3.0
19716,2024-09-07,CNB,07:15 PM,07:21 PM,6.0,07:20 PM,07:26 PM,6.0
19716,2024-09-09,CNB,07:15 PM,07:15 PM,0.0,07:20 PM,07:20 PM,0.0
19716,2024-09-11,CNB,07:15 PM,10:04 PM,169.0,07:20 PM,10:09 PM,169.0
19716,2024-09-14,CNB,07:15 PM,07:22 PM,7.0,07:20 PM,07:27 PM,7.0
19716,2024-09-16,CNB,07:15 PM,07:40 PM,25.0,07:20 PM,07:45 PM,25.0
19716,2024-09-18,CNB,07:15 PM,07:16 PM,0.0,07:20 PM,07:21 PM,0.0
19716,2024-09-21,CNB,07:15 PM,07:48 PM,33.0,07:20 PM,07:53 PM,33.0
19716,2024-09-23,CNB,07:15 PM,07:32 PM,17.0,07:20 PM,07:37 PM,17.0
19716,2024-09-25,CNB,07:15 PM,07:30 PM,15.0,07:20 PM,07:35 PM,15.0
19716,2024-09-28,CNB,07:15 PM,07:20 PM,5.0,07:20 PM,07:25 PM,5.0
19716,2024-09-30,CNB,07:15 PM,07:53 PM,38.0,07:20 PM,07:58 PM,38.0
22805,2024-09-07,DDU,08:30 AM,08:30 AM,0.0,08:40 AM,08:40 AM,0.0
22805,2024-09-07,PRYJ,10:55 AM,10:55 AM,0.0,11:00 AM,11:00 AM,0.0
22805,2024-09-07,CNB,01:20 PM,01:20 PM,0.0,01:25 PM,01:25 PM,0.0
22805,2024-09-14,DDU,08:30 AM,09:27 AM,57.0,08:40 AM,09:37 AM,57.0
22805,2024-09-14,PRYJ,10:55 AM,11:29 AM,34.0,11:00 AM,11:34 AM,34.0
22805,2024-09-14,CNB,01:20 PM,01:58 PM,38.0,01:25 PM,02:03 PM,38.0
22805,2024-09-21,DDU,08:30 AM,08:30 AM,0.0,08:40 AM,08:40 AM,0.0
22805,2024-09-21,PRYJ,10:55 AM,10:55 AM,0.0,11:00 AM,11:00 AM,0.0
22805,2024-09-21,CNB,01:20 PM,01:20 PM,0.0,01:25 PM,01:25 PM,0.0
22805,2024-09-28,DDU,08:30 AM,08:37 AM,7.0,08:40 AM,08:47 AM,7.0
22805,2024-09-28,PRYJ,10:55 AM,10:56 AM,0.0,11:00 AM,11:01 AM,0.0
22805,2024-09-28,CNB,01:20 PM,01:27 PM,7.0,01:25 PM,01:32 PM,7.0
22536,2024-09-01,PRYJ,10:20 PM,10:21 PM,0.0,10:40 PM,10:41 PM,0.0
22536,2024-09-15,PRYJ,10:20 PM,11:15 PM,55.0,10:40 PM,11:35 PM,55.0
22536,2024-09-22,PRYJ,10:20 PM,10:21 PM,0.0,10:40 PM,10:41 PM,0.0
22536,2024-09-29,PRYJ,10:20 PM,10:24 PM,4.0,10:40 PM,10:44 PM,4.0
1027,2024-09-01,PRYJ,06:50 PM,06:50 PM,0.0,07:15 PM,07:15 PM,0.0
1027,2024-09-03,PRYJ,06:50 PM,06:50 PM,0.0,07:15 PM,07:15 PM,0.0
1027,2024-09-05,PRYJ,06:50 PM,06:50 PM,0.0,07:15 PM,07:15 PM,0.0
1027,2024-09-07,PRYJ,06:50 PM,06:50 PM,0.0,07:15 PM,07:15 PM,0.0
1027,2024-09-08,PRYJ,06:50 PM,06:50 PM,0.0,07:15 PM,07:15 PM,0.0
1027,2024-09-10,PRYJ,06:50 PM,06:50 PM,0.0,07:15 PM,07:15 PM,0.0
1027,2024-09-12,PRYJ,06:50 PM,06:50 PM,0.0,07:15 PM,07:15 PM,0.0
1027,2024-09-14,PRYJ,06:50 PM,06:50 PM,0.0,07:15 PM,07:15 PM,0.0
1027,2024-09-15,PRYJ,06:50 PM,06:50 PM,0.0,07:15 PM,07:15 PM,0.0
1027,2024-09-17,PRYJ,06:50 PM,06:50 PM,0.0,07:15 PM,07:15 PM,0.0
1027,2024-09-19,PRYJ,06:50 PM,06:50 PM,0.0,07:15 PM,07:15 PM,0.0
1027,2024-09-21,PRYJ,06:50 PM,06:50 PM,0.0,07:15 PM,07:15 PM,0.0
1027,2024-09-22,PRYJ,06:50 PM,06:50 PM,0.0,07:15 PM,07:15 PM,0.0
1027,2024-09-24,PRYJ,06:50 PM,06:50 PM,0.0,07:15 PM,07:15 PM,0.0
1027,2024-09-26,PRYJ,06:50 PM,06:50 PM,0.0,07:15 PM,07:15 PM,0.0
1027,2024-09-28,PRYJ,06:50 PM,06:50 PM,0.0,07:15 PM,07:15 PM,0.0
1027,2024-09-29,PRYJ,06:50 PM,06:50 PM,0.0,07:15 PM,07:15 PM,0.0
12358,2024-09-02,DDU,02:10 AM,03:15 AM,65.0,02:20 AM,03:25 AM,65.0
12358,2024-09-05,DDU,02:10 AM,02:10 AM,0.0,02:20 AM,02:20 AM,0.0
12358,2024-09-09,DDU,02:10 AM,04:22 AM,132.0,02:20 AM,04:32 AM,132.0
12358,2024-09-12,DDU,02:10 AM,05:31 AM,201.0,02:20 AM,05:41 AM,201.0
12358,2024-09-16,DDU,02:10 AM,03:38 AM,88.0,02:20 AM,03:48 AM,88.0
12358,2024-09-19,DDU,02:10 AM,04:25 AM,135.0,02:20 AM,04:35 AM,135.0
12358,2024-09-23,DDU,02:10 AM,03:30 AM,80.0,02:20 AM,03:40 AM,80.0
12358,2024-09-26,DDU,02:10 AM,03:46 AM,96.0,02:20 AM,03:56 AM,96.0
12358,2024-09-30,DDU,02:10 AM,03:47 AM,97.0,02:20 AM,03:57 AM,97.0
22532,2024-09-09,CNB,06:15 AM,06:16 AM,0.0,06:20 AM,06:21 AM,0.0
22532,2024-09-11,CNB,06:15 AM,06:17 AM,2.0,06:20 AM,06:22 AM,2.0
22532,2024-09-13,CNB,06:15 AM,06:15 AM,0.0,06:20 AM,06:20 AM,0.0
22532,2024-09-16,CNB,06:15 AM,06:20 AM,5.0,06:20 AM,06:25 AM,5.0
22532,2024-09-20,CNB,06:15 AM,06:15 AM,0.0,06:20 AM,06:20 AM,0.0
22532,2024-09-27,CNB,06:15 AM,06:15 AM,0.0,06:20 AM,06:20 AM,0.0
22532,2024-09-30,CNB,06:15 AM,06:18 AM,3.0,06:20 AM,06:23 AM,3.0
3241,2024-09-13,BXR,04:20 PM,04:56 PM,36.0,04:22 PM,04:58 PM,36.0
3241,2024-09-13,DDU,05:50 PM,06:12 PM,22.0,06:00 PM,06:22 PM,22.0
4558,2024-09-06,DDU,04:15 PM,09:01 PM,286.0,04:25 PM,09:11 PM,286.0
1028,2024-09-02,PRYJ,09:35 PM,09:35 PM,0.0,09:50 PM,09:50 PM,0.0
1028,2024-09-03,PRYJ,09:35 PM,09:35 PM,0.0,09:50 PM,09:50 PM,0.0
1028,2024-09-05,PRYJ,09:35 PM,09:35 PM,0.0,09:50 PM,09:50 PM,0.0
1028,2024-09-07,PRYJ,09:35 PM,09:35 PM,0.0,09:50 PM,09:50 PM,0.0
1028,2024-09-09,PRYJ,09:35 PM,09:35 PM,0.0,09:50 PM,09:50 PM,0.0
1028,2024-09-10,PRYJ,09:35 PM,09:35 PM,0.0,09:50 PM,09:50 PM,0.0
1028,2024-09-12,PRYJ,09:35 PM,09:35 PM,0.0,09:50 PM,09:50 PM,0.0
1028,2024-09-14,PRYJ,09:35 PM,09:35 PM,0.0,09:50 PM,09:50 PM,0.0
1028,2024-09-16,PRYJ,09:35 PM,09:35 PM,0.0,09:50 PM,09:50 PM,0.0
1028,2024-09-17,PRYJ,09:35 PM,09:35 PM,0.0,09:50 PM,09:50 PM,0.0
1028,2024-09-19,PRYJ,09:35 PM,09:35 PM,0.0,09:50 PM,09:50 PM,0.0
1028,2024-09-21,PRYJ,09:35 PM,09:35 PM,0.0,09:50 PM,09:50 PM,0.0
1028,2024-09-23,PRYJ,09:35 PM,09:35 PM,0.0,09:50 PM,09:50 PM,0.0
1028,2024-09-24,PRYJ,09:35 PM,09:35 PM,0.0,09:50 PM,09:50 PM,0.0
1028,2024-09-26,PRYJ,09:35 PM,09:35 PM,0.0,09:50 PM,09:50 PM,0.0
1028,2024-09-28,PRYJ,09:35 PM,09:35 PM,0.0,09:50 PM,09:50 PM,0.0
1028,2024-09-30,PRYJ,09:35 PM,09:35 PM,0.0,09:50 PM,09:50 PM,0.0
9045,2024-09-06,DDU,07:15 AM,02:08 PM,413.0,07:25 AM,02:18 PM,413.0
9045,2024-09-06,BXR,08:31 AM,08:31 AM,0.0,08:33 AM,08:33 AM,0.0
9045,2024-09-13,DDU,07:15 AM,11:55 AM,280.0,07:25 AM,12:05 PM,280.0
9045,2024-09-13,BXR,08:31 AM,03:09 PM,398.0,08:33 AM,03:11 PM,398.0
9045,2024-09-27,DDU,07:15 AM,09:57 AM,162.0,07:25 AM,10:07 AM,162.0
9045,2024-09-27,BXR,08:31 AM,12:38 PM,247.0,08:33 AM,12:40 PM,247.0
12452,2024-09-01,CNB,06:15 AM,06:15 AM,0.0,06:15 AM,06:15 AM,0.0
12452,2024-09-03,CNB,06:15 AM,06:15 AM,0.0,06:15 AM,06:15 AM,0.0
12452,2024-09-04,CNB,06:15 AM,06:38 AM,23.0,06:15 AM,06:38 AM,23.0
12452,2024-09-07,CNB,06:15 AM,06:15 AM,0.0,06:15 AM,06:15 AM,0.0
12452,2024-09-09,CNB,06:15 AM,06:15 AM,0.0,06:15 AM,06:15 AM,0.0
12452,2024-09-10,CNB,06:15 AM,06:39 AM,24.0,06:15 AM,06:39 AM,24.0
12452,2024-09-11,CNB,06:15 AM,06:15 AM,0.0,06:15 AM,06:15 AM,0.0
12452,2024-09-12,CNB,06:15 AM,06:23 AM,8.0,06:15 AM,06:23 AM,8.0
12452,2024-09-13,CNB,06:15 AM,06:17 AM,2.0,06:15 AM,06:17 AM,2.0
12452,2024-09-14,CNB,06:15 AM,06:15 AM,0.0,06:15 AM,06:15 AM,0.0
12452,2024-09-15,CNB,06:15 AM,06:15 AM,0.0,06:15 AM,06:15 AM,0.0
12452,2024-09-17,CNB,06:15 AM,06:36 AM,21.0,06:15 AM,06:36 AM,21.0
12452,2024-09-18,CNB,06:15 AM,12:18 PM,363.0,06:15 AM,12:18 PM,363.0
12452,2024-09-19,CNB,06:15 AM,06:19 AM,4.0,06:15 AM,06:19 AM,4.0
12452,2024-09-20,CNB,06:15 AM,06:16 AM,0.0,06:15 AM,06:16 AM,0.0
12452,2024-09-22,CNB,06:15 AM,06:31 AM,16.0,06:15 AM,06:31 AM,16.0
12452,2024-09-23,CNB,06:15 AM,06:24 AM,9.0,06:15 AM,06:24 AM,9.0
12452,2024-09-24,CNB,06:15 AM,06:15 AM,0.0,06:15 AM,06:15 AM,0.0
12452,2024-09-27,CNB,06:15 AM,06:15 AM,0.0,06:15 AM,06:15 AM,0.0
12452,2024-09-28,CNB,06:15 AM,06:15 AM,0.0,06:15 AM,06:15 AM,0.0
12452,2024-09-29,CNB,06:15 AM,06:15 AM,0.0,06:15 AM,06:15 AM,0.0
12452,2024-09-30,CNB,06:15 AM,06:15 AM,0.0,06:15 AM,06:15 AM,0.0
20840,2024-09-02,CNB,08:52 PM,08:55 PM,3.0,08:57 PM,09:00 PM,3.0
20840,2024-09-02,DDU,01:07 AM,01:07 AM,0.0,01:17 AM,01:17 AM,0.0
20840,2024-09-06,CNB,08:52 PM,09:02 PM,10.0,08:57 PM,09:07 PM,10.0
20840,2024-09-06,DDU,01:07 AM,01:08 AM,0.0,01:17 AM,01:18 AM,0.0
20840,2024-09-09,CNB,08:52 PM,08:53 PM,0.0,08:57 PM,08:58 PM,0.0
20840,2024-09-09,DDU,01:07 AM,01:07 AM,0.0,01:17 AM,01:17 AM,0.0
20840,2024-09-13,CNB,08:52 PM,09:03 PM,11.0,08:57 PM,09:08 PM,11.0
20840,2024-09-13,DDU,01:07 AM,01:07 AM,0.0,01:17 AM,01:17 AM,0.0
20840,2024-09-16,CNB,08:52 PM,08:55 PM,3.0,08:57 PM,09:00 PM,3.0
20840,2024-09-16,DDU,01:07 AM,01:08 AM,0.0,01:17 AM,01:18 AM,0.0
20840,2024-09-20,CNB,08:52 PM,08:59 PM,7.0,08:57 PM,09:04 PM,7.0
20840,2024-09-20,DDU,01:07 AM,01:07 AM,0.0,01:17 AM,01:17 AM,0.0
20840,2024-09-27,CNB,08:52 PM,09:12 PM,20.0,08:57 PM,09:17 PM,20.0
20840,2024-09-27,DDU,01:07 AM,01:07 AM,0.0,01:17 AM,01:17 AM,0.0
20840,2024-09-30,CNB,08:52 PM,09:30 PM,38.0,08:57 PM,09:35 PM,38.0
20840,2024-09-30,DDU,01:07 AM,01:07 AM,0.0,01:17 AM,01:17 AM,0.0
6510,2024-09-11,DDU,09:14 PM,02:05 AM,291.0,09:24 PM,02:15 AM,291.0
6510,2024-09-18,DDU,09:14 PM,01:49 AM,275.0,09:24 PM,01:59 AM,275.0
19615,2024-09-02,CNB,11:45 AM,11:45 AM,0.0,11:50 AM,11:50 AM,0.0
19615,2024-09-09,CNB,11:45 AM,11:45 AM,0.0,11:50 AM,11:50 AM,0.0
19615,2024-09-16,CNB,11:45 AM,11:50 AM,5.0,11:50 AM,11:55 AM,5.0
19615,2024-09-23,CNB,11:45 AM,11:56 AM,11.0,11:50 AM,12:01 PM,11.0
19615,2024-09-30,CNB,11:45 AM,11:47 AM,2.0,11:50 AM,11:52 AM,2.0
82356,2024-09-03,DDU,10:22 AM,10:22 AM,0.0,10:32 AM,10:32 AM,0.0
82356,2024-09-06,DDU,10:22 AM,10:22 AM,0.0,10:32 AM,10:32 AM,0.0
82356,2024-09-10,DDU,10:22 AM,10:23 AM,0.0,10:32 AM,10:33 AM,0.0
82356,2024-09-13,DDU,10:22 AM,10:22 AM,0.0,10:32 AM,10:32 AM,0.0
82356,2024-09-17,DDU,10:22 AM,10:22 AM,0.0,10:32 AM,10:32 AM,0.0
82356,2024-09-20,DDU,10:22 AM,10:22 AM,0.0,10:32 AM,10:32 AM,0.0
82356,2024-09-24,DDU,10:22 AM,10:22 AM,0.0,10:32 AM,10:32 AM,0.0
82356,2024-09-27,DDU,10:22 AM,10:22 AM,0.0,10:32 AM,10:32 AM,0.0
22434,2024-09-02,CNB,01:10 AM,01:20 AM,10.0,01:15 AM,01:25 AM,10.0
22434,2024-09-02,PRYJ,04:00 AM,04:00 AM,0.0,04:05 AM,04:05 AM,0.0
22434,2024-09-06,CNB,01:10 AM,01:34 AM,24.0,01:15 AM,01:39 AM,24.0
22434,2024-09-06,PRYJ,04:00 AM,04:00 AM,0.0,04:05 AM,04:05 AM,0.0
22434,2024-09-09,CNB,01:10 AM,02:01 AM,51.0,01:15 AM,02:06 AM,51.0
22434,2024-09-09,PRYJ,04:00 AM,04:10 AM,10.0,04:05 AM,04:15 AM,10.0
22434,2024-09-13,CNB,01:10 AM,01:47 AM,37.0,01:15 AM,01:52 AM,37.0
22434,2024-09-13,PRYJ,04:00 AM,04:13 AM,13.0,04:05 AM,04:18 AM,13.0
22434,2024-09-16,CNB,01:10 AM,01:10 AM,0.0,01:15 AM,01:15 AM,0.0
22434,2024-09-16,PRYJ,04:00 AM,04:00 AM,0.0,04:05 AM,04:05 AM,0.0
22434,2024-09-20,CNB,01:10 AM,01:10 AM,0.0,01:15 AM,01:15 AM,0.0
22434,2024-09-20,PRYJ,04:00 AM,04:00 AM,0.0,04:05 AM,04:05 AM,0.0
22434,2024-09-27,CNB,01:10 AM,01:10 AM,0.0,01:15 AM,01:15 AM,0.0
22434,2024-09-27,PRYJ,04:00 AM,04:00 AM,0.0,04:05 AM,04:05 AM,0.0
22434,2024-09-30,CNB,01:10 AM,01:10 AM,0.0,01:15 AM,01:15 AM,0.0
22434,2024-09-30,PRYJ,04:00 AM,04:00 AM,0.0,04:05 AM,04:05 AM,0.0
5303,2024-09-07,CNB,03:05 PM,06:03 PM,178.0,03:10 PM,06:08 PM,178.0
5303,2024-09-14,CNB,03:05 PM,03:08 PM,3.0,03:10 PM,03:13 PM,3.0
5303,2024-09-21,CNB,03:05 PM,05:46 PM,161.0,03:10 PM,05:51 PM,161.0
19715,2024-09-01,CNB,09:00 AM,09:00 AM,0.0,09:05 AM,09:05 AM,0.0
19715,2024-09-03,CNB,09:00 AM,09:00 AM,0.0,09:05 AM,09:05 AM,0.0
19715,2024-09-06,CNB,09:00 AM,09:00 AM,0.0,09:05 AM,09:05 AM,0.0
19715,2024-09-08,CNB,09:00 AM,09:00 AM,0.0,09:05 AM,09:05 AM,0.0
19715,2024-09-10,CNB,09:00 AM,09:00 AM,0.0,09:05 AM,09:05 AM,0.0
19715,2024-09-13,CNB,09:00 AM,09:00 AM,0.0,09:05 AM,09:05 AM,0.0
19715,2024-09-17,CNB,09:00 AM,09:01 AM,0.0,09:05 AM,09:06 AM,0.0
19715,2024-09-20,CNB,09:00 AM,09:01 AM,0.0,09:05 AM,09:06 AM,0.0
19715,2024-09-22,CNB,09:00 AM,09:00 AM,0.0,09:05 AM,09:05 AM,0.0
19715,2024-09-24,CNB,09:00 AM,09:00 AM,0.0,09:05 AM,09:05 AM,0.0
19715,2024-09-27,CNB,09:00 AM,09:00 AM,0.0,09:05 AM,09:05 AM,0.0
19715,2024-09-29,CNB,09:00 AM,09:00 AM,0.0,09:05 AM,09:05 AM,0.0
4123,2024-09-18,PRYJ,02:30 PM,02:30 PM,0.0,02:30 PM,02:30 PM,0.0
4123,2024-09-22,PRYJ,02:30 PM,02:30 PM,0.0,02:30 PM,02:30 PM,0.0
4123,2024-09-25,PRYJ,02:30 PM,02:30 PM,0.0,02:30 PM,02:30 PM,0.0
4123,2024-09-29,PRYJ,02:30 PM,02:30 PM,0.0,02:30 PM,02:30 PM,0.0
14109,2024-09-01,CNB,07:55 PM,08:39 PM,44.0,07:55 PM,08:39 PM,44.0
14109,2024-09-02,CNB,07:55 PM,08:07 PM,12.0,07:55 PM,08:07 PM,12.0
14109,2024-09-03,CNB,07:55 PM,08:02 PM,7.0,07:55 PM,08:02 PM,7.0
14109,2024-09-04,CNB,07:55 PM,07:57 PM,2.0,07:55 PM,07:57 PM,2.0
14109,2024-09-05,CNB,07:55 PM,10:18 PM,143.0,07:55 PM,10:18 PM,143.0
14109,2024-09-06,CNB,07:55 PM,07:55 PM,0.0,07:55 PM,07:55 PM,0.0
14109,2024-09-07,CNB,07:55 PM,07:55 PM,0.0,07:55 PM,07:55 PM,0.0
14109,2024-09-08,CNB,07:55 PM,07:55 PM,0.0,07:55 PM,07:55 PM,0.0
14109,2024-09-09,CNB,07:55 PM,09:00 PM,65.0,07:55 PM,09:00 PM,65.0
14109,2024-09-10,CNB,07:55 PM,08:21 PM,26.0,07:55 PM,08:21 PM,26.0
14109,2024-09-11,CNB,07:55 PM,07:55 PM,0.0,07:55 PM,07:55 PM,0.0
14109,2024-09-12,CNB,07:55 PM,08:08 PM,13.0,07:55 PM,08:08 PM,13.0
14109,2024-09-13,CNB,07:55 PM,07:55 PM,0.0,07:55 PM,07:55 PM,0.0
14109,2024-09-14,CNB,07:55 PM,07:55 PM,0.0,07:55 PM,07:55 PM,0.0
14109,2024-09-15,CNB,07:55 PM,08:00 PM,5.0,07:55 PM,08:00 PM,5.0
14109,2024-09-16,CNB,07:55 PM,08:19 PM,24.0,07:55 PM,08:19 PM,24.0
14109,2024-09-17,CNB,07:55 PM,07:59 PM,4.0,07:55 PM,07:59 PM,4.0
14109,2024-09-18,CNB,07:55 PM,08:13 PM,18.0,07:55 PM,08:13 PM,18.0
14109,2024-09-19,CNB,07:55 PM,08:15 PM,20.0,07:55 PM,08:15 PM,20.0
14109,2024-09-20,CNB,07:55 PM,08:08 PM,13.0,07:55 PM,08:08 PM,13.0
14109,2024-09-21,CNB,07:55 PM,07:55 PM,0.0,07:55 PM,07:55 PM,0.0
14109,2024-09-22,CNB,07:55 PM,07:58 PM,3.0,07:55 PM,07:58 PM,3.0
14109,2024-09-23,CNB,07:55 PM,07:55 PM,0.0,07:55 PM,07:55 PM,0.0
14109,2024-09-24,CNB,07:55 PM,07:55 PM,0.0,07:55 PM,07:55 PM,0.0
14109,2024-09-25,CNB,07:55 PM,07:55 PM,0.0,07:55 PM,07:55 PM,0.0
14109,2024-09-26,CNB,07:55 PM,07:55 PM,0.0,07:55 PM,07:55 PM,0.0
14109,2024-09-27,CNB,07:55 PM,07:55 PM,0.0,07:55 PM,07:55 PM,0.0
14109,2024-09-28,CNB,07:55 PM,07:55 PM,0.0,07:55 PM,07:55 PM,0.0
14109,2024-09-29,CNB,07:55 PM,07:55 PM,0.0,07:55 PM,07:55 PM,0.0
14109,2024-09-30,CNB,07:55 PM,07:55 PM,0.0,07:55 PM,07:55 PM,0.0
12353,2024-09-06,DDU,05:45 PM,06:30 PM,45.0,05:55 PM,06:40 PM,45.0
12353,2024-09-13,DDU,05:45 PM,05:45 PM,0.0,05:55 PM,05:55 PM,0.0
12353,2024-09-20,DDU,05:45 PM,05:48 PM,3.0,05:55 PM,05:58 PM,3.0
12353,2024-09-27,DDU,05:45 PM,06:08 PM,23.0,05:55 PM,06:18 PM,23.0
12379,2024-09-06,DDU,10:30 PM,10:38 PM,8.0,10:40 PM,10:48 PM,8.0
12379,2024-09-06,CNB,03:05 AM,03:15 AM,10.0,03:10 AM,03:20 AM,10.0
12379,2024-09-13,DDU,10:30 PM,10:49 PM,19.0,10:40 PM,10:59 PM,19.0
12379,2024-09-13,CNB,03:05 AM,03:05 AM,0.0,03:10 AM,03:10 AM,0.0
12379,2024-09-20,DDU,10:30 PM,01:52 AM,202.0,10:40 PM,02:02 AM,202.0
12379,2024-09-20,CNB,03:05 AM,06:32 AM,207.0,03:10 AM,06:37 AM,207.0
12379,2024-09-27,DDU,10:30 PM,11:01 PM,31.0,10:40 PM,11:11 PM,31.0
12379,2024-09-27,CNB,03:05 AM,03:35 AM,30.0,03:10 AM,03:40 AM,30.0
3226,2024-09-01,DDU,02:40 PM,02:40 PM,0.0,02:50 PM,02:50 PM,0.0
3226,2024-09-01,BXR,03:55 PM,03:55 PM,0.0,03:57 PM,03:57 PM,0.0
3226,2024-09-08,DDU,02:40 PM,02:40 PM,0.0,02:50 PM,02:50 PM,0.0
3226,2024-09-08,BXR,03:55 PM,03:55 PM,0.0,03:57 PM,03:57 PM,0.0
3226,2024-09-15,DDU,02:40 PM,06:01 PM,201.0,02:50 PM,06:11 PM,201.0
3226,2024-09-15,BXR,03:55 PM,03:55 PM,0.0,03:57 PM,03:57 PM,0.0
3226,2024-09-29,DDU,02:40 PM,03:49 PM,69.0,02:50 PM,03:59 PM,69.0
3226,2024-09-29,BXR,03:55 PM,03:55 PM,0.0,03:57 PM,03:57 PM,0.0
12393,2024-09-01,DDU,10:20 PM,10:21 PM,0.0,10:30 PM,10:31 PM,0.0
12393,2024-09-01,CNB,02:25 AM,02:33 AM,8.0,02:30 AM,02:38 AM,8.0
12393,2024-09-02,DDU,10:20 PM,10:23 PM,3.0,10:30 PM,10:33 PM,3.0
12393,2024-09-02,CNB,02:25 AM,02:25 AM,0.0,02:30 AM,02:30 AM,0.0
12393,2024-09-03,DDU,10:20 PM,10:22 PM,2.0,10:30 PM,10:32 PM,2.0
12393,2024-09-03,CNB,02:25 AM,03:14 AM,49.0,02:30 AM,03:19 AM,49.0
12393,2024-09-04,DDU,10:20 PM,10:59 PM,39.0,10:30 PM,11:09 PM,39.0
12393,2024-09-04,CNB,02:25 AM,03:30 AM,65.0,02:30 AM,03:35 AM,65.0
12393,2024-09-05,DDU,10:20 PM,10:20 PM,0.0,10:30 PM,10:30 PM,0.0
12393,2024-09-05,CNB,02:25 AM,02:25 AM,0.0,02:30 AM,02:30 AM,0.0
12393,2024-09-06,DDU,10:20 PM,11:03 PM,43.0,10:30 PM,11:13 PM,43.0
12393,2024-09-06,CNB,02:25 AM,03:21 AM,56.0,02:30 AM,03:26 AM,56.0
12393,2024-09-07,DDU,10:20 PM,10:21 PM,0.0,10:30 PM,10:31 PM,0.0
12393,2024-09-07,CNB,02:25 AM,02:45 AM,20.0,02:30 AM,02:50 AM,20.0
12393,2024-09-08,DDU,10:20 PM,10:25 PM,5.0,10:30 PM,10:35 PM,5.0
12393,2024-09-08,CNB,02:25 AM,02:41 AM,16.0,02:30 AM,02:46 AM,16.0
12393,2024-09-09,DDU,10:20 PM,10:30 PM,10.0,10:30 PM,10:40 PM,10.0
12393,2024-09-09,CNB,02:25 AM,02:46 AM,21.0,02:30 AM,02:51 AM,21.0
12393,2024-09-10,DDU,10:20 PM,10:22 PM,2.0,10:30 PM,10:32 PM,2.0
12393,2024-09-10,CNB,02:25 AM,02:25 AM,0.0,02:30 AM,02:30 AM,0.0
12393,2024-09-11,DDU,10:20 PM,10:22 PM,2.0,10:30 PM,10:32 PM,2.0
12393,2024-09-11,CNB,02:25 AM,02:52 AM,27.0,02:30 AM,02:57 AM,27.0
12393,2024-09-12,DDU,10:20 PM,10:21 PM,0.0,10:30 PM,10:31 PM,0.0
12393,2024-09-12,CNB,02:25 AM,02:40 AM,15.0,02:30 AM,02:45 AM,15.0
12393,2024-09-13,DDU,10:20 PM,10:21 PM,0.0,10:30 PM,10:31 PM,0.0
12393,2024-09-13,CNB,02:25 AM,02:40 AM,15.0,02:30 AM,02:45 AM,15.0
12393,2024-09-14,DDU,10:20 PM,10:21 PM,0.0,10:30 PM,10:31 PM,0.0
12393,2024-09-14,CNB,02:25 AM,02:25 AM,0.0,02:30 AM,02:30 AM,0.0
12393,2024-09-15,DDU,10:20 PM,10:24 PM,4.0,10:30 PM,10:34 PM,4.0
12393,2024-09-15,CNB,02:25 AM,02:41 AM,16.0,02:30 AM,02:46 AM,16.0
12393,2024-09-16,DDU,10:20 PM,10:22 PM,2.0,10:30 PM,10:32 PM,2.0
12393,2024-09-16,CNB,02:25 AM,02:25 AM,0.0,02:30 AM,02:30 AM,0.0
12393,2024-09-17,DDU,10:20 PM,10:21 PM,0.0,10:30 PM,10:31 PM,0.0
12393,2024-09-17,CNB,02:25 AM,03:00 AM,35.0,02:30 AM,03:05 AM,35.0
12393,2024-09-18,DDU,10:20 PM,10:21 PM,0.0,10:30 PM,10:31 PM,0.0
12393,2024-09-18,CNB,02:25 AM,03:07 AM,42.0,02:30 AM,03:12 AM,42.0
12393,2024-09-19,DDU,10:20 PM,10:21 PM,0.0,10:30 PM,10:31 PM,0.0
12393,2024-09-19,CNB,02:25 AM,02:55 AM,30.0,02:30 AM,03:00 AM,30.0
12393,2024-09-20,DDU,10:20 PM,10:20 PM,0.0,10:30 PM,10:30 PM,0.0
12393,2024-09-20,CNB,02:25 AM,02:25 AM,0.0,02:30 AM,02:30 AM,0.0
12393,2024-09-21,DDU,10:20 PM,10:22 PM,2.0,10:30 PM,10:32 PM,2.0
12393,2024-09-21,CNB,02:25 AM,02:31 AM,6.0,02:30 AM,02:36 AM,6.0
12393,2024-09-22,DDU,10:20 PM,10:24 PM,4.0,10:30 PM,10:34 PM,4.0
12393,2024-09-22,CNB,02:25 AM,02:34 AM,9.0,02:30 AM,02:39 AM,9.0
12393,2024-09-23,DDU,10:20 PM,10:21 PM,0.0,10:30 PM,10:31 PM,0.0
12393,2024-09-23,CNB,02:25 AM,02:27 AM,2.0,02:30 AM,02:32 AM,2.0
12393,2024-09-24,DDU,10:20 PM,10:20 PM,0.0,10:30 PM,10:30 PM,0.0
12393,2024-09-24,CNB,02:25 AM,03:11 AM,46.0,02:30 AM,03:16 AM,46.0
12393,2024-09-25,DDU,10:20 PM,10:21 PM,0.0,10:30 PM,10:31 PM,0.0
12393,2024-09-25,CNB,02:25 AM,02:38 AM,13.0,02:30 AM,02:43 AM,13.0
12393,2024-09-26,DDU,10:20 PM,10:27 PM,7.0,10:30 PM,10:37 PM,7.0
12393,2024-09-26,CNB,02:25 AM,03:15 AM,50.0,02:30 AM,03:20 AM,50.0
12393,2024-09-27,DDU,10:20 PM,10:21 PM,0.0,10:30 PM,10:31 PM,0.0
12393,2024-09-27,CNB,02:25 AM,02:54 AM,29.0,02:30 AM,02:59 AM,29.0
12393,2024-09-28,DDU,10:20 PM,10:22 PM,2.0,10:30 PM,10:32 PM,2.0
12393,2024-09-28,CNB,02:25 AM,02:44 AM,19.0,02:30 AM,02:49 AM,19.0
12393,2024-09-29,DDU,10:20 PM,10:27 PM,7.0,10:30 PM,10:37 PM,7.0
12393,2024-09-29,CNB,02:25 AM,03:25 AM,60.0,02:30 AM,03:30 AM,60.0
12393,2024-09-30,DDU,10:20 PM,10:38 PM,18.0,10:30 PM,10:48 PM,18.0
12393,2024-09-30,CNB,02:25 AM,03:43 AM,78.0,02:30 AM,03:48 AM,78.0
14163,2024-09-01,CNB,09:15 PM,09:24 PM,9.0,09:20 PM,09:29 PM,9.0
14163,2024-09-02,CNB,09:15 PM,09:15 PM,0.0,09:20 PM,09:20 PM,0.0
14163,2024-09-03,CNB,09:15 PM,09:26 PM,11.0,09:20 PM,09:31 PM,11.0
14163,2024-09-04,CNB,09:15 PM,09:36 PM,21.0,09:20 PM,09:41 PM,21.0
14163,2024-09-05,CNB,09:15 PM,09:24 PM,9.0,09:20 PM,09:29 PM,9.0
14163,2024-09-06,CNB,09:15 PM,09:15 PM,0.0,09:20 PM,09:20 PM,0.0
14163,2024-09-07,CNB,09:15 PM,09:26 PM,11.0,09:20 PM,09:31 PM,11.0
14163,2024-09-08,CNB,09:15 PM,09:21 PM,6.0,09:20 PM,09:26 PM,6.0
14163,2024-09-09,CNB,09:15 PM,09:23 PM,8.0,09:20 PM,09:28 PM,8.0
14163,2024-09-10,CNB,09:15 PM,09:22 PM,7.0,09:20 PM,09:27 PM,7.0
14163,2024-09-11,CNB,09:15 PM,09:45 PM,30.0,09:20 PM,09:50 PM,30.0
14163,2024-09-12,CNB,09:15 PM,09:17 PM,2.0,09:20 PM,09:22 PM,2.0
14163,2024-09-13,CNB,09:15 PM,09:16 PM,0.0,09:20 PM,09:21 PM,0.0
14163,2024-09-14,CNB,09:15 PM,09:17 PM,2.0,09:20 PM,09:22 PM,2.0
14163,2024-09-15,CNB,09:15 PM,09:16 PM,0.0,09:20 PM,09:21 PM,0.0
14163,2024-09-16,CNB,09:15 PM,09:17 PM,2.0,09:20 PM,09:22 PM,2.0
14163,2024-09-17,CNB,09:15 PM,09:27 PM,12.0,09:20 PM,09:32 PM,12.0
14163,2024-09-18,CNB,09:15 PM,09:20 PM,5.0,09:20 PM,09:25 PM,5.0
14163,2024-09-19,CNB,09:15 PM,09:24 PM,9.0,09:20 PM,09:29 PM,9.0
14163,2024-09-20,CNB,09:15 PM,09:28 PM,13.0,09:20 PM,09:33 PM,13.0
14163,2024-09-21,CNB,09:15 PM,09:15 PM,0.0,09:20 PM,09:20 PM,0.0
14163,2024-09-22,CNB,09:15 PM,09:15 PM,0.0,09:20 PM,09:20 PM,0.0
14163,2024-09-23,CNB,09:15 PM,09:23 PM,8.0,09:20 PM,09:28 PM,8.0
14163,2024-09-24,CNB,09:15 PM,09:22 PM,7.0,09:20 PM,09:27 PM,7.0
14163,2024-09-25,CNB,09:15 PM,09:16 PM,0.0,09:20 PM,09:21 PM,0.0
14163,2024-09-26,CNB,09:15 PM,09:21 PM,6.0,09:20 PM,09:26 PM,6.0
14163,2024-09-27,CNB,09:15 PM,09:18 PM,3.0,09:20 PM,09:23 PM,3.0
14163,2024-09-28,CNB,09:15 PM,09:30 PM,15.0,09:20 PM,09:35 PM,15.0
14163,2024-09-29,CNB,09:15 PM,09:35 PM,20.0,09:20 PM,09:40 PM,20.0
14163,2024-09-30,CNB,09:15 PM,09:24 PM,9.0,09:20 PM,09:29 PM,9.0
15483,2024-09-01,BXR,04:55 AM,05:21 AM,26.0,04:57 AM,05:23 AM,26.0
15483,2024-09-01,DDU,06:50 AM,06:51 AM,0.0,07:00 AM,07:01 AM,0.0
15483,2024-09-01,PRYJ,09:20 AM,09:28 AM,8.0,09:25 AM,09:33 AM,8.0
15483,2024-09-01,CNB,12:50 PM,01:07 PM,17.0,01:00 PM,01:17 PM,17.0
15483,2024-09-02,BXR,04:55 AM,05:12 AM,17.0,04:57 AM,05:14 AM,17.0
15483,2024-09-02,DDU,06:50 AM,06:50 AM,0.0,07:00 AM,07:00 AM,0.0
15483,2024-09-02,PRYJ,09:20 AM,09:34 AM,14.0,09:25 AM,09:39 AM,14.0
15483,2024-09-02,CNB,12:50 PM,01:18 PM,28.0,01:00 PM,01:28 PM,28.0
15483,2024-09-03,BXR,04:55 AM,04:55 AM,0.0,04:57 AM,04:57 AM,0.0
15483,2024-09-03,DDU,06:50 AM,07:00 AM,10.0,07:00 AM,07:10 AM,10.0
15483,2024-09-03,PRYJ,09:20 AM,09:38 AM,18.0,09:25 AM,09:43 AM,18.0
15483,2024-09-03,CNB,12:50 PM,12:50 PM,0.0,01:00 PM,01:00 PM,0.0
15483,2024-09-04,BXR,04:55 AM,05:14 AM,19.0,04:57 AM,05:16 AM,19.0
15483,2024-09-04,DDU,06:50 AM,06:50 AM,0.0,07:00 AM,07:00 AM,0.0
15483,2024-09-04,PRYJ,09:20 AM,09:22 AM,2.0,09:25 AM,09:27 AM,2.0
15483,2024-09-04,CNB,12:50 PM,01:16 PM,26.0,01:00 PM,01:26 PM,26.0
15483,2024-09-05,BXR,04:55 AM,05:17 AM,22.0,04:57 AM,05:19 AM,22.0
15483,2024-09-05,DDU,06:50 AM,06:50 AM,0.0,07:00 AM,07:00 AM,0.0
15483,2024-09-05,PRYJ,09:20 AM,09:52 AM,32.0,09:25 AM,09:57 AM,32.0
15483,2024-09-05,CNB,12:50 PM,12:54 PM,4.0,01:00 PM,01:04 PM,4.0
15483,2024-09-06,BXR,04:55 AM,05:07 AM,12.0,04:57 AM,05:09 AM,12.0
15483,2024-09-06,DDU,06:50 AM,06:50 AM,0.0,07:00 AM,07:00 AM,0.0
15483,2024-09-06,PRYJ,09:20 AM,09:42 AM,22.0,09:25 AM,09:47 AM,22.0
15483,2024-09-06,CNB,12:50 PM,12:53 PM,3.0,01:00 PM,01:03 PM,3.0
15483,2024-09-07,BXR,04:55 AM,05:20 AM,25.0,04:57 AM,05:22 AM,25.0
15483,2024-09-07,DDU,06:50 AM,06:51 AM,0.0,07:00 AM,07:01 AM,0.0
15483,2024-09-07,PRYJ,09:20 AM,09:49 AM,29.0,09:25 AM,09:54 AM,29.0
15483,2024-09-07,CNB,12:50 PM,12:50 PM,0.0,01:00 PM,01:00 PM,0.0
15483,2024-09-08,BXR,04:55 AM,05:54 AM,59.0,04:57 AM,05:56 AM,59.0
15483,2024-09-08,DDU,06:50 AM,07:12 AM,22.0,07:00 AM,07:22 AM,22.0
15483,2024-09-08,PRYJ,09:20 AM,09:47 AM,27.0,09:25 AM,09:52 AM,27.0
15483,2024-09-08,CNB,12:50 PM,12:55 PM,5.0,01:00 PM,01:05 PM,5.0
15483,2024-09-09,BXR,04:55 AM,04:55 AM,0.0,04:57 AM,04:57 AM,0.0
15483,2024-09-09,DDU,06:50 AM,06:50 AM,0.0,07:00 AM,07:00 AM,0.0
15483,2024-09-09,PRYJ,09:20 AM,09:42 AM,22.0,09:25 AM,09:47 AM,22.0
15483,2024-09-09,CNB,12:50 PM,12:51 PM,0.0,01:00 PM,01:01 PM,0.0
15483,2024-09-10,BXR,04:55 AM,05:33 AM,38.0,04:57 AM,05:35 AM,38.0
15483,2024-09-10,DDU,06:50 AM,06:53 AM,3.0,07:00 AM,07:03 AM,3.0
15483,2024-09-10,PRYJ,09:20 AM,09:42 AM,22.0,09:25 AM,09:47 AM,22.0
15483,2024-09-10,CNB,12:50 PM,12:59 PM,9.0,01:00 PM,01:09 PM,9.0
15483,2024-09-11,BXR,04:55 AM,05:07 AM,12.0,04:57 AM,05:09 AM,12.0
15483,2024-09-11,DDU,06:50 AM,06:51 AM,0.0,07:00 AM,07:01 AM,0.0
15483,2024-09-11,PRYJ,09:20 AM,09:33 AM,13.0,09:25 AM,09:38 AM,13.0
15483,2024-09-11,CNB,12:50 PM,12:51 PM,0.0,01:00 PM,01:01 PM,0.0
15483,2024-09-12,BXR,04:55 AM,04:55 AM,0.0,04:57 AM,04:57 AM,0.0
15483,2024-09-12,DDU,06:50 AM,06:50 AM,0.0,07:00 AM,07:00 AM,0.0
15483,2024-09-12,PRYJ,09:20 AM,09:55 AM,35.0,09:25 AM,10:00 AM,35.0
15483,2024-09-12,CNB,12:50 PM,12:55 PM,5.0,01:00 PM,01:05 PM,5.0
15483,2024-09-13,BXR,04:55 AM,05:20 AM,25.0,04:57 AM,05:22 AM,25.0
15483,2024-09-13,DDU,06:50 AM,07:00 AM,10.0,07:00 AM,07:10 AM,10.0
15483,2024-09-13,PRYJ,09:20 AM,09:26 AM,6.0,09:25 AM,09:31 AM,6.0
15483,2024-09-13,CNB,12:50 PM,01:05 PM,15.0,01:00 PM,01:15 PM,15.0
15483,2024-09-14,BXR,04:55 AM,05:05 AM,10.0,04:57 AM,05:07 AM,10.0
15483,2024-09-14,DDU,06:50 AM,06:50 AM,0.0,07:00 AM,07:00 AM,0.0
15483,2024-09-14,PRYJ,09:20 AM,09:47 AM,27.0,09:25 AM,09:52 AM,27.0
15483,2024-09-14,CNB,12:50 PM,12:56 PM,6.0,01:00 PM,01:06 PM,6.0
15483,2024-09-15,BXR,04:55 AM,04:55 AM,0.0,04:57 AM,04:57 AM,0.0
15483,2024-09-15,DDU,06:50 AM,06:50 AM,0.0,07:00 AM,07:00 AM,0.0
15483,2024-09-15,PRYJ,09:20 AM,09:20 AM,0.0,09:25 AM,09:25 AM,0.0
15483,2024-09-15,CNB,12:50 PM,12:50 PM,0.0,01:00 PM,01:00 PM,0.0
15483,2024-09-16,BXR,04:55 AM,05:32 AM,37.0,04:57 AM,05:34 AM,37.0
15483,2024-09-16,DDU,06:50 AM,06:51 AM,0.0,07:00 AM,07:01 AM,0.0
15483,2024-09-16,PRYJ,09:20 AM,10:12 AM,52.0,09:25 AM,10:17 AM,52.0
15483,2024-09-16,CNB,12:50 PM,02:01 PM,71.0,01:00 PM,02:11 PM,71.0
15483,2024-09-17,BXR,04:55 AM,04:55 AM,0.0,04:57 AM,04:57 AM,0.0
15483,2024-09-17,DDU,06:50 AM,06:50 AM,0.0,07:00 AM,07:00 AM,0.0
15483,2024-09-17,PRYJ,09:20 AM,09:20 AM,0.0,09:25 AM,09:25 AM,0.0
15483,2024-09-17,CNB,12:50 PM,12:50 PM,0.0,01:00 PM,01:00 PM,0.0
15483,2024-09-18,BXR,04:55 AM,05:10 AM,15.0,04:57 AM,05:12 AM,15.0
15483,2024-09-18,DDU,06:50 AM,06:50 AM,0.0,07:00 AM,07:00 AM,0.0
15483,2024-09-18,PRYJ,09:20 AM,09:40 AM,20.0,09:25 AM,09:45 AM,20.0
15483,2024-09-18,CNB,12:50 PM,01:01 PM,11.0,01:00 PM,01:11 PM,11.0
15483,2024-09-19,BXR,04:55 AM,06:23 AM,88.0,04:57 AM,06:25 AM,88.0
15483,2024-09-19,DDU,06:50 AM,07:34 AM,44.0,07:00 AM,07:44 AM,44.0
15483,2024-09-19,PRYJ,09:20 AM,09:20 AM,0.0,09:25 AM,09:25 AM,0.0
15483,2024-09-19,CNB,12:50 PM,12:50 PM,0.0,01:00 PM,01:00 PM,0.0
15483,2024-09-20,BXR,04:55 AM,04:55 AM,0.0,04:57 AM,04:57 AM,0.0
15483,2024-09-20,DDU,06:50 AM,06:50 AM,0.0,07:00 AM,07:00 AM,0.0
15483,2024-09-20,PRYJ,09:20 AM,09:20 AM,0.0,09:25 AM,09:25 AM,0.0
15483,2024-09-20,CNB,12:50 PM,12:50 PM,0.0,01:00 PM,01:00 PM,0.0
15483,2024-09-21,BXR,04:55 AM,04:55 AM,0.0,04:57 AM,04:57 AM,0.0
15483,2024-09-21,DDU,06:50 AM,06:51 AM,0.0,07:00 AM,07:01 AM,0.0
15483,2024-09-21,PRYJ,09:20 AM,09:42 AM,22.0,09:25 AM,09:47 AM,22.0
15483,2024-09-21,CNB,12:50 PM,12:50 PM,0.0,01:00 PM,01:00 PM,0.0
15483,2024-09-22,BXR,04:55 AM,09:44 AM,289.0,04:57 AM,09:46 AM,289.0
15483,2024-09-22,DDU,06:50 AM,10:59 AM,249.0,07:00 AM,11:09 AM,249.0
15483,2024-09-22,PRYJ,09:20 AM,03:37 PM,377.0,09:25 AM,03:42 PM,377.0
15483,2024-09-22,CNB,12:50 PM,07:33 PM,403.0,01:00 PM,07:43 PM,403.0
15483,2024-09-23,BXR,04:55 AM,05:07 AM,12.0,04:57 AM,05:09 AM,12.0
15483,2024-09-23,DDU,06:50 AM,06:50 AM,0.0,07:00 AM,07:00 AM,0.0
15483,2024-09-23,PRYJ,09:20 AM,09:45 AM,25.0,09:25 AM,09:50 AM,25.0
15483,2024-09-23,CNB,12:50 PM,01:07 PM,17.0,01:00 PM,01:17 PM,17.0
15483,2024-09-24,BXR,04:55 AM,04:55 AM,0.0,04:57 AM,04:57 AM,0.0
15483,2024-09-24,DDU,06:50 AM,06:50 AM,0.0,07:00 AM,07:00 AM,0.0
15483,2024-09-24,PRYJ,09:20 AM,09:20 AM,0.0,09:25 AM,09:25 AM,0.0
15483,2024-09-24,CNB,12:50 PM,12:50 PM,0.0,01:00 PM,01:00 PM,0.0
15483,2024-09-25,BXR,04:55 AM,04:55 AM,0.0,04:57 AM,04:57 AM,0.0
15483,2024-09-25,DDU,06:50 AM,06:50 AM,0.0,07:00 AM,07:00 AM,0.0
15483,2024-09-25,PRYJ,09:20 AM,09:20 AM,0.0,09:25 AM,09:25 AM,0.0
15483,2024-09-25,CNB,12:50 PM,12:50 PM,0.0,01:00 PM,01:00 PM,0.0
15483,2024-09-26,BXR,04:55 AM,04:55 AM,0.0,04:57 AM,04:57 AM,0.0
15483,2024-09-26,DDU,06:50 AM,06:50 AM,0.0,07:00 AM,07:00 AM,0.0
15483,2024-09-26,PRYJ,09:20 AM,09:20 AM,0.0,09:25 AM,09:25 AM,0.0
15483,2024-09-26,CNB,12:50 PM,12:50 PM,0.0,01:00 PM,01:00 PM,0.0
15483,2024-09-27,BXR,04:55 AM,04:55 AM,0.0,04:57 AM,04:57 AM,0.0
15483,2024-09-27,DDU,06:50 AM,06:50 AM,0.0,07:00 AM,07:00 AM,0.0
15483,2024-09-27,PRYJ,09:20 AM,09:20 AM,0.0,09:25 AM,09:25 AM,0.0
15483,2024-09-27,CNB,12:50 PM,12:50 PM,0.0,01:00 PM,01:00 PM,0.0
15483,2024-09-28,BXR,04:55 AM,05:14 AM,19.0,04:57 AM,05:16 AM,19.0
15483,2024-09-28,DDU,06:50 AM,06:50 AM,0.0,07:00 AM,07:00 AM,0.0
15483,2024-09-28,PRYJ,09:20 AM,09:29 AM,9.0,09:25 AM,09:34 AM,9.0
15483,2024-09-28,CNB,12:50 PM,01:06 PM,16.0,01:00 PM,01:16 PM,16.0
15483,2024-09-29,BXR,04:55 AM,04:55 AM,0.0,04:57 AM,04:57 AM,0.0
15483,2024-09-29,DDU,06:50 AM,06:50 AM,0.0,07:00 AM,07:00 AM,0.0
15483,2024-09-29,PRYJ,09:20 AM,09:20 AM,0.0,09:25 AM,09:25 AM,0.0
15483,2024-09-29,CNB,12:50 PM,12:50 PM,0.0,01:00 PM,01:00 PM,0.0
15483,2024-09-30,BXR,04:55 AM,08:48 AM,233.0,04:57 AM,08:50 AM,233.0
15483,2024-09-30,DDU,06:50 AM,10:34 AM,224.0,07:00 AM,10:44 AM,224.0
15483,2024-09-30,PRYJ,09:20 AM,09:20 AM,0.0,09:25 AM,09:25 AM,0.0
15483,2024-09-30,CNB,12:50 PM,12:50 PM,0.0,01:00 PM,01:00 PM,0.0
4115,2024-09-26,CNB,02:10 PM,02:52 PM,42.0,02:15 PM,02:57 PM,42.0
12317,2024-09-01,DDU,07:30 PM,07:30 PM,0.0,07:40 PM,07:40 PM,0.0
12317,2024-09-04,DDU,07:30 PM,10:08 PM,158.0,07:40 PM,10:18 PM,158.0
12317,2024-09-08,DDU,07:30 PM,08:37 PM,67.0,07:40 PM,08:47 PM,67.0
12317,2024-09-11,DDU,07:30 PM,07:31 PM,0.0,07:40 PM,07:41 PM,0.0
12317,2024-09-15,DDU,07:30 PM,07:30 PM,0.0,07:40 PM,07:40 PM,0.0
12317,2024-09-18,DDU,07:30 PM,07:37 PM,7.0,07:40 PM,07:47 PM,7.0
12317,2024-09-22,DDU,07:30 PM,09:35 PM,125.0,07:40 PM,09:45 PM,125.0
12317,2024-09-25,DDU,07:30 PM,07:30 PM,0.0,07:40 PM,07:40 PM,0.0
12317,2024-09-29,DDU,07:30 PM,07:30 PM,0.0,07:40 PM,07:40 PM,0.0
19421,2024-09-01,PRYJ,08:20 PM,08:20 PM,0.0,08:40 PM,08:40 PM,0.0
19421,2024-09-01,DDU,12:35 AM,02:52 AM,137.0,12:45 AM,03:02 AM,137.0
19421,2024-09-01,BXR,01:52 AM,04:22 AM,150.0,01:54 AM,04:24 AM,150.0
19421,2024-09-08,PRYJ,08:20 PM,08:20 PM,0.0,08:40 PM,08:40 PM,0.0
19421,2024-09-08,DDU,12:35 AM,12:35 AM,0.0,12:45 AM,12:45 AM,0.0
19421,2024-09-08,BXR,01:52 AM,01:52 AM,0.0,01:54 AM,01:54 AM,0.0
19421,2024-09-15,PRYJ,08:20 PM,08:20 PM,0.0,08:40 PM,08:40 PM,0.0
19421,2024-09-15,DDU,12:35 AM,02:37 AM,122.0,12:45 AM,02:47 AM,122.0
19421,2024-09-15,BXR,01:52 AM,04:04 AM,132.0,01:54 AM,04:06 AM,132.0
19421,2024-09-22,PRYJ,08:20 PM,08:20 PM,0.0,08:40 PM,08:40 PM,0.0
19421,2024-09-22,DDU,12:35 AM,12:35 AM,0.0,12:45 AM,12:45 AM,0.0
19421,2024-09-22,BXR,01:52 AM,01:52 AM,0.0,01:54 AM,01:54 AM,0.0
19421,2024-09-29,PRYJ,08:20 PM,08:20 PM,0.0,08:40 PM,08:40 PM,0.0
19421,2024-09-29,DDU,12:35 AM,01:35 AM,60.0,12:45 AM,01:45 AM,60.0
19421,2024-09-29,BXR,01:52 AM,02:56 AM,64.0,01:54 AM,02:58 AM,64.0
12566,2024-09-01,CNB,06:10 PM,06:15 PM,5.0,06:15 PM,06:20 PM,5.0
12566,2024-09-02,CNB,06:10 PM,06:48 PM,38.0,06:15 PM,06:53 PM,38.0
12566,2024-09-03,CNB,06:10 PM,06:16 PM,6.0,06:15 PM,06:21 PM,6.0
12566,2024-09-04,CNB,06:10 PM,06:15 PM,5.0,06:15 PM,06:20 PM,5.0
12566,2024-09-05,CNB,06:10 PM,06:50 PM,40.0,06:15 PM,06:55 PM,40.0
12566,2024-09-06,CNB,06:10 PM,06:13 PM,3.0,06:15 PM,06:18 PM,3.0
12566,2024-09-07,CNB,06:10 PM,07:16 PM,66.0,06:15 PM,07:21 PM,66.0
12566,2024-09-08,CNB,06:10 PM,06:13 PM,3.0,06:15 PM,06:18 PM,3.0
12566,2024-09-09,CNB,06:10 PM,06:36 PM,26.0,06:15 PM,06:41 PM,26.0
12566,2024-09-10,CNB,06:10 PM,06:23 PM,13.0,06:15 PM,06:28 PM,13.0
12566,2024-09-11,CNB,06:10 PM,06:23 PM,13.0,06:15 PM,06:28 PM,13.0
12566,2024-09-12,CNB,06:10 PM,06:46 PM,36.0,06:15 PM,06:51 PM,36.0
12566,2024-09-13,CNB,06:10 PM,06:33 PM,23.0,06:15 PM,06:38 PM,23.0
12566,2024-09-14,CNB,06:10 PM,06:21 PM,11.0,06:15 PM,06:26 PM,11.0
12566,2024-09-15,CNB,06:10 PM,06:17 PM,7.0,06:15 PM,06:22 PM,7.0
12566,2024-09-16,CNB,06:10 PM,06:11 PM,0.0,06:15 PM,06:16 PM,0.0
12566,2024-09-17,CNB,06:10 PM,07:02 PM,52.0,06:15 PM,07:07 PM,52.0
12566,2024-09-18,CNB,06:10 PM,06:46 PM,36.0,06:15 PM,06:51 PM,36.0
12566,2024-09-19,CNB,06:10 PM,06:11 PM,0.0,06:15 PM,06:16 PM,0.0
12566,2024-09-20,CNB,06:10 PM,06:11 PM,0.0,06:15 PM,06:16 PM,0.0
12566,2024-09-21,CNB,06:10 PM,06:21 PM,11.0,06:15 PM,06:26 PM,11.0
12566,2024-09-22,CNB,06:10 PM,06:13 PM,3.0,06:15 PM,06:18 PM,3.0
12566,2024-09-23,CNB,06:10 PM,06:12 PM,2.0,06:15 PM,06:17 PM,2.0
12566,2024-09-24,CNB,06:10 PM,06:13 PM,3.0,06:15 PM,06:18 PM,3.0
12566,2024-09-25,CNB,06:10 PM,06:11 PM,0.0,06:15 PM,06:16 PM,0.0
12566,2024-09-26,CNB,06:10 PM,06:10 PM,0.0,06:15 PM,06:15 PM,0.0
12566,2024-09-27,CNB,06:10 PM,06:23 PM,13.0,06:15 PM,06:28 PM,13.0
12566,2024-09-28,CNB,06:10 PM,07:02 PM,52.0,06:15 PM,07:07 PM,52.0
12566,2024-09-29,CNB,06:10 PM,06:10 PM,0.0,06:15 PM,06:15 PM,0.0
12566,2024-09-30,CNB,06:10 PM,06:19 PM,9.0,06:15 PM,06:24 PM,9.0
13308,2024-09-01,DDU,09:50 PM,12:20 AM,150.0,10:00 PM,12:30 AM,150.0
13308,2024-09-02,DDU,09:50 PM,09:50 PM,0.0,10:00 PM,10:00 PM,0.0
13308,2024-09-03,DDU,09:50 PM,09:50 PM,0.0,10:00 PM,10:00 PM,0.0
13308,2024-09-04,DDU,09:50 PM,09:50 PM,0.0,10:00 PM,10:00 PM,0.0
13308,2024-09-05,DDU,09:50 PM,09:50 PM,0.0,10:00 PM,10:00 PM,0.0
13308,2024-09-06,DDU,09:50 PM,09:50 PM,0.0,10:00 PM,10:00 PM,0.0
13308,2024-09-07,DDU,09:50 PM,09:50 PM,0.0,10:00 PM,10:00 PM,0.0
13308,2024-09-08,DDU,09:50 PM,09:50 PM,0.0,10:00 PM,10:00 PM,0.0
13308,2024-09-09,DDU,09:50 PM,09:50 PM,0.0,10:00 PM,10:00 PM,0.0
13308,2024-09-10,DDU,09:50 PM,02:02 AM,252.0,10:00 PM,02:12 AM,252.0
13308,2024-09-11,DDU,09:50 PM,09:50 PM,0.0,10:00 PM,10:00 PM,0.0
13308,2024-09-12,DDU,09:50 PM,09:50 PM,0.0,10:00 PM,10:00 PM,0.0
13308,2024-09-13,DDU,09:50 PM,12:52 AM,182.0,10:00 PM,01:02 AM,182.0
13308,2024-09-14,DDU,09:50 PM,09:50 PM,0.0,10:00 PM,10:00 PM,0.0
13308,2024-09-15,DDU,09:50 PM,09:50 PM,0.0,10:00 PM,10:00 PM,0.0
13308,2024-09-16,DDU,09:50 PM,09:57 PM,7.0,10:00 PM,10:07 PM,7.0
13308,2024-09-17,DDU,09:50 PM,10:01 PM,11.0,10:00 PM,10:11 PM,11.0
13308,2024-09-18,DDU,09:50 PM,09:50 PM,0.0,10:00 PM,10:00 PM,0.0
13308,2024-09-19,DDU,09:50 PM,09:50 PM,0.0,10:00 PM,10:00 PM,0.0
13308,2024-09-20,DDU,09:50 PM,01:04 AM,194.0,10:00 PM,01:14 AM,194.0
13308,2024-09-21,DDU,09:50 PM,09:50 PM,0.0,10:00 PM,10:00 PM,0.0
13308,2024-09-22,DDU,09:50 PM,10:05 PM,15.0,10:00 PM,10:15 PM,15.0
13308,2024-09-23,DDU,09:50 PM,09:50 PM,0.0,10:00 PM,10:00 PM,0.0
13308,2024-09-24,DDU,09:50 PM,09:50 PM,0.0,10:00 PM,10:00 PM,0.0
13308,2024-09-25,DDU,09:50 PM,10:19 PM,29.0,10:00 PM,10:29 PM,29.0
13308,2024-09-26,DDU,09:50 PM,10:26 PM,36.0,10:00 PM,10:36 PM,36.0
13308,2024-09-27,DDU,09:50 PM,11:04 PM,74.0,10:00 PM,11:14 PM,74.0
13308,2024-09-28,DDU,09:50 PM,10:12 PM,22.0,10:00 PM,10:22 PM,22.0
13308,2024-09-29,DDU,09:50 PM,11:13 PM,83.0,10:00 PM,11:23 PM,83.0
13308,2024-09-30,DDU,09:50 PM,12:41 AM,171.0,10:00 PM,12:51 AM,171.0
5635,2024-09-01,CNB,12:25 PM,12:33 PM,8.0,12:30 PM,12:38 PM,8.0
5635,2024-09-08,CNB,12:25 PM,02:15 PM,110.0,12:30 PM,02:20 PM,110.0
5635,2024-09-15,CNB,12:25 PM,12:33 PM,8.0,12:30 PM,12:38 PM,8.0
5635,2024-09-22,CNB,12:25 PM,12:31 PM,6.0,12:30 PM,12:36 PM,6.0
5635,2024-09-29,CNB,12:25 PM,12:26 PM,0.0,12:30 PM,12:31 PM,0.0
12104,2024-09-04,CNB,05:50 PM,05:58 PM,8.0,05:55 PM,06:03 PM,8.0
12104,2024-09-11,CNB,05:50 PM,07:09 PM,79.0,05:55 PM,07:14 PM,79.0
12104,2024-09-18,CNB,05:50 PM,05:58 PM,8.0,05:55 PM,06:03 PM,8.0
12104,2024-09-25,CNB,05:50 PM,06:14 PM,24.0,05:55 PM,06:19 PM,24.0
12349,2024-09-02,DDU,01:50 AM,01:57 AM,7.0,02:00 AM,02:07 AM,7.0
12349,2024-09-02,PRYJ,04:00 AM,04:05 AM,5.0,04:05 AM,04:10 AM,5.0
12349,2024-09-02,CNB,06:25 AM,06:37 AM,12.0,06:30 AM,06:42 AM,12.0
12349,2024-09-09,DDU,01:50 AM,02:02 AM,12.0,02:00 AM,02:12 AM,12.0
12349,2024-09-09,PRYJ,04:00 AM,04:37 AM,37.0,04:05 AM,04:42 AM,37.0
12349,2024-09-09,CNB,06:25 AM,06:49 AM,24.0,06:30 AM,06:54 AM,24.0
12349,2024-09-16,DDU,01:50 AM,02:09 AM,19.0,02:00 AM,02:19 AM,19.0
12349,2024-09-16,PRYJ,04:00 AM,04:30 AM,30.0,04:05 AM,04:35 AM,30.0
12349,2024-09-16,CNB,06:25 AM,06:38 AM,13.0,06:30 AM,06:43 AM,13.0
12349,2024-09-23,DDU,01:50 AM,06:38 AM,288.0,02:00 AM,06:48 AM,288.0
12349,2024-09-23,PRYJ,04:00 AM,09:06 AM,306.0,04:05 AM,09:11 AM,306.0
12349,2024-09-23,CNB,06:25 AM,11:38 AM,313.0,06:30 AM,11:43 AM,313.0
12349,2024-09-30,DDU,01:50 AM,02:17 AM,27.0,02:00 AM,02:27 AM,27.0
12349,2024-09-30,PRYJ,04:00 AM,04:38 AM,38.0,04:05 AM,04:43 AM,38.0
12349,2024-09-30,CNB,06:25 AM,06:51 AM,26.0,06:30 AM,06:56 AM,26.0
12937,2024-09-07,CNB,07:30 PM,07:31 PM,0.0,07:35 PM,07:36 PM,0.0
12937,2024-09-07,PRYJ,10:05 PM,10:06 PM,0.0,10:10 PM,10:11 PM,0.0
12937,2024-09-07,DDU,02:25 AM,02:26 AM,0.0,02:35 AM,02:36 AM,0.0
12937,2024-09-14,CNB,07:30 PM,07:30 PM,0.0,07:35 PM,07:35 PM,0.0
12937,2024-09-14,PRYJ,10:05 PM,10:05 PM,0.0,10:10 PM,10:10 PM,0.0
12937,2024-09-14,DDU,02:25 AM,02:25 AM,0.0,02:35 AM,02:35 AM,0.0
12937,2024-09-21,CNB,07:30 PM,07:30 PM,0.0,07:35 PM,07:35 PM,0.0
12937,2024-09-21,PRYJ,10:05 PM,10:05 PM,0.0,10:10 PM,10:10 PM,0.0
12937,2024-09-21,DDU,02:25 AM,02:25 AM,0.0,02:35 AM,02:35 AM,0.0
12937,2024-09-28,CNB,07:30 PM,07:30 PM,0.0,07:35 PM,07:35 PM,0.0
12937,2024-09-28,PRYJ,10:05 PM,10:05 PM,0.0,10:10 PM,10:10 PM,0.0
12937,2024-09-28,DDU,02:25 AM,02:25 AM,0.0,02:35 AM,02:35 AM,0.0
19401,2024-09-02,CNB,08:55 AM,08:55 AM,0.0,09:05 AM,09:05 AM,0.0
19401,2024-09-09,CNB,08:55 AM,08:55 AM,0.0,09:05 AM,09:05 AM,0.0
19401,2024-09-16,CNB,08:55 AM,08:55 AM,0.0,09:05 AM,09:05 AM,0.0
19401,2024-09-23,CNB,08:55 AM,09:14 AM,19.0,09:05 AM,09:24 AM,19.0
19401,2024-09-30,CNB,08:55 AM,08:55 AM,0.0,09:05 AM,09:05 AM,0.0
12183,2024-09-01,CNB,03:55 AM,04:00 AM,5.0,04:00 AM,04:05 AM,5.0
12183,2024-09-03,CNB,03:55 AM,03:56 AM,0.0,04:00 AM,04:01 AM,0.0
12183,2024-09-06,CNB,03:55 AM,03:55 AM,0.0,04:00 AM,04:00 AM,0.0
12183,2024-09-08,CNB,03:55 AM,03:58 AM,3.0,04:00 AM,04:03 AM,3.0
12183,2024-09-10,CNB,03:55 AM,04:17 AM,22.0,04:00 AM,04:22 AM,22.0
12183,2024-09-13,CNB,03:55 AM,04:00 AM,5.0,04:00 AM,04:05 AM,5.0
12183,2024-09-15,CNB,03:55 AM,03:55 AM,0.0,04:00 AM,04:00 AM,0.0
12183,2024-09-17,CNB,03:55 AM,04:29 AM,34.0,04:00 AM,04:34 AM,34.0
12183,2024-09-20,CNB,03:55 AM,03:55 AM,0.0,04:00 AM,04:00 AM,0.0
12183,2024-09-22,CNB,03:55 AM,03:55 AM,0.0,04:00 AM,04:00 AM,0.0
12183,2024-09-24,CNB,03:55 AM,03:55 AM,0.0,04:00 AM,04:00 AM,0.0
12183,2024-09-27,CNB,03:55 AM,03:55 AM,0.0,04:00 AM,04:00 AM,0.0
12183,2024-09-29,CNB,03:55 AM,03:55 AM,0.0,04:00 AM,04:00 AM,0.0
22426,2024-09-01,CNB,11:00 AM,11:01 AM,0.0,11:05 AM,11:06 AM,0.0
22426,2024-09-02,CNB,11:00 AM,11:01 AM,0.0,11:05 AM,11:06 AM,0.0
22426,2024-09-03,CNB,11:00 AM,11:00 AM,0.0,11:05 AM,11:05 AM,0.0
22426,2024-09-05,CNB,11:00 AM,11:00 AM,0.0,11:05 AM,11:05 AM,0.0
22426,2024-09-06,CNB,11:00 AM,11:00 AM,0.0,11:05 AM,11:05 AM,0.0
22426,2024-09-07,CNB,11:00 AM,11:00 AM,0.0,11:05 AM,11:05 AM,0.0
22426,2024-09-08,CNB,11:00 AM,11:00 AM,0.0,11:05 AM,11:05 AM,0.0
22426,2024-09-09,CNB,11:00 AM,01:41 PM,161.0,11:05 AM,01:46 PM,161.0
22426,2024-09-10,CNB,11:00 AM,11:00 AM,0.0,11:05 AM,11:05 AM,0.0
22426,2024-09-12,CNB,11:00 AM,11:01 AM,0.0,11:05 AM,11:06 AM,0.0
22426,2024-09-13,CNB,11:00 AM,11:03 AM,3.0,11:05 AM,11:08 AM,3.0
22426,2024-09-14,CNB,11:00 AM,11:05 AM,5.0,11:05 AM,11:10 AM,5.0
22426,2024-09-15,CNB,11:00 AM,11:14 AM,14.0,11:05 AM,11:19 AM,14.0
22426,2024-09-16,CNB,11:00 AM,11:01 AM,0.0,11:05 AM,11:06 AM,0.0
22426,2024-09-17,CNB,11:00 AM,11:00 AM,0.0,11:05 AM,11:05 AM,0.0
22426,2024-09-19,CNB,11:00 AM,11:00 AM,0.0,11:05 AM,11:05 AM,0.0
22426,2024-09-20,CNB,11:00 AM,11:00 AM,0.0,11:05 AM,11:05 AM,0.0
22426,2024-09-21,CNB,11:00 AM,11:10 AM,10.0,11:05 AM,11:15 AM,10.0
22426,2024-09-22,CNB,11:00 AM,11:00 AM,0.0,11:05 AM,11:05 AM,0.0
22426,2024-09-23,CNB,11:00 AM,11:01 AM,0.0,11:05 AM,11:06 AM,0.0
22426,2024-09-24,CNB,11:00 AM,11:00 AM,0.0,11:05 AM,11:05 AM,0.0
22426,2024-09-26,CNB,11:00 AM,11:00 AM,0.0,11:05 AM,11:05 AM,0.0
22426,2024-09-27,CNB,11:00 AM,11:03 AM,3.0,11:05 AM,11:08 AM,3.0
22426,2024-09-28,CNB,11:00 AM,11:00 AM,0.0,11:05 AM,11:05 AM,0.0
22426,2024-09-29,CNB,11:00 AM,11:01 AM,0.0,11:05 AM,11:06 AM,0.0
22426,2024-09-30,CNB,11:00 AM,11:02 AM,2.0,11:05 AM,11:07 AM,2.0
14863,2024-09-01,CNB,02:00 AM,02:04 AM,4.0,02:05 AM,02:09 AM,4.0
14863,2024-09-03,CNB,02:00 AM,02:00 AM,0.0,02:05 AM,02:05 AM,0.0
14863,2024-09-06,CNB,02:00 AM,03:05 AM,65.0,02:05 AM,03:10 AM,65.0
14863,2024-09-08,CNB,02:00 AM,02:07 AM,7.0,02:05 AM,02:12 AM,7.0
14863,2024-09-10,CNB,02:00 AM,03:09 AM,69.0,02:05 AM,03:14 AM,69.0
14863,2024-09-13,CNB,02:00 AM,02:12 AM,12.0,02:05 AM,02:17 AM,12.0
14863,2024-09-15,CNB,02:00 AM,02:06 AM,6.0,02:05 AM,02:11 AM,6.0
14863,2024-09-17,CNB,02:00 AM,02:42 AM,42.0,02:05 AM,02:47 AM,42.0
14863,2024-09-20,CNB,02:00 AM,02:00 AM,0.0,02:05 AM,02:05 AM,0.0
14863,2024-09-22,CNB,02:00 AM,02:00 AM,0.0,02:05 AM,02:05 AM,0.0
14863,2024-09-24,CNB,02:00 AM,02:33 AM,33.0,02:05 AM,02:38 AM,33.0
14863,2024-09-27,CNB,02:00 AM,02:43 AM,43.0,02:05 AM,02:48 AM,43.0
14863,2024-09-29,CNB,02:00 AM,02:00 AM,0.0,02:05 AM,02:05 AM,0.0
12331,2024-09-03,BXR,11:55 AM,12:41 PM,46.0,11:57 AM,12:43 PM,46.0
12331,2024-09-03,DDU,01:45 PM,01:49 PM,4.0,01:55 PM,01:59 PM,4.0
12331,2024-09-06,BXR,11:55 AM,12:11 PM,16.0,11:57 AM,12:13 PM,16.0
12331,2024-09-06,DDU,01:45 PM,01:45 PM,0.0,01:55 PM,01:55 PM,0.0
12331,2024-09-07,BXR,11:55 AM,11:55 AM,0.0,11:57 AM,11:57 AM,0.0
12331,2024-09-07,DDU,01:45 PM,01:45 PM,0.0,01:55 PM,01:55 PM,0.0
12331,2024-09-13,BXR,11:55 AM,12:35 PM,40.0,11:57 AM,12:37 PM,40.0
12331,2024-09-13,DDU,01:45 PM,02:00 PM,15.0,01:55 PM,02:10 PM,15.0
12331,2024-09-17,BXR,11:55 AM,12:35 PM,40.0,11:57 AM,12:37 PM,40.0
12331,2024-09-17,DDU,01:45 PM,01:45 PM,0.0,01:55 PM,01:55 PM,0.0
12331,2024-09-21,BXR,11:55 AM,12:15 PM,20.0,11:57 AM,12:17 PM,20.0
12331,2024-09-21,DDU,01:45 PM,02:04 PM,19.0,01:55 PM,02:14 PM,19.0
12331,2024-09-27,BXR,11:55 AM,12:24 PM,29.0,11:57 AM,12:26 PM,29.0
12331,2024-09-27,DDU,01:45 PM,03:24 PM,99.0,01:55 PM,03:34 PM,99.0
12331,2024-09-28,BXR,11:55 AM,12:46 PM,51.0,11:57 AM,12:48 PM,51.0
12331,2024-09-28,DDU,01:45 PM,01:45 PM,0.0,01:55 PM,01:55 PM,0.0
12571,2024-09-01,CNB,02:55 AM,03:08 AM,13.0,03:00 AM,03:13 AM,13.0
12571,2024-09-04,CNB,02:55 AM,05:24 AM,149.0,03:00 AM,05:29 AM,149.0
12571,2024-09-06,CNB,02:55 AM,03:25 AM,30.0,03:00 AM,03:30 AM,30.0
12571,2024-09-07,CNB,02:55 AM,04:23 AM,88.0,03:00 AM,04:28 AM,88.0
12571,2024-09-08,CNB,02:55 AM,02:56 AM,0.0,03:00 AM,03:01 AM,0.0
12571,2024-09-11,CNB,02:55 AM,04:50 AM,115.0,03:00 AM,04:55 AM,115.0
12571,2024-09-13,CNB,02:55 AM,03:10 AM,15.0,03:00 AM,03:15 AM,15.0
12571,2024-09-14,CNB,02:55 AM,02:55 AM,0.0,03:00 AM,03:00 AM,0.0
12571,2024-09-15,CNB,02:55 AM,03:03 AM,8.0,03:00 AM,03:08 AM,8.0
12571,2024-09-18,CNB,02:55 AM,02:59 AM,4.0,03:00 AM,03:04 AM,4.0
12571,2024-09-20,CNB,02:55 AM,04:34 AM,99.0,03:00 AM,04:39 AM,99.0
12571,2024-09-21,CNB,02:55 AM,03:10 AM,15.0,03:00 AM,03:15 AM,15.0
12571,2024-09-22,CNB,02:55 AM,03:29 AM,34.0,03:00 AM,03:34 AM,34.0
12571,2024-09-25,CNB,02:55 AM,03:02 AM,7.0,03:00 AM,03:07 AM,7.0
12571,2024-09-27,CNB,02:55 AM,05:25 AM,150.0,03:00 AM,05:30 AM,150.0
12571,2024-09-28,CNB,02:55 AM,05:07 AM,132.0,03:00 AM,05:12 AM,132.0
12571,2024-09-29,CNB,02:55 AM,08:22 AM,327.0,03:00 AM,08:27 AM,327.0
12276,2024-09-04,PRYJ,06:20 AM,06:20 AM,0.0,06:20 AM,06:20 AM,0.0
12276,2024-09-06,PRYJ,06:20 AM,06:20 AM,0.0,06:20 AM,06:20 AM,0.0
12276,2024-09-09,PRYJ,06:20 AM,06:20 AM,0.0,06:20 AM,06:20 AM,0.0
12276,2024-09-11,PRYJ,06:20 AM,06:20 AM,0.0,06:20 AM,06:20 AM,0.0
12276,2024-09-18,PRYJ,06:20 AM,06:20 AM,0.0,06:20 AM,06:20 AM,0.0
12276,2024-09-20,PRYJ,06:20 AM,06:20 AM,0.0,06:20 AM,06:20 AM,0.0
12276,2024-09-21,PRYJ,06:20 AM,06:20 AM,0.0,06:20 AM,06:20 AM,0.0
12276,2024-09-23,PRYJ,06:20 AM,06:20 AM,0.0,06:20 AM,06:20 AM,0.0
12276,2024-09-27,PRYJ,06:20 AM,06:20 AM,0.0,06:20 AM,06:20 AM,0.0
12276,2024-09-28,PRYJ,06:20 AM,06:34 AM,14.0,06:20 AM,06:34 AM,14.0
3325,2024-09-04,DDU,05:00 PM,05:14 PM,14.0,05:10 PM,05:24 PM,14.0
3325,2024-09-11,DDU,05:00 PM,05:50 PM,50.0,05:10 PM,06:00 PM,50.0
3325,2024-09-18,DDU,05:00 PM,05:04 PM,4.0,05:10 PM,05:14 PM,4.0
22437,2024-09-02,PRYJ,10:30 PM,10:31 PM,0.0,10:30 PM,10:31 PM,0.0
22437,2024-09-02,CNB,12:35 AM,12:46 AM,11.0,12:40 AM,12:51 AM,11.0
22437,2024-09-07,PRYJ,10:30 PM,10:30 PM,0.0,10:30 PM,10:30 PM,0.0
22437,2024-09-07,CNB,12:35 AM,12:45 AM,10.0,12:40 AM,12:50 AM,10.0
22437,2024-09-09,PRYJ,10:30 PM,10:32 PM,2.0,10:30 PM,10:32 PM,2.0
22437,2024-09-09,CNB,12:35 AM,12:35 AM,0.0,12:40 AM,12:40 AM,0.0
22437,2024-09-11,PRYJ,10:30 PM,10:30 PM,0.0,10:30 PM,10:30 PM,0.0
22437,2024-09-11,CNB,12:35 AM,12:57 AM,22.0,12:40 AM,01:02 AM,22.0
22437,2024-09-16,PRYJ,10:30 PM,10:31 PM,0.0,10:30 PM,10:31 PM,0.0
22437,2024-09-16,CNB,12:35 AM,12:44 AM,9.0,12:40 AM,12:49 AM,9.0
22437,2024-09-18,PRYJ,10:30 PM,10:31 PM,0.0,10:30 PM,10:31 PM,0.0
22437,2024-09-18,CNB,12:35 AM,12:35 AM,0.0,12:40 AM,12:40 AM,0.0
22437,2024-09-21,PRYJ,10:30 PM,10:31 PM,0.0,10:30 PM,10:31 PM,0.0
22437,2024-09-21,CNB,12:35 AM,12:48 AM,13.0,12:40 AM,12:53 AM,13.0
22437,2024-09-23,PRYJ,10:30 PM,10:30 PM,0.0,10:30 PM,10:30 PM,0.0
22437,2024-09-23,CNB,12:35 AM,12:41 AM,6.0,12:40 AM,12:46 AM,6.0
22437,2024-09-28,PRYJ,10:30 PM,10:31 PM,0.0,10:30 PM,10:31 PM,0.0
22437,2024-09-28,CNB,12:35 AM,01:00 AM,25.0,12:40 AM,01:05 AM,25.0
12355,2024-09-03,BXR,08:58 AM,09:08 AM,10.0,09:00 AM,09:10 AM,10.0
12355,2024-09-03,DDU,10:30 AM,10:31 AM,0.0,10:40 AM,10:41 AM,0.0
12355,2024-09-07,BXR,08:58 AM,09:32 AM,34.0,09:00 AM,09:34 AM,34.0
12355,2024-09-07,DDU,10:30 AM,10:36 AM,6.0,10:40 AM,10:46 AM,6.0
12355,2024-09-10,BXR,08:58 AM,08:58 AM,0.0,09:00 AM,09:00 AM,0.0
12355,2024-09-10,DDU,10:30 AM,10:41 AM,11.0,10:40 AM,10:51 AM,11.0
12355,2024-09-14,BXR,08:58 AM,09:20 AM,22.0,09:00 AM,09:22 AM,22.0
12355,2024-09-14,DDU,10:30 AM,10:32 AM,2.0,10:40 AM,10:42 AM,2.0
12355,2024-09-17,BXR,08:58 AM,09:13 AM,15.0,09:00 AM,09:15 AM,15.0
12355,2024-09-17,DDU,10:30 AM,10:30 AM,0.0,10:40 AM,10:40 AM,0.0
12355,2024-09-21,BXR,08:58 AM,09:08 AM,10.0,09:00 AM,09:10 AM,10.0
12355,2024-09-21,DDU,10:30 AM,10:31 AM,0.0,10:40 AM,10:41 AM,0.0
12355,2024-09-24,BXR,08:58 AM,09:11 AM,13.0,09:00 AM,09:13 AM,13.0
12355,2024-09-24,DDU,10:30 AM,10:30 AM,0.0,10:40 AM,10:40 AM,0.0
12355,2024-09-28,BXR,08:58 AM,09:01 AM,3.0,09:00 AM,09:03 AM,3.0
12355,2024-09-28,DDU,10:30 AM,10:30 AM,0.0,10:40 AM,10:40 AM,0.0
22406,2024-09-02,CNB,10:12 PM,10:43 PM,31.0,10:17 PM,10:48 PM,31.0
22406,2024-09-02,PRYJ,12:23 AM,12:46 AM,23.0,12:25 AM,12:48 AM,23.0
22406,2024-09-02,DDU,02:37 AM,02:43 AM,6.0,02:47 AM,02:53 AM,6.0
22406,2024-09-02,BXR,03:58 AM,04:12 AM,14.0,04:00 AM,04:14 AM,14.0
22406,2024-09-04,CNB,10:12 PM,11:14 PM,62.0,10:17 PM,11:19 PM,62.0
22406,2024-09-04,PRYJ,12:23 AM,01:25 AM,62.0,12:25 AM,01:27 AM,62.0
22406,2024-09-04,DDU,02:37 AM,03:31 AM,54.0,02:47 AM,03:41 AM,54.0
22406,2024-09-04,BXR,03:58 AM,04:54 AM,56.0,04:00 AM,04:56 AM,56.0
22406,2024-09-06,CNB,10:12 PM,03:49 AM,337.0,10:17 PM,03:54 AM,337.0
22406,2024-09-06,PRYJ,12:23 AM,05:50 AM,327.0,12:25 AM,05:52 AM,327.0
22406,2024-09-06,DDU,02:37 AM,07:38 AM,301.0,02:47 AM,07:48 AM,301.0
22406,2024-09-06,BXR,03:58 AM,09:00 AM,302.0,04:00 AM,09:02 AM,302.0
22406,2024-09-09,CNB,10:12 PM,11:04 PM,52.0,10:17 PM,11:09 PM,52.0
22406,2024-09-09,PRYJ,12:23 AM,01:26 AM,63.0,12:25 AM,01:28 AM,63.0
22406,2024-09-09,DDU,02:37 AM,03:17 AM,40.0,02:47 AM,03:27 AM,40.0
22406,2024-09-09,BXR,03:58 AM,05:28 AM,90.0,04:00 AM,05:30 AM,90.0
22406,2024-09-11,CNB,10:12 PM,10:50 PM,38.0,10:17 PM,10:55 PM,38.0
22406,2024-09-11,PRYJ,12:23 AM,01:01 AM,38.0,12:25 AM,01:03 AM,38.0
22406,2024-09-11,DDU,02:37 AM,02:56 AM,19.0,02:47 AM,03:06 AM,19.0
22406,2024-09-11,BXR,03:58 AM,04:22 AM,24.0,04:00 AM,04:24 AM,24.0
22406,2024-09-13,CNB,10:12 PM,10:43 PM,31.0,10:17 PM,10:48 PM,31.0
22406,2024-09-13,PRYJ,12:23 AM,12:51 AM,28.0,12:25 AM,12:53 AM,28.0
22406,2024-09-13,DDU,02:37 AM,02:45 AM,8.0,02:47 AM,02:55 AM,8.0
22406,2024-09-13,BXR,03:58 AM,04:00 AM,2.0,04:00 AM,04:02 AM,2.0
22406,2024-09-16,CNB,10:12 PM,11:14 PM,62.0,10:17 PM,11:19 PM,62.0
22406,2024-09-16,PRYJ,12:23 AM,01:44 AM,81.0,12:25 AM,01:46 AM,81.0
22406,2024-09-16,DDU,02:37 AM,04:17 AM,100.0,02:47 AM,04:27 AM,100.0
22406,2024-09-16,BXR,03:58 AM,05:50 AM,112.0,04:00 AM,05:52 AM,112.0
22406,2024-09-18,CNB,10:12 PM,12:08 AM,116.0,10:17 PM,12:13 AM,116.0
22406,2024-09-18,PRYJ,12:23 AM,02:16 AM,113.0,12:25 AM,02:18 AM,113.0
22406,2024-09-18,DDU,02:37 AM,04:17 AM,100.0,02:47 AM,04:27 AM,100.0
22406,2024-09-18,BXR,03:58 AM,06:07 AM,129.0,04:00 AM,06:09 AM,129.0
22406,2024-09-20,CNB,10:12 PM,12:57 AM,165.0,10:17 PM,01:02 AM,165.0
22406,2024-09-20,PRYJ,12:23 AM,03:33 AM,190.0,12:25 AM,03:35 AM,190.0
22406,2024-09-20,DDU,02:37 AM,05:51 AM,194.0,02:47 AM,06:01 AM,194.0
22406,2024-09-20,BXR,03:58 AM,07:14 AM,196.0,04:00 AM,07:16 AM,196.0
22406,2024-09-23,CNB,10:12 PM,10:21 PM,9.0,10:17 PM,10:26 PM,9.0
22406,2024-09-23,PRYJ,12:23 AM,12:32 AM,9.0,12:25 AM,12:34 AM,9.0
22406,2024-09-23,DDU,02:37 AM,02:40 AM,3.0,02:47 AM,02:50 AM,3.0
22406,2024-09-23,BXR,03:58 AM,04:02 AM,4.0,04:00 AM,04:04 AM,4.0
22406,2024-09-25,CNB,10:12 PM,10:55 PM,43.0,10:17 PM,11:00 PM,43.0
22406,2024-09-25,PRYJ,12:23 AM,01:06 AM,43.0,12:25 AM,01:08 AM,43.0
22406,2024-09-25,DDU,02:37 AM,03:18 AM,41.0,02:47 AM,03:28 AM,41.0
22406,2024-09-25,BXR,03:58 AM,04:48 AM,50.0,04:00 AM,04:50 AM,50.0
22406,2024-09-27,CNB,10:12 PM,10:31 PM,19.0,10:17 PM,10:36 PM,19.0
22406,2024-09-27,PRYJ,12:23 AM,12:58 AM,35.0,12:25 AM,01:00 AM,35.0
22406,2024-09-27,DDU,02:37 AM,02:51 AM,14.0,02:47 AM,03:01 AM,14.0
22406,2024-09-27,BXR,03:58 AM,04:10 AM,12.0,04:00 AM,04:12 AM,12.0
22406,2024-09-30,CNB,10:12 PM,10:53 PM,41.0,10:17 PM,10:58 PM,41.0
22406,2024-09-30,PRYJ,12:23 AM,01:09 AM,46.0,12:25 AM,01:11 AM,46.0
22406,2024-09-30,DDU,02:37 AM,03:30 AM,53.0,02:47 AM,03:40 AM,53.0
22406,2024-09-30,BXR,03:58 AM,05:02 AM,64.0,04:00 AM,05:04 AM,64.0
22499,2024-09-16,DDU,09:30 PM,09:31 PM,0.0,09:40 PM,09:41 PM,0.0
22499,2024-09-18,DDU,09:30 PM,09:31 PM,0.0,09:40 PM,09:41 PM,0.0
22499,2024-09-19,DDU,09:30 PM,09:31 PM,0.0,09:40 PM,09:41 PM,0.0
22499,2024-09-20,DDU,09:30 PM,09:42 PM,12.0,09:40 PM,09:52 PM,12.0
22499,2024-09-21,DDU,09:30 PM,09:32 PM,2.0,09:40 PM,09:42 PM,2.0
22499,2024-09-22,DDU,09:30 PM,09:31 PM,0.0,09:40 PM,09:41 PM,0.0
22499,2024-09-23,DDU,09:30 PM,09:31 PM,0.0,09:40 PM,09:41 PM,0.0
22499,2024-09-25,DDU,09:30 PM,09:31 PM,0.0,09:40 PM,09:41 PM,0.0
22499,2024-09-26,DDU,09:30 PM,09:37 PM,7.0,09:40 PM,09:47 PM,7.0
22499,2024-09-27,DDU,09:30 PM,09:31 PM,0.0,09:40 PM,09:41 PM,0.0
22499,2024-09-28,DDU,09:30 PM,09:30 PM,0.0,09:40 PM,09:40 PM,0.0
22499,2024-09-29,DDU,09:30 PM,09:31 PM,0.0,09:40 PM,09:41 PM,0.0
22499,2024-09-30,DDU,09:30 PM,09:31 PM,0.0,09:40 PM,09:41 PM,0.0
9493,2024-09-15,DDU,07:10 PM,03:23 AM,493.0,07:20 PM,03:33 AM,493.0
9493,2024-09-15,BXR,08:20 PM,04:51 AM,511.0,08:22 PM,04:53 AM,511.0
9493,2024-09-22,DDU,07:10 PM,09:56 PM,166.0,07:20 PM,10:06 PM,166.0
9493,2024-09-22,BXR,08:20 PM,08:20 PM,0.0,08:22 PM,08:22 PM,0.0
9493,2024-09-29,DDU,07:10 PM,07:10 PM,0.0,07:20 PM,07:20 PM,0.0
9493,2024-09-29,BXR,08:20 PM,08:20 PM,0.0,08:22 PM,08:22 PM,0.0
12521,2024-09-02,CNB,01:12 PM,01:53 PM,41.0,01:17 PM,01:58 PM,41.0
12521,2024-09-09,CNB,01:12 PM,01:12 PM,0.0,01:17 PM,01:17 PM,0.0
12521,2024-09-16,CNB,01:12 PM,02:57 PM,105.0,01:17 PM,03:02 PM,105.0
19305,2024-09-05,CNB,03:55 AM,04:00 AM,5.0,04:00 AM,04:05 AM,5.0
19305,2024-09-12,CNB,03:55 AM,03:55 AM,0.0,04:00 AM,04:00 AM,0.0
19305,2024-09-19,CNB,03:55 AM,03:55 AM,0.0,04:00 AM,04:00 AM,0.0
19305,2024-09-26,CNB,03:55 AM,03:59 AM,4.0,04:00 AM,04:04 AM,4.0
15017,2024-09-01,PRYJ,07:55 AM,07:55 AM,0.0,08:15 AM,08:15 AM,0.0
15017,2024-09-02,PRYJ,07:55 AM,07:55 AM,0.0,08:15 AM,08:15 AM,0.0
15017,2024-09-03,PRYJ,07:55 AM,07:55 AM,0.0,08:15 AM,08:15 AM,0.0
15017,2024-09-04,PRYJ,07:55 AM,07:55 AM,0.0,08:15 AM,08:15 AM,0.0
15017,2024-09-05,PRYJ,07:55 AM,07:55 AM,0.0,08:15 AM,08:15 AM,0.0
15017,2024-09-06,PRYJ,07:55 AM,07:55 AM,0.0,08:15 AM,08:15 AM,0.0
15017,2024-09-07,PRYJ,07:55 AM,07:55 AM,0.0,08:15 AM,08:15 AM,0.0
15017,2024-09-08,PRYJ,07:55 AM,07:55 AM,0.0,08:15 AM,08:15 AM,0.0
15017,2024-09-09,PRYJ,07:55 AM,07:55 AM,0.0,08:15 AM,08:15 AM,0.0
15017,2024-09-10,PRYJ,07:55 AM,07:55 AM,0.0,08:15 AM,08:15 AM,0.0
15017,2024-09-11,PRYJ,07:55 AM,07:55 AM,0.0,08:15 AM,08:15 AM,0.0
15017,2024-09-12,PRYJ,07:55 AM,07:55 AM,0.0,08:15 AM,08:15 AM,0.0
15017,2024-09-13,PRYJ,07:55 AM,07:55 AM,0.0,08:15 AM,08:15 AM,0.0
15017,2024-09-14,PRYJ,07:55 AM,07:55 AM,0.0,08:15 AM,08:15 AM,0.0
15017,2024-09-15,PRYJ,07:55 AM,07:55 AM,0.0,08:15 AM,08:15 AM,0.0
15017,2024-09-16,PRYJ,07:55 AM,07:55 AM,0.0,08:15 AM,08:15 AM,0.0
15017,2024-09-17,PRYJ,07:55 AM,07:55 AM,0.0,08:15 AM,08:15 AM,0.0
15017,2024-09-18,PRYJ,07:55 AM,07:55 AM,0.0,08:15 AM,08:15 AM,0.0
15017,2024-09-19,PRYJ,07:55 AM,07:55 AM,0.0,08:15 AM,08:15 AM,0.0
15017,2024-09-20,PRYJ,07:55 AM,07:55 AM,0.0,08:15 AM,08:15 AM,0.0
15017,2024-09-21,PRYJ,07:55 AM,07:55 AM,0.0,08:15 AM,08:15 AM,0.0
15017,2024-09-22,PRYJ,07:55 AM,07:55 AM,0.0,08:15 AM,08:15 AM,0.0
15017,2024-09-23,PRYJ,07:55 AM,07:55 AM,0.0,08:15 AM,08:15 AM,0.0
15017,2024-09-24,PRYJ,07:55 AM,07:55 AM,0.0,08:15 AM,08:15 AM,0.0
15017,2024-09-25,PRYJ,07:55 AM,07:55 AM,0.0,08:15 AM,08:15 AM,0.0
15017,2024-09-26,PRYJ,07:55 AM,07:55 AM,0.0,08:15 AM,08:15 AM,0.0
15017,2024-09-27,PRYJ,07:55 AM,07:55 AM,0.0,08:15 AM,08:15 AM,0.0
15017,2024-09-28,PRYJ,07:55 AM,07:55 AM,0.0,08:15 AM,08:15 AM,0.0
15017,2024-09-29,PRYJ,07:55 AM,07:55 AM,0.0,08:15 AM,08:15 AM,0.0
15017,2024-09-30,PRYJ,07:55 AM,07:55 AM,0.0,08:15 AM,08:15 AM,0.0
18427,2024-09-07,DDU,02:00 AM,02:57 AM,57.0,02:10 AM,03:07 AM,57.0
18427,2024-09-07,PRYJ,04:15 AM,05:10 AM,55.0,04:17 AM,05:12 AM,55.0
18427,2024-09-07,CNB,06:35 AM,07:23 AM,48.0,06:40 AM,07:28 AM,48.0
18427,2024-09-14,DDU,02:00 AM,02:34 AM,34.0,02:10 AM,02:44 AM,34.0
18427,2024-09-14,PRYJ,04:15 AM,04:15 AM,0.0,04:17 AM,04:17 AM,0.0
18427,2024-09-14,CNB,06:35 AM,06:35 AM,0.0,06:40 AM,06:40 AM,0.0
18427,2024-09-21,DDU,02:00 AM,02:00 AM,0.0,02:10 AM,02:10 AM,0.0
18427,2024-09-21,PRYJ,04:15 AM,04:15 AM,0.0,04:17 AM,04:17 AM,0.0
18427,2024-09-21,CNB,06:35 AM,06:35 AM,0.0,06:40 AM,06:40 AM,0.0
18427,2024-09-28,DDU,02:00 AM,02:41 AM,41.0,02:10 AM,02:51 AM,41.0
18427,2024-09-28,PRYJ,04:15 AM,05:08 AM,53.0,04:17 AM,05:10 AM,53.0
18427,2024-09-28,CNB,06:35 AM,07:36 AM,61.0,06:40 AM,07:41 AM,61.0
12419,2024-09-01,CNB,07:30 AM,07:50 AM,20.0,07:35 AM,07:55 AM,20.0
12419,2024-09-02,CNB,07:30 AM,07:35 AM,5.0,07:35 AM,07:40 AM,5.0
12419,2024-09-03,CNB,07:30 AM,07:53 AM,23.0,07:35 AM,07:58 AM,23.0
12419,2024-09-04,CNB,07:30 AM,08:32 AM,62.0,07:35 AM,08:37 AM,62.0
12419,2024-09-05,CNB,07:30 AM,07:43 AM,13.0,07:35 AM,07:48 AM,13.0
12419,2024-09-06,CNB,07:30 AM,07:39 AM,9.0,07:35 AM,07:44 AM,9.0
12419,2024-09-07,CNB,07:30 AM,08:17 AM,47.0,07:35 AM,08:22 AM,47.0
12419,2024-09-08,CNB,07:30 AM,08:25 AM,55.0,07:35 AM,08:30 AM,55.0
12419,2024-09-09,CNB,07:30 AM,07:39 AM,9.0,07:35 AM,07:44 AM,9.0
12419,2024-09-10,CNB,07:30 AM,07:41 AM,11.0,07:35 AM,07:46 AM,11.0
12419,2024-09-11,CNB,07:30 AM,11:14 AM,224.0,07:35 AM,11:19 AM,224.0
12419,2024-09-12,CNB,07:30 AM,09:34 AM,124.0,07:35 AM,09:39 AM,124.0
12419,2024-09-13,CNB,07:30 AM,07:34 AM,4.0,07:35 AM,07:39 AM,4.0
12419,2024-09-14,CNB,07:30 AM,07:38 AM,8.0,07:35 AM,07:43 AM,8.0
12419,2024-09-15,CNB,07:30 AM,08:47 AM,77.0,07:35 AM,08:52 AM,77.0
12419,2024-09-16,CNB,07:30 AM,08:09 AM,39.0,07:35 AM,08:14 AM,39.0
12419,2024-09-17,CNB,07:30 AM,11:25 AM,235.0,07:35 AM,11:30 AM,235.0
12419,2024-09-18,CNB,07:30 AM,07:32 AM,2.0,07:35 AM,07:37 AM,2.0
12419,2024-09-19,CNB,07:30 AM,08:32 AM,62.0,07:35 AM,08:37 AM,62.0
12419,2024-09-20,CNB,07:30 AM,09:26 AM,116.0,07:35 AM,09:31 AM,116.0
12419,2024-09-21,CNB,07:30 AM,07:35 AM,5.0,07:35 AM,07:40 AM,5.0
12419,2024-09-22,CNB,07:30 AM,07:36 AM,6.0,07:35 AM,07:41 AM,6.0
12419,2024-09-23,CNB,07:30 AM,07:56 AM,26.0,07:35 AM,08:01 AM,26.0
12419,2024-09-24,CNB,07:30 AM,08:20 AM,50.0,07:35 AM,08:25 AM,50.0
12419,2024-09-25,CNB,07:30 AM,07:40 AM,10.0,07:35 AM,07:45 AM,10.0
12419,2024-09-26,CNB,07:30 AM,07:32 AM,2.0,07:35 AM,07:37 AM,2.0
12419,2024-09-27,CNB,07:30 AM,10:29 AM,179.0,07:35 AM,10:34 AM,179.0
12419,2024-09-28,CNB,07:30 AM,11:37 AM,247.0,07:35 AM,11:42 AM,247.0
12419,2024-09-29,CNB,07:30 AM,09:34 AM,124.0,07:35 AM,09:39 AM,124.0
12419,2024-09-30,CNB,07:30 AM,08:28 AM,58.0,07:35 AM,08:33 AM,58.0
12395,2024-09-04,BXR,08:00 PM,08:00 PM,0.0,08:02 PM,08:02 PM,0.0
12395,2024-09-04,DDU,10:55 PM,10:55 PM,0.0,11:05 PM,11:05 PM,0.0
12395,2024-09-04,PRYJ,01:05 AM,01:16 AM,11.0,01:10 AM,01:21 AM,11.0
12395,2024-09-04,CNB,03:25 AM,03:36 AM,11.0,03:30 AM,03:41 AM,11.0
12395,2024-09-11,BXR,08:00 PM,08:20 PM,20.0,08:02 PM,08:22 PM,20.0
12395,2024-09-11,DDU,10:55 PM,10:55 PM,0.0,11:05 PM,11:05 PM,0.0
12395,2024-09-11,PRYJ,01:05 AM,01:05 AM,0.0,01:10 AM,01:10 AM,0.0
12395,2024-09-11,CNB,03:25 AM,03:25 AM,0.0,03:30 AM,03:30 AM,0.0
12395,2024-09-18,BXR,08:00 PM,08:00 PM,0.0,08:02 PM,08:02 PM,0.0
12395,2024-09-18,DDU,10:55 PM,10:55 PM,0.0,11:05 PM,11:05 PM,0.0
12395,2024-09-18,PRYJ,01:05 AM,01:05 AM,0.0,01:10 AM,01:10 AM,0.0
12395,2024-09-18,CNB,03:25 AM,03:25 AM,0.0,03:30 AM,03:30 AM,0.0
12395,2024-09-25,BXR,08:00 PM,08:32 PM,32.0,08:02 PM,08:34 PM,32.0
12395,2024-09-25,DDU,10:55 PM,11:10 PM,15.0,11:05 PM,11:20 PM,15.0
12395,2024-09-25,PRYJ,01:05 AM,01:40 AM,35.0,01:10 AM,01:45 AM,35.0
12395,2024-09-25,CNB,03:25 AM,04:02 AM,37.0,03:30 AM,04:07 AM,37.0
9043,2024-09-01,CNB,01:05 AM,01:28 AM,23.0,01:15 AM,01:38 AM,23.0
9043,2024-09-03,CNB,01:05 AM,01:43 AM,38.0,01:15 AM,01:53 AM,38.0
9043,2024-09-08,CNB,01:05 AM,01:05 AM,0.0,01:15 AM,01:15 AM,0.0
9043,2024-09-10,CNB,01:05 AM,01:05 AM,0.0,01:15 AM,01:15 AM,0.0
9043,2024-09-15,CNB,01:05 AM,01:08 AM,3.0,01:15 AM,01:18 AM,3.0
9043,2024-09-17,CNB,01:05 AM,01:52 AM,47.0,01:15 AM,02:02 AM,47.0
9043,2024-09-22,CNB,01:05 AM,01:05 AM,0.0,01:15 AM,01:15 AM,0.0
9043,2024-09-24,CNB,01:05 AM,01:27 AM,22.0,01:15 AM,01:37 AM,22.0
9043,2024-09-29,CNB,01:05 AM,01:05 AM,0.0,01:15 AM,01:15 AM,0.0
22500,2024-09-16,DDU,07:00 AM,07:01 AM,0.0,07:10 AM,07:11 AM,0.0
22500,2024-09-18,DDU,07:00 AM,07:01 AM,0.0,07:10 AM,07:11 AM,0.0
22500,2024-09-19,DDU,07:00 AM,07:02 AM,2.0,07:10 AM,07:12 AM,2.0
22500,2024-09-20,DDU,07:00 AM,07:00 AM,0.0,07:10 AM,07:10 AM,0.0
22500,2024-09-21,DDU,07:00 AM,07:00 AM,0.0,07:10 AM,07:10 AM,0.0
22500,2024-09-22,DDU,07:00 AM,07:00 AM,0.0,07:10 AM,07:10 AM,0.0
22500,2024-09-23,DDU,07:00 AM,07:00 AM,0.0,07:10 AM,07:10 AM,0.0
22500,2024-09-25,DDU,07:00 AM,07:01 AM,0.0,07:10 AM,07:11 AM,0.0
22500,2024-09-26,DDU,07:00 AM,07:00 AM,0.0,07:10 AM,07:10 AM,0.0
22500,2024-09-27,DDU,07:00 AM,07:00 AM,0.0,07:10 AM,07:10 AM,0.0
22500,2024-09-28,DDU,07:00 AM,07:00 AM,0.0,07:10 AM,07:10 AM,0.0
22500,2024-09-29,DDU,07:00 AM,07:04 AM,4.0,07:10 AM,07:14 AM,4.0
22500,2024-09-30,DDU,07:00 AM,07:00 AM,0.0,07:10 AM,07:10 AM,0.0
15647,2024-09-06,DDU,07:50 AM,07:50 AM,0.0,08:00 AM,08:00 AM,0.0
15647,2024-09-06,BXR,09:32 AM,09:32 AM,0.0,09:34 AM,09:34 AM,0.0
15647,2024-09-13,DDU,07:50 AM,07:50 AM,0.0,08:00 AM,08:00 AM,0.0
15647,2024-09-13,BXR,09:32 AM,09:32 AM,0.0,09:34 AM,09:34 AM,0.0
15647,2024-09-20,DDU,07:50 AM,07:50 AM,0.0,08:00 AM,08:00 AM,0.0
15647,2024-09-20,BXR,09:32 AM,09:32 AM,0.0,09:34 AM,09:34 AM,0.0
15647,2024-09-27,DDU,07:50 AM,07:50 AM,0.0,08:00 AM,08:00 AM,0.0
15647,2024-09-27,BXR,09:32 AM,09:32 AM,0.0,09:34 AM,09:34 AM,0.0
2249,2024-09-15,BXR,07:40 PM,07:40 PM,0.0,07:42 PM,07:42 PM,0.0
2249,2024-09-15,DDU,09:30 PM,09:43 PM,13.0,09:40 PM,09:53 PM,13.0
2249,2024-09-15,PRYJ,12:30 AM,12:30 AM,0.0,12:35 AM,12:35 AM,0.0
2249,2024-09-15,CNB,03:45 AM,03:45 AM,0.0,03:50 AM,03:50 AM,0.0
18309,2024-09-02,PRYJ,09:45 AM,09:45 AM,0.0,09:50 AM,09:50 AM,0.0
18309,2024-09-02,CNB,01:00 PM,01:00 PM,0.0,01:10 PM,01:10 PM,0.0
18309,2024-09-03,PRYJ,09:45 AM,10:02 AM,17.0,09:50 AM,10:07 AM,17.0
18309,2024-09-03,CNB,01:00 PM,01:00 PM,0.0,01:10 PM,01:10 PM,0.0
18309,2024-09-05,PRYJ,09:45 AM,10:07 AM,22.0,09:50 AM,10:12 AM,22.0
18309,2024-09-05,CNB,01:00 PM,01:13 PM,13.0,01:10 PM,01:23 PM,13.0
18309,2024-09-07,PRYJ,09:45 AM,10:18 AM,33.0,09:50 AM,10:23 AM,33.0
18309,2024-09-07,CNB,01:00 PM,01:45 PM,45.0,01:10 PM,01:55 PM,45.0
18309,2024-09-09,PRYJ,09:45 AM,09:45 AM,0.0,09:50 AM,09:50 AM,0.0
18309,2024-09-09,CNB,01:00 PM,01:00 PM,0.0,01:10 PM,01:10 PM,0.0
18309,2024-09-10,PRYJ,09:45 AM,09:45 AM,0.0,09:50 AM,09:50 AM,0.0
18309,2024-09-10,CNB,01:00 PM,01:00 PM,0.0,01:10 PM,01:10 PM,0.0
18309,2024-09-12,PRYJ,09:45 AM,09:45 AM,0.0,09:50 AM,09:50 AM,0.0
18309,2024-09-12,CNB,01:00 PM,01:00 PM,0.0,01:10 PM,01:10 PM,0.0
18309,2024-09-14,PRYJ,09:45 AM,10:06 AM,21.0,09:50 AM,10:11 AM,21.0
18309,2024-09-14,CNB,01:00 PM,01:01 PM,0.0,01:10 PM,01:11 PM,0.0
18309,2024-09-16,PRYJ,09:45 AM,02:50 PM,305.0,09:50 AM,02:55 PM,305.0
18309,2024-09-16,CNB,01:00 PM,06:58 PM,358.0,01:10 PM,07:08 PM,358.0
18309,2024-09-17,PRYJ,09:45 AM,09:45 AM,0.0,09:50 AM,09:50 AM,0.0
18309,2024-09-17,CNB,01:00 PM,01:00 PM,0.0,01:10 PM,01:10 PM,0.0
18309,2024-09-19,PRYJ,09:45 AM,09:45 AM,0.0,09:50 AM,09:50 AM,0.0
18309,2024-09-19,CNB,01:00 PM,01:00 PM,0.0,01:10 PM,01:10 PM,0.0
18309,2024-09-21,PRYJ,09:45 AM,10:10 AM,25.0,09:50 AM,10:15 AM,25.0
18309,2024-09-21,CNB,01:00 PM,01:08 PM,8.0,01:10 PM,01:18 PM,8.0
18309,2024-09-23,PRYJ,09:45 AM,11:13 AM,88.0,09:50 AM,11:18 AM,88.0
18309,2024-09-23,CNB,01:00 PM,01:55 PM,55.0,01:10 PM,02:05 PM,55.0
18309,2024-09-24,PRYJ,09:45 AM,10:07 AM,22.0,09:50 AM,10:12 AM,22.0
18309,2024-09-24,CNB,01:00 PM,01:02 PM,2.0,01:10 PM,01:12 PM,2.0
18309,2024-09-26,PRYJ,09:45 AM,12:38 PM,173.0,09:50 AM,12:43 PM,173.0
18309,2024-09-26,CNB,01:00 PM,03:36 PM,156.0,01:10 PM,03:46 PM,156.0
18309,2024-09-28,PRYJ,09:45 AM,10:12 AM,27.0,09:50 AM,10:17 AM,27.0
18309,2024-09-28,CNB,01:00 PM,01:10 PM,10.0,01:10 PM,01:20 PM,10.0
18309,2024-09-30,PRYJ,09:45 AM,09:48 AM,3.0,09:50 AM,09:53 AM,3.0
18309,2024-09-30,CNB,01:00 PM,01:00 PM,0.0,01:10 PM,01:10 PM,0.0
18183,2024-09-01,BXR,10:40 PM,10:40 PM,0.0,10:40 PM,10:40 PM,0.0
18183,2024-09-02,BXR,10:40 PM,10:40 PM,0.0,10:40 PM,10:40 PM,0.0
18183,2024-09-03,BXR,10:40 PM,10:40 PM,0.0,10:40 PM,10:40 PM,0.0
18183,2024-09-04,BXR,10:40 PM,12:10 AM,90.0,10:40 PM,12:10 AM,90.0
18183,2024-09-05,BXR,10:40 PM,11:01 PM,21.0,10:40 PM,11:01 PM,21.0
18183,2024-09-06,BXR,10:40 PM,10:46 PM,6.0,10:40 PM,10:46 PM,6.0
18183,2024-09-07,BXR,10:40 PM,10:56 PM,16.0,10:40 PM,10:56 PM,16.0
18183,2024-09-08,BXR,10:40 PM,10:40 PM,0.0,10:40 PM,10:40 PM,0.0
18183,2024-09-09,BXR,10:40 PM,11:15 PM,35.0,10:40 PM,11:15 PM,35.0
18183,2024-09-10,BXR,10:40 PM,02:57 AM,257.0,10:40 PM,02:57 AM,257.0
18183,2024-09-11,BXR,10:40 PM,10:40 PM,0.0,10:40 PM,10:40 PM,0.0
18183,2024-09-12,BXR,10:40 PM,10:48 PM,8.0,10:40 PM,10:48 PM,8.0
18183,2024-09-13,BXR,10:40 PM,10:45 PM,5.0,10:40 PM,10:45 PM,5.0
18183,2024-09-14,BXR,10:40 PM,10:40 PM,0.0,10:40 PM,10:40 PM,0.0
18183,2024-09-15,BXR,10:40 PM,10:40 PM,0.0,10:40 PM,10:40 PM,0.0
18183,2024-09-16,BXR,10:40 PM,10:48 PM,8.0,10:40 PM,10:48 PM,8.0
18183,2024-09-17,BXR,10:40 PM,10:40 PM,0.0,10:40 PM,10:40 PM,0.0
18183,2024-09-18,BXR,10:40 PM,10:40 PM,0.0,10:40 PM,10:40 PM,0.0
18183,2024-09-19,BXR,10:40 PM,10:40 PM,0.0,10:40 PM,10:40 PM,0.0
18183,2024-09-20,BXR,10:40 PM,10:46 PM,6.0,10:40 PM,10:46 PM,6.0
18183,2024-09-21,BXR,10:40 PM,10:40 PM,0.0,10:40 PM,10:40 PM,0.0
18183,2024-09-22,BXR,10:40 PM,10:40 PM,0.0,10:40 PM,10:40 PM,0.0
18183,2024-09-23,BXR,10:40 PM,10:40 PM,0.0,10:40 PM,10:40 PM,0.0
18183,2024-09-24,BXR,10:40 PM,10:40 PM,0.0,10:40 PM,10:40 PM,0.0
18183,2024-09-25,BXR,10:40 PM,10:40 PM,0.0,10:40 PM,10:40 PM,0.0
18183,2024-09-26,BXR,10:40 PM,10:40 PM,0.0,10:40 PM,10:40 PM,0.0
18183,2024-09-29,BXR,10:40 PM,10:40 PM,0.0,10:40 PM,10:40 PM,0.0
18183,2024-09-30,BXR,10:40 PM,10:40 PM,0.0,10:40 PM,10:40 PM,0.0
15658,2024-09-01,BXR,02:14 PM,05:42 PM,208.0,02:16 PM,05:44 PM,208.0
15658,2024-09-01,DDU,04:30 PM,06:58 PM,148.0,04:40 PM,07:08 PM,148.0
15658,2024-09-01,PRYJ,07:00 PM,09:19 PM,139.0,07:10 PM,09:29 PM,139.0
15658,2024-09-01,CNB,09:30 PM,12:07 AM,157.0,09:35 PM,12:12 AM,157.0
15658,2024-09-02,BXR,02:14 PM,09:15 PM,421.0,02:16 PM,09:17 PM,421.0
15658,2024-09-02,DDU,04:30 PM,10:38 PM,368.0,04:40 PM,10:48 PM,368.0
15658,2024-09-02,PRYJ,07:00 PM,07:00 PM,0.0,07:10 PM,07:10 PM,0.0
15658,2024-09-02,CNB,09:30 PM,09:30 PM,0.0,09:35 PM,09:35 PM,0.0
15658,2024-09-03,BXR,02:14 PM,02:14 PM,0.0,02:16 PM,02:16 PM,0.0
15658,2024-09-03,DDU,04:30 PM,04:30 PM,0.0,04:40 PM,04:40 PM,0.0
15658,2024-09-03,PRYJ,07:00 PM,07:00 PM,0.0,07:10 PM,07:10 PM,0.0
15658,2024-09-03,CNB,09:30 PM,09:30 PM,0.0,09:35 PM,09:35 PM,0.0
15658,2024-09-04,BXR,02:14 PM,02:14 PM,0.0,02:16 PM,02:16 PM,0.0
15658,2024-09-04,DDU,04:30 PM,04:30 PM,0.0,04:40 PM,04:40 PM,0.0
15658,2024-09-04,PRYJ,07:00 PM,07:00 PM,0.0,07:10 PM,07:10 PM,0.0
15658,2024-09-04,CNB,09:30 PM,09:30 PM,0.0,09:35 PM,09:35 PM,0.0
15658,2024-09-05,BXR,02:14 PM,02:14 PM,0.0,02:16 PM,02:16 PM,0.0
15658,2024-09-05,DDU,04:30 PM,04:30 PM,0.0,04:40 PM,04:40 PM,0.0
15658,2024-09-05,PRYJ,07:00 PM,07:00 PM,0.0,07:10 PM,07:10 PM,0.0
15658,2024-09-05,CNB,09:30 PM,09:30 PM,0.0,09:35 PM,09:35 PM,0.0
15658,2024-09-06,BXR,02:14 PM,02:59 PM,45.0,02:16 PM,03:01 PM,45.0
15658,2024-09-06,DDU,04:30 PM,04:33 PM,3.0,04:40 PM,04:43 PM,3.0
15658,2024-09-06,PRYJ,07:00 PM,07:26 PM,26.0,07:10 PM,07:36 PM,26.0
15658,2024-09-06,CNB,09:30 PM,10:03 PM,33.0,09:35 PM,10:08 PM,33.0
15658,2024-09-07,BXR,02:14 PM,03:29 PM,75.0,02:16 PM,03:31 PM,75.0
15658,2024-09-07,DDU,04:30 PM,04:38 PM,8.0,04:40 PM,04:48 PM,8.0
15658,2024-09-07,PRYJ,07:00 PM,07:40 PM,40.0,07:10 PM,07:50 PM,40.0
15658,2024-09-07,CNB,09:30 PM,10:17 PM,47.0,09:35 PM,10:22 PM,47.0
15658,2024-09-08,BXR,02:14 PM,02:14 PM,0.0,02:16 PM,02:16 PM,0.0
15658,2024-09-08,DDU,04:30 PM,04:43 PM,13.0,04:40 PM,04:53 PM,13.0
15658,2024-09-08,PRYJ,07:00 PM,07:11 PM,11.0,07:10 PM,07:21 PM,11.0
15658,2024-09-08,CNB,09:30 PM,09:30 PM,0.0,09:35 PM,09:35 PM,0.0
15658,2024-09-09,BXR,02:14 PM,02:14 PM,0.0,02:16 PM,02:16 PM,0.0
15658,2024-09-09,DDU,04:30 PM,06:52 PM,142.0,04:40 PM,07:02 PM,142.0
15658,2024-09-09,PRYJ,07:00 PM,09:40 PM,160.0,07:10 PM,09:50 PM,160.0
15658,2024-09-09,CNB,09:30 PM,12:29 AM,179.0,09:35 PM,12:34 AM,179.0
15658,2024-09-10,BXR,02:14 PM,02:14 PM,0.0,02:16 PM,02:16 PM,0.0
15658,2024-09-10,DDU,04:30 PM,05:15 PM,45.0,04:40 PM,05:25 PM,45.0
15658,2024-09-10,PRYJ,07:00 PM,08:23 PM,83.0,07:10 PM,08:33 PM,83.0
15658,2024-09-10,CNB,09:30 PM,11:25 PM,115.0,09:35 PM,11:30 PM,115.0
15658,2024-09-11,BXR,02:14 PM,02:14 PM,0.0,02:16 PM,02:16 PM,0.0
15658,2024-09-11,DDU,04:30 PM,04:34 PM,4.0,04:40 PM,04:44 PM,4.0
15658,2024-09-11,PRYJ,07:00 PM,07:09 PM,9.0,07:10 PM,07:19 PM,9.0
15658,2024-09-11,CNB,09:30 PM,09:45 PM,15.0,09:35 PM,09:50 PM,15.0
15658,2024-09-12,BXR,02:14 PM,03:25 PM,71.0,02:16 PM,03:27 PM,71.0
15658,2024-09-12,DDU,04:30 PM,04:45 PM,15.0,04:40 PM,04:55 PM,15.0
15658,2024-09-12,PRYJ,07:00 PM,07:52 PM,52.0,07:10 PM,08:02 PM,52.0
15658,2024-09-12,CNB,09:30 PM,10:28 PM,58.0,09:35 PM,10:33 PM,58.0
15658,2024-09-13,BXR,02:14 PM,03:28 PM,74.0,02:16 PM,03:30 PM,74.0
15658,2024-09-13,DDU,04:30 PM,04:38 PM,8.0,04:40 PM,04:48 PM,8.0
15658,2024-09-13,PRYJ,07:00 PM,07:22 PM,22.0,07:10 PM,07:32 PM,22.0
15658,2024-09-13,CNB,09:30 PM,09:54 PM,24.0,09:35 PM,09:59 PM,24.0
15658,2024-09-14,BXR,02:14 PM,03:12 PM,58.0,02:16 PM,03:14 PM,58.0
15658,2024-09-14,DDU,04:30 PM,04:30 PM,0.0,04:40 PM,04:40 PM,0.0
15658,2024-09-14,PRYJ,07:00 PM,07:38 PM,38.0,07:10 PM,07:48 PM,38.0
15658,2024-09-14,CNB,09:30 PM,10:17 PM,47.0,09:35 PM,10:22 PM,47.0
15658,2024-09-15,BXR,02:14 PM,03:27 PM,73.0,02:16 PM,03:29 PM,73.0
15658,2024-09-15,DDU,04:30 PM,04:44 PM,14.0,04:40 PM,04:54 PM,14.0
15658,2024-09-15,PRYJ,07:00 PM,07:47 PM,47.0,07:10 PM,07:57 PM,47.0
15658,2024-09-15,CNB,09:30 PM,10:19 PM,49.0,09:35 PM,10:24 PM,49.0
15658,2024-09-16,BXR,02:14 PM,02:14 PM,0.0,02:16 PM,02:16 PM,0.0
15658,2024-09-16,DDU,04:30 PM,04:30 PM,0.0,04:40 PM,04:40 PM,0.0
15658,2024-09-16,PRYJ,07:00 PM,07:00 PM,0.0,07:10 PM,07:10 PM,0.0
15658,2024-09-16,CNB,09:30 PM,09:30 PM,0.0,09:35 PM,09:35 PM,0.0
15658,2024-09-17,BXR,02:14 PM,03:07 PM,53.0,02:16 PM,03:09 PM,53.0
15658,2024-09-17,DDU,04:30 PM,04:31 PM,0.0,04:40 PM,04:41 PM,0.0
15658,2024-09-17,PRYJ,07:00 PM,07:00 PM,0.0,07:10 PM,07:10 PM,0.0
15658,2024-09-17,CNB,09:30 PM,09:30 PM,0.0,09:35 PM,09:35 PM,0.0
15658,2024-09-18,BXR,02:14 PM,03:30 PM,76.0,02:16 PM,03:32 PM,76.0
15658,2024-09-18,DDU,04:30 PM,04:43 PM,13.0,04:40 PM,04:53 PM,13.0
15658,2024-09-18,PRYJ,07:00 PM,08:47 PM,107.0,07:10 PM,08:57 PM,107.0
15658,2024-09-18,CNB,09:30 PM,11:14 PM,104.0,09:35 PM,11:19 PM,104.0
15658,2024-09-19,BXR,02:14 PM,03:25 PM,71.0,02:16 PM,03:27 PM,71.0
15658,2024-09-19,DDU,04:30 PM,04:53 PM,23.0,04:40 PM,05:03 PM,23.0
15658,2024-09-19,PRYJ,07:00 PM,07:00 PM,0.0,07:10 PM,07:10 PM,0.0
15658,2024-09-19,CNB,09:30 PM,09:30 PM,0.0,09:35 PM,09:35 PM,0.0
15658,2024-09-20,BXR,02:14 PM,02:14 PM,0.0,02:16 PM,02:16 PM,0.0
15658,2024-09-20,DDU,04:30 PM,04:30 PM,0.0,04:40 PM,04:40 PM,0.0
15658,2024-09-20,PRYJ,07:00 PM,07:00 PM,0.0,07:10 PM,07:10 PM,0.0
15658,2024-09-20,CNB,09:30 PM,09:30 PM,0.0,09:35 PM,09:35 PM,0.0
15658,2024-09-21,BXR,02:14 PM,04:09 PM,115.0,02:16 PM,04:11 PM,115.0
15658,2024-09-21,DDU,04:30 PM,05:36 PM,66.0,04:40 PM,05:46 PM,66.0
15658,2024-09-21,PRYJ,07:00 PM,08:15 PM,75.0,07:10 PM,08:25 PM,75.0
15658,2024-09-21,CNB,09:30 PM,10:45 PM,75.0,09:35 PM,10:50 PM,75.0
15658,2024-09-22,BXR,02:14 PM,03:16 PM,62.0,02:16 PM,03:18 PM,62.0
15658,2024-09-22,DDU,04:30 PM,04:37 PM,7.0,04:40 PM,04:47 PM,7.0
15658,2024-09-22,PRYJ,07:00 PM,08:26 PM,86.0,07:10 PM,08:36 PM,86.0
15658,2024-09-22,CNB,09:30 PM,12:05 AM,155.0,09:35 PM,12:10 AM,155.0
15658,2024-09-23,BXR,02:14 PM,02:14 PM,0.0,02:16 PM,02:16 PM,0.0
15658,2024-09-23,DDU,04:30 PM,04:31 PM,0.0,04:40 PM,04:41 PM,0.0
15658,2024-09-23,PRYJ,07:00 PM,07:36 PM,36.0,07:10 PM,07:46 PM,36.0
15658,2024-09-23,CNB,09:30 PM,10:10 PM,40.0,09:35 PM,10:15 PM,40.0
15658,2024-09-24,BXR,02:14 PM,04:51 PM,157.0,02:16 PM,04:53 PM,157.0
15658,2024-09-24,DDU,04:30 PM,06:08 PM,98.0,04:40 PM,06:18 PM,98.0
15658,2024-09-24,PRYJ,07:00 PM,08:33 PM,93.0,07:10 PM,08:43 PM,93.0
15658,2024-09-24,CNB,09:30 PM,11:24 PM,114.0,09:35 PM,11:29 PM,114.0
15658,2024-09-25,BXR,02:14 PM,02:59 PM,45.0,02:16 PM,03:01 PM,45.0
15658,2024-09-25,DDU,04:30 PM,04:33 PM,3.0,04:40 PM,04:43 PM,3.0
15658,2024-09-25,PRYJ,07:00 PM,07:09 PM,9.0,07:10 PM,07:19 PM,9.0
15658,2024-09-25,CNB,09:30 PM,09:57 PM,27.0,09:35 PM,10:02 PM,27.0
15658,2024-09-26,BXR,02:14 PM,03:03 PM,49.0,02:16 PM,03:05 PM,49.0
15658,2024-09-26,DDU,04:30 PM,04:31 PM,0.0,04:40 PM,04:41 PM,0.0
15658,2024-09-26,PRYJ,07:00 PM,07:07 PM,7.0,07:10 PM,07:17 PM,7.0
15658,2024-09-26,CNB,09:30 PM,09:55 PM,25.0,09:35 PM,10:00 PM,25.0
15658,2024-09-27,BXR,02:14 PM,03:25 PM,71.0,02:16 PM,03:27 PM,71.0
15658,2024-09-27,DDU,04:30 PM,04:42 PM,12.0,04:40 PM,04:52 PM,12.0
15658,2024-09-27,PRYJ,07:00 PM,07:19 PM,19.0,07:10 PM,07:29 PM,19.0
15658,2024-09-27,CNB,09:30 PM,09:56 PM,26.0,09:35 PM,10:01 PM,26.0
15658,2024-09-28,BXR,02:14 PM,02:14 PM,0.0,02:16 PM,02:16 PM,0.0
15658,2024-09-28,DDU,04:30 PM,04:30 PM,0.0,04:40 PM,04:40 PM,0.0
15658,2024-09-28,PRYJ,07:00 PM,07:00 PM,0.0,07:10 PM,07:10 PM,0.0
15658,2024-09-28,CNB,09:30 PM,09:30 PM,0.0,09:35 PM,09:35 PM,0.0
15658,2024-09-29,BXR,02:14 PM,02:14 PM,0.0,02:16 PM,02:16 PM,0.0
15658,2024-09-29,DDU,04:30 PM,04:30 PM,0.0,04:40 PM,04:40 PM,0.0
15658,2024-09-29,PRYJ,07:00 PM,07:00 PM,0.0,07:10 PM,07:10 PM,0.0
15658,2024-09-29,CNB,09:30 PM,09:30 PM,0.0,09:35 PM,09:35 PM,0.0
15658,2024-09-30,BXR,02:14 PM,02:14 PM,0.0,02:16 PM,02:16 PM,0.0
15658,2024-09-30,DDU,04:30 PM,04:30 PM,0.0,04:40 PM,04:40 PM,0.0
15658,2024-09-30,PRYJ,07:00 PM,07:00 PM,0.0,07:10 PM,07:10 PM,0.0
15658,2024-09-30,CNB,09:30 PM,09:30 PM,0.0,09:35 PM,09:35 PM,0.0
9569,2024-09-06,PRYJ,04:40 PM,04:40 PM,0.0,04:50 PM,04:50 PM,0.0
9569,2024-09-06,DDU,08:50 PM,08:50 PM,0.0,09:00 PM,09:00 PM,0.0
9569,2024-09-06,BXR,10:15 PM,10:15 PM,0.0,10:17 PM,10:17 PM,0.0
9569,2024-09-20,PRYJ,04:40 PM,06:37 PM,117.0,04:50 PM,06:47 PM,117.0
9569,2024-09-20,DDU,08:50 PM,09:54 PM,64.0,09:00 PM,10:04 PM,64.0
9569,2024-09-20,BXR,10:15 PM,12:01 AM,106.0,10:17 PM,12:03 AM,106.0
9569,2024-09-27,PRYJ,04:40 PM,09:25 PM,285.0,04:50 PM,09:35 PM,285.0
9569,2024-09-27,DDU,08:50 PM,02:29 AM,339.0,09:00 PM,02:39 AM,339.0
9569,2024-09-27,BXR,10:15 PM,10:15 PM,0.0,10:17 PM,10:17 PM,0.0
5054,2024-09-07,CNB,10:45 PM,10:45 PM,0.0,10:50 PM,10:50 PM,0.0
5054,2024-09-14,CNB,10:45 PM,10:45 PM,0.0,10:50 PM,10:50 PM,0.0
5054,2024-09-21,CNB,10:45 PM,10:45 PM,0.0,10:50 PM,10:50 PM,0.0
1025,2024-09-02,PRYJ,06:50 PM,06:50 PM,0.0,07:15 PM,07:15 PM,0.0
1025,2024-09-04,PRYJ,06:50 PM,06:50 PM,0.0,07:15 PM,07:15 PM,0.0
1025,2024-09-06,PRYJ,06:50 PM,06:50 PM,0.0,07:15 PM,07:15 PM,0.0
1025,2024-09-09,PRYJ,06:50 PM,06:50 PM,0.0,07:15 PM,07:15 PM,0.0
1025,2024-09-11,PRYJ,06:50 PM,06:50 PM,0.0,07:15 PM,07:15 PM,0.0
1025,2024-09-13,PRYJ,06:50 PM,06:50 PM,0.0,07:15 PM,07:15 PM,0.0
1025,2024-09-16,PRYJ,06:50 PM,06:50 PM,0.0,07:15 PM,07:15 PM,0.0
1025,2024-09-18,PRYJ,06:50 PM,06:50 PM,0.0,07:15 PM,07:15 PM,0.0
1025,2024-09-20,PRYJ,06:50 PM,06:50 PM,0.0,07:15 PM,07:15 PM,0.0
1025,2024-09-23,PRYJ,06:50 PM,06:50 PM,0.0,07:15 PM,07:15 PM,0.0
1025,2024-09-25,PRYJ,06:50 PM,06:50 PM,0.0,07:15 PM,07:15 PM,0.0
1025,2024-09-27,PRYJ,06:50 PM,06:50 PM,0.0,07:15 PM,07:15 PM,0.0
1025,2024-09-30,PRYJ,06:50 PM,06:50 PM,0.0,07:15 PM,07:15 PM,0.0
2570,2024-09-01,CNB,06:15 PM,12:35 AM,380.0,06:20 PM,12:40 AM,380.0
2570,2024-09-02,CNB,06:15 PM,06:15 PM,0.0,06:20 PM,06:20 PM,0.0
2570,2024-09-03,CNB,06:15 PM,06:35 PM,20.0,06:20 PM,06:40 PM,20.0
2570,2024-09-04,CNB,06:15 PM,12:55 AM,400.0,06:20 PM,01:00 AM,400.0
2570,2024-09-05,CNB,06:15 PM,09:18 PM,183.0,06:20 PM,09:23 PM,183.0
2570,2024-09-06,CNB,06:15 PM,09:19 PM,184.0,06:20 PM,09:24 PM,184.0
2570,2024-09-07,CNB,06:15 PM,10:15 PM,240.0,06:20 PM,10:20 PM,240.0
2570,2024-09-08,CNB,06:15 PM,01:36 AM,441.0,06:20 PM,01:41 AM,441.0
2570,2024-09-09,CNB,06:15 PM,06:19 PM,4.0,06:20 PM,06:24 PM,4.0
2570,2024-09-10,CNB,06:15 PM,11:29 PM,314.0,06:20 PM,11:34 PM,314.0
2570,2024-09-11,CNB,06:15 PM,12:43 AM,388.0,06:20 PM,12:48 AM,388.0
2570,2024-09-12,CNB,06:15 PM,07:23 PM,68.0,06:20 PM,07:28 PM,68.0
2570,2024-09-13,CNB,06:15 PM,06:16 PM,0.0,06:20 PM,06:21 PM,0.0
2570,2024-09-14,CNB,06:15 PM,07:52 PM,97.0,06:20 PM,07:57 PM,97.0
2570,2024-09-15,CNB,06:15 PM,09:05 PM,170.0,06:20 PM,09:10 PM,170.0
2570,2024-09-16,CNB,06:15 PM,07:21 PM,66.0,06:20 PM,07:26 PM,66.0
2570,2024-09-17,CNB,06:15 PM,07:11 PM,56.0,06:20 PM,07:16 PM,56.0
2570,2024-09-18,CNB,06:15 PM,07:03 PM,48.0,06:20 PM,07:08 PM,48.0
2570,2024-09-19,CNB,06:15 PM,08:44 PM,149.0,06:20 PM,08:49 PM,149.0
2570,2024-09-20,CNB,06:15 PM,07:01 PM,46.0,06:20 PM,07:06 PM,46.0
2570,2024-09-21,CNB,06:15 PM,07:18 PM,63.0,06:20 PM,07:23 PM,63.0
2570,2024-09-22,CNB,06:15 PM,08:14 PM,119.0,06:20 PM,08:19 PM,119.0
2570,2024-09-23,CNB,06:15 PM,06:20 PM,5.0,06:20 PM,06:25 PM,5.0
2570,2024-09-24,CNB,06:15 PM,06:25 PM,10.0,06:20 PM,06:30 PM,10.0
2570,2024-09-25,CNB,06:15 PM,06:18 PM,3.0,06:20 PM,06:23 PM,3.0
2570,2024-09-26,CNB,06:15 PM,07:11 PM,56.0,06:20 PM,07:16 PM,56.0
2570,2024-09-27,CNB,06:15 PM,06:53 PM,38.0,06:20 PM,06:58 PM,38.0
2570,2024-09-28,CNB,06:15 PM,08:42 PM,147.0,06:20 PM,08:47 PM,147.0
2570,2024-09-29,CNB,06:15 PM,06:15 PM,0.0,06:20 PM,06:20 PM,0.0
2570,2024-09-30,CNB,06:15 PM,03:30 AM,555.0,06:20 PM,03:35 AM,555.0
13429,2024-09-06,DDU,10:55 PM,10:55 PM,0.0,11:05 PM,11:05 PM,0.0
13429,2024-09-13,DDU,10:55 PM,11:14 PM,19.0,11:05 PM,11:24 PM,19.0
13429,2024-09-20,DDU,10:55 PM,11:47 PM,52.0,11:05 PM,11:57 PM,52.0
13429,2024-09-27,DDU,10:55 PM,11:02 PM,7.0,11:05 PM,11:12 PM,7.0
22356,2024-09-02,DDU,03:15 PM,03:15 PM,0.0,03:25 PM,03:25 PM,0.0
22356,2024-09-02,BXR,04:26 PM,04:26 PM,0.0,04:28 PM,04:28 PM,0.0
22356,2024-09-09,DDU,03:15 PM,03:15 PM,0.0,03:25 PM,03:25 PM,0.0
22356,2024-09-09,BXR,04:26 PM,04:26 PM,0.0,04:28 PM,04:28 PM,0.0
22356,2024-09-12,DDU,03:15 PM,03:15 PM,0.0,03:25 PM,03:25 PM,0.0
22356,2024-09-12,BXR,04:26 PM,04:26 PM,0.0,04:28 PM,04:28 PM,0.0
22356,2024-09-16,DDU,03:15 PM,03:50 PM,35.0,03:25 PM,04:00 PM,35.0
22356,2024-09-16,BXR,04:26 PM,05:14 PM,48.0,04:28 PM,05:16 PM,48.0
22356,2024-09-19,DDU,03:15 PM,03:15 PM,0.0,03:25 PM,03:25 PM,0.0
22356,2024-09-19,BXR,04:26 PM,04:36 PM,10.0,04:28 PM,04:38 PM,10.0
22356,2024-09-23,DDU,03:15 PM,05:02 PM,107.0,03:25 PM,05:12 PM,107.0
22356,2024-09-23,BXR,04:26 PM,06:39 PM,133.0,04:28 PM,06:41 PM,133.0
22356,2024-09-30,DDU,03:15 PM,03:15 PM,0.0,03:25 PM,03:25 PM,0.0
22356,2024-09-30,BXR,04:26 PM,04:26 PM,0.0,04:28 PM,04:28 PM,0.0
15160,2024-09-01,PRYJ,12:10 PM,12:11 PM,0.0,12:35 PM,12:36 PM,0.0
15160,2024-09-02,PRYJ,12:10 PM,12:22 PM,12.0,12:35 PM,12:47 PM,12.0
15160,2024-09-03,PRYJ,12:10 PM,05:20 PM,310.0,12:35 PM,05:45 PM,310.0
15160,2024-09-04,PRYJ,12:10 PM,12:13 PM,3.0,12:35 PM,12:38 PM,3.0
15160,2024-09-05,PRYJ,12:10 PM,12:16 PM,6.0,12:35 PM,12:41 PM,6.0
15160,2024-09-06,PRYJ,12:10 PM,12:10 PM,0.0,12:35 PM,12:35 PM,0.0
15160,2024-09-07,PRYJ,12:10 PM,12:10 PM,0.0,12:35 PM,12:35 PM,0.0
15160,2024-09-08,PRYJ,12:10 PM,12:12 PM,2.0,12:35 PM,12:37 PM,2.0
15160,2024-09-09,PRYJ,12:10 PM,12:15 PM,5.0,12:35 PM,12:40 PM,5.0
15160,2024-09-10,PRYJ,12:10 PM,12:11 PM,0.0,12:35 PM,12:36 PM,0.0
15160,2024-09-11,PRYJ,12:10 PM,12:11 PM,0.0,12:35 PM,12:36 PM,0.0
15160,2024-09-12,PRYJ,12:10 PM,12:10 PM,0.0,12:35 PM,12:35 PM,0.0
15160,2024-09-13,PRYJ,12:10 PM,12:11 PM,0.0,12:35 PM,12:36 PM,0.0
15160,2024-09-14,PRYJ,12:10 PM,12:10 PM,0.0,12:35 PM,12:35 PM,0.0
15160,2024-09-15,PRYJ,12:10 PM,12:11 PM,0.0,12:35 PM,12:36 PM,0.0
15160,2024-09-16,PRYJ,12:10 PM,12:14 PM,4.0,12:35 PM,12:39 PM,4.0
15160,2024-09-17,PRYJ,12:10 PM,12:21 PM,11.0,12:35 PM,12:46 PM,11.0
15160,2024-09-18,PRYJ,12:10 PM,04:19 PM,249.0,12:35 PM,04:44 PM,249.0
15160,2024-09-19,PRYJ,12:10 PM,12:15 PM,5.0,12:35 PM,12:40 PM,5.0
15160,2024-09-20,PRYJ,12:10 PM,12:16 PM,6.0,12:35 PM,12:41 PM,6.0
15160,2024-09-21,PRYJ,12:10 PM,12:18 PM,8.0,12:35 PM,12:43 PM,8.0
15160,2024-09-22,PRYJ,12:10 PM,12:10 PM,0.0,12:35 PM,12:35 PM,0.0
15160,2024-09-23,PRYJ,12:10 PM,12:10 PM,0.0,12:35 PM,12:35 PM,0.0
15160,2024-09-24,PRYJ,12:10 PM,12:10 PM,0.0,12:35 PM,12:35 PM,0.0
15160,2024-09-25,PRYJ,12:10 PM,12:16 PM,6.0,12:35 PM,12:41 PM,6.0
15160,2024-09-26,PRYJ,12:10 PM,12:10 PM,0.0,12:35 PM,12:35 PM,0.0
15160,2024-09-27,PRYJ,12:10 PM,12:15 PM,5.0,12:35 PM,12:40 PM,5.0
15160,2024-09-28,PRYJ,12:10 PM,12:12 PM,2.0,12:35 PM,12:37 PM,2.0
15160,2024-09-29,PRYJ,12:10 PM,12:10 PM,0.0,12:35 PM,12:35 PM,0.0
15160,2024-09-30,PRYJ,12:10 PM,12:17 PM,7.0,12:35 PM,12:42 PM,7.0
12826,2024-09-04,CNB,01:35 PM,01:48 PM,13.0,01:45 PM,01:58 PM,13.0
12826,2024-09-04,DDU,06:58 PM,07:32 PM,34.0,07:08 PM,07:42 PM,34.0
12826,2024-09-07,CNB,01:35 PM,02:08 PM,33.0,01:45 PM,02:18 PM,33.0
12826,2024-09-07,DDU,06:58 PM,07:32 PM,34.0,07:08 PM,07:42 PM,34.0
12826,2024-09-11,CNB,01:35 PM,02:06 PM,31.0,01:45 PM,02:16 PM,31.0
12826,2024-09-11,DDU,06:58 PM,08:11 PM,73.0,07:08 PM,08:21 PM,73.0
12826,2024-09-14,CNB,01:35 PM,01:52 PM,17.0,01:45 PM,02:02 PM,17.0
12826,2024-09-14,DDU,06:58 PM,08:15 PM,77.0,07:08 PM,08:25 PM,77.0
12826,2024-09-18,CNB,01:35 PM,02:23 PM,48.0,01:45 PM,02:33 PM,48.0
12826,2024-09-18,DDU,06:58 PM,07:14 PM,16.0,07:08 PM,07:24 PM,16.0
12826,2024-09-21,CNB,01:35 PM,01:56 PM,21.0,01:45 PM,02:06 PM,21.0
12826,2024-09-21,DDU,06:58 PM,07:35 PM,37.0,07:08 PM,07:45 PM,37.0
12826,2024-09-25,CNB,01:35 PM,01:54 PM,19.0,01:45 PM,02:04 PM,19.0
12826,2024-09-25,DDU,06:58 PM,06:58 PM,0.0,07:08 PM,07:08 PM,0.0
12826,2024-09-28,CNB,01:35 PM,01:44 PM,9.0,01:45 PM,01:54 PM,9.0
12826,2024-09-28,DDU,06:58 PM,07:02 PM,4.0,07:08 PM,07:12 PM,4.0
22582,2024-09-02,CNB,04:25 AM,04:31 AM,6.0,04:30 AM,04:36 AM,6.0
22582,2024-09-02,PRYJ,07:15 AM,07:27 AM,12.0,07:25 AM,07:37 AM,12.0
22582,2024-09-03,CNB,04:25 AM,05:08 AM,43.0,04:30 AM,05:13 AM,43.0
22582,2024-09-03,PRYJ,07:15 AM,07:17 AM,2.0,07:25 AM,07:27 AM,2.0
22582,2024-09-09,CNB,04:25 AM,04:32 AM,7.0,04:30 AM,04:37 AM,7.0
22582,2024-09-09,PRYJ,07:15 AM,07:20 AM,5.0,07:25 AM,07:30 AM,5.0
22582,2024-09-10,CNB,04:25 AM,05:04 AM,39.0,04:30 AM,05:09 AM,39.0
22582,2024-09-10,PRYJ,07:15 AM,07:26 AM,11.0,07:25 AM,07:36 AM,11.0
22582,2024-09-17,CNB,04:25 AM,04:25 AM,0.0,04:30 AM,04:30 AM,0.0
22582,2024-09-17,PRYJ,07:15 AM,07:15 AM,0.0,07:25 AM,07:25 AM,0.0
22582,2024-09-23,CNB,04:25 AM,04:48 AM,23.0,04:30 AM,04:53 AM,23.0
22582,2024-09-23,PRYJ,07:15 AM,07:15 AM,0.0,07:25 AM,07:25 AM,0.0
22582,2024-09-24,CNB,04:25 AM,05:03 AM,38.0,04:30 AM,05:08 AM,38.0
22582,2024-09-24,PRYJ,07:15 AM,07:38 AM,23.0,07:25 AM,07:48 AM,23.0
22582,2024-09-30,CNB,04:25 AM,04:46 AM,21.0,04:30 AM,04:51 AM,21.0
22582,2024-09-30,PRYJ,07:15 AM,07:16 AM,0.0,07:25 AM,07:26 AM,0.0
14619,2024-09-05,DDU,01:50 AM,01:51 AM,0.0,02:00 AM,02:01 AM,0.0
14619,2024-09-05,PRYJ,04:00 AM,04:06 AM,6.0,04:05 AM,04:11 AM,6.0
14619,2024-09-05,CNB,06:25 AM,06:32 AM,7.0,06:30 AM,06:37 AM,7.0
14619,2024-09-12,DDU,01:50 AM,01:52 AM,2.0,02:00 AM,02:02 AM,2.0
14619,2024-09-12,PRYJ,04:00 AM,04:13 AM,13.0,04:05 AM,04:18 AM,13.0
14619,2024-09-12,CNB,06:25 AM,06:27 AM,2.0,06:30 AM,06:32 AM,2.0
14619,2024-09-19,DDU,01:50 AM,02:00 AM,10.0,02:00 AM,02:10 AM,10.0
14619,2024-09-19,PRYJ,04:00 AM,04:00 AM,0.0,04:05 AM,04:05 AM,0.0
14619,2024-09-19,CNB,06:25 AM,06:25 AM,0.0,06:30 AM,06:30 AM,0.0
14619,2024-09-26,DDU,01:50 AM,01:50 AM,0.0,02:00 AM,02:00 AM,0.0
14619,2024-09-26,PRYJ,04:00 AM,04:24 AM,24.0,04:05 AM,04:29 AM,24.0
14619,2024-09-26,CNB,06:25 AM,06:45 AM,20.0,06:30 AM,06:50 AM,20.0
22466,2024-09-04,CNB,05:35 PM,05:52 PM,17.0,05:40 PM,05:57 PM,17.0
22466,2024-09-04,PRYJ,07:50 PM,08:26 PM,36.0,07:52 PM,08:28 PM,36.0
22466,2024-09-04,DDU,10:02 PM,10:39 PM,37.0,10:12 PM,10:49 PM,37.0
22466,2024-09-04,BXR,11:13 PM,11:13 PM,0.0,11:15 PM,11:15 PM,0.0
22466,2024-09-11,CNB,05:35 PM,06:10 PM,35.0,05:40 PM,06:15 PM,35.0
22466,2024-09-11,PRYJ,07:50 PM,08:54 PM,64.0,07:52 PM,08:56 PM,64.0
22466,2024-09-11,DDU,10:02 PM,11:24 PM,82.0,10:12 PM,11:34 PM,82.0
22466,2024-09-11,BXR,11:13 PM,11:13 PM,0.0,11:15 PM,11:15 PM,0.0
22466,2024-09-25,CNB,05:35 PM,05:49 PM,14.0,05:40 PM,05:54 PM,14.0
22466,2024-09-25,PRYJ,07:50 PM,07:50 PM,0.0,07:52 PM,07:52 PM,0.0
22466,2024-09-25,DDU,10:02 PM,10:02 PM,0.0,10:12 PM,10:12 PM,0.0
22466,2024-09-25,BXR,11:13 PM,11:13 PM,0.0,11:15 PM,11:15 PM,0.0
12454,2024-09-07,CNB,08:52 PM,09:16 PM,24.0,08:57 PM,09:21 PM,24.0
12454,2024-09-07,PRYJ,10:58 PM,11:14 PM,16.0,11:00 PM,11:16 PM,16.0
12454,2024-09-14,CNB,08:52 PM,08:54 PM,2.0,08:57 PM,08:59 PM,2.0
12454,2024-09-14,PRYJ,10:58 PM,10:58 PM,0.0,11:00 PM,11:00 PM,0.0
12454,2024-09-28,CNB,08:52 PM,08:58 PM,6.0,08:57 PM,09:03 PM,6.0
12454,2024-09-28,PRYJ,10:58 PM,10:58 PM,0.0,11:00 PM,11:00 PM,0.0
14261,2024-09-04,DDU,10:40 PM,10:41 PM,0.0,10:50 PM,10:51 PM,0.0
14261,2024-09-06,DDU,10:40 PM,10:40 PM,0.0,10:50 PM,10:50 PM,0.0
14261,2024-09-11,DDU,10:40 PM,10:40 PM,0.0,10:50 PM,10:50 PM,0.0
14261,2024-09-13,DDU,10:40 PM,10:40 PM,0.0,10:50 PM,10:50 PM,0.0
14261,2024-09-27,DDU,10:40 PM,10:40 PM,0.0,10:50 PM,10:50 PM,0.0
12948,2024-09-04,BXR,01:14 AM,01:17 AM,3.0,01:16 AM,01:19 AM,3.0
12948,2024-09-04,DDU,03:05 AM,03:05 AM,0.0,03:15 AM,03:15 AM,0.0
12948,2024-09-04,PRYJ,05:30 AM,05:30 AM,0.0,05:35 AM,05:35 AM,0.0
12948,2024-09-04,CNB,08:00 AM,08:00 AM,0.0,08:10 AM,08:10 AM,0.0
12948,2024-09-11,BXR,01:14 AM,01:31 AM,17.0,01:16 AM,01:33 AM,17.0
12948,2024-09-11,DDU,03:05 AM,03:05 AM,0.0,03:15 AM,03:15 AM,0.0
12948,2024-09-11,PRYJ,05:30 AM,05:35 AM,5.0,05:35 AM,05:40 AM,5.0
12948,2024-09-11,CNB,08:00 AM,08:04 AM,4.0,08:10 AM,08:14 AM,4.0
12948,2024-09-13,BXR,01:14 AM,01:40 AM,26.0,01:16 AM,01:42 AM,26.0
12948,2024-09-13,DDU,03:05 AM,03:06 AM,0.0,03:15 AM,03:16 AM,0.0
12948,2024-09-13,PRYJ,05:30 AM,05:50 AM,20.0,05:35 AM,05:55 AM,20.0
12948,2024-09-13,CNB,08:00 AM,08:07 AM,7.0,08:10 AM,08:17 AM,7.0
12948,2024-09-25,BXR,01:14 AM,01:21 AM,7.0,01:16 AM,01:23 AM,7.0
12948,2024-09-25,DDU,03:05 AM,03:10 AM,5.0,03:15 AM,03:20 AM,5.0
12948,2024-09-25,PRYJ,05:30 AM,05:32 AM,2.0,05:35 AM,05:37 AM,2.0
12948,2024-09-25,CNB,08:00 AM,08:01 AM,0.0,08:10 AM,08:11 AM,0.0
12948,2024-09-27,BXR,01:14 AM,01:22 AM,8.0,01:16 AM,01:24 AM,8.0
12948,2024-09-27,DDU,03:05 AM,03:05 AM,0.0,03:15 AM,03:15 AM,0.0
12948,2024-09-27,PRYJ,05:30 AM,05:42 AM,12.0,05:35 AM,05:47 AM,12.0
12948,2024-09-27,CNB,08:00 AM,08:05 AM,5.0,08:10 AM,08:15 AM,5.0
22947,2024-09-07,DDU,09:22 AM,09:23 AM,0.0,09:32 AM,09:33 AM,0.0
22947,2024-09-07,BXR,10:47 AM,10:51 AM,4.0,10:49 AM,10:53 AM,4.0
22947,2024-09-10,DDU,09:22 AM,09:22 AM,0.0,09:32 AM,09:32 AM,0.0
22947,2024-09-10,BXR,10:47 AM,10:47 AM,0.0,10:49 AM,10:49 AM,0.0
22947,2024-09-14,DDU,09:22 AM,09:22 AM,0.0,09:32 AM,09:32 AM,0.0
22947,2024-09-14,BXR,10:47 AM,10:47 AM,0.0,10:49 AM,10:49 AM,0.0
22947,2024-09-17,DDU,09:22 AM,09:22 AM,0.0,09:32 AM,09:32 AM,0.0
22947,2024-09-17,BXR,10:47 AM,10:47 AM,0.0,10:49 AM,10:49 AM,0.0
22947,2024-09-21,DDU,09:22 AM,09:23 AM,0.0,09:32 AM,09:33 AM,0.0
22947,2024-09-21,BXR,10:47 AM,10:50 AM,3.0,10:49 AM,10:52 AM,3.0
22947,2024-09-24,DDU,09:22 AM,09:22 AM,0.0,09:32 AM,09:32 AM,0.0
22947,2024-09-24,BXR,10:47 AM,10:47 AM,0.0,10:49 AM,10:49 AM,0.0
22947,2024-09-28,DDU,09:22 AM,09:22 AM,0.0,09:32 AM,09:32 AM,0.0
22947,2024-09-28,BXR,10:47 AM,10:50 AM,3.0,10:49 AM,10:52 AM,3.0
12166,2024-09-03,PRYJ,11:05 PM,11:26 PM,21.0,11:30 PM,11:51 PM,21.0
12166,2024-09-06,PRYJ,11:05 PM,11:20 PM,15.0,11:30 PM,11:45 PM,15.0
12166,2024-09-07,PRYJ,11:05 PM,11:15 PM,10.0,11:30 PM,11:40 PM,10.0
12166,2024-09-10,PRYJ,11:05 PM,11:45 PM,40.0,11:30 PM,12:10 AM,40.0
12166,2024-09-13,PRYJ,11:05 PM,11:26 PM,21.0,11:30 PM,11:51 PM,21.0
12166,2024-09-14,PRYJ,11:05 PM,02:35 AM,210.0,11:30 PM,03:00 AM,210.0
12166,2024-09-17,PRYJ,11:05 PM,11:13 PM,8.0,11:30 PM,11:38 PM,8.0
12166,2024-09-20,PRYJ,11:05 PM,01:53 AM,168.0,11:30 PM,02:18 AM,168.0
12166,2024-09-21,PRYJ,11:05 PM,05:54 AM,409.0,11:30 PM,06:19 AM,409.0
12166,2024-09-24,PRYJ,11:05 PM,11:39 PM,34.0,11:30 PM,12:04 AM,34.0
12166,2024-09-27,PRYJ,11:05 PM,12:11 AM,66.0,11:30 PM,12:36 AM,66.0
12166,2024-09-28,PRYJ,11:05 PM,11:59 PM,54.0,11:30 PM,12:24 AM,54.0
22410,2024-09-07,CNB,01:10 AM,02:48 AM,98.0,01:15 AM,02:53 AM,98.0
22410,2024-09-07,PRYJ,03:45 AM,05:01 AM,76.0,03:50 AM,05:06 AM,76.0
22410,2024-09-07,DDU,06:07 AM,07:17 AM,70.0,06:17 AM,07:27 AM,70.0
22410,2024-09-14,CNB,01:10 AM,02:03 AM,53.0,01:15 AM,02:08 AM,53.0
22410,2024-09-14,PRYJ,03:45 AM,04:15 AM,30.0,03:50 AM,04:20 AM,30.0
22410,2024-09-14,DDU,06:07 AM,06:28 AM,21.0,06:17 AM,06:38 AM,21.0
22410,2024-09-21,CNB,01:10 AM,01:10 AM,0.0,01:15 AM,01:15 AM,0.0
22410,2024-09-21,PRYJ,03:45 AM,03:45 AM,0.0,03:50 AM,03:50 AM,0.0
22410,2024-09-21,DDU,06:07 AM,06:07 AM,0.0,06:17 AM,06:17 AM,0.0
22410,2024-09-28,CNB,01:10 AM,01:10 AM,0.0,01:15 AM,01:15 AM,0.0
22410,2024-09-28,PRYJ,03:45 AM,03:45 AM,0.0,03:50 AM,03:50 AM,0.0
22410,2024-09-28,DDU,06:07 AM,06:07 AM,0.0,06:17 AM,06:17 AM,0.0
13151,2024-09-01,DDU,01:20 AM,01:20 AM,0.0,01:30 AM,01:30 AM,0.0
13151,2024-09-02,DDU,01:20 AM,01:37 AM,17.0,01:30 AM,01:47 AM,17.0
13151,2024-09-03,DDU,01:20 AM,01:27 AM,7.0,01:30 AM,01:37 AM,7.0
13151,2024-09-04,DDU,01:20 AM,01:20 AM,0.0,01:30 AM,01:30 AM,0.0
13151,2024-09-05,DDU,01:20 AM,01:50 AM,30.0,01:30 AM,02:00 AM,30.0
13151,2024-09-06,DDU,01:20 AM,01:31 AM,11.0,01:30 AM,01:41 AM,11.0
13151,2024-09-07,DDU,01:20 AM,01:35 AM,15.0,01:30 AM,01:45 AM,15.0
13151,2024-09-08,DDU,01:20 AM,01:20 AM,0.0,01:30 AM,01:30 AM,0.0
13151,2024-09-09,DDU,01:20 AM,01:20 AM,0.0,01:30 AM,01:30 AM,0.0
13151,2024-09-10,DDU,01:20 AM,01:28 AM,8.0,01:30 AM,01:38 AM,8.0
13151,2024-09-11,DDU,01:20 AM,01:46 AM,26.0,01:30 AM,01:56 AM,26.0
13151,2024-09-12,DDU,01:20 AM,01:41 AM,21.0,01:30 AM,01:51 AM,21.0
13151,2024-09-13,DDU,01:20 AM,01:20 AM,0.0,01:30 AM,01:30 AM,0.0
13151,2024-09-14,DDU,01:20 AM,01:20 AM,0.0,01:30 AM,01:30 AM,0.0
13151,2024-09-15,DDU,01:20 AM,01:20 AM,0.0,01:30 AM,01:30 AM,0.0
13151,2024-09-16,DDU,01:20 AM,01:40 AM,20.0,01:30 AM,01:50 AM,20.0
13151,2024-09-17,DDU,01:20 AM,01:20 AM,0.0,01:30 AM,01:30 AM,0.0
13151,2024-09-18,DDU,01:20 AM,01:20 AM,0.0,01:30 AM,01:30 AM,0.0
13151,2024-09-19,DDU,01:20 AM,01:20 AM,0.0,01:30 AM,01:30 AM,0.0
13151,2024-09-20,DDU,01:20 AM,01:23 AM,3.0,01:30 AM,01:33 AM,3.0
13151,2024-09-21,DDU,01:20 AM,01:33 AM,13.0,01:30 AM,01:43 AM,13.0
13151,2024-09-22,DDU,01:20 AM,01:20 AM,0.0,01:30 AM,01:30 AM,0.0
13151,2024-09-23,DDU,01:20 AM,01:46 AM,26.0,01:30 AM,01:56 AM,26.0
13151,2024-09-24,DDU,01:20 AM,01:41 AM,21.0,01:30 AM,01:51 AM,21.0
13151,2024-09-25,DDU,01:20 AM,01:20 AM,0.0,01:30 AM,01:30 AM,0.0
13151,2024-09-26,DDU,01:20 AM,01:20 AM,0.0,01:30 AM,01:30 AM,0.0
13151,2024-09-27,DDU,01:20 AM,01:30 AM,10.0,01:30 AM,01:40 AM,10.0
13151,2024-09-28,DDU,01:20 AM,01:20 AM,0.0,01:30 AM,01:30 AM,0.0
13151,2024-09-29,DDU,01:20 AM,01:20 AM,0.0,01:30 AM,01:30 AM,0.0
13151,2024-09-30,DDU,01:20 AM,01:28 AM,8.0,01:30 AM,01:38 AM,8.0
5304,2024-09-01,CNB,05:45 AM,05:45 AM,0.0,05:50 AM,05:50 AM,0.0
5304,2024-09-08,CNB,05:45 AM,11:48 AM,363.0,05:50 AM,11:53 AM,363.0
5304,2024-09-15,CNB,05:45 AM,05:45 AM,0.0,05:50 AM,05:50 AM,0.0
5304,2024-09-22,CNB,05:45 AM,11:33 AM,348.0,05:50 AM,11:38 AM,348.0
22409,2024-09-01,DDU,10:30 PM,10:30 PM,0.0,10:40 PM,10:40 PM,0.0
22409,2024-09-01,PRYJ,12:45 AM,12:45 AM,0.0,12:50 AM,12:50 AM,0.0
22409,2024-09-01,CNB,03:05 AM,03:05 AM,0.0,03:10 AM,03:10 AM,0.0
22409,2024-09-08,DDU,10:30 PM,10:30 PM,0.0,10:40 PM,10:40 PM,0.0
22409,2024-09-08,PRYJ,12:45 AM,12:45 AM,0.0,12:50 AM,12:50 AM,0.0
22409,2024-09-08,CNB,03:05 AM,03:05 AM,0.0,03:10 AM,03:10 AM,0.0
22409,2024-09-15,DDU,10:30 PM,10:38 PM,8.0,10:40 PM,10:48 PM,8.0
22409,2024-09-15,PRYJ,12:45 AM,12:51 AM,6.0,12:50 AM,12:56 AM,6.0
22409,2024-09-15,CNB,03:05 AM,03:10 AM,5.0,03:10 AM,03:15 AM,5.0
22409,2024-09-22,DDU,10:30 PM,10:33 PM,3.0,10:40 PM,10:43 PM,3.0
22409,2024-09-22,PRYJ,12:45 AM,12:46 AM,0.0,12:50 AM,12:51 AM,0.0
22409,2024-09-22,CNB,03:05 AM,03:05 AM,0.0,03:10 AM,03:10 AM,0.0
22409,2024-09-29,DDU,10:30 PM,10:41 PM,11.0,10:40 PM,10:51 PM,11.0
22409,2024-09-29,PRYJ,12:45 AM,01:01 AM,16.0,12:50 AM,01:06 AM,16.0
22409,2024-09-29,CNB,03:05 AM,03:33 AM,28.0,03:10 AM,03:38 AM,28.0
1446,2024-09-11,BXR,03:30 PM,03:30 PM,0.0,03:32 PM,03:32 PM,0.0
1446,2024-09-11,DDU,05:20 PM,05:20 PM,0.0,05:22 PM,05:22 PM,0.0
13240,2024-09-02,CNB,05:00 AM,05:03 AM,3.0,05:05 AM,05:08 AM,3.0
13240,2024-09-02,DDU,03:40 PM,03:54 PM,14.0,03:50 PM,04:04 PM,14.0
13240,2024-09-02,BXR,05:03 PM,05:03 PM,0.0,05:05 PM,05:05 PM,0.0
13240,2024-09-03,CNB,05:00 AM,05:01 AM,0.0,05:05 AM,05:06 AM,0.0
13240,2024-09-03,DDU,03:40 PM,03:40 PM,0.0,03:50 PM,03:50 PM,0.0
13240,2024-09-03,BXR,05:03 PM,05:07 PM,4.0,05:05 PM,05:09 PM,4.0
13240,2024-09-04,CNB,05:00 AM,05:00 AM,0.0,05:05 AM,05:05 AM,0.0
13240,2024-09-04,DDU,03:40 PM,03:40 PM,0.0,03:50 PM,03:50 PM,0.0
13240,2024-09-04,BXR,05:03 PM,05:03 PM,0.0,05:05 PM,05:05 PM,0.0
13240,2024-09-07,CNB,05:00 AM,05:03 AM,3.0,05:05 AM,05:08 AM,3.0
13240,2024-09-07,DDU,03:40 PM,03:46 PM,6.0,03:50 PM,03:56 PM,6.0
13240,2024-09-07,BXR,05:03 PM,05:05 PM,2.0,05:05 PM,05:07 PM,2.0
13240,2024-09-09,CNB,05:00 AM,05:01 AM,0.0,05:05 AM,05:06 AM,0.0
13240,2024-09-09,DDU,03:40 PM,03:40 PM,0.0,03:50 PM,03:50 PM,0.0
13240,2024-09-09,BXR,05:03 PM,05:03 PM,0.0,05:05 PM,05:05 PM,0.0
13240,2024-09-10,CNB,05:00 AM,05:14 AM,14.0,05:05 AM,05:19 AM,14.0
13240,2024-09-10,DDU,03:40 PM,03:40 PM,0.0,03:50 PM,03:50 PM,0.0
13240,2024-09-10,BXR,05:03 PM,05:09 PM,6.0,05:05 PM,05:11 PM,6.0
13240,2024-09-11,CNB,05:00 AM,05:21 AM,21.0,05:05 AM,05:26 AM,21.0
13240,2024-09-11,DDU,03:40 PM,03:40 PM,0.0,03:50 PM,03:50 PM,0.0
13240,2024-09-11,BXR,05:03 PM,05:04 PM,0.0,05:05 PM,05:06 PM,0.0
13240,2024-09-14,CNB,05:00 AM,05:09 AM,9.0,05:05 AM,05:14 AM,9.0
13240,2024-09-14,DDU,03:40 PM,03:44 PM,4.0,03:50 PM,03:54 PM,4.0
13240,2024-09-14,BXR,05:03 PM,05:03 PM,0.0,05:05 PM,05:05 PM,0.0
13240,2024-09-16,CNB,05:00 AM,09:50 AM,290.0,05:05 AM,09:55 AM,290.0
13240,2024-09-16,DDU,03:40 PM,03:40 PM,0.0,03:50 PM,03:50 PM,0.0
13240,2024-09-16,BXR,05:03 PM,05:03 PM,0.0,05:05 PM,05:05 PM,0.0
13240,2024-09-17,CNB,05:00 AM,05:26 AM,26.0,05:05 AM,05:31 AM,26.0
13240,2024-09-17,DDU,03:40 PM,03:40 PM,0.0,03:50 PM,03:50 PM,0.0
13240,2024-09-17,BXR,05:03 PM,05:09 PM,6.0,05:05 PM,05:11 PM,6.0
13240,2024-09-18,CNB,05:00 AM,07:00 AM,120.0,05:05 AM,07:05 AM,120.0
13240,2024-09-18,DDU,03:40 PM,03:40 PM,0.0,03:50 PM,03:50 PM,0.0
13240,2024-09-18,BXR,05:03 PM,05:03 PM,0.0,05:05 PM,05:05 PM,0.0
13240,2024-09-21,CNB,05:00 AM,05:15 AM,15.0,05:05 AM,05:20 AM,15.0
13240,2024-09-21,DDU,03:40 PM,03:40 PM,0.0,03:50 PM,03:50 PM,0.0
13240,2024-09-21,BXR,05:03 PM,05:06 PM,3.0,05:05 PM,05:08 PM,3.0
13240,2024-09-23,CNB,05:00 AM,06:00 AM,60.0,05:05 AM,06:05 AM,60.0
13240,2024-09-23,DDU,03:40 PM,03:42 PM,2.0,03:50 PM,03:52 PM,2.0
13240,2024-09-23,BXR,05:03 PM,05:13 PM,10.0,05:05 PM,05:15 PM,10.0
13240,2024-09-24,CNB,05:00 AM,11:43 AM,403.0,05:05 AM,11:48 AM,403.0
13240,2024-09-24,DDU,03:40 PM,10:55 PM,435.0,03:50 PM,11:05 PM,435.0
13240,2024-09-24,BXR,05:03 PM,12:30 AM,447.0,05:05 PM,12:32 AM,447.0
13240,2024-09-25,CNB,05:00 AM,05:06 AM,6.0,05:05 AM,05:11 AM,6.0
13240,2024-09-25,DDU,03:40 PM,03:40 PM,0.0,03:50 PM,03:50 PM,0.0
13240,2024-09-25,BXR,05:03 PM,05:05 PM,2.0,05:05 PM,05:07 PM,2.0
13240,2024-09-28,CNB,05:00 AM,05:28 AM,28.0,05:05 AM,05:33 AM,28.0
13240,2024-09-28,DDU,03:40 PM,03:40 PM,0.0,03:50 PM,03:50 PM,0.0
13240,2024-09-28,BXR,05:03 PM,05:16 PM,13.0,05:05 PM,05:18 PM,13.0
13240,2024-09-30,CNB,05:00 AM,05:02 AM,2.0,05:05 AM,05:07 AM,2.0
13240,2024-09-30,DDU,03:40 PM,03:43 PM,3.0,03:50 PM,03:53 PM,3.0
13240,2024-09-30,BXR,05:03 PM,05:05 PM,2.0,05:05 PM,05:07 PM,2.0
18102,2024-09-02,CNB,02:20 PM,03:01 PM,41.0,02:25 PM,03:06 PM,41.0
18102,2024-09-02,PRYJ,05:10 PM,06:27 PM,77.0,05:20 PM,06:37 PM,77.0
18102,2024-09-04,CNB,02:20 PM,02:29 PM,9.0,02:25 PM,02:34 PM,9.0
18102,2024-09-04,PRYJ,05:10 PM,05:36 PM,26.0,05:20 PM,05:46 PM,26.0
18102,2024-09-07,CNB,02:20 PM,02:44 PM,24.0,02:25 PM,02:49 PM,24.0
18102,2024-09-07,PRYJ,05:10 PM,06:04 PM,54.0,05:20 PM,06:14 PM,54.0
18102,2024-09-09,CNB,02:20 PM,02:24 PM,4.0,02:25 PM,02:29 PM,4.0
18102,2024-09-09,PRYJ,05:10 PM,05:41 PM,31.0,05:20 PM,05:51 PM,31.0
18102,2024-09-11,CNB,02:20 PM,02:42 PM,22.0,02:25 PM,02:47 PM,22.0
18102,2024-09-11,PRYJ,05:10 PM,05:47 PM,37.0,05:20 PM,05:57 PM,37.0
18102,2024-09-14,CNB,02:20 PM,02:58 PM,38.0,02:25 PM,03:03 PM,38.0
18102,2024-09-14,PRYJ,05:10 PM,05:54 PM,44.0,05:20 PM,06:04 PM,44.0
18102,2024-09-16,CNB,02:20 PM,03:33 PM,73.0,02:25 PM,03:38 PM,73.0
18102,2024-09-16,PRYJ,05:10 PM,06:33 PM,83.0,05:20 PM,06:43 PM,83.0
18102,2024-09-18,CNB,02:20 PM,02:42 PM,22.0,02:25 PM,02:47 PM,22.0
18102,2024-09-18,PRYJ,05:10 PM,05:46 PM,36.0,05:20 PM,05:56 PM,36.0
18102,2024-09-21,CNB,02:20 PM,03:03 PM,43.0,02:25 PM,03:08 PM,43.0
18102,2024-09-21,PRYJ,05:10 PM,06:04 PM,54.0,05:20 PM,06:14 PM,54.0
18102,2024-09-23,CNB,02:20 PM,02:20 PM,0.0,02:25 PM,02:25 PM,0.0
18102,2024-09-23,PRYJ,05:10 PM,05:10 PM,0.0,05:20 PM,05:20 PM,0.0
18102,2024-09-25,CNB,02:20 PM,02:44 PM,24.0,02:25 PM,02:49 PM,24.0
18102,2024-09-25,PRYJ,05:10 PM,05:10 PM,0.0,05:20 PM,05:20 PM,0.0
18102,2024-09-28,CNB,02:20 PM,02:28 PM,8.0,02:25 PM,02:33 PM,8.0
18102,2024-09-28,PRYJ,05:10 PM,05:18 PM,8.0,05:20 PM,05:28 PM,8.0
18102,2024-09-30,CNB,02:20 PM,02:45 PM,25.0,02:25 PM,02:50 PM,25.0
18102,2024-09-30,PRYJ,05:10 PM,05:57 PM,47.0,05:20 PM,06:07 PM,47.0
15635,2024-09-06,CNB,07:05 PM,07:57 PM,52.0,07:10 PM,08:02 PM,52.0
15635,2024-09-06,DDU,07:15 AM,07:15 AM,0.0,07:25 AM,07:25 AM,0.0
15635,2024-09-06,BXR,08:31 AM,08:31 AM,0.0,08:33 AM,08:33 AM,0.0
15635,2024-09-13,CNB,07:05 PM,07:05 PM,0.0,07:10 PM,07:10 PM,0.0
15635,2024-09-13,DDU,07:15 AM,07:15 AM,0.0,07:25 AM,07:25 AM,0.0
15635,2024-09-13,BXR,08:31 AM,08:31 AM,0.0,08:33 AM,08:33 AM,0.0
15635,2024-09-20,CNB,07:05 PM,07:30 PM,25.0,07:10 PM,07:35 PM,25.0
15635,2024-09-20,DDU,07:15 AM,07:31 AM,16.0,07:25 AM,07:41 AM,16.0
15635,2024-09-20,BXR,08:31 AM,09:04 AM,33.0,08:33 AM,09:06 AM,33.0
15635,2024-09-27,CNB,07:05 PM,07:22 PM,17.0,07:10 PM,07:27 PM,17.0
15635,2024-09-27,DDU,07:15 AM,07:33 AM,18.0,07:25 AM,07:43 AM,18.0
15635,2024-09-27,BXR,08:31 AM,08:31 AM,0.0,08:33 AM,08:33 AM,0.0
1664,2024-09-03,BXR,02:30 AM,10:01 AM,451.0,02:32 AM,10:03 AM,451.0
1664,2024-09-03,DDU,05:00 AM,11:29 AM,389.0,05:10 AM,11:39 AM,389.0
1664,2024-09-10,BXR,02:30 AM,02:30 AM,0.0,02:32 AM,02:32 AM,0.0
1664,2024-09-10,DDU,05:00 AM,06:29 PM,809.0,05:10 AM,06:39 PM,809.0
1664,2024-09-17,BXR,02:30 AM,11:02 AM,512.0,02:32 AM,11:04 AM,512.0
1664,2024-09-17,DDU,05:00 AM,02:21 PM,561.0,05:10 AM,02:31 PM,561.0
22311,2024-09-08,BXR,03:38 PM,04:09 PM,31.0,03:42 PM,04:13 PM,31.0
22311,2024-09-08,DDU,05:35 PM,05:35 PM,0.0,05:45 PM,05:45 PM,0.0
22311,2024-09-15,BXR,03:38 PM,04:16 PM,38.0,03:42 PM,04:20 PM,38.0
22311,2024-09-15,DDU,05:35 PM,05:39 PM,4.0,05:45 PM,05:49 PM,4.0
22311,2024-09-22,BXR,03:38 PM,09:40 PM,362.0,03:42 PM,09:44 PM,362.0
22311,2024-09-22,DDU,05:35 PM,11:25 PM,350.0,05:45 PM,11:35 PM,350.0
22311,2024-09-29,BXR,03:38 PM,04:28 PM,50.0,03:42 PM,04:32 PM,50.0
22311,2024-09-29,DDU,05:35 PM,05:35 PM,0.0,05:45 PM,05:45 PM,0.0
14118,2024-09-01,CNB,09:25 AM,09:31 AM,6.0,09:30 AM,09:36 AM,6.0
14118,2024-09-01,PRYJ,12:55 PM,12:58 PM,3.0,12:55 PM,12:58 PM,3.0
14118,2024-09-02,CNB,09:25 AM,09:30 AM,5.0,09:30 AM,09:35 AM,5.0
14118,2024-09-02,PRYJ,12:55 PM,12:55 PM,0.0,12:55 PM,12:55 PM,0.0
14118,2024-09-03,CNB,09:25 AM,09:29 AM,4.0,09:30 AM,09:34 AM,4.0
14118,2024-09-03,PRYJ,12:55 PM,12:55 PM,0.0,12:55 PM,12:55 PM,0.0
14118,2024-09-04,CNB,09:25 AM,10:00 AM,35.0,09:30 AM,10:05 AM,35.0
14118,2024-09-04,PRYJ,12:55 PM,01:07 PM,12.0,12:55 PM,01:07 PM,12.0
14118,2024-09-05,CNB,09:25 AM,09:37 AM,12.0,09:30 AM,09:42 AM,12.0
14118,2024-09-05,PRYJ,12:55 PM,12:55 PM,0.0,12:55 PM,12:55 PM,0.0
14118,2024-09-06,CNB,09:25 AM,09:25 AM,0.0,09:30 AM,09:30 AM,0.0
14118,2024-09-06,PRYJ,12:55 PM,12:55 PM,0.0,12:55 PM,12:55 PM,0.0
14118,2024-09-07,CNB,09:25 AM,09:25 AM,0.0,09:30 AM,09:30 AM,0.0
14118,2024-09-07,PRYJ,12:55 PM,12:55 PM,0.0,12:55 PM,12:55 PM,0.0
14118,2024-09-08,CNB,09:25 AM,09:26 AM,0.0,09:30 AM,09:31 AM,0.0
14118,2024-09-08,PRYJ,12:55 PM,12:55 PM,0.0,12:55 PM,12:55 PM,0.0
14118,2024-09-09,CNB,09:25 AM,09:29 AM,4.0,09:30 AM,09:34 AM,4.0
14118,2024-09-09,PRYJ,12:55 PM,12:55 PM,0.0,12:55 PM,12:55 PM,0.0
14118,2024-09-10,CNB,09:25 AM,09:46 AM,21.0,09:30 AM,09:51 AM,21.0
14118,2024-09-10,PRYJ,12:55 PM,12:57 PM,2.0,12:55 PM,12:57 PM,2.0
14118,2024-09-11,CNB,09:25 AM,09:35 AM,10.0,09:30 AM,09:40 AM,10.0
14118,2024-09-11,PRYJ,12:55 PM,01:03 PM,8.0,12:55 PM,01:03 PM,8.0
14118,2024-09-12,CNB,09:25 AM,09:25 AM,0.0,09:30 AM,09:30 AM,0.0
14118,2024-09-12,PRYJ,12:55 PM,12:55 PM,0.0,12:55 PM,12:55 PM,0.0
14118,2024-09-13,CNB,09:25 AM,09:25 AM,0.0,09:30 AM,09:30 AM,0.0
14118,2024-09-13,PRYJ,12:55 PM,12:55 PM,0.0,12:55 PM,12:55 PM,0.0
14118,2024-09-14,CNB,09:25 AM,09:29 AM,4.0,09:30 AM,09:34 AM,4.0
14118,2024-09-14,PRYJ,12:55 PM,12:55 PM,0.0,12:55 PM,12:55 PM,0.0
14118,2024-09-15,CNB,09:25 AM,09:41 AM,16.0,09:30 AM,09:46 AM,16.0
14118,2024-09-15,PRYJ,12:55 PM,12:55 PM,0.0,12:55 PM,12:55 PM,0.0
14118,2024-09-16,CNB,09:25 AM,09:34 AM,9.0,09:30 AM,09:39 AM,9.0
14118,2024-09-16,PRYJ,12:55 PM,12:55 PM,0.0,12:55 PM,12:55 PM,0.0
14118,2024-09-17,CNB,09:25 AM,09:25 AM,0.0,09:30 AM,09:30 AM,0.0
14118,2024-09-17,PRYJ,12:55 PM,12:55 PM,0.0,12:55 PM,12:55 PM,0.0
14118,2024-09-18,CNB,09:25 AM,09:31 AM,6.0,09:30 AM,09:36 AM,6.0
14118,2024-09-18,PRYJ,12:55 PM,12:55 PM,0.0,12:55 PM,12:55 PM,0.0
14118,2024-09-19,CNB,09:25 AM,09:44 AM,19.0,09:30 AM,09:49 AM,19.0
14118,2024-09-19,PRYJ,12:55 PM,12:55 PM,0.0,12:55 PM,12:55 PM,0.0
14118,2024-09-20,CNB,09:25 AM,09:31 AM,6.0,09:30 AM,09:36 AM,6.0
14118,2024-09-20,PRYJ,12:55 PM,12:55 PM,0.0,12:55 PM,12:55 PM,0.0
14118,2024-09-21,CNB,09:25 AM,09:37 AM,12.0,09:30 AM,09:42 AM,12.0
14118,2024-09-21,PRYJ,12:55 PM,12:55 PM,0.0,12:55 PM,12:55 PM,0.0
14118,2024-09-22,CNB,09:25 AM,09:42 AM,17.0,09:30 AM,09:47 AM,17.0
14118,2024-09-22,PRYJ,12:55 PM,01:07 PM,12.0,12:55 PM,01:07 PM,12.0
14118,2024-09-23,CNB,09:25 AM,09:25 AM,0.0,09:30 AM,09:30 AM,0.0
14118,2024-09-23,PRYJ,12:55 PM,12:55 PM,0.0,12:55 PM,12:55 PM,0.0
14118,2024-09-24,CNB,09:25 AM,09:25 AM,0.0,09:30 AM,09:30 AM,0.0
14118,2024-09-24,PRYJ,12:55 PM,12:55 PM,0.0,12:55 PM,12:55 PM,0.0
14118,2024-09-25,CNB,09:25 AM,09:27 AM,2.0,09:30 AM,09:32 AM,2.0
14118,2024-09-25,PRYJ,12:55 PM,12:55 PM,0.0,12:55 PM,12:55 PM,0.0
14118,2024-09-26,CNB,09:25 AM,09:36 AM,11.0,09:30 AM,09:41 AM,11.0
14118,2024-09-26,PRYJ,12:55 PM,12:55 PM,0.0,12:55 PM,12:55 PM,0.0
14118,2024-09-27,CNB,09:25 AM,09:31 AM,6.0,09:30 AM,09:36 AM,6.0
14118,2024-09-27,PRYJ,12:55 PM,12:55 PM,0.0,12:55 PM,12:55 PM,0.0
14118,2024-09-28,CNB,09:25 AM,09:39 AM,14.0,09:30 AM,09:44 AM,14.0
14118,2024-09-28,PRYJ,12:55 PM,12:55 PM,0.0,12:55 PM,12:55 PM,0.0
14118,2024-09-29,CNB,09:25 AM,09:25 AM,0.0,09:30 AM,09:30 AM,0.0
14118,2024-09-29,PRYJ,12:55 PM,12:55 PM,0.0,12:55 PM,12:55 PM,0.0
14118,2024-09-30,CNB,09:25 AM,09:35 AM,10.0,09:30 AM,09:40 AM,10.0
14118,2024-09-30,PRYJ,12:55 PM,12:55 PM,0.0,12:55 PM,12:55 PM,0.0
3413,2024-09-08,BXR,05:49 PM,11:41 PM,352.0,05:51 PM,11:43 PM,352.0
3413,2024-09-08,DDU,07:40 PM,01:58 AM,378.0,07:50 PM,02:08 AM,378.0
3413,2024-09-08,PRYJ,10:10 PM,04:57 AM,407.0,10:15 PM,05:02 AM,407.0
3413,2024-09-08,CNB,12:15 AM,07:35 AM,440.0,12:20 AM,07:40 AM,440.0
3413,2024-09-12,BXR,05:49 PM,05:49 PM,0.0,05:51 PM,05:51 PM,0.0
3413,2024-09-12,DDU,07:40 PM,11:51 PM,251.0,07:50 PM,12:01 AM,251.0
3413,2024-09-12,PRYJ,10:10 PM,04:11 AM,361.0,10:15 PM,04:16 AM,361.0
3413,2024-09-12,CNB,12:15 AM,07:17 AM,422.0,12:20 AM,07:22 AM,422.0
3413,2024-09-15,BXR,05:49 PM,05:49 PM,0.0,05:51 PM,05:51 PM,0.0
3413,2024-09-15,DDU,07:40 PM,02:10 AM,390.0,07:50 PM,02:20 AM,390.0
3413,2024-09-15,PRYJ,10:10 PM,04:42 AM,392.0,10:15 PM,04:47 AM,392.0
3413,2024-09-15,CNB,12:15 AM,07:35 AM,440.0,12:20 AM,07:40 AM,440.0
3413,2024-09-19,BXR,05:49 PM,12:07 AM,378.0,05:51 PM,12:09 AM,378.0
3413,2024-09-19,DDU,07:40 PM,02:12 AM,392.0,07:50 PM,02:22 AM,392.0
3413,2024-09-19,PRYJ,10:10 PM,05:05 AM,415.0,10:15 PM,05:10 AM,415.0
3413,2024-09-19,CNB,12:15 AM,08:23 AM,488.0,12:20 AM,08:28 AM,488.0
3413,2024-09-22,BXR,05:49 PM,03:16 AM,567.0,05:51 PM,03:18 AM,567.0
3413,2024-09-22,DDU,07:40 PM,04:54 AM,554.0,07:50 PM,05:04 AM,554.0
3413,2024-09-22,PRYJ,10:10 PM,07:28 AM,558.0,10:15 PM,07:33 AM,558.0
3413,2024-09-22,CNB,12:15 AM,10:42 AM,627.0,12:20 AM,10:47 AM,627.0
3413,2024-09-26,BXR,05:49 PM,11:37 PM,348.0,05:51 PM,11:39 PM,348.0
3413,2024-09-26,DDU,07:40 PM,01:06 AM,326.0,07:50 PM,01:16 AM,326.0
3413,2024-09-26,PRYJ,10:10 PM,05:08 AM,418.0,10:15 PM,05:13 AM,418.0
3413,2024-09-26,CNB,12:15 AM,08:44 AM,509.0,12:20 AM,08:49 AM,509.0
3413,2024-09-29,BXR,05:49 PM,10:20 PM,271.0,05:51 PM,10:22 PM,271.0
3413,2024-09-29,DDU,07:40 PM,07:40 PM,0.0,07:50 PM,07:50 PM,0.0
3413,2024-09-29,PRYJ,10:10 PM,10:10 PM,0.0,10:15 PM,10:15 PM,0.0
3413,2024-09-29,CNB,12:15 AM,12:15 AM,0.0,12:20 AM,12:20 AM,0.0
15631,2024-09-02,CNB,06:45 PM,07:08 PM,23.0,06:55 PM,07:18 PM,23.0
15631,2024-09-02,PRYJ,09:25 PM,09:59 PM,34.0,09:35 PM,10:09 PM,34.0
15631,2024-09-02,DDU,12:50 AM,12:50 AM,0.0,01:00 AM,01:00 AM,0.0
15631,2024-09-09,CNB,06:45 PM,07:06 PM,21.0,06:55 PM,07:16 PM,21.0
15631,2024-09-09,PRYJ,09:25 PM,09:25 PM,0.0,09:35 PM,09:35 PM,0.0
15631,2024-09-09,DDU,12:50 AM,12:50 AM,0.0,01:00 AM,01:00 AM,0.0
15631,2024-09-16,CNB,06:45 PM,06:47 PM,2.0,06:55 PM,06:57 PM,2.0
15631,2024-09-16,PRYJ,09:25 PM,10:11 PM,46.0,09:35 PM,10:21 PM,46.0
15631,2024-09-16,DDU,12:50 AM,12:50 AM,0.0,01:00 AM,01:00 AM,0.0
15631,2024-09-23,CNB,06:45 PM,06:45 PM,0.0,06:55 PM,06:55 PM,0.0
15631,2024-09-23,PRYJ,09:25 PM,09:37 PM,12.0,09:35 PM,09:47 PM,12.0
15631,2024-09-23,DDU,12:50 AM,12:50 AM,0.0,01:00 AM,01:00 AM,0.0
15631,2024-09-30,CNB,06:45 PM,06:45 PM,0.0,06:55 PM,06:55 PM,0.0
15631,2024-09-30,PRYJ,09:25 PM,09:25 PM,0.0,09:35 PM,09:35 PM,0.0
15631,2024-09-30,DDU,12:50 AM,12:50 AM,0.0,01:00 AM,01:00 AM,0.0
12519,2024-09-01,DDU,07:05 AM,07:05 AM,0.0,07:15 AM,07:15 AM,0.0
12519,2024-09-08,DDU,07:05 AM,07:05 AM,0.0,07:15 AM,07:15 AM,0.0
12519,2024-09-15,DDU,07:05 AM,08:04 AM,59.0,07:15 AM,08:14 AM,59.0
12519,2024-09-22,DDU,07:05 AM,07:41 AM,36.0,07:15 AM,07:51 AM,36.0
12519,2024-09-29,DDU,07:05 AM,07:06 AM,0.0,07:15 AM,07:16 AM,0.0
15623,2024-09-03,DDU,11:42 PM,11:42 PM,0.0,11:52 PM,11:52 PM,0.0
15623,2024-09-03,BXR,01:00 AM,01:00 AM,0.0,01:02 AM,01:02 AM,0.0
15623,2024-09-10,DDU,11:42 PM,11:52 PM,10.0,11:52 PM,12:02 AM,10.0
15623,2024-09-10,BXR,01:00 AM,01:00 AM,0.0,01:02 AM,01:02 AM,0.0
15623,2024-09-17,DDU,11:42 PM,11:43 PM,0.0,11:52 PM,11:53 PM,0.0
15623,2024-09-17,BXR,01:00 AM,01:00 AM,0.0,01:02 AM,01:02 AM,0.0
15623,2024-09-24,DDU,11:42 PM,01:29 AM,107.0,11:52 PM,01:39 AM,107.0
15623,2024-09-24,BXR,01:00 AM,02:50 AM,110.0,01:02 AM,02:52 AM,110.0
2563,2024-09-01,CNB,10:00 PM,04:08 AM,368.0,10:10 PM,04:18 AM,368.0
2563,2024-09-02,CNB,10:00 PM,05:06 AM,426.0,10:10 PM,05:16 AM,426.0
2563,2024-09-03,CNB,10:00 PM,05:12 AM,432.0,10:10 PM,05:22 AM,432.0
2563,2024-09-04,CNB,10:00 PM,03:33 AM,333.0,10:10 PM,03:43 AM,333.0
2563,2024-09-05,CNB,10:00 PM,06:24 AM,504.0,10:10 PM,06:34 AM,504.0
2563,2024-09-06,CNB,10:00 PM,04:38 AM,398.0,10:10 PM,04:48 AM,398.0
2563,2024-09-07,CNB,10:00 PM,03:57 AM,357.0,10:10 PM,04:07 AM,357.0
2563,2024-09-08,CNB,10:00 PM,05:00 AM,420.0,10:10 PM,05:10 AM,420.0
2563,2024-09-09,CNB,10:00 PM,05:16 AM,436.0,10:10 PM,05:26 AM,436.0
2563,2024-09-10,CNB,10:00 PM,04:54 AM,414.0,10:10 PM,05:04 AM,414.0
2563,2024-09-11,CNB,10:00 PM,04:35 AM,395.0,10:10 PM,04:45 AM,395.0
2563,2024-09-12,CNB,10:00 PM,04:40 AM,400.0,10:10 PM,04:50 AM,400.0
2563,2024-09-13,CNB,10:00 PM,03:28 AM,328.0,10:10 PM,03:38 AM,328.0
2563,2024-09-14,CNB,10:00 PM,02:44 AM,284.0,10:10 PM,02:54 AM,284.0
2563,2024-09-15,CNB,10:00 PM,04:23 AM,383.0,10:10 PM,04:33 AM,383.0
2563,2024-09-16,CNB,10:00 PM,05:14 AM,434.0,10:10 PM,05:24 AM,434.0
2563,2024-09-17,CNB,10:00 PM,03:47 AM,347.0,10:10 PM,03:57 AM,347.0
2563,2024-09-18,CNB,10:00 PM,03:41 AM,341.0,10:10 PM,03:51 AM,341.0
2563,2024-09-19,CNB,10:00 PM,05:07 AM,427.0,10:10 PM,05:17 AM,427.0
2563,2024-09-20,CNB,10:00 PM,02:26 AM,266.0,10:10 PM,02:36 AM,266.0
2563,2024-09-21,CNB,10:00 PM,04:18 AM,378.0,10:10 PM,04:28 AM,378.0
2563,2024-09-22,CNB,10:00 PM,12:56 AM,176.0,10:10 PM,01:06 AM,176.0
2563,2024-09-23,CNB,10:00 PM,03:38 AM,338.0,10:10 PM,03:48 AM,338.0
2563,2024-09-24,CNB,10:00 PM,03:32 AM,332.0,10:10 PM,03:42 AM,332.0
2563,2024-09-25,CNB,10:00 PM,04:56 AM,416.0,10:10 PM,05:06 AM,416.0
2563,2024-09-26,CNB,10:00 PM,10:00 PM,0.0,10:10 PM,10:10 PM,0.0
2563,2024-09-27,CNB,10:00 PM,05:36 AM,456.0,10:10 PM,05:46 AM,456.0
2563,2024-09-28,CNB,10:00 PM,06:26 AM,506.0,10:10 PM,06:36 AM,506.0
2563,2024-09-29,CNB,10:00 PM,10:00 PM,0.0,10:10 PM,10:10 PM,0.0
2563,2024-09-30,CNB,10:00 PM,10:53 AM,773.0,10:10 PM,11:03 AM,773.0
22824,2024-09-03,CNB,09:42 PM,09:51 PM,9.0,09:47 PM,09:56 PM,9.0
22824,2024-09-03,PRYJ,11:53 PM,11:53 PM,0.0,11:55 PM,11:55 PM,0.0
22824,2024-09-03,DDU,01:47 AM,01:47 AM,0.0,01:57 AM,01:57 AM,0.0
22824,2024-09-04,CNB,09:42 PM,09:59 PM,17.0,09:47 PM,10:04 PM,17.0
22824,2024-09-04,PRYJ,11:53 PM,11:53 PM,0.0,11:55 PM,11:55 PM,0.0
22824,2024-09-04,DDU,01:47 AM,01:47 AM,0.0,01:57 AM,01:57 AM,0.0
22824,2024-09-05,CNB,09:42 PM,09:42 PM,0.0,09:47 PM,09:47 PM,0.0
22824,2024-09-05,PRYJ,11:53 PM,11:53 PM,0.0,11:55 PM,11:55 PM,0.0
22824,2024-09-05,DDU,01:47 AM,01:47 AM,0.0,01:57 AM,01:57 AM,0.0
22824,2024-09-07,CNB,09:42 PM,10:23 PM,41.0,09:47 PM,10:28 PM,41.0
22824,2024-09-07,PRYJ,11:53 PM,12:20 AM,27.0,11:55 PM,12:22 AM,27.0
22824,2024-09-07,DDU,01:47 AM,02:07 AM,20.0,01:57 AM,02:17 AM,20.0
22824,2024-09-10,CNB,09:42 PM,09:43 PM,0.0,09:47 PM,09:48 PM,0.0
22824,2024-09-10,PRYJ,11:53 PM,11:54 PM,0.0,11:55 PM,11:56 PM,0.0
22824,2024-09-10,DDU,01:47 AM,01:48 AM,0.0,01:57 AM,01:58 AM,0.0
22824,2024-09-11,CNB,09:42 PM,09:50 PM,8.0,09:47 PM,09:55 PM,8.0
22824,2024-09-11,PRYJ,11:53 PM,11:53 PM,0.0,11:55 PM,11:55 PM,0.0
22824,2024-09-11,DDU,01:47 AM,01:47 AM,0.0,01:57 AM,01:57 AM,0.0
22824,2024-09-14,CNB,09:42 PM,10:24 PM,42.0,09:47 PM,10:29 PM,42.0
22824,2024-09-14,PRYJ,11:53 PM,12:37 AM,44.0,11:55 PM,12:39 AM,44.0
22824,2024-09-14,DDU,01:47 AM,02:39 AM,52.0,01:57 AM,02:49 AM,52.0
22824,2024-09-18,CNB,09:42 PM,09:43 PM,0.0,09:47 PM,09:48 PM,0.0
22824,2024-09-18,PRYJ,11:53 PM,11:53 PM,0.0,11:55 PM,11:55 PM,0.0
22824,2024-09-18,DDU,01:47 AM,01:47 AM,0.0,01:57 AM,01:57 AM,0.0
22824,2024-09-19,CNB,09:42 PM,09:53 PM,11.0,09:47 PM,09:58 PM,11.0
22824,2024-09-19,PRYJ,11:53 PM,12:07 AM,14.0,11:55 PM,12:09 AM,14.0
22824,2024-09-19,DDU,01:47 AM,02:10 AM,23.0,01:57 AM,02:20 AM,23.0
22824,2024-09-21,CNB,09:42 PM,09:55 PM,13.0,09:47 PM,10:00 PM,13.0
22824,2024-09-21,PRYJ,11:53 PM,12:47 AM,54.0,11:55 PM,12:49 AM,54.0
22824,2024-09-21,DDU,01:47 AM,02:46 AM,59.0,01:57 AM,02:56 AM,59.0
22824,2024-09-24,CNB,09:42 PM,10:00 PM,18.0,09:47 PM,10:05 PM,18.0
22824,2024-09-24,PRYJ,11:53 PM,12:06 AM,13.0,11:55 PM,12:08 AM,13.0
22824,2024-09-24,DDU,01:47 AM,02:01 AM,14.0,01:57 AM,02:11 AM,14.0
22824,2024-09-25,CNB,09:42 PM,10:28 PM,46.0,09:47 PM,10:33 PM,46.0
22824,2024-09-25,PRYJ,11:53 PM,12:40 AM,47.0,11:55 PM,12:42 AM,47.0
22824,2024-09-25,DDU,01:47 AM,02:45 AM,58.0,01:57 AM,02:55 AM,58.0
22824,2024-09-26,CNB,09:42 PM,10:10 PM,28.0,09:47 PM,10:15 PM,28.0
22824,2024-09-26,PRYJ,11:53 PM,12:19 AM,26.0,11:55 PM,12:21 AM,26.0
22824,2024-09-26,DDU,01:47 AM,02:03 AM,16.0,01:57 AM,02:13 AM,16.0
22824,2024-09-28,CNB,09:42 PM,09:47 PM,5.0,09:47 PM,09:52 PM,5.0
22824,2024-09-28,PRYJ,11:53 PM,11:57 PM,4.0,11:55 PM,11:59 PM,4.0
22824,2024-09-28,DDU,01:47 AM,01:47 AM,0.0,01:57 AM,01:57 AM,0.0
18312,2024-09-02,DDU,04:30 PM,04:32 PM,2.0,04:40 PM,04:42 PM,2.0
18312,2024-09-05,DDU,04:30 PM,04:31 PM,0.0,04:40 PM,04:41 PM,0.0
18312,2024-09-09,DDU,04:30 PM,04:40 PM,10.0,04:40 PM,04:50 PM,10.0
18312,2024-09-12,DDU,04:30 PM,04:30 PM,0.0,04:40 PM,04:40 PM,0.0
18312,2024-09-16,DDU,04:30 PM,04:41 PM,11.0,04:40 PM,04:51 PM,11.0
18312,2024-09-19,DDU,04:30 PM,04:30 PM,0.0,04:40 PM,04:40 PM,0.0
18312,2024-09-23,DDU,04:30 PM,04:41 PM,11.0,04:40 PM,04:51 PM,11.0
18312,2024-09-26,DDU,04:30 PM,04:30 PM,0.0,04:40 PM,04:40 PM,0.0
18312,2024-09-30,DDU,04:30 PM,04:31 PM,0.0,04:40 PM,04:41 PM,0.0
22438,2024-09-01,CNB,03:25 AM,03:42 AM,17.0,03:30 AM,03:47 AM,17.0
22438,2024-09-01,PRYJ,06:20 AM,06:20 AM,0.0,06:20 AM,06:20 AM,0.0
22438,2024-09-03,CNB,03:25 AM,03:52 AM,27.0,03:30 AM,03:57 AM,27.0
22438,2024-09-03,PRYJ,06:20 AM,06:20 AM,0.0,06:20 AM,06:20 AM,0.0
22438,2024-09-05,CNB,03:25 AM,03:48 AM,23.0,03:30 AM,03:53 AM,23.0
22438,2024-09-05,PRYJ,06:20 AM,06:20 AM,0.0,06:20 AM,06:20 AM,0.0
22438,2024-09-08,CNB,03:25 AM,03:59 AM,34.0,03:30 AM,04:04 AM,34.0
22438,2024-09-08,PRYJ,06:20 AM,06:20 AM,0.0,06:20 AM,06:20 AM,0.0
22438,2024-09-10,CNB,03:25 AM,03:53 AM,28.0,03:30 AM,03:58 AM,28.0
22438,2024-09-10,PRYJ,06:20 AM,06:20 AM,0.0,06:20 AM,06:20 AM,0.0
22438,2024-09-12,CNB,03:25 AM,04:11 AM,46.0,03:30 AM,04:16 AM,46.0
22438,2024-09-12,PRYJ,06:20 AM,06:24 AM,4.0,06:20 AM,06:24 AM,4.0
22438,2024-09-15,CNB,03:25 AM,03:25 AM,0.0,03:30 AM,03:30 AM,0.0
22438,2024-09-15,PRYJ,06:20 AM,06:20 AM,0.0,06:20 AM,06:20 AM,0.0
22438,2024-09-17,CNB,03:25 AM,04:20 AM,55.0,03:30 AM,04:25 AM,55.0
22438,2024-09-17,PRYJ,06:20 AM,06:41 AM,21.0,06:20 AM,06:41 AM,21.0
22438,2024-09-22,CNB,03:25 AM,03:57 AM,32.0,03:30 AM,04:02 AM,32.0
22438,2024-09-22,PRYJ,06:20 AM,06:21 AM,0.0,06:20 AM,06:21 AM,0.0
22438,2024-09-24,CNB,03:25 AM,03:49 AM,24.0,03:30 AM,03:54 AM,24.0
22438,2024-09-24,PRYJ,06:20 AM,06:20 AM,0.0,06:20 AM,06:20 AM,0.0
22438,2024-09-26,CNB,03:25 AM,03:47 AM,22.0,03:30 AM,03:52 AM,22.0
22438,2024-09-26,PRYJ,06:20 AM,06:20 AM,0.0,06:20 AM,06:20 AM,0.0
22438,2024-09-29,CNB,03:25 AM,03:40 AM,15.0,03:30 AM,03:45 AM,15.0
22438,2024-09-29,PRYJ,06:20 AM,06:20 AM,0.0,06:20 AM,06:20 AM,0.0
12562,2024-09-01,CNB,02:35 AM,02:36 AM,0.0,02:40 AM,02:41 AM,0.0
12562,2024-09-01,PRYJ,05:25 AM,05:26 AM,0.0,05:35 AM,05:36 AM,0.0
12562,2024-09-02,CNB,02:35 AM,02:58 AM,23.0,02:40 AM,03:03 AM,23.0
12562,2024-09-02,PRYJ,05:25 AM,05:25 AM,0.0,05:35 AM,05:35 AM,0.0
12562,2024-09-03,CNB,02:35 AM,02:57 AM,22.0,02:40 AM,03:02 AM,22.0
12562,2024-09-03,PRYJ,05:25 AM,05:30 AM,5.0,05:35 AM,05:40 AM,5.0
12562,2024-09-04,CNB,02:35 AM,02:49 AM,14.0,02:40 AM,02:54 AM,14.0
12562,2024-09-04,PRYJ,05:25 AM,05:25 AM,0.0,05:35 AM,05:35 AM,0.0
12562,2024-09-05,CNB,02:35 AM,02:43 AM,8.0,02:40 AM,02:48 AM,8.0
12562,2024-09-05,PRYJ,05:25 AM,05:25 AM,0.0,05:35 AM,05:35 AM,0.0
12562,2024-09-06,CNB,02:35 AM,02:52 AM,17.0,02:40 AM,02:57 AM,17.0
12562,2024-09-06,PRYJ,05:25 AM,05:25 AM,0.0,05:35 AM,05:35 AM,0.0
12562,2024-09-07,CNB,02:35 AM,02:40 AM,5.0,02:40 AM,02:45 AM,5.0
12562,2024-09-07,PRYJ,05:25 AM,05:25 AM,0.0,05:35 AM,05:35 AM,0.0
12562,2024-09-08,CNB,02:35 AM,03:30 AM,55.0,02:40 AM,03:35 AM,55.0
12562,2024-09-08,PRYJ,05:25 AM,05:25 AM,0.0,05:35 AM,05:35 AM,0.0
12562,2024-09-09,CNB,02:35 AM,02:43 AM,8.0,02:40 AM,02:48 AM,8.0
12562,2024-09-09,PRYJ,05:25 AM,05:27 AM,2.0,05:35 AM,05:37 AM,2.0
12562,2024-09-10,CNB,02:35 AM,02:35 AM,0.0,02:40 AM,02:40 AM,0.0
12562,2024-09-10,PRYJ,05:25 AM,05:25 AM,0.0,05:35 AM,05:35 AM,0.0
12562,2024-09-11,CNB,02:35 AM,02:35 AM,0.0,02:40 AM,02:40 AM,0.0
12562,2024-09-11,PRYJ,05:25 AM,05:25 AM,0.0,05:35 AM,05:35 AM,0.0
12562,2024-09-12,CNB,02:35 AM,02:45 AM,10.0,02:40 AM,02:50 AM,10.0
12562,2024-09-12,PRYJ,05:25 AM,05:27 AM,2.0,05:35 AM,05:37 AM,2.0
12562,2024-09-13,CNB,02:35 AM,02:56 AM,21.0,02:40 AM,03:01 AM,21.0
12562,2024-09-13,PRYJ,05:25 AM,05:26 AM,0.0,05:35 AM,05:36 AM,0.0
12562,2024-09-15,CNB,02:35 AM,02:47 AM,12.0,02:40 AM,02:52 AM,12.0
12562,2024-09-15,PRYJ,05:25 AM,05:25 AM,0.0,05:35 AM,05:35 AM,0.0
12562,2024-09-16,CNB,02:35 AM,06:00 AM,205.0,02:40 AM,06:05 AM,205.0
12562,2024-09-16,PRYJ,05:25 AM,08:33 AM,188.0,05:35 AM,08:43 AM,188.0
12562,2024-09-17,CNB,02:35 AM,03:03 AM,28.0,02:40 AM,03:08 AM,28.0
12562,2024-09-17,PRYJ,05:25 AM,05:26 AM,0.0,05:35 AM,05:36 AM,0.0
12562,2024-09-18,CNB,02:35 AM,02:44 AM,9.0,02:40 AM,02:49 AM,9.0
12562,2024-09-18,PRYJ,05:25 AM,05:27 AM,2.0,05:35 AM,05:37 AM,2.0
12562,2024-09-19,CNB,02:35 AM,05:26 AM,171.0,02:40 AM,05:31 AM,171.0
12562,2024-09-19,PRYJ,05:25 AM,07:51 AM,146.0,05:35 AM,08:01 AM,146.0
12562,2024-09-20,CNB,02:35 AM,02:45 AM,10.0,02:40 AM,02:50 AM,10.0
12562,2024-09-20,PRYJ,05:25 AM,05:31 AM,6.0,05:35 AM,05:41 AM,6.0
12562,2024-09-21,CNB,02:35 AM,03:03 AM,28.0,02:40 AM,03:08 AM,28.0
12562,2024-09-21,PRYJ,05:25 AM,05:42 AM,17.0,05:35 AM,05:52 AM,17.0
12562,2024-09-22,CNB,02:35 AM,02:36 AM,0.0,02:40 AM,02:41 AM,0.0
12562,2024-09-22,PRYJ,05:25 AM,05:25 AM,0.0,05:35 AM,05:35 AM,0.0
12562,2024-09-23,CNB,02:35 AM,02:35 AM,0.0,02:40 AM,02:40 AM,0.0
12562,2024-09-23,PRYJ,05:25 AM,05:25 AM,0.0,05:35 AM,05:35 AM,0.0
12562,2024-09-24,CNB,02:35 AM,02:48 AM,13.0,02:40 AM,02:53 AM,13.0
12562,2024-09-24,PRYJ,05:25 AM,05:26 AM,0.0,05:35 AM,05:36 AM,0.0
12562,2024-09-25,CNB,02:35 AM,02:52 AM,17.0,02:40 AM,02:57 AM,17.0
12562,2024-09-25,PRYJ,05:25 AM,05:36 AM,11.0,05:35 AM,05:46 AM,11.0
12562,2024-09-26,CNB,02:35 AM,07:16 AM,281.0,02:40 AM,07:21 AM,281.0
12562,2024-09-26,PRYJ,05:25 AM,09:35 AM,250.0,05:35 AM,09:45 AM,250.0
12562,2024-09-27,CNB,02:35 AM,02:55 AM,20.0,02:40 AM,03:00 AM,20.0
12562,2024-09-27,PRYJ,05:25 AM,05:27 AM,2.0,05:35 AM,05:37 AM,2.0
12562,2024-09-28,CNB,02:35 AM,02:37 AM,2.0,02:40 AM,02:42 AM,2.0
12562,2024-09-28,PRYJ,05:25 AM,05:26 AM,0.0,05:35 AM,05:36 AM,0.0
12562,2024-09-29,CNB,02:35 AM,04:56 AM,141.0,02:40 AM,05:01 AM,141.0
12562,2024-09-29,PRYJ,05:25 AM,07:23 AM,118.0,05:35 AM,07:33 AM,118.0
12562,2024-09-30,CNB,02:35 AM,02:40 AM,5.0,02:40 AM,02:45 AM,5.0
12562,2024-09-30,PRYJ,05:25 AM,05:28 AM,3.0,05:35 AM,05:38 AM,3.0
22460,2024-09-02,CNB,05:35 PM,06:01 PM,26.0,05:40 PM,06:06 PM,26.0
22460,2024-09-02,PRYJ,07:45 PM,08:24 PM,39.0,07:47 PM,08:26 PM,39.0
22460,2024-09-02,DDU,10:02 PM,10:02 PM,0.0,10:12 PM,10:12 PM,0.0
22460,2024-09-02,BXR,11:13 PM,11:13 PM,0.0,11:15 PM,11:15 PM,0.0
22460,2024-09-09,CNB,05:35 PM,05:55 PM,20.0,05:40 PM,06:00 PM,20.0
22460,2024-09-09,PRYJ,07:45 PM,08:09 PM,24.0,07:47 PM,08:11 PM,24.0
22460,2024-09-09,DDU,10:02 PM,10:31 PM,29.0,10:12 PM,10:41 PM,29.0
22460,2024-09-09,BXR,11:13 PM,11:13 PM,0.0,11:15 PM,11:15 PM,0.0
22460,2024-09-16,CNB,05:35 PM,06:03 PM,28.0,05:40 PM,06:08 PM,28.0
22460,2024-09-16,PRYJ,07:45 PM,07:45 PM,0.0,07:47 PM,07:47 PM,0.0
22460,2024-09-16,DDU,10:02 PM,10:02 PM,0.0,10:12 PM,10:12 PM,0.0
22460,2024-09-16,BXR,11:13 PM,11:13 PM,0.0,11:15 PM,11:15 PM,0.0
22460,2024-09-23,CNB,05:35 PM,05:55 PM,20.0,05:40 PM,06:00 PM,20.0
22460,2024-09-23,PRYJ,07:45 PM,08:04 PM,19.0,07:47 PM,08:06 PM,19.0
22460,2024-09-23,DDU,10:02 PM,10:12 PM,10.0,10:12 PM,10:22 PM,10.0
22460,2024-09-23,BXR,11:13 PM,11:23 PM,10.0,11:15 PM,11:25 PM,10.0
12294,2024-09-03,PRYJ,06:10 PM,06:10 PM,0.0,06:10 PM,06:10 PM,0.0
12294,2024-09-07,PRYJ,06:10 PM,06:10 PM,0.0,06:10 PM,06:10 PM,0.0
12294,2024-09-10,PRYJ,06:10 PM,06:11 PM,0.0,06:10 PM,06:11 PM,0.0
12294,2024-09-14,PRYJ,06:10 PM,06:12 PM,2.0,06:10 PM,06:12 PM,2.0
12294,2024-09-17,PRYJ,06:10 PM,06:10 PM,0.0,06:10 PM,06:10 PM,0.0
12294,2024-09-21,PRYJ,06:10 PM,06:10 PM,0.0,06:10 PM,06:10 PM,0.0
12294,2024-09-24,PRYJ,06:10 PM,06:11 PM,0.0,06:10 PM,06:11 PM,0.0
12294,2024-09-28,PRYJ,06:10 PM,06:15 PM,5.0,06:10 PM,06:15 PM,5.0
3255,2024-09-01,BXR,12:15 AM,01:04 AM,49.0,12:17 AM,01:06 AM,49.0
3255,2024-09-01,DDU,02:10 AM,02:37 AM,27.0,02:20 AM,02:47 AM,27.0
3255,2024-09-01,PRYJ,05:10 AM,06:16 AM,66.0,05:15 AM,06:21 AM,66.0
3255,2024-09-01,CNB,07:35 AM,09:05 AM,90.0,07:45 AM,09:15 AM,90.0
3255,2024-09-05,BXR,12:15 AM,01:24 AM,69.0,12:17 AM,01:26 AM,69.0
3255,2024-09-05,DDU,02:10 AM,02:47 AM,37.0,02:20 AM,02:57 AM,37.0
3255,2024-09-05,PRYJ,05:10 AM,05:13 AM,3.0,05:15 AM,05:18 AM,3.0
3255,2024-09-05,CNB,07:35 AM,07:50 AM,15.0,07:45 AM,08:00 AM,15.0
3255,2024-09-08,BXR,12:15 AM,12:48 AM,33.0,12:17 AM,12:50 AM,33.0
3255,2024-09-08,DDU,02:10 AM,02:32 AM,22.0,02:20 AM,02:42 AM,22.0
3255,2024-09-08,PRYJ,05:10 AM,05:10 AM,0.0,05:15 AM,05:15 AM,0.0
3255,2024-09-08,CNB,07:35 AM,08:12 AM,37.0,07:45 AM,08:22 AM,37.0
3255,2024-09-12,BXR,12:15 AM,01:35 AM,80.0,12:17 AM,01:37 AM,80.0
3255,2024-09-12,DDU,02:10 AM,02:51 AM,41.0,02:20 AM,03:01 AM,41.0
3255,2024-09-12,PRYJ,05:10 AM,05:47 AM,37.0,05:15 AM,05:52 AM,37.0
3255,2024-09-12,CNB,07:35 AM,08:50 AM,75.0,07:45 AM,09:00 AM,75.0
3255,2024-09-15,BXR,12:15 AM,01:08 AM,53.0,12:17 AM,01:10 AM,53.0
3255,2024-09-15,DDU,02:10 AM,02:43 AM,33.0,02:20 AM,02:53 AM,33.0
3255,2024-09-15,PRYJ,05:10 AM,05:36 AM,26.0,05:15 AM,05:41 AM,26.0
3255,2024-09-15,CNB,07:35 AM,08:21 AM,46.0,07:45 AM,08:31 AM,46.0
3255,2024-09-19,BXR,12:15 AM,12:15 AM,0.0,12:17 AM,12:17 AM,0.0
3255,2024-09-19,DDU,02:10 AM,02:33 AM,23.0,02:20 AM,02:43 AM,23.0
3255,2024-09-19,PRYJ,05:10 AM,05:19 AM,9.0,05:15 AM,05:24 AM,9.0
3255,2024-09-19,CNB,07:35 AM,08:42 AM,67.0,07:45 AM,08:52 AM,67.0
3255,2024-09-22,BXR,12:15 AM,12:15 AM,0.0,12:17 AM,12:17 AM,0.0
3255,2024-09-22,DDU,02:10 AM,03:19 AM,69.0,02:20 AM,03:29 AM,69.0
3255,2024-09-22,PRYJ,05:10 AM,06:22 AM,72.0,05:15 AM,06:27 AM,72.0
3255,2024-09-22,CNB,07:35 AM,09:13 AM,98.0,07:45 AM,09:23 AM,98.0
3255,2024-09-29,BXR,12:15 AM,12:15 AM,0.0,12:17 AM,12:17 AM,0.0
3255,2024-09-29,DDU,02:10 AM,02:11 AM,0.0,02:20 AM,02:21 AM,0.0
3255,2024-09-29,PRYJ,05:10 AM,05:11 AM,0.0,05:15 AM,05:16 AM,0.0
3255,2024-09-29,CNB,07:35 AM,08:22 AM,47.0,07:45 AM,08:32 AM,47.0
12435,2024-09-02,BXR,08:15 PM,09:26 PM,71.0,08:17 PM,09:28 PM,71.0
12435,2024-09-02,DDU,10:40 PM,10:40 PM,0.0,10:50 PM,10:50 PM,0.0
12435,2024-09-02,PRYJ,12:53 AM,12:54 AM,0.0,12:55 AM,12:56 AM,0.0
12435,2024-09-02,CNB,03:15 AM,03:19 AM,4.0,03:20 AM,03:24 AM,4.0
12435,2024-09-06,BXR,08:15 PM,11:11 PM,176.0,08:17 PM,11:13 PM,176.0
12435,2024-09-06,DDU,10:40 PM,12:18 AM,98.0,10:50 PM,12:28 AM,98.0
12435,2024-09-06,PRYJ,12:53 AM,02:17 AM,84.0,12:55 AM,02:19 AM,84.0
12435,2024-09-06,CNB,03:15 AM,04:28 AM,73.0,03:20 AM,04:33 AM,73.0
12435,2024-09-09,BXR,08:15 PM,08:39 PM,24.0,08:17 PM,08:41 PM,24.0
12435,2024-09-09,DDU,10:40 PM,10:40 PM,0.0,10:50 PM,10:50 PM,0.0
12435,2024-09-09,PRYJ,12:53 AM,12:54 AM,0.0,12:55 AM,12:56 AM,0.0
12435,2024-09-09,CNB,03:15 AM,03:18 AM,3.0,03:20 AM,03:23 AM,3.0
12435,2024-09-13,BXR,08:15 PM,09:54 PM,99.0,08:17 PM,09:56 PM,99.0
12435,2024-09-13,DDU,10:40 PM,11:29 PM,49.0,10:50 PM,11:39 PM,49.0
12435,2024-09-13,PRYJ,12:53 AM,01:53 AM,60.0,12:55 AM,01:55 AM,60.0
12435,2024-09-13,CNB,03:15 AM,04:12 AM,57.0,03:20 AM,04:17 AM,57.0
12435,2024-09-16,BXR,08:15 PM,10:18 PM,123.0,08:17 PM,10:20 PM,123.0
12435,2024-09-16,DDU,10:40 PM,11:50 PM,70.0,10:50 PM,12:00 AM,70.0
12435,2024-09-16,PRYJ,12:53 AM,02:10 AM,77.0,12:55 AM,02:12 AM,77.0
12435,2024-09-16,CNB,03:15 AM,03:15 AM,0.0,03:20 AM,03:20 AM,0.0
12435,2024-09-20,BXR,08:15 PM,08:23 PM,8.0,08:17 PM,08:25 PM,8.0
12435,2024-09-20,DDU,10:40 PM,10:41 PM,0.0,10:50 PM,10:51 PM,0.0
12435,2024-09-20,PRYJ,12:53 AM,12:59 AM,6.0,12:55 AM,01:01 AM,6.0
12435,2024-09-20,CNB,03:15 AM,03:16 AM,0.0,03:20 AM,03:21 AM,0.0
12435,2024-09-23,BXR,08:15 PM,09:32 PM,77.0,08:17 PM,09:34 PM,77.0
12435,2024-09-23,DDU,10:40 PM,10:45 PM,5.0,10:50 PM,10:55 PM,5.0
12435,2024-09-23,PRYJ,12:53 AM,01:05 AM,12.0,12:55 AM,01:07 AM,12.0
12435,2024-09-23,CNB,03:15 AM,03:22 AM,7.0,03:20 AM,03:27 AM,7.0
12435,2024-09-27,BXR,08:15 PM,10:13 PM,118.0,08:17 PM,10:15 PM,118.0
12435,2024-09-27,DDU,10:40 PM,11:24 PM,44.0,10:50 PM,11:34 PM,44.0
12435,2024-09-27,PRYJ,12:53 AM,02:01 AM,68.0,12:55 AM,02:03 AM,68.0
12435,2024-09-27,CNB,03:15 AM,04:35 AM,80.0,03:20 AM,04:40 AM,80.0
12435,2024-09-30,BXR,08:15 PM,09:36 PM,81.0,08:17 PM,09:38 PM,81.0
12435,2024-09-30,DDU,10:40 PM,11:05 PM,25.0,10:50 PM,11:15 PM,25.0
12435,2024-09-30,PRYJ,12:53 AM,01:41 AM,48.0,12:55 AM,01:43 AM,48.0
12435,2024-09-30,CNB,03:15 AM,04:12 AM,57.0,03:20 AM,04:17 AM,57.0
12361,2024-09-01,BXR,02:30 AM,05:00 AM,150.0,02:32 AM,05:02 AM,150.0
12361,2024-09-01,DDU,05:00 AM,06:22 AM,82.0,05:10 AM,06:32 AM,82.0
12361,2024-09-08,BXR,02:30 AM,02:30 AM,0.0,02:32 AM,02:32 AM,0.0
12361,2024-09-08,DDU,05:00 AM,07:18 AM,138.0,05:10 AM,07:28 AM,138.0
12361,2024-09-15,BXR,02:30 AM,02:30 AM,0.0,02:32 AM,02:32 AM,0.0
12361,2024-09-15,DDU,05:00 AM,05:00 AM,0.0,05:10 AM,05:10 AM,0.0
12361,2024-09-22,BXR,02:30 AM,05:03 AM,153.0,02:32 AM,05:05 AM,153.0
12361,2024-09-22,DDU,05:00 AM,06:22 AM,82.0,05:10 AM,06:32 AM,82.0
15159,2024-09-01,PRYJ,03:15 PM,03:23 PM,8.0,03:35 PM,03:43 PM,8.0
15159,2024-09-02,PRYJ,03:15 PM,04:00 PM,45.0,03:35 PM,04:20 PM,45.0
15159,2024-09-03,PRYJ,03:15 PM,03:52 PM,37.0,03:35 PM,04:12 PM,37.0
15159,2024-09-04,PRYJ,03:15 PM,03:59 PM,44.0,03:35 PM,04:19 PM,44.0
15159,2024-09-05,PRYJ,03:15 PM,03:42 PM,27.0,03:35 PM,04:02 PM,27.0
15159,2024-09-06,PRYJ,03:15 PM,05:37 PM,142.0,03:35 PM,05:57 PM,142.0
15159,2024-09-07,PRYJ,03:15 PM,03:26 PM,11.0,03:35 PM,03:46 PM,11.0
15159,2024-09-08,PRYJ,03:15 PM,05:00 PM,105.0,03:35 PM,05:20 PM,105.0
15159,2024-09-09,PRYJ,03:15 PM,04:40 PM,85.0,03:35 PM,05:00 PM,85.0
15159,2024-09-10,PRYJ,03:15 PM,05:06 PM,111.0,03:35 PM,05:26 PM,111.0
15159,2024-09-11,PRYJ,03:15 PM,03:38 PM,23.0,03:35 PM,03:58 PM,23.0
15159,2024-09-12,PRYJ,03:15 PM,03:37 PM,22.0,03:35 PM,03:57 PM,22.0
15159,2024-09-13,PRYJ,03:15 PM,04:15 PM,60.0,03:35 PM,04:35 PM,60.0
15159,2024-09-14,PRYJ,03:15 PM,04:25 PM,70.0,03:35 PM,04:45 PM,70.0
15159,2024-09-15,PRYJ,03:15 PM,03:21 PM,6.0,03:35 PM,03:41 PM,6.0
15159,2024-09-16,PRYJ,03:15 PM,03:18 PM,3.0,03:35 PM,03:38 PM,3.0
15159,2024-09-17,PRYJ,03:15 PM,03:17 PM,2.0,03:35 PM,03:37 PM,2.0
15159,2024-09-18,PRYJ,03:15 PM,04:17 PM,62.0,03:35 PM,04:37 PM,62.0
15159,2024-09-19,PRYJ,03:15 PM,03:55 PM,40.0,03:35 PM,04:15 PM,40.0
15159,2024-09-20,PRYJ,03:15 PM,04:20 PM,65.0,03:35 PM,04:40 PM,65.0
15159,2024-09-21,PRYJ,03:15 PM,03:50 PM,35.0,03:35 PM,04:10 PM,35.0
15159,2024-09-22,PRYJ,03:15 PM,04:59 PM,104.0,03:35 PM,05:19 PM,104.0
15159,2024-09-23,PRYJ,03:15 PM,05:07 PM,112.0,03:35 PM,05:27 PM,112.0
15159,2024-09-24,PRYJ,03:15 PM,04:03 PM,48.0,03:35 PM,04:23 PM,48.0
15159,2024-09-25,PRYJ,03:15 PM,04:10 PM,55.0,03:35 PM,04:30 PM,55.0
15159,2024-09-26,PRYJ,03:15 PM,04:39 PM,84.0,03:35 PM,04:59 PM,84.0
15159,2024-09-27,PRYJ,03:15 PM,04:19 PM,64.0,03:35 PM,04:39 PM,64.0
15159,2024-09-28,PRYJ,03:15 PM,04:19 PM,64.0,03:35 PM,04:39 PM,64.0
15159,2024-09-29,PRYJ,03:15 PM,03:59 PM,44.0,03:35 PM,04:19 PM,44.0
15159,2024-09-30,PRYJ,03:15 PM,03:44 PM,29.0,03:35 PM,04:04 PM,29.0
12390,2024-09-03,DDU,07:40 PM,11:45 AM,965.0,07:50 PM,11:55 AM,965.0
12390,2024-09-10,DDU,07:40 PM,07:40 PM,0.0,07:50 PM,07:50 PM,0.0
12390,2024-09-17,DDU,07:40 PM,07:40 PM,0.0,07:50 PM,07:50 PM,0.0
12390,2024-09-24,DDU,07:40 PM,07:40 PM,0.0,07:50 PM,07:50 PM,0.0
4152,2024-09-28,PRYJ,12:40 PM,12:40 PM,0.0,12:45 PM,12:45 PM,0.0
4152,2024-09-28,CNB,03:45 PM,02:19 AM,634.0,03:45 PM,02:19 AM,634.0
22415,2024-09-01,PRYJ,07:30 AM,07:32 AM,2.0,07:34 AM,07:36 AM,2.0
22415,2024-09-01,CNB,09:26 AM,09:39 AM,13.0,09:30 AM,09:43 AM,13.0
22415,2024-09-02,PRYJ,07:30 AM,07:32 AM,2.0,07:34 AM,07:36 AM,2.0
22415,2024-09-02,CNB,09:26 AM,09:30 AM,4.0,09:30 AM,09:34 AM,4.0
22415,2024-09-04,PRYJ,07:30 AM,07:33 AM,3.0,07:34 AM,07:37 AM,3.0
22415,2024-09-04,CNB,09:26 AM,09:33 AM,7.0,09:30 AM,09:37 AM,7.0
22415,2024-09-05,PRYJ,07:30 AM,07:33 AM,3.0,07:34 AM,07:37 AM,3.0
22415,2024-09-05,CNB,09:26 AM,09:36 AM,10.0,09:30 AM,09:40 AM,10.0
22415,2024-09-06,PRYJ,07:30 AM,07:35 AM,5.0,07:34 AM,07:39 AM,5.0
22415,2024-09-06,CNB,09:26 AM,09:34 AM,8.0,09:30 AM,09:38 AM,8.0
22415,2024-09-07,PRYJ,07:30 AM,07:34 AM,4.0,07:34 AM,07:38 AM,4.0
22415,2024-09-07,CNB,09:26 AM,09:35 AM,9.0,09:30 AM,09:39 AM,9.0
22415,2024-09-08,PRYJ,07:30 AM,07:31 AM,0.0,07:34 AM,07:35 AM,0.0
22415,2024-09-08,CNB,09:26 AM,09:32 AM,6.0,09:30 AM,09:36 AM,6.0
22415,2024-09-09,PRYJ,07:30 AM,07:33 AM,3.0,07:34 AM,07:37 AM,3.0
22415,2024-09-09,CNB,09:26 AM,09:36 AM,10.0,09:30 AM,09:40 AM,10.0
22415,2024-09-11,PRYJ,07:30 AM,07:32 AM,2.0,07:34 AM,07:36 AM,2.0
22415,2024-09-11,CNB,09:26 AM,09:30 AM,4.0,09:30 AM,09:34 AM,4.0
22415,2024-09-12,PRYJ,07:30 AM,07:35 AM,5.0,07:34 AM,07:39 AM,5.0
22415,2024-09-12,CNB,09:26 AM,09:31 AM,5.0,09:30 AM,09:35 AM,5.0
22415,2024-09-13,PRYJ,07:30 AM,07:31 AM,0.0,07:34 AM,07:35 AM,0.0
22415,2024-09-13,CNB,09:26 AM,09:34 AM,8.0,09:30 AM,09:38 AM,8.0
22415,2024-09-14,PRYJ,07:30 AM,07:32 AM,2.0,07:34 AM,07:36 AM,2.0
22415,2024-09-14,CNB,09:26 AM,09:33 AM,7.0,09:30 AM,09:37 AM,7.0
22415,2024-09-15,PRYJ,07:30 AM,07:34 AM,4.0,07:34 AM,07:38 AM,4.0
22415,2024-09-15,CNB,09:26 AM,09:30 AM,4.0,09:30 AM,09:34 AM,4.0
22415,2024-09-16,PRYJ,07:30 AM,07:33 AM,3.0,07:34 AM,07:37 AM,3.0
22415,2024-09-16,CNB,09:26 AM,09:30 AM,4.0,09:30 AM,09:34 AM,4.0
22415,2024-09-18,PRYJ,07:30 AM,07:38 AM,8.0,07:34 AM,07:42 AM,8.0
22415,2024-09-18,CNB,09:26 AM,09:37 AM,11.0,09:30 AM,09:41 AM,11.0
22415,2024-09-19,PRYJ,07:30 AM,07:39 AM,9.0,07:34 AM,07:43 AM,9.0
22415,2024-09-19,CNB,09:26 AM,09:38 AM,12.0,09:30 AM,09:42 AM,12.0
22415,2024-09-20,PRYJ,07:30 AM,07:38 AM,8.0,07:34 AM,07:42 AM,8.0
22415,2024-09-20,CNB,09:26 AM,09:36 AM,10.0,09:30 AM,09:40 AM,10.0
22415,2024-09-21,PRYJ,07:30 AM,07:36 AM,6.0,07:34 AM,07:40 AM,6.0
22415,2024-09-21,CNB,09:26 AM,09:37 AM,11.0,09:30 AM,09:41 AM,11.0
22415,2024-09-22,PRYJ,07:30 AM,07:38 AM,8.0,07:34 AM,07:42 AM,8.0
22415,2024-09-22,CNB,09:26 AM,09:38 AM,12.0,09:30 AM,09:42 AM,12.0
22415,2024-09-23,PRYJ,07:30 AM,07:34 AM,4.0,07:34 AM,07:38 AM,4.0
22415,2024-09-23,CNB,09:26 AM,09:32 AM,6.0,09:30 AM,09:36 AM,6.0
22415,2024-09-25,PRYJ,07:30 AM,07:37 AM,7.0,07:34 AM,07:41 AM,7.0
22415,2024-09-25,CNB,09:26 AM,09:43 AM,17.0,09:30 AM,09:47 AM,17.0
22415,2024-09-26,PRYJ,07:30 AM,07:35 AM,5.0,07:34 AM,07:39 AM,5.0
22415,2024-09-26,CNB,09:26 AM,09:32 AM,6.0,09:30 AM,09:36 AM,6.0
22415,2024-09-27,PRYJ,07:30 AM,07:40 AM,10.0,07:34 AM,07:44 AM,10.0
22415,2024-09-27,CNB,09:26 AM,09:37 AM,11.0,09:30 AM,09:41 AM,11.0
22415,2024-09-28,PRYJ,07:30 AM,07:39 AM,9.0,07:34 AM,07:43 AM,9.0
22415,2024-09-28,CNB,09:26 AM,09:40 AM,14.0,09:30 AM,09:44 AM,14.0
22415,2024-09-29,PRYJ,07:30 AM,07:40 AM,10.0,07:34 AM,07:44 AM,10.0
22415,2024-09-29,CNB,09:26 AM,09:45 AM,19.0,09:30 AM,09:49 AM,19.0
22415,2024-09-30,PRYJ,07:30 AM,07:43 AM,13.0,07:34 AM,07:47 AM,13.0
22415,2024-09-30,CNB,09:26 AM,09:42 AM,16.0,09:30 AM,09:46 AM,16.0
12179,2024-09-01,CNB,05:15 PM,07:07 PM,112.0,05:20 PM,07:12 PM,112.0
12179,2024-09-02,CNB,05:15 PM,05:42 PM,27.0,05:20 PM,05:47 PM,27.0
12179,2024-09-03,CNB,05:15 PM,05:48 PM,33.0,05:20 PM,05:53 PM,33.0
12179,2024-09-04,CNB,05:15 PM,05:25 PM,10.0,05:20 PM,05:30 PM,10.0
12179,2024-09-05,CNB,05:15 PM,05:19 PM,4.0,05:20 PM,05:24 PM,4.0
12179,2024-09-06,CNB,05:15 PM,05:48 PM,33.0,05:20 PM,05:53 PM,33.0
12179,2024-09-07,CNB,05:15 PM,05:45 PM,30.0,05:20 PM,05:50 PM,30.0
12179,2024-09-08,CNB,05:15 PM,05:20 PM,5.0,05:20 PM,05:25 PM,5.0
12179,2024-09-09,CNB,05:15 PM,05:41 PM,26.0,05:20 PM,05:46 PM,26.0
12179,2024-09-10,CNB,05:15 PM,06:27 PM,72.0,05:20 PM,06:32 PM,72.0
12179,2024-09-11,CNB,05:15 PM,06:29 PM,74.0,05:20 PM,06:34 PM,74.0
12179,2024-09-12,CNB,05:15 PM,05:45 PM,30.0,05:20 PM,05:50 PM,30.0
12179,2024-09-13,CNB,05:15 PM,05:59 PM,44.0,05:20 PM,06:04 PM,44.0
12179,2024-09-14,CNB,05:15 PM,05:57 PM,42.0,05:20 PM,06:02 PM,42.0
12179,2024-09-15,CNB,05:15 PM,05:26 PM,11.0,05:20 PM,05:31 PM,11.0
12179,2024-09-16,CNB,05:15 PM,05:39 PM,24.0,05:20 PM,05:44 PM,24.0
12179,2024-09-17,CNB,05:15 PM,05:25 PM,10.0,05:20 PM,05:30 PM,10.0
12179,2024-09-18,CNB,05:15 PM,05:51 PM,36.0,05:20 PM,05:56 PM,36.0
12179,2024-09-19,CNB,05:15 PM,05:29 PM,14.0,05:20 PM,05:34 PM,14.0
12179,2024-09-20,CNB,05:15 PM,05:27 PM,12.0,05:20 PM,05:32 PM,12.0
12179,2024-09-21,CNB,05:15 PM,05:21 PM,6.0,05:20 PM,05:26 PM,6.0
12179,2024-09-22,CNB,05:15 PM,05:28 PM,13.0,05:20 PM,05:33 PM,13.0
12179,2024-09-23,CNB,05:15 PM,05:37 PM,22.0,05:20 PM,05:42 PM,22.0
12179,2024-09-24,CNB,05:15 PM,05:56 PM,41.0,05:20 PM,06:01 PM,41.0
12179,2024-09-25,CNB,05:15 PM,05:42 PM,27.0,05:20 PM,05:47 PM,27.0
12179,2024-09-26,CNB,05:15 PM,05:20 PM,5.0,05:20 PM,05:25 PM,5.0
12179,2024-09-27,CNB,05:15 PM,05:19 PM,4.0,05:20 PM,05:24 PM,4.0
12179,2024-09-28,CNB,05:15 PM,05:19 PM,4.0,05:20 PM,05:24 PM,4.0
12179,2024-09-29,CNB,05:15 PM,05:21 PM,6.0,05:20 PM,05:26 PM,6.0
12179,2024-09-30,CNB,05:15 PM,05:28 PM,13.0,05:20 PM,05:33 PM,13.0
16094,2024-09-02,CNB,05:50 PM,06:13 PM,23.0,05:55 PM,06:18 PM,23.0
16094,2024-09-05,CNB,05:50 PM,02:38 AM,528.0,05:55 PM,02:43 AM,528.0
16094,2024-09-09,CNB,05:50 PM,06:23 PM,33.0,05:55 PM,06:28 PM,33.0
16094,2024-09-12,CNB,05:50 PM,06:19 PM,29.0,05:55 PM,06:24 PM,29.0
16094,2024-09-16,CNB,05:50 PM,05:57 PM,7.0,05:55 PM,06:02 PM,7.0
16094,2024-09-19,CNB,05:50 PM,05:54 PM,4.0,05:55 PM,05:59 PM,4.0
16094,2024-09-23,CNB,05:50 PM,06:07 PM,17.0,05:55 PM,06:12 PM,17.0
16094,2024-09-26,CNB,05:50 PM,05:50 PM,0.0,05:55 PM,05:55 PM,0.0
16094,2024-09-30,CNB,05:50 PM,06:51 PM,61.0,05:55 PM,06:56 PM,61.0
12589,2024-09-04,CNB,01:12 PM,02:39 PM,87.0,01:17 PM,02:44 PM,87.0
12589,2024-09-11,CNB,01:12 PM,01:50 PM,38.0,01:17 PM,01:55 PM,38.0
12589,2024-09-18,CNB,01:12 PM,01:58 PM,46.0,01:17 PM,02:03 PM,46.0
12589,2024-09-25,CNB,01:12 PM,01:14 PM,2.0,01:17 PM,01:19 PM,2.0
12987,2024-09-03,DDU,09:30 AM,09:30 AM,0.0,09:40 AM,09:40 AM,0.0
12987,2024-09-03,PRYJ,11:50 AM,11:50 AM,0.0,11:55 AM,11:55 AM,0.0
12987,2024-09-03,CNB,02:25 PM,02:25 PM,0.0,02:30 PM,02:30 PM,0.0
12987,2024-09-04,DDU,09:30 AM,09:34 AM,4.0,09:40 AM,09:44 AM,4.0
12987,2024-09-04,PRYJ,11:50 AM,12:06 PM,16.0,11:55 AM,12:11 PM,16.0
12987,2024-09-04,CNB,02:25 PM,02:36 PM,11.0,02:30 PM,02:41 PM,11.0
12987,2024-09-05,DDU,09:30 AM,09:38 AM,8.0,09:40 AM,09:48 AM,8.0
12987,2024-09-05,PRYJ,11:50 AM,11:54 AM,4.0,11:55 AM,11:59 AM,4.0
12987,2024-09-05,CNB,02:25 PM,02:39 PM,14.0,02:30 PM,02:44 PM,14.0
12987,2024-09-06,DDU,09:30 AM,09:37 AM,7.0,09:40 AM,09:47 AM,7.0
12987,2024-09-06,PRYJ,11:50 AM,11:58 AM,8.0,11:55 AM,12:03 PM,8.0
12987,2024-09-06,CNB,02:25 PM,02:48 PM,23.0,02:30 PM,02:53 PM,23.0
12987,2024-09-07,DDU,09:30 AM,09:30 AM,0.0,09:40 AM,09:40 AM,0.0
12987,2024-09-07,PRYJ,11:50 AM,11:50 AM,0.0,11:55 AM,11:55 AM,0.0
12987,2024-09-07,CNB,02:25 PM,02:25 PM,0.0,02:30 PM,02:30 PM,0.0
12987,2024-09-08,DDU,09:30 AM,09:30 AM,0.0,09:40 AM,09:40 AM,0.0
12987,2024-09-08,PRYJ,11:50 AM,11:50 AM,0.0,11:55 AM,11:55 AM,0.0
12987,2024-09-08,CNB,02:25 PM,02:25 PM,0.0,02:30 PM,02:30 PM,0.0
12987,2024-09-10,DDU,09:30 AM,09:30 AM,0.0,09:40 AM,09:40 AM,0.0
12987,2024-09-10,PRYJ,11:50 AM,11:50 AM,0.0,11:55 AM,11:55 AM,0.0
12987,2024-09-10,CNB,02:25 PM,02:25 PM,0.0,02:30 PM,02:30 PM,0.0
12987,2024-09-12,DDU,09:30 AM,09:40 AM,10.0,09:40 AM,09:50 AM,10.0
12987,2024-09-12,PRYJ,11:50 AM,11:59 AM,9.0,11:55 AM,12:04 PM,9.0
12987,2024-09-12,CNB,02:25 PM,02:39 PM,14.0,02:30 PM,02:44 PM,14.0
12987,2024-09-13,DDU,09:30 AM,09:30 AM,0.0,09:40 AM,09:40 AM,0.0
12987,2024-09-13,PRYJ,11:50 AM,11:50 AM,0.0,11:55 AM,11:55 AM,0.0
12987,2024-09-13,CNB,02:25 PM,02:25 PM,0.0,02:30 PM,02:30 PM,0.0
12987,2024-09-15,DDU,09:30 AM,09:30 AM,0.0,09:40 AM,09:40 AM,0.0
12987,2024-09-15,PRYJ,11:50 AM,12:03 PM,13.0,11:55 AM,12:08 PM,13.0
12987,2024-09-15,CNB,02:25 PM,02:28 PM,3.0,02:30 PM,02:33 PM,3.0
12987,2024-09-16,DDU,09:30 AM,10:41 AM,71.0,09:40 AM,10:51 AM,71.0
12987,2024-09-16,PRYJ,11:50 AM,01:58 PM,128.0,11:55 AM,02:03 PM,128.0
12987,2024-09-16,CNB,02:25 PM,04:15 PM,110.0,02:30 PM,04:20 PM,110.0
12987,2024-09-18,DDU,09:30 AM,09:31 AM,0.0,09:40 AM,09:41 AM,0.0
12987,2024-09-18,PRYJ,11:50 AM,11:56 AM,6.0,11:55 AM,12:01 PM,6.0
12987,2024-09-18,CNB,02:25 PM,02:25 PM,0.0,02:30 PM,02:30 PM,0.0
12987,2024-09-19,DDU,09:30 AM,09:33 AM,3.0,09:40 AM,09:43 AM,3.0
12987,2024-09-19,PRYJ,11:50 AM,11:52 AM,2.0,11:55 AM,11:57 AM,2.0
12987,2024-09-19,CNB,02:25 PM,02:42 PM,17.0,02:30 PM,02:47 PM,17.0
12987,2024-09-20,DDU,09:30 AM,09:30 AM,0.0,09:40 AM,09:40 AM,0.0
12987,2024-09-20,PRYJ,11:50 AM,11:50 AM,0.0,11:55 AM,11:55 AM,0.0
12987,2024-09-20,CNB,02:25 PM,02:25 PM,0.0,02:30 PM,02:30 PM,0.0
12987,2024-09-21,DDU,09:30 AM,09:33 AM,3.0,09:40 AM,09:43 AM,3.0
12987,2024-09-21,PRYJ,11:50 AM,12:03 PM,13.0,11:55 AM,12:08 PM,13.0
12987,2024-09-21,CNB,02:25 PM,02:35 PM,10.0,02:30 PM,02:40 PM,10.0
12987,2024-09-22,DDU,09:30 AM,09:34 AM,4.0,09:40 AM,09:44 AM,4.0
12987,2024-09-22,PRYJ,11:50 AM,11:51 AM,0.0,11:55 AM,11:56 AM,0.0
12987,2024-09-22,CNB,02:25 PM,02:58 PM,33.0,02:30 PM,03:03 PM,33.0
12987,2024-09-23,DDU,09:30 AM,09:38 AM,8.0,09:40 AM,09:48 AM,8.0
12987,2024-09-23,PRYJ,11:50 AM,12:11 PM,21.0,11:55 AM,12:16 PM,21.0
12987,2024-09-23,CNB,02:25 PM,03:15 PM,50.0,02:30 PM,03:20 PM,50.0
12987,2024-09-24,DDU,09:30 AM,09:30 AM,0.0,09:40 AM,09:40 AM,0.0
12987,2024-09-24,PRYJ,11:50 AM,12:10 PM,20.0,11:55 AM,12:15 PM,20.0
12987,2024-09-24,CNB,02:25 PM,02:52 PM,27.0,02:30 PM,02:57 PM,27.0
12987,2024-09-25,DDU,09:30 AM,09:36 AM,6.0,09:40 AM,09:46 AM,6.0
12987,2024-09-25,PRYJ,11:50 AM,11:53 AM,3.0,11:55 AM,11:58 AM,3.0
12987,2024-09-25,CNB,02:25 PM,02:25 PM,0.0,02:30 PM,02:30 PM,0.0
12987,2024-09-27,DDU,09:30 AM,09:36 AM,6.0,09:40 AM,09:46 AM,6.0
12987,2024-09-27,PRYJ,11:50 AM,11:50 AM,0.0,11:55 AM,11:55 AM,0.0
12987,2024-09-27,CNB,02:25 PM,02:37 PM,12.0,02:30 PM,02:42 PM,12.0
12987,2024-09-28,DDU,09:30 AM,09:33 AM,3.0,09:40 AM,09:43 AM,3.0
12987,2024-09-28,PRYJ,11:50 AM,12:04 PM,14.0,11:55 AM,12:09 PM,14.0
12987,2024-09-28,CNB,02:25 PM,02:29 PM,4.0,02:30 PM,02:34 PM,4.0
12987,2024-09-29,DDU,09:30 AM,09:35 AM,5.0,09:40 AM,09:45 AM,5.0
12987,2024-09-29,PRYJ,11:50 AM,12:03 PM,13.0,11:55 AM,12:08 PM,13.0
12987,2024-09-29,CNB,02:25 PM,03:19 PM,54.0,02:30 PM,03:24 PM,54.0
12987,2024-09-30,DDU,09:30 AM,09:45 AM,15.0,09:40 AM,09:55 AM,15.0
12987,2024-09-30,PRYJ,11:50 AM,12:23 PM,33.0,11:55 AM,12:28 PM,33.0
12987,2024-09-30,CNB,02:25 PM,02:25 PM,0.0,02:30 PM,02:30 PM,0.0
11034,2024-09-06,PRYJ,06:50 AM,06:50 AM,0.0,07:15 AM,07:15 AM,0.0
11034,2024-09-13,PRYJ,06:50 AM,06:50 AM,0.0,07:15 AM,07:15 AM,0.0
11034,2024-09-20,PRYJ,06:50 AM,06:50 AM,0.0,07:15 AM,07:15 AM,0.0
11034,2024-09-27,PRYJ,06:50 AM,06:50 AM,0.0,07:15 AM,07:15 AM,0.0
12311,2024-09-01,DDU,08:05 AM,08:36 AM,31.0,08:15 AM,08:46 AM,31.0
12311,2024-09-01,PRYJ,10:40 AM,11:30 AM,50.0,10:50 AM,11:40 AM,50.0
12311,2024-09-01,CNB,01:30 PM,02:09 PM,39.0,01:40 PM,02:19 PM,39.0
12311,2024-09-02,DDU,08:05 AM,08:15 AM,10.0,08:15 AM,08:25 AM,10.0
12311,2024-09-02,PRYJ,10:40 AM,10:52 AM,12.0,10:50 AM,11:02 AM,12.0
12311,2024-09-02,CNB,01:30 PM,02:19 PM,49.0,01:40 PM,02:29 PM,49.0
12311,2024-09-03,DDU,08:05 AM,08:09 AM,4.0,08:15 AM,08:19 AM,4.0
12311,2024-09-03,PRYJ,10:40 AM,10:40 AM,0.0,10:50 AM,10:50 AM,0.0
12311,2024-09-03,CNB,01:30 PM,01:37 PM,7.0,01:40 PM,01:47 PM,7.0
12311,2024-09-04,DDU,08:05 AM,08:12 AM,7.0,08:15 AM,08:22 AM,7.0
12311,2024-09-04,PRYJ,10:40 AM,10:43 AM,3.0,10:50 AM,10:53 AM,3.0
12311,2024-09-04,CNB,01:30 PM,01:37 PM,7.0,01:40 PM,01:47 PM,7.0
12311,2024-09-05,DDU,08:05 AM,08:13 AM,8.0,08:15 AM,08:23 AM,8.0
12311,2024-09-05,PRYJ,10:40 AM,10:49 AM,9.0,10:50 AM,10:59 AM,9.0
12311,2024-09-05,CNB,01:30 PM,02:14 PM,44.0,01:40 PM,02:24 PM,44.0
12311,2024-09-06,DDU,08:05 AM,08:09 AM,4.0,08:15 AM,08:19 AM,4.0
12311,2024-09-06,PRYJ,10:40 AM,10:46 AM,6.0,10:50 AM,10:56 AM,6.0
12311,2024-09-06,CNB,01:30 PM,02:41 PM,71.0,01:40 PM,02:51 PM,71.0
12311,2024-09-07,DDU,08:05 AM,08:38 AM,33.0,08:15 AM,08:48 AM,33.0
12311,2024-09-07,PRYJ,10:40 AM,11:50 AM,70.0,10:50 AM,12:00 PM,70.0
12311,2024-09-07,CNB,01:30 PM,02:46 PM,76.0,01:40 PM,02:56 PM,76.0
12311,2024-09-08,DDU,08:05 AM,08:05 AM,0.0,08:15 AM,08:15 AM,0.0
12311,2024-09-08,PRYJ,10:40 AM,10:40 AM,0.0,10:50 AM,10:50 AM,0.0
12311,2024-09-08,CNB,01:30 PM,02:08 PM,38.0,01:40 PM,02:18 PM,38.0
12311,2024-09-09,DDU,08:05 AM,08:06 AM,0.0,08:15 AM,08:16 AM,0.0
12311,2024-09-09,PRYJ,10:40 AM,10:41 AM,0.0,10:50 AM,10:51 AM,0.0
12311,2024-09-09,CNB,01:30 PM,01:46 PM,16.0,01:40 PM,01:56 PM,16.0
12311,2024-09-10,DDU,08:05 AM,08:30 AM,25.0,08:15 AM,08:40 AM,25.0
12311,2024-09-10,PRYJ,10:40 AM,10:57 AM,17.0,10:50 AM,11:07 AM,17.0
12311,2024-09-10,CNB,01:30 PM,01:59 PM,29.0,01:40 PM,02:09 PM,29.0
12311,2024-09-11,DDU,08:05 AM,08:20 AM,15.0,08:15 AM,08:30 AM,15.0
12311,2024-09-11,PRYJ,10:40 AM,10:59 AM,19.0,10:50 AM,11:09 AM,19.0
12311,2024-09-11,CNB,01:30 PM,02:09 PM,39.0,01:40 PM,02:19 PM,39.0
12311,2024-09-12,DDU,08:05 AM,08:27 AM,22.0,08:15 AM,08:37 AM,22.0
12311,2024-09-12,PRYJ,10:40 AM,11:00 AM,20.0,10:50 AM,11:10 AM,20.0
12311,2024-09-12,CNB,01:30 PM,01:56 PM,26.0,01:40 PM,02:06 PM,26.0
12311,2024-09-13,DDU,08:05 AM,08:46 AM,41.0,08:15 AM,08:56 AM,41.0
12311,2024-09-13,PRYJ,10:40 AM,11:04 AM,24.0,10:50 AM,11:14 AM,24.0
12311,2024-09-13,CNB,01:30 PM,01:47 PM,17.0,01:40 PM,01:57 PM,17.0
12311,2024-09-14,DDU,08:05 AM,08:17 AM,12.0,08:15 AM,08:27 AM,12.0
12311,2024-09-14,PRYJ,10:40 AM,10:50 AM,10.0,10:50 AM,11:00 AM,10.0
12311,2024-09-14,CNB,01:30 PM,01:39 PM,9.0,01:40 PM,01:49 PM,9.0
12311,2024-09-15,DDU,08:05 AM,08:16 AM,11.0,08:15 AM,08:26 AM,11.0
12311,2024-09-15,PRYJ,10:40 AM,11:03 AM,23.0,10:50 AM,11:13 AM,23.0
12311,2024-09-15,CNB,01:30 PM,01:54 PM,24.0,01:40 PM,02:04 PM,24.0
12311,2024-09-16,DDU,08:05 AM,09:54 AM,109.0,08:15 AM,10:04 AM,109.0
12311,2024-09-16,PRYJ,10:40 AM,12:40 PM,120.0,10:50 AM,12:50 PM,120.0
12311,2024-09-16,CNB,01:30 PM,03:33 PM,123.0,01:40 PM,03:43 PM,123.0
12311,2024-09-17,DDU,08:05 AM,08:11 AM,6.0,08:15 AM,08:21 AM,6.0
12311,2024-09-17,PRYJ,10:40 AM,10:40 AM,0.0,10:50 AM,10:50 AM,0.0
12311,2024-09-17,CNB,01:30 PM,01:30 PM,0.0,01:40 PM,01:40 PM,0.0
12311,2024-09-18,DDU,08:05 AM,08:17 AM,12.0,08:15 AM,08:27 AM,12.0
12311,2024-09-18,PRYJ,10:40 AM,10:57 AM,17.0,10:50 AM,11:07 AM,17.0
12311,2024-09-18,CNB,01:30 PM,02:09 PM,39.0,01:40 PM,02:19 PM,39.0
12311,2024-09-19,DDU,08:05 AM,08:16 AM,11.0,08:15 AM,08:26 AM,11.0
12311,2024-09-19,PRYJ,10:40 AM,11:12 AM,32.0,10:50 AM,11:22 AM,32.0
12311,2024-09-19,CNB,01:30 PM,02:10 PM,40.0,01:40 PM,02:20 PM,40.0
12311,2024-09-20,DDU,08:05 AM,08:06 AM,0.0,08:15 AM,08:16 AM,0.0
12311,2024-09-20,PRYJ,10:40 AM,10:43 AM,3.0,10:50 AM,10:53 AM,3.0
12311,2024-09-20,CNB,01:30 PM,02:38 PM,68.0,01:40 PM,02:48 PM,68.0
12311,2024-09-21,DDU,08:05 AM,08:39 AM,34.0,08:15 AM,08:49 AM,34.0
12311,2024-09-21,PRYJ,10:40 AM,11:16 AM,36.0,10:50 AM,11:26 AM,36.0
12311,2024-09-21,CNB,01:30 PM,01:57 PM,27.0,01:40 PM,02:07 PM,27.0
12311,2024-09-22,DDU,08:05 AM,08:31 AM,26.0,08:15 AM,08:41 AM,26.0
12311,2024-09-22,PRYJ,10:40 AM,11:02 AM,22.0,10:50 AM,11:12 AM,22.0
12311,2024-09-22,CNB,01:30 PM,02:21 PM,51.0,01:40 PM,02:31 PM,51.0
12311,2024-09-23,DDU,08:05 AM,08:42 AM,37.0,08:15 AM,08:52 AM,37.0
12311,2024-09-23,PRYJ,10:40 AM,11:21 AM,41.0,10:50 AM,11:31 AM,41.0
12311,2024-09-23,CNB,01:30 PM,02:11 PM,41.0,01:40 PM,02:21 PM,41.0
12311,2024-09-24,DDU,08:05 AM,08:09 AM,4.0,08:15 AM,08:19 AM,4.0
12311,2024-09-24,PRYJ,10:40 AM,10:42 AM,2.0,10:50 AM,10:52 AM,2.0
12311,2024-09-24,CNB,01:30 PM,01:59 PM,29.0,01:40 PM,02:09 PM,29.0
12311,2024-09-25,DDU,08:05 AM,08:24 AM,19.0,08:15 AM,08:34 AM,19.0
12311,2024-09-25,PRYJ,10:40 AM,10:59 AM,19.0,10:50 AM,11:09 AM,19.0
12311,2024-09-25,CNB,01:30 PM,02:08 PM,38.0,01:40 PM,02:18 PM,38.0
12311,2024-09-26,DDU,08:05 AM,08:16 AM,11.0,08:15 AM,08:26 AM,11.0
12311,2024-09-26,PRYJ,10:40 AM,10:46 AM,6.0,10:50 AM,10:56 AM,6.0
12311,2024-09-26,CNB,01:30 PM,01:57 PM,27.0,01:40 PM,02:07 PM,27.0
12311,2024-09-27,DDU,08:05 AM,08:15 AM,10.0,08:15 AM,08:25 AM,10.0
12311,2024-09-27,PRYJ,10:40 AM,10:43 AM,3.0,10:50 AM,10:53 AM,3.0
12311,2024-09-27,CNB,01:30 PM,01:37 PM,7.0,01:40 PM,01:47 PM,7.0
12311,2024-09-28,DDU,08:05 AM,08:10 AM,5.0,08:15 AM,08:20 AM,5.0
12311,2024-09-28,PRYJ,10:40 AM,10:46 AM,6.0,10:50 AM,10:56 AM,6.0
12311,2024-09-28,CNB,01:30 PM,01:43 PM,13.0,01:40 PM,01:53 PM,13.0
12311,2024-09-29,DDU,08:05 AM,08:05 AM,0.0,08:15 AM,08:15 AM,0.0
12311,2024-09-29,PRYJ,10:40 AM,10:40 AM,0.0,10:50 AM,10:50 AM,0.0
12311,2024-09-29,CNB,01:30 PM,01:43 PM,13.0,01:40 PM,01:53 PM,13.0
12311,2024-09-30,DDU,08:05 AM,08:20 AM,15.0,08:15 AM,08:30 AM,15.0
12311,2024-09-30,PRYJ,10:40 AM,10:54 AM,14.0,10:50 AM,11:04 AM,14.0
12311,2024-09-30,CNB,01:30 PM,01:54 PM,24.0,01:40 PM,02:04 PM,24.0
14115,2024-09-01,PRYJ,06:00 AM,06:00 AM,0.0,06:00 AM,06:00 AM,0.0
14115,2024-09-02,PRYJ,06:00 AM,06:01 AM,0.0,06:00 AM,06:01 AM,0.0
14115,2024-09-03,PRYJ,06:00 AM,06:00 AM,0.0,06:00 AM,06:00 AM,0.0
14115,2024-09-04,PRYJ,06:00 AM,06:00 AM,0.0,06:00 AM,06:00 AM,0.0
14115,2024-09-05,PRYJ,06:00 AM,06:00 AM,0.0,06:00 AM,06:00 AM,0.0
14115,2024-09-06,PRYJ,06:00 AM,06:00 AM,0.0,06:00 AM,06:00 AM,0.0
14115,2024-09-07,PRYJ,06:00 AM,06:00 AM,0.0,06:00 AM,06:00 AM,0.0
14115,2024-09-08,PRYJ,06:00 AM,06:00 AM,0.0,06:00 AM,06:00 AM,0.0
14115,2024-09-09,PRYJ,06:00 AM,06:00 AM,0.0,06:00 AM,06:00 AM,0.0
14115,2024-09-10,PRYJ,06:00 AM,06:00 AM,0.0,06:00 AM,06:00 AM,0.0
14115,2024-09-11,PRYJ,06:00 AM,06:00 AM,0.0,06:00 AM,06:00 AM,0.0
14115,2024-09-12,PRYJ,06:00 AM,06:00 AM,0.0,06:00 AM,06:00 AM,0.0
14115,2024-09-13,PRYJ,06:00 AM,06:00 AM,0.0,06:00 AM,06:00 AM,0.0
14115,2024-09-14,PRYJ,06:00 AM,06:00 AM,0.0,06:00 AM,06:00 AM,0.0
14115,2024-09-15,PRYJ,06:00 AM,06:00 AM,0.0,06:00 AM,06:00 AM,0.0
14115,2024-09-16,PRYJ,06:00 AM,06:00 AM,0.0,06:00 AM,06:00 AM,0.0
14115,2024-09-17,PRYJ,06:00 AM,06:00 AM,0.0,06:00 AM,06:00 AM,0.0
14115,2024-09-18,PRYJ,06:00 AM,06:00 AM,0.0,06:00 AM,06:00 AM,0.0
14115,2024-09-19,PRYJ,06:00 AM,06:00 AM,0.0,06:00 AM,06:00 AM,0.0
14115,2024-09-20,PRYJ,06:00 AM,06:00 AM,0.0,06:00 AM,06:00 AM,0.0
14115,2024-09-21,PRYJ,06:00 AM,06:00 AM,0.0,06:00 AM,06:00 AM,0.0
14115,2024-09-22,PRYJ,06:00 AM,06:00 AM,0.0,06:00 AM,06:00 AM,0.0
14115,2024-09-23,PRYJ,06:00 AM,06:00 AM,0.0,06:00 AM,06:00 AM,0.0
14115,2024-09-24,PRYJ,06:00 AM,06:00 AM,0.0,06:00 AM,06:00 AM,0.0
14115,2024-09-25,PRYJ,06:00 AM,06:58 AM,58.0,06:00 AM,06:58 AM,58.0
14115,2024-09-26,PRYJ,06:00 AM,06:00 AM,0.0,06:00 AM,06:00 AM,0.0
14115,2024-09-27,PRYJ,06:00 AM,06:00 AM,0.0,06:00 AM,06:00 AM,0.0
14115,2024-09-28,PRYJ,06:00 AM,06:00 AM,0.0,06:00 AM,06:00 AM,0.0
14115,2024-09-29,PRYJ,06:00 AM,06:00 AM,0.0,06:00 AM,06:00 AM,0.0
14115,2024-09-30,PRYJ,06:00 AM,06:00 AM,0.0,06:00 AM,06:00 AM,0.0
22811,2024-09-01,DDU,12:35 AM,12:35 AM,0.0,12:45 AM,12:45 AM,0.0
22811,2024-09-01,PRYJ,02:33 AM,02:33 AM,0.0,02:35 AM,02:35 AM,0.0
22811,2024-09-01,CNB,04:40 AM,04:40 AM,0.0,04:45 AM,04:45 AM,0.0
22811,2024-09-04,DDU,12:35 AM,12:35 AM,0.0,12:45 AM,12:45 AM,0.0
22811,2024-09-04,PRYJ,02:33 AM,02:33 AM,0.0,02:35 AM,02:35 AM,0.0
22811,2024-09-04,CNB,04:40 AM,04:40 AM,0.0,04:45 AM,04:45 AM,0.0
22811,2024-09-08,DDU,12:35 AM,12:35 AM,0.0,12:45 AM,12:45 AM,0.0
22811,2024-09-08,PRYJ,02:33 AM,02:33 AM,0.0,02:35 AM,02:35 AM,0.0
22811,2024-09-08,CNB,04:40 AM,04:40 AM,0.0,04:45 AM,04:45 AM,0.0
22811,2024-09-11,DDU,12:35 AM,12:41 AM,6.0,12:45 AM,12:51 AM,6.0
22811,2024-09-11,PRYJ,02:33 AM,02:33 AM,0.0,02:35 AM,02:35 AM,0.0
22811,2024-09-11,CNB,04:40 AM,04:40 AM,0.0,04:45 AM,04:45 AM,0.0
22811,2024-09-15,DDU,12:35 AM,12:51 AM,16.0,12:45 AM,01:01 AM,16.0
22811,2024-09-15,PRYJ,02:33 AM,02:53 AM,20.0,02:35 AM,02:55 AM,20.0
22811,2024-09-15,CNB,04:40 AM,05:01 AM,21.0,04:45 AM,05:06 AM,21.0
22811,2024-09-18,DDU,12:35 AM,12:35 AM,0.0,12:45 AM,12:45 AM,0.0
22811,2024-09-18,PRYJ,02:33 AM,02:33 AM,0.0,02:35 AM,02:35 AM,0.0
22811,2024-09-18,CNB,04:40 AM,04:40 AM,0.0,04:45 AM,04:45 AM,0.0
22811,2024-09-22,DDU,12:35 AM,03:37 AM,182.0,12:45 AM,03:47 AM,182.0
22811,2024-09-22,PRYJ,02:33 AM,05:57 AM,204.0,02:35 AM,05:59 AM,204.0
22811,2024-09-22,CNB,04:40 AM,07:59 AM,199.0,04:45 AM,08:04 AM,199.0
22811,2024-09-25,DDU,12:35 AM,12:35 AM,0.0,12:45 AM,12:45 AM,0.0
22811,2024-09-25,PRYJ,02:33 AM,02:33 AM,0.0,02:35 AM,02:35 AM,0.0
22811,2024-09-25,CNB,04:40 AM,04:40 AM,0.0,04:45 AM,04:45 AM,0.0
22811,2024-09-29,DDU,12:35 AM,12:35 AM,0.0,12:45 AM,12:45 AM,0.0
22811,2024-09-29,PRYJ,02:33 AM,02:33 AM,0.0,02:35 AM,02:35 AM,0.0
22811,2024-09-29,CNB,04:40 AM,04:40 AM,0.0,04:45 AM,04:45 AM,0.0
13307,2024-09-01,DDU,04:15 AM,04:18 AM,3.0,04:25 AM,04:28 AM,3.0
13307,2024-09-02,DDU,04:15 AM,04:19 AM,4.0,04:25 AM,04:29 AM,4.0
13307,2024-09-03,DDU,04:15 AM,04:16 AM,0.0,04:25 AM,04:26 AM,0.0
13307,2024-09-05,DDU,04:15 AM,04:35 AM,20.0,04:25 AM,04:45 AM,20.0
13307,2024-09-06,DDU,04:15 AM,04:19 AM,4.0,04:25 AM,04:29 AM,4.0
13307,2024-09-07,DDU,04:15 AM,04:18 AM,3.0,04:25 AM,04:28 AM,3.0
13307,2024-09-08,DDU,04:15 AM,04:17 AM,2.0,04:25 AM,04:27 AM,2.0
13307,2024-09-09,DDU,04:15 AM,04:19 AM,4.0,04:25 AM,04:29 AM,4.0
13307,2024-09-10,DDU,04:15 AM,04:37 AM,22.0,04:25 AM,04:47 AM,22.0
13307,2024-09-11,DDU,04:15 AM,04:19 AM,4.0,04:25 AM,04:29 AM,4.0
13307,2024-09-12,DDU,04:15 AM,04:25 AM,10.0,04:25 AM,04:35 AM,10.0
13307,2024-09-13,DDU,04:15 AM,04:15 AM,0.0,04:25 AM,04:25 AM,0.0
13307,2024-09-14,DDU,04:15 AM,04:18 AM,3.0,04:25 AM,04:28 AM,3.0
13307,2024-09-15,DDU,04:15 AM,04:16 AM,0.0,04:25 AM,04:26 AM,0.0
13307,2024-09-16,DDU,04:15 AM,04:31 AM,16.0,04:25 AM,04:41 AM,16.0
13307,2024-09-17,DDU,04:15 AM,04:18 AM,3.0,04:25 AM,04:28 AM,3.0
13307,2024-09-18,DDU,04:15 AM,04:19 AM,4.0,04:25 AM,04:29 AM,4.0
13307,2024-09-19,DDU,04:15 AM,04:18 AM,3.0,04:25 AM,04:28 AM,3.0
13307,2024-09-20,DDU,04:15 AM,04:18 AM,3.0,04:25 AM,04:28 AM,3.0
13307,2024-09-21,DDU,04:15 AM,04:21 AM,6.0,04:25 AM,04:31 AM,6.0
13307,2024-09-22,DDU,04:15 AM,04:20 AM,5.0,04:25 AM,04:30 AM,5.0
13307,2024-09-23,DDU,04:15 AM,04:15 AM,0.0,04:25 AM,04:25 AM,0.0
13307,2024-09-24,DDU,04:15 AM,04:27 AM,12.0,04:25 AM,04:37 AM,12.0
13307,2024-09-25,DDU,04:15 AM,04:21 AM,6.0,04:25 AM,04:31 AM,6.0
13307,2024-09-26,DDU,04:15 AM,04:29 AM,14.0,04:25 AM,04:39 AM,14.0
13307,2024-09-27,DDU,04:15 AM,04:17 AM,2.0,04:25 AM,04:27 AM,2.0
13307,2024-09-28,DDU,04:15 AM,04:17 AM,2.0,04:25 AM,04:27 AM,2.0
13307,2024-09-29,DDU,04:15 AM,04:17 AM,2.0,04:25 AM,04:27 AM,2.0
13307,2024-09-30,DDU,04:15 AM,04:18 AM,3.0,04:25 AM,04:28 AM,3.0
13201,2024-09-01,BXR,02:00 AM,02:38 AM,38.0,02:05 AM,02:43 AM,38.0
13201,2024-09-01,DDU,04:10 AM,04:10 AM,0.0,04:20 AM,04:20 AM,0.0
13201,2024-09-02,BXR,02:00 AM,02:24 AM,24.0,02:05 AM,02:29 AM,24.0
13201,2024-09-02,DDU,04:10 AM,04:10 AM,0.0,04:20 AM,04:20 AM,0.0
13201,2024-09-03,BXR,02:00 AM,02:16 AM,16.0,02:05 AM,02:21 AM,16.0
13201,2024-09-03,DDU,04:10 AM,04:12 AM,2.0,04:20 AM,04:22 AM,2.0
13201,2024-09-04,BXR,02:00 AM,02:00 AM,0.0,02:05 AM,02:05 AM,0.0
13201,2024-09-04,DDU,04:10 AM,04:11 AM,0.0,04:20 AM,04:21 AM,0.0
13201,2024-09-06,BXR,02:00 AM,02:16 AM,16.0,02:05 AM,02:21 AM,16.0
13201,2024-09-06,DDU,04:10 AM,04:11 AM,0.0,04:20 AM,04:21 AM,0.0
13201,2024-09-07,BXR,02:00 AM,02:07 AM,7.0,02:05 AM,02:12 AM,7.0
13201,2024-09-07,DDU,04:10 AM,04:11 AM,0.0,04:20 AM,04:21 AM,0.0
13201,2024-09-08,BXR,02:00 AM,02:14 AM,14.0,02:05 AM,02:19 AM,14.0
13201,2024-09-08,DDU,04:10 AM,04:10 AM,0.0,04:20 AM,04:20 AM,0.0
13201,2024-09-09,BXR,02:00 AM,02:09 AM,9.0,02:05 AM,02:14 AM,9.0
13201,2024-09-09,DDU,04:10 AM,04:10 AM,0.0,04:20 AM,04:20 AM,0.0
13201,2024-09-10,BXR,02:00 AM,02:36 AM,36.0,02:05 AM,02:41 AM,36.0
13201,2024-09-10,DDU,04:10 AM,04:10 AM,0.0,04:20 AM,04:20 AM,0.0
13201,2024-09-11,BXR,02:00 AM,02:00 AM,0.0,02:05 AM,02:05 AM,0.0
13201,2024-09-11,DDU,04:10 AM,04:11 AM,0.0,04:20 AM,04:21 AM,0.0
13201,2024-09-12,BXR,02:00 AM,02:00 AM,0.0,02:05 AM,02:05 AM,0.0
13201,2024-09-12,DDU,04:10 AM,05:06 AM,56.0,04:20 AM,05:16 AM,56.0
13201,2024-09-13,BXR,02:00 AM,02:00 AM,0.0,02:05 AM,02:05 AM,0.0
13201,2024-09-13,DDU,04:10 AM,05:04 AM,54.0,04:20 AM,05:14 AM,54.0
13201,2024-09-14,BXR,02:00 AM,02:00 AM,0.0,02:05 AM,02:05 AM,0.0
13201,2024-09-14,DDU,04:10 AM,04:11 AM,0.0,04:20 AM,04:21 AM,0.0
13201,2024-09-15,BXR,02:00 AM,02:09 AM,9.0,02:05 AM,02:14 AM,9.0
13201,2024-09-15,DDU,04:10 AM,04:10 AM,0.0,04:20 AM,04:20 AM,0.0
13201,2024-09-16,BXR,02:00 AM,02:01 AM,0.0,02:05 AM,02:06 AM,0.0
13201,2024-09-16,DDU,04:10 AM,04:10 AM,0.0,04:20 AM,04:20 AM,0.0
13201,2024-09-17,BXR,02:00 AM,02:12 AM,12.0,02:05 AM,02:17 AM,12.0
13201,2024-09-17,DDU,04:10 AM,04:11 AM,0.0,04:20 AM,04:21 AM,0.0
13201,2024-09-18,BXR,02:00 AM,03:57 AM,117.0,02:05 AM,04:02 AM,117.0
13201,2024-09-18,DDU,04:10 AM,05:34 AM,84.0,04:20 AM,05:44 AM,84.0
13201,2024-09-19,BXR,02:00 AM,02:00 AM,0.0,02:05 AM,02:05 AM,0.0
13201,2024-09-19,DDU,04:10 AM,04:11 AM,0.0,04:20 AM,04:21 AM,0.0
13201,2024-09-20,BXR,02:00 AM,02:07 AM,7.0,02:05 AM,02:12 AM,7.0
13201,2024-09-20,DDU,04:10 AM,04:10 AM,0.0,04:20 AM,04:20 AM,0.0
13201,2024-09-22,BXR,02:00 AM,02:00 AM,0.0,02:05 AM,02:05 AM,0.0
13201,2024-09-22,DDU,04:10 AM,04:10 AM,0.0,04:20 AM,04:20 AM,0.0
13201,2024-09-23,BXR,02:00 AM,02:00 AM,0.0,02:05 AM,02:05 AM,0.0
13201,2024-09-23,DDU,04:10 AM,04:11 AM,0.0,04:20 AM,04:21 AM,0.0
13201,2024-09-24,BXR,02:00 AM,02:32 AM,32.0,02:05 AM,02:37 AM,32.0
13201,2024-09-24,DDU,04:10 AM,04:12 AM,2.0,04:20 AM,04:22 AM,2.0
13201,2024-09-25,BXR,02:00 AM,02:11 AM,11.0,02:05 AM,02:16 AM,11.0
13201,2024-09-25,DDU,04:10 AM,04:11 AM,0.0,04:20 AM,04:21 AM,0.0
13201,2024-09-26,BXR,02:00 AM,02:33 AM,33.0,02:05 AM,02:38 AM,33.0
13201,2024-09-26,DDU,04:10 AM,04:10 AM,0.0,04:20 AM,04:20 AM,0.0
13201,2024-09-28,BXR,02:00 AM,02:15 AM,15.0,02:05 AM,02:20 AM,15.0
13201,2024-09-28,DDU,04:10 AM,04:11 AM,0.0,04:20 AM,04:21 AM,0.0
13201,2024-09-29,BXR,02:00 AM,02:00 AM,0.0,02:05 AM,02:05 AM,0.0
13201,2024-09-29,DDU,04:10 AM,04:10 AM,0.0,04:20 AM,04:20 AM,0.0
13201,2024-09-30,BXR,02:00 AM,02:00 AM,0.0,02:05 AM,02:05 AM,0.0
13201,2024-09-30,DDU,04:10 AM,04:10 AM,0.0,04:20 AM,04:20 AM,0.0
12308,2024-09-02,CNB,01:05 PM,01:05 PM,0.0,01:15 PM,01:15 PM,0.0
12308,2024-09-02,PRYJ,03:40 PM,03:40 PM,0.0,03:45 PM,03:45 PM,0.0
12308,2024-09-02,DDU,06:18 PM,06:18 PM,0.0,06:28 PM,06:28 PM,0.0
12308,2024-09-03,CNB,01:05 PM,01:10 PM,5.0,01:15 PM,01:20 PM,5.0
12308,2024-09-03,PRYJ,03:40 PM,05:45 PM,125.0,03:45 PM,05:50 PM,125.0
12308,2024-09-03,DDU,06:18 PM,08:22 PM,124.0,06:28 PM,08:32 PM,124.0
12308,2024-09-05,CNB,01:05 PM,01:08 PM,3.0,01:15 PM,01:18 PM,3.0
12308,2024-09-05,PRYJ,03:40 PM,04:26 PM,46.0,03:45 PM,04:31 PM,46.0
12308,2024-09-05,DDU,06:18 PM,06:31 PM,13.0,06:28 PM,06:41 PM,13.0
12308,2024-09-06,CNB,01:05 PM,01:35 PM,30.0,01:15 PM,01:45 PM,30.0
12308,2024-09-06,PRYJ,03:40 PM,03:40 PM,0.0,03:45 PM,03:45 PM,0.0
12308,2024-09-06,DDU,06:18 PM,06:18 PM,0.0,06:28 PM,06:28 PM,0.0
12308,2024-09-09,CNB,01:05 PM,01:21 PM,16.0,01:15 PM,01:31 PM,16.0
12308,2024-09-09,PRYJ,03:40 PM,04:50 PM,70.0,03:45 PM,04:55 PM,70.0
12308,2024-09-09,DDU,06:18 PM,07:23 PM,65.0,06:28 PM,07:33 PM,65.0
12308,2024-09-12,CNB,01:05 PM,01:09 PM,4.0,01:15 PM,01:19 PM,4.0
12308,2024-09-12,PRYJ,03:40 PM,04:08 PM,28.0,03:45 PM,04:13 PM,28.0
12308,2024-09-12,DDU,06:18 PM,06:19 PM,0.0,06:28 PM,06:29 PM,0.0
12308,2024-09-13,CNB,01:05 PM,01:09 PM,4.0,01:15 PM,01:19 PM,4.0
12308,2024-09-13,PRYJ,03:40 PM,04:54 PM,74.0,03:45 PM,04:59 PM,74.0
12308,2024-09-13,DDU,06:18 PM,07:16 PM,58.0,06:28 PM,07:26 PM,58.0
12308,2024-09-17,CNB,01:05 PM,01:26 PM,21.0,01:15 PM,01:36 PM,21.0
12308,2024-09-17,PRYJ,03:40 PM,04:10 PM,30.0,03:45 PM,04:15 PM,30.0
12308,2024-09-17,DDU,06:18 PM,06:21 PM,3.0,06:28 PM,06:31 PM,3.0
12308,2024-09-19,CNB,01:05 PM,01:11 PM,6.0,01:15 PM,01:21 PM,6.0
12308,2024-09-19,PRYJ,03:40 PM,04:55 PM,75.0,03:45 PM,05:00 PM,75.0
12308,2024-09-19,DDU,06:18 PM,08:47 PM,149.0,06:28 PM,08:57 PM,149.0
12308,2024-09-20,CNB,01:05 PM,01:14 PM,9.0,01:15 PM,01:24 PM,9.0
12308,2024-09-20,PRYJ,03:40 PM,05:59 PM,139.0,03:45 PM,06:04 PM,139.0
12308,2024-09-20,DDU,06:18 PM,09:26 PM,188.0,06:28 PM,09:36 PM,188.0
12308,2024-09-23,CNB,01:05 PM,01:10 PM,5.0,01:15 PM,01:20 PM,5.0
12308,2024-09-23,PRYJ,03:40 PM,04:44 PM,64.0,03:45 PM,04:49 PM,64.0
12308,2024-09-23,DDU,06:18 PM,07:01 PM,43.0,06:28 PM,07:11 PM,43.0
12308,2024-09-24,CNB,01:05 PM,01:18 PM,13.0,01:15 PM,01:28 PM,13.0
12308,2024-09-24,PRYJ,03:40 PM,05:37 PM,117.0,03:45 PM,05:42 PM,117.0
12308,2024-09-24,DDU,06:18 PM,08:27 PM,129.0,06:28 PM,08:37 PM,129.0
12308,2024-09-26,CNB,01:05 PM,01:56 PM,51.0,01:15 PM,02:06 PM,51.0
12308,2024-09-26,PRYJ,03:40 PM,04:37 PM,57.0,03:45 PM,04:42 PM,57.0
12308,2024-09-26,DDU,06:18 PM,06:46 PM,28.0,06:28 PM,06:56 PM,28.0
12308,2024-09-27,CNB,01:05 PM,01:23 PM,18.0,01:15 PM,01:33 PM,18.0
12308,2024-09-27,PRYJ,03:40 PM,05:27 PM,107.0,03:45 PM,05:32 PM,107.0
12308,2024-09-27,DDU,06:18 PM,08:09 PM,111.0,06:28 PM,08:19 PM,111.0
12308,2024-09-30,CNB,01:05 PM,01:13 PM,8.0,01:15 PM,01:23 PM,8.0
12308,2024-09-30,PRYJ,03:40 PM,03:40 PM,0.0,03:45 PM,03:45 PM,0.0
12308,2024-09-30,DDU,06:18 PM,06:18 PM,0.0,06:28 PM,06:28 PM,0.0
5219,2024-09-01,BXR,05:28 PM,06:28 PM,60.0,05:30 PM,06:30 PM,60.0
5219,2024-09-01,DDU,07:15 PM,08:23 PM,68.0,07:25 PM,08:33 PM,68.0
5219,2024-09-01,PRYJ,09:05 PM,11:05 PM,120.0,09:15 PM,11:15 PM,120.0
5219,2024-09-01,CNB,11:05 PM,11:05 PM,0.0,11:10 PM,11:10 PM,0.0
5219,2024-09-02,BXR,05:28 PM,10:42 PM,314.0,05:30 PM,10:44 PM,314.0
5219,2024-09-02,DDU,07:15 PM,12:21 AM,306.0,07:25 PM,12:31 AM,306.0
5219,2024-09-02,PRYJ,09:05 PM,04:22 AM,437.0,09:15 PM,04:32 AM,437.0
5219,2024-09-02,CNB,11:05 PM,11:05 PM,0.0,11:10 PM,11:10 PM,0.0
5219,2024-09-03,BXR,05:28 PM,06:04 PM,36.0,05:30 PM,06:06 PM,36.0
5219,2024-09-03,DDU,07:15 PM,07:23 PM,8.0,07:25 PM,07:33 PM,8.0
5219,2024-09-03,PRYJ,09:05 PM,09:58 PM,53.0,09:15 PM,10:08 PM,53.0
5219,2024-09-03,CNB,11:05 PM,11:05 PM,0.0,11:10 PM,11:10 PM,0.0
5219,2024-09-04,BXR,05:28 PM,06:56 PM,88.0,05:30 PM,06:58 PM,88.0
5219,2024-09-04,DDU,07:15 PM,09:05 PM,110.0,07:25 PM,09:15 PM,110.0
5219,2024-09-04,PRYJ,09:05 PM,11:52 PM,167.0,09:15 PM,12:02 AM,167.0
5219,2024-09-04,CNB,11:05 PM,11:05 PM,0.0,11:10 PM,11:10 PM,0.0
5219,2024-09-05,BXR,05:28 PM,05:28 PM,0.0,05:30 PM,05:30 PM,0.0
5219,2024-09-05,DDU,07:15 PM,09:08 PM,113.0,07:25 PM,09:18 PM,113.0
5219,2024-09-05,PRYJ,09:05 PM,11:31 PM,146.0,09:15 PM,11:41 PM,146.0
5219,2024-09-05,CNB,11:05 PM,11:05 PM,0.0,11:10 PM,11:10 PM,0.0
5219,2024-09-06,BXR,05:28 PM,06:20 PM,52.0,05:30 PM,06:22 PM,52.0
5219,2024-09-06,DDU,07:15 PM,08:02 PM,47.0,07:25 PM,08:12 PM,47.0
5219,2024-09-06,PRYJ,09:05 PM,10:55 PM,110.0,09:15 PM,11:05 PM,110.0
5219,2024-09-06,CNB,11:05 PM,11:05 PM,0.0,11:10 PM,11:10 PM,0.0
5219,2024-09-07,BXR,05:28 PM,06:45 PM,77.0,05:30 PM,06:47 PM,77.0
5219,2024-09-07,DDU,07:15 PM,08:04 PM,49.0,07:25 PM,08:14 PM,49.0
5219,2024-09-07,PRYJ,09:05 PM,10:47 PM,102.0,09:15 PM,10:57 PM,102.0
5219,2024-09-07,CNB,11:05 PM,11:05 PM,0.0,11:10 PM,11:10 PM,0.0
5219,2024-09-08,BXR,05:28 PM,06:46 PM,78.0,05:30 PM,06:48 PM,78.0
5219,2024-09-08,DDU,07:15 PM,08:57 PM,102.0,07:25 PM,09:07 PM,102.0
5219,2024-09-08,PRYJ,09:05 PM,11:35 PM,150.0,09:15 PM,11:45 PM,150.0
5219,2024-09-08,CNB,11:05 PM,11:05 PM,0.0,11:10 PM,11:10 PM,0.0
5219,2024-09-09,BXR,05:28 PM,06:47 PM,79.0,05:30 PM,06:49 PM,79.0
5219,2024-09-09,DDU,07:15 PM,09:00 PM,105.0,07:25 PM,09:10 PM,105.0
5219,2024-09-09,PRYJ,09:05 PM,11:59 PM,174.0,09:15 PM,12:09 AM,174.0
5219,2024-09-09,CNB,11:05 PM,11:05 PM,0.0,11:10 PM,11:10 PM,0.0
5219,2024-09-10,BXR,05:28 PM,05:28 PM,0.0,05:30 PM,05:30 PM,0.0
5219,2024-09-10,DDU,07:15 PM,08:43 PM,88.0,07:25 PM,08:53 PM,88.0
5219,2024-09-10,PRYJ,09:05 PM,11:12 PM,127.0,09:15 PM,11:22 PM,127.0
5219,2024-09-10,CNB,11:05 PM,11:05 PM,0.0,11:10 PM,11:10 PM,0.0
5219,2024-09-11,BXR,05:28 PM,08:11 PM,163.0,05:30 PM,08:13 PM,163.0
5219,2024-09-11,DDU,07:15 PM,09:40 PM,145.0,07:25 PM,09:50 PM,145.0
5219,2024-09-11,PRYJ,09:05 PM,12:41 AM,216.0,09:15 PM,12:51 AM,216.0
5219,2024-09-11,CNB,11:05 PM,11:05 PM,0.0,11:10 PM,11:10 PM,0.0
5219,2024-09-12,BXR,05:28 PM,01:16 AM,468.0,05:30 PM,01:18 AM,468.0
5219,2024-09-12,DDU,07:15 PM,02:32 AM,437.0,07:25 PM,02:42 AM,437.0
5219,2024-09-12,PRYJ,09:05 PM,04:55 AM,470.0,09:15 PM,05:05 AM,470.0
5219,2024-09-12,CNB,11:05 PM,11:05 PM,0.0,11:10 PM,11:10 PM,0.0
5219,2024-09-13,BXR,05:28 PM,05:28 PM,0.0,05:30 PM,05:30 PM,0.0
5219,2024-09-13,DDU,07:15 PM,02:32 AM,437.0,07:25 PM,02:42 AM,437.0
5219,2024-09-13,PRYJ,09:05 PM,05:12 AM,487.0,09:15 PM,05:22 AM,487.0
5219,2024-09-13,CNB,11:05 PM,11:05 PM,0.0,11:10 PM,11:10 PM,0.0
5219,2024-09-14,BXR,05:28 PM,07:21 PM,113.0,05:30 PM,07:23 PM,113.0
5219,2024-09-14,DDU,07:15 PM,09:38 PM,143.0,07:25 PM,09:48 PM,143.0
5219,2024-09-14,PRYJ,09:05 PM,12:04 AM,179.0,09:15 PM,12:14 AM,179.0
5219,2024-09-14,CNB,11:05 PM,11:05 PM,0.0,11:10 PM,11:10 PM,0.0
5219,2024-09-15,BXR,05:28 PM,05:28 PM,0.0,05:30 PM,05:30 PM,0.0
5219,2024-09-15,DDU,07:15 PM,11:33 PM,258.0,07:25 PM,11:43 PM,258.0
5219,2024-09-15,PRYJ,09:05 PM,02:15 AM,310.0,09:15 PM,02:25 AM,310.0
5219,2024-09-15,CNB,11:05 PM,11:05 PM,0.0,11:10 PM,11:10 PM,0.0
5219,2024-09-16,BXR,05:28 PM,05:28 PM,0.0,05:30 PM,05:30 PM,0.0
5219,2024-09-16,DDU,07:15 PM,07:52 PM,37.0,07:25 PM,08:02 PM,37.0
5219,2024-09-16,PRYJ,09:05 PM,10:22 PM,77.0,09:15 PM,10:32 PM,77.0
5219,2024-09-16,CNB,11:05 PM,11:05 PM,0.0,11:10 PM,11:10 PM,0.0
5219,2024-09-17,BXR,05:28 PM,05:28 PM,0.0,05:30 PM,05:30 PM,0.0
5219,2024-09-17,DDU,07:15 PM,09:48 PM,153.0,07:25 PM,09:58 PM,153.0
5219,2024-09-17,PRYJ,09:05 PM,01:26 AM,261.0,09:15 PM,01:36 AM,261.0
5219,2024-09-17,CNB,11:05 PM,11:05 PM,0.0,11:10 PM,11:10 PM,0.0
5219,2024-09-18,BXR,05:28 PM,06:59 PM,91.0,05:30 PM,07:01 PM,91.0
5219,2024-09-18,DDU,07:15 PM,08:33 PM,78.0,07:25 PM,08:43 PM,78.0
5219,2024-09-18,PRYJ,09:05 PM,11:34 PM,149.0,09:15 PM,11:44 PM,149.0
5219,2024-09-18,CNB,11:05 PM,11:05 PM,0.0,11:10 PM,11:10 PM,0.0
5219,2024-09-19,BXR,05:28 PM,05:28 PM,0.0,05:30 PM,05:30 PM,0.0
5219,2024-09-19,DDU,07:15 PM,10:41 PM,206.0,07:25 PM,10:51 PM,206.0
5219,2024-09-19,PRYJ,09:05 PM,01:15 AM,250.0,09:15 PM,01:25 AM,250.0
5219,2024-09-19,CNB,11:05 PM,11:05 PM,0.0,11:10 PM,11:10 PM,0.0
5219,2024-09-20,BXR,05:28 PM,01:30 AM,482.0,05:30 PM,01:32 AM,482.0
5219,2024-09-20,DDU,07:15 PM,03:03 AM,468.0,07:25 PM,03:13 AM,468.0
5219,2024-09-20,PRYJ,09:05 PM,06:17 AM,552.0,09:15 PM,06:27 AM,552.0
5219,2024-09-20,CNB,11:05 PM,11:05 PM,0.0,11:10 PM,11:10 PM,0.0
5219,2024-09-21,BXR,05:28 PM,05:28 PM,0.0,05:30 PM,05:30 PM,0.0
5219,2024-09-21,DDU,07:15 PM,07:15 PM,0.0,07:25 PM,07:25 PM,0.0
5219,2024-09-21,PRYJ,09:05 PM,04:50 AM,465.0,09:15 PM,05:00 AM,465.0
5219,2024-09-21,CNB,11:05 PM,11:05 PM,0.0,11:10 PM,11:10 PM,0.0
5219,2024-09-22,BXR,05:28 PM,11:55 PM,387.0,05:30 PM,11:57 PM,387.0
5219,2024-09-22,DDU,07:15 PM,01:34 AM,379.0,07:25 PM,01:44 AM,379.0
5219,2024-09-22,PRYJ,09:05 PM,04:30 AM,445.0,09:15 PM,04:40 AM,445.0
5219,2024-09-22,CNB,11:05 PM,11:05 PM,0.0,11:10 PM,11:10 PM,0.0
5219,2024-09-23,BXR,05:28 PM,12:17 AM,409.0,05:30 PM,12:19 AM,409.0
5219,2024-09-23,DDU,07:15 PM,02:06 AM,411.0,07:25 PM,02:16 AM,411.0
5219,2024-09-23,PRYJ,09:05 PM,05:16 AM,491.0,09:15 PM,05:26 AM,491.0
5219,2024-09-23,CNB,11:05 PM,11:05 PM,0.0,11:10 PM,11:10 PM,0.0
5219,2024-09-24,BXR,05:28 PM,06:40 PM,72.0,05:30 PM,06:42 PM,72.0
5219,2024-09-24,DDU,07:15 PM,08:52 PM,97.0,07:25 PM,09:02 PM,97.0
5219,2024-09-24,PRYJ,09:05 PM,11:18 PM,133.0,09:15 PM,11:28 PM,133.0
5219,2024-09-24,CNB,11:05 PM,11:05 PM,0.0,11:10 PM,11:10 PM,0.0
5219,2024-09-25,BXR,05:28 PM,07:10 PM,102.0,05:30 PM,07:12 PM,102.0
5219,2024-09-25,DDU,07:15 PM,08:32 PM,77.0,07:25 PM,08:42 PM,77.0
5219,2024-09-25,PRYJ,09:05 PM,11:11 PM,126.0,09:15 PM,11:21 PM,126.0
5219,2024-09-25,CNB,11:05 PM,11:05 PM,0.0,11:10 PM,11:10 PM,0.0
5219,2024-09-26,BXR,05:28 PM,06:39 PM,71.0,05:30 PM,06:41 PM,71.0
5219,2024-09-26,DDU,07:15 PM,08:19 PM,64.0,07:25 PM,08:29 PM,64.0
5219,2024-09-26,PRYJ,09:05 PM,11:29 PM,144.0,09:15 PM,11:39 PM,144.0
5219,2024-09-26,CNB,11:05 PM,11:05 PM,0.0,11:10 PM,11:10 PM,0.0
5219,2024-09-27,BXR,05:28 PM,05:28 PM,0.0,05:30 PM,05:30 PM,0.0
5219,2024-09-27,DDU,07:15 PM,09:13 PM,118.0,07:25 PM,09:23 PM,118.0
5219,2024-09-27,PRYJ,09:05 PM,11:43 PM,158.0,09:15 PM,11:53 PM,158.0
5219,2024-09-27,CNB,11:05 PM,11:05 PM,0.0,11:10 PM,11:10 PM,0.0
5219,2024-09-28,BXR,05:28 PM,07:40 PM,132.0,05:30 PM,07:42 PM,132.0
5219,2024-09-28,DDU,07:15 PM,09:11 PM,116.0,07:25 PM,09:21 PM,116.0
5219,2024-09-28,PRYJ,09:05 PM,11:59 PM,174.0,09:15 PM,12:09 AM,174.0
5219,2024-09-28,CNB,11:05 PM,11:05 PM,0.0,11:10 PM,11:10 PM,0.0
5219,2024-09-29,BXR,05:28 PM,07:12 PM,104.0,05:30 PM,07:14 PM,104.0
5219,2024-09-29,DDU,07:15 PM,09:05 PM,110.0,07:25 PM,09:15 PM,110.0
5219,2024-09-29,PRYJ,09:05 PM,11:24 PM,139.0,09:15 PM,11:34 PM,139.0
5219,2024-09-29,CNB,11:05 PM,11:05 PM,0.0,11:10 PM,11:10 PM,0.0
5219,2024-09-30,BXR,05:28 PM,05:28 PM,0.0,05:30 PM,05:30 PM,0.0
5219,2024-09-30,DDU,07:15 PM,03:38 AM,503.0,07:25 PM,03:48 AM,503.0
5219,2024-09-30,PRYJ,09:05 PM,06:17 AM,552.0,09:15 PM,06:27 AM,552.0
5219,2024-09-30,CNB,11:05 PM,11:05 PM,0.0,11:10 PM,11:10 PM,0.0
12184,2024-09-02,CNB,12:05 AM,12:05 AM,0.0,12:10 AM,12:10 AM,0.0
12184,2024-09-04,CNB,12:05 AM,01:20 AM,75.0,12:10 AM,01:25 AM,75.0
12184,2024-09-07,CNB,12:05 AM,12:47 AM,42.0,12:10 AM,12:52 AM,42.0
12184,2024-09-09,CNB,12:05 AM,01:08 AM,63.0,12:10 AM,01:13 AM,63.0
12184,2024-09-11,CNB,12:05 AM,01:45 AM,100.0,12:10 AM,01:50 AM,100.0
12184,2024-09-14,CNB,12:05 AM,12:05 AM,0.0,12:10 AM,12:10 AM,0.0
12184,2024-09-16,CNB,12:05 AM,12:26 AM,21.0,12:10 AM,12:31 AM,21.0
12184,2024-09-18,CNB,12:05 AM,12:28 AM,23.0,12:10 AM,12:33 AM,23.0
12184,2024-09-21,CNB,12:05 AM,12:13 AM,8.0,12:10 AM,12:18 AM,8.0
12184,2024-09-23,CNB,12:05 AM,12:25 AM,20.0,12:10 AM,12:30 AM,20.0
12184,2024-09-25,CNB,12:05 AM,12:46 AM,41.0,12:10 AM,12:51 AM,41.0
12184,2024-09-28,CNB,12:05 AM,12:05 AM,0.0,12:10 AM,12:10 AM,0.0
12184,2024-09-30,CNB,12:05 AM,12:40 AM,35.0,12:10 AM,12:45 AM,35.0
12404,2024-09-01,CNB,01:30 AM,01:30 AM,0.0,01:35 AM,01:35 AM,0.0
12404,2024-09-01,PRYJ,04:45 AM,04:45 AM,0.0,04:45 AM,04:45 AM,0.0
12404,2024-09-03,CNB,01:30 AM,01:30 AM,0.0,01:35 AM,01:35 AM,0.0
12404,2024-09-03,PRYJ,04:45 AM,04:45 AM,0.0,04:45 AM,04:45 AM,0.0
12404,2024-09-04,CNB,01:30 AM,01:30 AM,0.0,01:35 AM,01:35 AM,0.0
12404,2024-09-04,PRYJ,04:45 AM,04:45 AM,0.0,04:45 AM,04:45 AM,0.0
12404,2024-09-06,CNB,01:30 AM,02:07 AM,37.0,01:35 AM,02:12 AM,37.0
12404,2024-09-06,PRYJ,04:45 AM,04:45 AM,0.0,04:45 AM,04:45 AM,0.0
12404,2024-09-08,CNB,01:30 AM,02:12 AM,42.0,01:35 AM,02:17 AM,42.0
12404,2024-09-08,PRYJ,04:45 AM,04:45 AM,0.0,04:45 AM,04:45 AM,0.0
12404,2024-09-10,CNB,01:30 AM,01:30 AM,0.0,01:35 AM,01:35 AM,0.0
12404,2024-09-10,PRYJ,04:45 AM,04:45 AM,0.0,04:45 AM,04:45 AM,0.0
12404,2024-09-11,CNB,01:30 AM,01:30 AM,0.0,01:35 AM,01:35 AM,0.0
12404,2024-09-11,PRYJ,04:45 AM,04:45 AM,0.0,04:45 AM,04:45 AM,0.0
12404,2024-09-13,CNB,01:30 AM,01:30 AM,0.0,01:35 AM,01:35 AM,0.0
12404,2024-09-13,PRYJ,04:45 AM,04:45 AM,0.0,04:45 AM,04:45 AM,0.0
12404,2024-09-15,CNB,01:30 AM,01:30 AM,0.0,01:35 AM,01:35 AM,0.0
12404,2024-09-15,PRYJ,04:45 AM,04:45 AM,0.0,04:45 AM,04:45 AM,0.0
12404,2024-09-17,CNB,01:30 AM,02:36 AM,66.0,01:35 AM,02:41 AM,66.0
12404,2024-09-17,PRYJ,04:45 AM,05:11 AM,26.0,04:45 AM,05:11 AM,26.0
12404,2024-09-18,CNB,01:30 AM,01:30 AM,0.0,01:35 AM,01:35 AM,0.0
12404,2024-09-18,PRYJ,04:45 AM,04:45 AM,0.0,04:45 AM,04:45 AM,0.0
12404,2024-09-20,CNB,01:30 AM,02:19 AM,49.0,01:35 AM,02:24 AM,49.0
12404,2024-09-20,PRYJ,04:45 AM,04:57 AM,12.0,04:45 AM,04:57 AM,12.0
12404,2024-09-22,CNB,01:30 AM,02:46 AM,76.0,01:35 AM,02:51 AM,76.0
12404,2024-09-22,PRYJ,04:45 AM,05:45 AM,60.0,04:45 AM,05:45 AM,60.0
12404,2024-09-24,CNB,01:30 AM,02:25 AM,55.0,01:35 AM,02:30 AM,55.0
12404,2024-09-24,PRYJ,04:45 AM,04:57 AM,12.0,04:45 AM,04:57 AM,12.0
12404,2024-09-25,CNB,01:30 AM,02:38 AM,68.0,01:35 AM,02:43 AM,68.0
12404,2024-09-25,PRYJ,04:45 AM,05:25 AM,40.0,04:45 AM,05:25 AM,40.0
12404,2024-09-27,CNB,01:30 AM,02:16 AM,46.0,01:35 AM,02:21 AM,46.0
12404,2024-09-27,PRYJ,04:45 AM,04:52 AM,7.0,04:45 AM,04:52 AM,7.0
12404,2024-09-29,CNB,01:30 AM,01:30 AM,0.0,01:35 AM,01:35 AM,0.0
12404,2024-09-29,PRYJ,04:45 AM,04:45 AM,0.0,04:45 AM,04:45 AM,0.0
9026,2024-09-03,BXR,04:15 PM,04:15 PM,0.0,04:17 PM,04:17 PM,0.0
9026,2024-09-03,DDU,05:55 PM,08:37 PM,162.0,06:05 PM,08:47 PM,162.0
9026,2024-09-10,BXR,04:15 PM,04:15 PM,0.0,04:17 PM,04:17 PM,0.0
9026,2024-09-10,DDU,05:55 PM,05:55 PM,0.0,06:05 PM,06:05 PM,0.0
3109,2024-09-03,BXR,06:37 PM,06:37 PM,0.0,06:39 PM,06:39 PM,0.0
3109,2024-09-03,DDU,08:32 PM,02:49 AM,377.0,08:42 PM,02:59 AM,377.0
3109,2024-09-03,PRYJ,11:00 PM,05:32 AM,392.0,11:05 PM,05:37 AM,392.0
3109,2024-09-03,CNB,01:05 AM,08:21 AM,436.0,01:10 AM,08:26 AM,436.0
3109,2024-09-10,BXR,06:37 PM,06:37 PM,0.0,06:39 PM,06:39 PM,0.0
3109,2024-09-10,DDU,08:32 PM,08:32 PM,0.0,08:42 PM,08:42 PM,0.0
3109,2024-09-10,PRYJ,11:00 PM,11:00 PM,0.0,11:05 PM,11:05 PM,0.0
3109,2024-09-10,CNB,01:05 AM,01:05 AM,0.0,01:10 AM,01:10 AM,0.0
3109,2024-09-17,BXR,06:37 PM,11:41 PM,304.0,06:39 PM,11:43 PM,304.0
3109,2024-09-17,DDU,08:32 PM,02:01 AM,329.0,08:42 PM,02:11 AM,329.0
3109,2024-09-17,PRYJ,11:00 PM,05:05 AM,365.0,11:05 PM,05:10 AM,365.0
3109,2024-09-17,CNB,01:05 AM,08:25 AM,440.0,01:10 AM,08:30 AM,440.0
3109,2024-09-24,BXR,06:37 PM,11:15 PM,278.0,06:39 PM,11:17 PM,278.0
3109,2024-09-24,DDU,08:32 PM,12:41 AM,249.0,08:42 PM,12:51 AM,249.0
3109,2024-09-24,PRYJ,11:00 PM,04:33 AM,333.0,11:05 PM,04:38 AM,333.0
3109,2024-09-24,CNB,01:05 AM,07:54 AM,409.0,01:10 AM,07:59 AM,409.0
15269,2024-09-05,CNB,12:50 PM,01:07 PM,17.0,12:55 PM,01:12 PM,17.0
15269,2024-09-19,CNB,12:50 PM,12:50 PM,0.0,12:55 PM,12:55 PM,0.0
15269,2024-09-26,CNB,12:50 PM,12:50 PM,0.0,12:55 PM,12:55 PM,0.0
15667,2024-09-07,CNB,07:05 PM,07:10 PM,5.0,07:10 PM,07:15 PM,5.0
15667,2024-09-07,DDU,07:15 AM,07:15 AM,0.0,07:25 AM,07:25 AM,0.0
15667,2024-09-07,BXR,08:31 AM,08:39 AM,8.0,08:33 AM,08:41 AM,8.0
15667,2024-09-14,CNB,07:05 PM,07:07 PM,2.0,07:10 PM,07:12 PM,2.0
15667,2024-09-14,DDU,07:15 AM,07:16 AM,0.0,07:25 AM,07:26 AM,0.0
15667,2024-09-14,BXR,08:31 AM,08:31 AM,0.0,08:33 AM,08:33 AM,0.0
15667,2024-09-21,CNB,07:05 PM,07:05 PM,0.0,07:10 PM,07:10 PM,0.0
15667,2024-09-21,DDU,07:15 AM,07:15 AM,0.0,07:25 AM,07:25 AM,0.0
15667,2024-09-21,BXR,08:31 AM,08:31 AM,0.0,08:33 AM,08:33 AM,0.0
15667,2024-09-28,CNB,07:05 PM,07:09 PM,4.0,07:10 PM,07:14 PM,4.0
15667,2024-09-28,DDU,07:15 AM,07:15 AM,0.0,07:25 AM,07:25 AM,0.0
15667,2024-09-28,BXR,08:31 AM,08:40 AM,9.0,08:33 AM,08:42 AM,9.0
20817,2024-09-07,DDU,12:35 AM,01:54 AM,79.0,12:45 AM,02:04 AM,79.0
20817,2024-09-07,PRYJ,02:33 AM,03:50 AM,77.0,02:35 AM,03:52 AM,77.0
20817,2024-09-07,CNB,04:40 AM,05:59 AM,79.0,04:45 AM,06:04 AM,79.0
20817,2024-09-14,DDU,12:35 AM,12:35 AM,0.0,12:45 AM,12:45 AM,0.0
20817,2024-09-14,PRYJ,02:33 AM,02:33 AM,0.0,02:35 AM,02:35 AM,0.0
20817,2024-09-14,CNB,04:40 AM,04:40 AM,0.0,04:45 AM,04:45 AM,0.0
20817,2024-09-21,DDU,12:35 AM,12:35 AM,0.0,12:45 AM,12:45 AM,0.0
20817,2024-09-21,PRYJ,02:33 AM,02:33 AM,0.0,02:35 AM,02:35 AM,0.0
20817,2024-09-21,CNB,04:40 AM,04:40 AM,0.0,04:45 AM,04:45 AM,0.0
20817,2024-09-28,DDU,12:35 AM,12:39 AM,4.0,12:45 AM,12:49 AM,4.0
20817,2024-09-28,PRYJ,02:33 AM,02:33 AM,0.0,02:35 AM,02:35 AM,0.0
20817,2024-09-28,CNB,04:40 AM,04:40 AM,0.0,04:45 AM,04:45 AM,0.0
12420,2024-09-01,CNB,07:45 PM,07:49 PM,4.0,07:50 PM,07:54 PM,4.0
12420,2024-09-02,CNB,07:45 PM,08:26 PM,41.0,07:50 PM,08:31 PM,41.0
12420,2024-09-03,CNB,07:45 PM,07:56 PM,11.0,07:50 PM,08:01 PM,11.0
12420,2024-09-04,CNB,07:45 PM,08:46 PM,61.0,07:50 PM,08:51 PM,61.0
12420,2024-09-05,CNB,07:45 PM,08:11 PM,26.0,07:50 PM,08:16 PM,26.0
12420,2024-09-06,CNB,07:45 PM,07:54 PM,9.0,07:50 PM,07:59 PM,9.0
12420,2024-09-07,CNB,07:45 PM,08:04 PM,19.0,07:50 PM,08:09 PM,19.0
12420,2024-09-08,CNB,07:45 PM,08:22 PM,37.0,07:50 PM,08:27 PM,37.0
12420,2024-09-09,CNB,07:45 PM,08:18 PM,33.0,07:50 PM,08:23 PM,33.0
12420,2024-09-10,CNB,07:45 PM,07:45 PM,0.0,07:50 PM,07:50 PM,0.0
12420,2024-09-11,CNB,07:45 PM,07:45 PM,0.0,07:50 PM,07:50 PM,0.0
12420,2024-09-12,CNB,07:45 PM,07:59 PM,14.0,07:50 PM,08:04 PM,14.0
12420,2024-09-13,CNB,07:45 PM,07:52 PM,7.0,07:50 PM,07:57 PM,7.0
12420,2024-09-14,CNB,07:45 PM,07:48 PM,3.0,07:50 PM,07:53 PM,3.0
12420,2024-09-15,CNB,07:45 PM,08:50 PM,65.0,07:50 PM,08:55 PM,65.0
12420,2024-09-16,CNB,07:45 PM,01:52 AM,367.0,07:50 PM,01:57 AM,367.0
12420,2024-09-17,CNB,07:45 PM,10:21 PM,156.0,07:50 PM,10:26 PM,156.0
12420,2024-09-18,CNB,07:45 PM,08:52 PM,67.0,07:50 PM,08:57 PM,67.0
12420,2024-09-19,CNB,07:45 PM,08:09 PM,24.0,07:50 PM,08:14 PM,24.0
12420,2024-09-20,CNB,07:45 PM,07:50 PM,5.0,07:50 PM,07:55 PM,5.0
12420,2024-09-21,CNB,07:45 PM,08:46 PM,61.0,07:50 PM,08:51 PM,61.0
12420,2024-09-22,CNB,07:45 PM,07:51 PM,6.0,07:50 PM,07:56 PM,6.0
12420,2024-09-23,CNB,07:45 PM,08:55 PM,70.0,07:50 PM,09:00 PM,70.0
12420,2024-09-24,CNB,07:45 PM,07:45 PM,0.0,07:50 PM,07:50 PM,0.0
12420,2024-09-25,CNB,07:45 PM,11:19 PM,214.0,07:50 PM,11:24 PM,214.0
12420,2024-09-26,CNB,07:45 PM,10:32 PM,167.0,07:50 PM,10:37 PM,167.0
12420,2024-09-27,CNB,07:45 PM,10:10 PM,145.0,07:50 PM,10:15 PM,145.0
12420,2024-09-28,CNB,07:45 PM,09:08 PM,83.0,07:50 PM,09:13 PM,83.0
12420,2024-09-29,CNB,07:45 PM,08:44 PM,59.0,07:50 PM,08:49 PM,59.0
12420,2024-09-30,CNB,07:45 PM,07:55 PM,10.0,07:50 PM,08:00 PM,10.0
15066,2024-09-02,CNB,01:00 PM,06:10 PM,310.0,01:05 PM,06:15 PM,310.0
15066,2024-09-03,CNB,01:00 PM,01:03 PM,3.0,01:05 PM,01:08 PM,3.0
15066,2024-09-04,CNB,01:00 PM,04:40 PM,220.0,01:05 PM,04:45 PM,220.0
15066,2024-09-06,CNB,01:00 PM,01:03 PM,3.0,01:05 PM,01:08 PM,3.0
15066,2024-09-07,CNB,01:00 PM,01:00 PM,0.0,01:05 PM,01:05 PM,0.0
15066,2024-09-09,CNB,01:00 PM,01:00 PM,0.0,01:05 PM,01:05 PM,0.0
15066,2024-09-10,CNB,01:00 PM,01:01 PM,0.0,01:05 PM,01:06 PM,0.0
15066,2024-09-11,CNB,01:00 PM,01:00 PM,0.0,01:05 PM,01:05 PM,0.0
15066,2024-09-13,CNB,01:00 PM,01:00 PM,0.0,01:05 PM,01:05 PM,0.0
15066,2024-09-14,CNB,01:00 PM,01:00 PM,0.0,01:05 PM,01:05 PM,0.0
15066,2024-09-16,CNB,01:00 PM,01:00 PM,0.0,01:05 PM,01:05 PM,0.0
15066,2024-09-17,CNB,01:00 PM,01:56 PM,56.0,01:05 PM,02:01 PM,56.0
15066,2024-09-18,CNB,01:00 PM,01:05 PM,5.0,01:05 PM,01:10 PM,5.0
15066,2024-09-20,CNB,01:00 PM,01:00 PM,0.0,01:05 PM,01:05 PM,0.0
15066,2024-09-21,CNB,01:00 PM,01:05 PM,5.0,01:05 PM,01:10 PM,5.0
15066,2024-09-23,CNB,01:00 PM,01:26 PM,26.0,01:05 PM,01:31 PM,26.0
15066,2024-09-24,CNB,01:00 PM,01:00 PM,0.0,01:05 PM,01:05 PM,0.0
15066,2024-09-25,CNB,01:00 PM,10:57 PM,597.0,01:05 PM,11:02 PM,597.0
15066,2024-09-27,CNB,01:00 PM,01:16 PM,16.0,01:05 PM,01:21 PM,16.0
15066,2024-09-28,CNB,01:00 PM,03:54 PM,174.0,01:05 PM,03:59 PM,174.0
15066,2024-09-30,CNB,01:00 PM,02:00 PM,60.0,01:05 PM,02:05 PM,60.0
5636,2024-09-04,CNB,04:05 AM,06:52 PM,887.0,04:10 AM,06:57 PM,887.0
5636,2024-09-11,CNB,04:05 AM,04:05 AM,0.0,04:10 AM,04:10 AM,0.0
5636,2024-09-18,CNB,04:05 AM,11:49 AM,464.0,04:10 AM,11:54 AM,464.0
5636,2024-09-25,CNB,04:05 AM,02:43 PM,638.0,04:10 AM,02:48 PM,638.0
12988,2024-09-01,CNB,11:05 PM,11:34 PM,29.0,11:15 PM,11:44 PM,29.0
12988,2024-09-01,PRYJ,01:50 AM,01:51 AM,0.0,01:55 AM,01:56 AM,0.0
12988,2024-09-01,DDU,04:53 AM,04:54 AM,0.0,05:03 AM,05:04 AM,0.0
12988,2024-09-02,CNB,11:05 PM,11:05 PM,0.0,11:15 PM,11:15 PM,0.0
12988,2024-09-02,PRYJ,01:50 AM,01:50 AM,0.0,01:55 AM,01:55 AM,0.0
12988,2024-09-02,DDU,04:53 AM,04:53 AM,0.0,05:03 AM,05:03 AM,0.0
12988,2024-09-03,CNB,11:05 PM,11:22 PM,17.0,11:15 PM,11:32 PM,17.0
12988,2024-09-03,PRYJ,01:50 AM,01:57 AM,7.0,01:55 AM,02:02 AM,7.0
12988,2024-09-03,DDU,04:53 AM,05:00 AM,7.0,05:03 AM,05:10 AM,7.0
12988,2024-09-04,CNB,11:05 PM,11:05 PM,0.0,11:15 PM,11:15 PM,0.0
12988,2024-09-04,PRYJ,01:50 AM,01:50 AM,0.0,01:55 AM,01:55 AM,0.0
12988,2024-09-04,DDU,04:53 AM,04:53 AM,0.0,05:03 AM,05:03 AM,0.0
12988,2024-09-05,CNB,11:05 PM,11:27 PM,22.0,11:15 PM,11:37 PM,22.0
12988,2024-09-05,PRYJ,01:50 AM,01:54 AM,4.0,01:55 AM,01:59 AM,4.0
12988,2024-09-05,DDU,04:53 AM,04:53 AM,0.0,05:03 AM,05:03 AM,0.0
12988,2024-09-06,CNB,11:05 PM,11:59 PM,54.0,11:15 PM,12:09 AM,54.0
12988,2024-09-06,PRYJ,01:50 AM,02:15 AM,25.0,01:55 AM,02:20 AM,25.0
12988,2024-09-06,DDU,04:53 AM,05:01 AM,8.0,05:03 AM,05:11 AM,8.0
12988,2024-09-07,CNB,11:05 PM,11:05 PM,0.0,11:15 PM,11:15 PM,0.0
12988,2024-09-07,PRYJ,01:50 AM,01:50 AM,0.0,01:55 AM,01:55 AM,0.0
12988,2024-09-07,DDU,04:53 AM,04:53 AM,0.0,05:03 AM,05:03 AM,0.0
12988,2024-09-08,CNB,11:05 PM,11:20 PM,15.0,11:15 PM,11:30 PM,15.0
12988,2024-09-08,PRYJ,01:50 AM,01:56 AM,6.0,01:55 AM,02:01 AM,6.0
12988,2024-09-08,DDU,04:53 AM,04:53 AM,0.0,05:03 AM,05:03 AM,0.0
12988,2024-09-09,CNB,11:05 PM,12:21 AM,76.0,11:15 PM,12:31 AM,76.0
12988,2024-09-09,PRYJ,01:50 AM,04:06 AM,136.0,01:55 AM,04:11 AM,136.0
12988,2024-09-09,DDU,04:53 AM,06:23 AM,90.0,05:03 AM,06:33 AM,90.0
12988,2024-09-10,CNB,11:05 PM,11:11 PM,6.0,11:15 PM,11:21 PM,6.0
12988,2024-09-10,PRYJ,01:50 AM,02:17 AM,27.0,01:55 AM,02:22 AM,27.0
12988,2024-09-10,DDU,04:53 AM,04:53 AM,0.0,05:03 AM,05:03 AM,0.0
12988,2024-09-11,CNB,11:05 PM,11:29 PM,24.0,11:15 PM,11:39 PM,24.0
12988,2024-09-11,PRYJ,01:50 AM,01:58 AM,8.0,01:55 AM,02:03 AM,8.0
12988,2024-09-11,DDU,04:53 AM,04:56 AM,3.0,05:03 AM,05:06 AM,3.0
12988,2024-09-12,CNB,11:05 PM,11:35 PM,30.0,11:15 PM,11:45 PM,30.0
12988,2024-09-12,PRYJ,01:50 AM,02:22 AM,32.0,01:55 AM,02:27 AM,32.0
12988,2024-09-12,DDU,04:53 AM,04:53 AM,0.0,05:03 AM,05:03 AM,0.0
12988,2024-09-13,CNB,11:05 PM,11:18 PM,13.0,11:15 PM,11:28 PM,13.0
12988,2024-09-13,PRYJ,01:50 AM,01:57 AM,7.0,01:55 AM,02:02 AM,7.0
12988,2024-09-13,DDU,04:53 AM,04:53 AM,0.0,05:03 AM,05:03 AM,0.0
12988,2024-09-14,CNB,11:05 PM,11:39 PM,34.0,11:15 PM,11:49 PM,34.0
12988,2024-09-14,PRYJ,01:50 AM,01:57 AM,7.0,01:55 AM,02:02 AM,7.0
12988,2024-09-14,DDU,04:53 AM,04:54 AM,0.0,05:03 AM,05:04 AM,0.0
12988,2024-09-15,CNB,11:05 PM,11:15 PM,10.0,11:15 PM,11:25 PM,10.0
12988,2024-09-15,PRYJ,01:50 AM,02:05 AM,15.0,01:55 AM,02:10 AM,15.0
12988,2024-09-15,DDU,04:53 AM,04:53 AM,0.0,05:03 AM,05:03 AM,0.0
12988,2024-09-16,CNB,11:05 PM,11:50 PM,45.0,11:15 PM,12:00 AM,45.0
12988,2024-09-16,PRYJ,01:50 AM,02:32 AM,42.0,01:55 AM,02:37 AM,42.0
12988,2024-09-16,DDU,04:53 AM,05:08 AM,15.0,05:03 AM,05:18 AM,15.0
12988,2024-09-17,CNB,11:05 PM,12:24 AM,79.0,11:15 PM,12:34 AM,79.0
12988,2024-09-17,PRYJ,01:50 AM,02:33 AM,43.0,01:55 AM,02:38 AM,43.0
12988,2024-09-17,DDU,04:53 AM,04:53 AM,0.0,05:03 AM,05:03 AM,0.0
12988,2024-09-18,CNB,11:05 PM,11:17 PM,12.0,11:15 PM,11:27 PM,12.0
12988,2024-09-18,PRYJ,01:50 AM,01:52 AM,2.0,01:55 AM,01:57 AM,2.0
12988,2024-09-18,DDU,04:53 AM,04:57 AM,4.0,05:03 AM,05:07 AM,4.0
12988,2024-09-19,CNB,11:05 PM,11:26 PM,21.0,11:15 PM,11:36 PM,21.0
12988,2024-09-19,PRYJ,01:50 AM,02:04 AM,14.0,01:55 AM,02:09 AM,14.0
12988,2024-09-19,DDU,04:53 AM,04:59 AM,6.0,05:03 AM,05:09 AM,6.0
12988,2024-09-20,CNB,11:05 PM,01:31 AM,146.0,11:15 PM,01:41 AM,146.0
12988,2024-09-20,PRYJ,01:50 AM,03:59 AM,129.0,01:55 AM,04:04 AM,129.0
12988,2024-09-20,DDU,04:53 AM,06:16 AM,83.0,05:03 AM,06:26 AM,83.0
12988,2024-09-21,CNB,11:05 PM,11:28 PM,23.0,11:15 PM,11:38 PM,23.0
12988,2024-09-21,PRYJ,01:50 AM,02:01 AM,11.0,01:55 AM,02:06 AM,11.0
12988,2024-09-21,DDU,04:53 AM,05:01 AM,8.0,05:03 AM,05:11 AM,8.0
12988,2024-09-22,CNB,11:05 PM,11:32 PM,27.0,11:15 PM,11:42 PM,27.0
12988,2024-09-22,PRYJ,01:50 AM,01:53 AM,3.0,01:55 AM,01:58 AM,3.0
12988,2024-09-22,DDU,04:53 AM,04:53 AM,0.0,05:03 AM,05:03 AM,0.0
12988,2024-09-23,CNB,11:05 PM,11:30 PM,25.0,11:15 PM,11:40 PM,25.0
12988,2024-09-23,PRYJ,01:50 AM,01:50 AM,0.0,01:55 AM,01:55 AM,0.0
12988,2024-09-23,DDU,04:53 AM,05:04 AM,11.0,05:03 AM,05:14 AM,11.0
12988,2024-09-24,CNB,11:05 PM,11:41 PM,36.0,11:15 PM,11:51 PM,36.0
12988,2024-09-24,PRYJ,01:50 AM,01:52 AM,2.0,01:55 AM,01:57 AM,2.0
12988,2024-09-24,DDU,04:53 AM,04:53 AM,0.0,05:03 AM,05:03 AM,0.0
12988,2024-09-25,CNB,11:05 PM,11:45 PM,40.0,11:15 PM,11:55 PM,40.0
12988,2024-09-25,PRYJ,01:50 AM,02:16 AM,26.0,01:55 AM,02:21 AM,26.0
12988,2024-09-25,DDU,04:53 AM,04:53 AM,0.0,05:03 AM,05:03 AM,0.0
12988,2024-09-26,CNB,11:05 PM,11:25 PM,20.0,11:15 PM,11:35 PM,20.0
12988,2024-09-26,PRYJ,01:50 AM,01:56 AM,6.0,01:55 AM,02:01 AM,6.0
12988,2024-09-26,DDU,04:53 AM,04:56 AM,3.0,05:03 AM,05:06 AM,3.0
12988,2024-09-27,CNB,11:05 PM,11:27 PM,22.0,11:15 PM,11:37 PM,22.0
12988,2024-09-27,PRYJ,01:50 AM,01:57 AM,7.0,01:55 AM,02:02 AM,7.0
12988,2024-09-27,DDU,04:53 AM,04:53 AM,0.0,05:03 AM,05:03 AM,0.0
12988,2024-09-28,CNB,11:05 PM,11:48 PM,43.0,11:15 PM,11:58 PM,43.0
12988,2024-09-28,PRYJ,01:50 AM,02:11 AM,21.0,01:55 AM,02:16 AM,21.0
12988,2024-09-28,DDU,04:53 AM,04:53 AM,0.0,05:03 AM,05:03 AM,0.0
12988,2024-09-29,CNB,11:05 PM,11:43 PM,38.0,11:15 PM,11:53 PM,38.0
12988,2024-09-29,PRYJ,01:50 AM,01:51 AM,0.0,01:55 AM,01:56 AM,0.0
12988,2024-09-29,DDU,04:53 AM,04:54 AM,0.0,05:03 AM,05:04 AM,0.0
12988,2024-09-30,CNB,11:05 PM,11:28 PM,23.0,11:15 PM,11:38 PM,23.0
12988,2024-09-30,PRYJ,01:50 AM,02:10 AM,20.0,01:55 AM,02:15 AM,20.0
12988,2024-09-30,DDU,04:53 AM,04:53 AM,0.0,05:03 AM,05:03 AM,0.0
2576,2024-09-01,CNB,03:05 PM,03:58 PM,53.0,03:10 PM,04:03 PM,53.0
2576,2024-09-08,CNB,03:05 PM,09:10 PM,365.0,03:10 PM,09:15 PM,365.0
2576,2024-09-15,CNB,03:05 PM,03:05 PM,0.0,03:10 PM,03:10 PM,0.0
2576,2024-09-22,CNB,03:05 PM,04:51 PM,106.0,03:10 PM,04:56 PM,106.0
2576,2024-09-29,CNB,03:05 PM,06:51 PM,226.0,03:10 PM,06:56 PM,226.0
13424,2024-09-21,DDU,06:40 AM,06:40 AM,0.0,06:50 AM,06:50 AM,0.0
13424,2024-09-28,DDU,06:40 AM,06:40 AM,0.0,06:50 AM,06:50 AM,0.0
18104,2024-09-04,DDU,10:40 AM,10:40 AM,0.0,10:50 AM,10:50 AM,0.0
18104,2024-09-06,DDU,10:40 AM,10:40 AM,0.0,10:50 AM,10:50 AM,0.0
18104,2024-09-11,DDU,10:40 AM,10:40 AM,0.0,10:50 AM,10:50 AM,0.0
18104,2024-09-13,DDU,10:40 AM,10:41 AM,0.0,10:50 AM,10:51 AM,0.0
18104,2024-09-18,DDU,10:40 AM,10:45 AM,5.0,10:50 AM,10:55 AM,5.0
18104,2024-09-20,DDU,10:40 AM,10:40 AM,0.0,10:50 AM,10:50 AM,0.0
18104,2024-09-25,DDU,10:40 AM,11:27 AM,47.0,10:50 AM,11:37 AM,47.0
18104,2024-09-27,DDU,10:40 AM,11:34 AM,54.0,10:50 AM,11:44 AM,54.0
20839,2024-09-04,DDU,01:35 AM,01:46 AM,11.0,01:45 AM,01:56 AM,11.0
20839,2024-09-04,CNB,05:40 AM,05:41 AM,0.0,05:45 AM,05:46 AM,0.0
20839,2024-09-11,DDU,01:35 AM,01:39 AM,4.0,01:45 AM,01:49 AM,4.0
20839,2024-09-11,CNB,05:40 AM,05:41 AM,0.0,05:45 AM,05:46 AM,0.0
20839,2024-09-18,DDU,01:35 AM,01:40 AM,5.0,01:45 AM,01:50 AM,5.0
20839,2024-09-18,CNB,05:40 AM,05:49 AM,9.0,05:45 AM,05:54 AM,9.0
20839,2024-09-21,DDU,01:35 AM,01:44 AM,9.0,01:45 AM,01:54 AM,9.0
20839,2024-09-21,CNB,05:40 AM,05:42 AM,2.0,05:45 AM,05:47 AM,2.0
20839,2024-09-25,DDU,01:35 AM,01:41 AM,6.0,01:45 AM,01:51 AM,6.0
20839,2024-09-25,CNB,05:40 AM,05:55 AM,15.0,05:45 AM,06:00 AM,15.0
9189,2024-09-21,CNB,12:00 PM,01:02 PM,62.0,12:05 PM,01:07 PM,62.0
9189,2024-09-28,CNB,12:00 PM,12:16 PM,16.0,12:05 PM,12:21 PM,16.0
12511,2024-09-01,CNB,01:12 PM,01:32 PM,20.0,01:17 PM,01:37 PM,20.0
12511,2024-09-05,CNB,01:12 PM,04:20 PM,188.0,01:17 PM,04:25 PM,188.0
12511,2024-09-06,CNB,01:12 PM,04:01 PM,169.0,01:17 PM,04:06 PM,169.0
12511,2024-09-08,CNB,01:12 PM,01:56 PM,44.0,01:17 PM,02:01 PM,44.0
12511,2024-09-12,CNB,01:12 PM,01:41 PM,29.0,01:17 PM,01:46 PM,29.0
12511,2024-09-13,CNB,01:12 PM,01:48 PM,36.0,01:17 PM,01:53 PM,36.0
12511,2024-09-15,CNB,01:12 PM,01:18 PM,6.0,01:17 PM,01:23 PM,6.0
12511,2024-09-19,CNB,01:12 PM,02:01 PM,49.0,01:17 PM,02:06 PM,49.0
12511,2024-09-20,CNB,01:12 PM,02:03 PM,51.0,01:17 PM,02:08 PM,51.0
12487,2024-09-01,DDU,09:25 AM,09:26 AM,0.0,09:35 AM,09:36 AM,0.0
12487,2024-09-01,PRYJ,11:40 AM,11:42 AM,2.0,11:45 AM,11:47 AM,2.0
12487,2024-09-01,CNB,02:15 PM,02:33 PM,18.0,02:20 PM,02:38 PM,18.0
12487,2024-09-02,DDU,09:25 AM,09:25 AM,0.0,09:35 AM,09:35 AM,0.0
12487,2024-09-02,PRYJ,11:40 AM,11:46 AM,6.0,11:45 AM,11:51 AM,6.0
12487,2024-09-02,CNB,02:15 PM,02:15 PM,0.0,02:20 PM,02:20 PM,0.0
12487,2024-09-03,DDU,09:25 AM,09:25 AM,0.0,09:35 AM,09:35 AM,0.0
12487,2024-09-03,PRYJ,11:40 AM,11:48 AM,8.0,11:45 AM,11:53 AM,8.0
12487,2024-09-03,CNB,02:15 PM,02:26 PM,11.0,02:20 PM,02:31 PM,11.0
12487,2024-09-04,DDU,09:25 AM,09:26 AM,0.0,09:35 AM,09:36 AM,0.0
12487,2024-09-04,PRYJ,11:40 AM,11:57 AM,17.0,11:45 AM,12:02 PM,17.0
12487,2024-09-04,CNB,02:15 PM,02:15 PM,0.0,02:20 PM,02:20 PM,0.0
12487,2024-09-05,DDU,09:25 AM,09:26 AM,0.0,09:35 AM,09:36 AM,0.0
12487,2024-09-05,PRYJ,11:40 AM,11:46 AM,6.0,11:45 AM,11:51 AM,6.0
12487,2024-09-05,CNB,02:15 PM,02:30 PM,15.0,02:20 PM,02:35 PM,15.0
12487,2024-09-06,DDU,09:25 AM,09:26 AM,0.0,09:35 AM,09:36 AM,0.0
12487,2024-09-06,PRYJ,11:40 AM,11:49 AM,9.0,11:45 AM,11:54 AM,9.0
12487,2024-09-06,CNB,02:15 PM,02:16 PM,0.0,02:20 PM,02:21 PM,0.0
12487,2024-09-07,DDU,09:25 AM,09:26 AM,0.0,09:35 AM,09:36 AM,0.0
12487,2024-09-07,PRYJ,11:40 AM,01:17 PM,97.0,11:45 AM,01:22 PM,97.0
12487,2024-09-07,CNB,02:15 PM,04:17 PM,122.0,02:20 PM,04:22 PM,122.0
12487,2024-09-08,DDU,09:25 AM,09:25 AM,0.0,09:35 AM,09:35 AM,0.0
12487,2024-09-08,PRYJ,11:40 AM,11:54 AM,14.0,11:45 AM,11:59 AM,14.0
12487,2024-09-08,CNB,02:15 PM,03:15 PM,60.0,02:20 PM,03:20 PM,60.0
12487,2024-09-09,DDU,09:25 AM,09:27 AM,2.0,09:35 AM,09:37 AM,2.0
12487,2024-09-09,PRYJ,11:40 AM,11:44 AM,4.0,11:45 AM,11:49 AM,4.0
12487,2024-09-09,CNB,02:15 PM,02:31 PM,16.0,02:20 PM,02:36 PM,16.0
12487,2024-09-10,DDU,09:25 AM,09:26 AM,0.0,09:35 AM,09:36 AM,0.0
12487,2024-09-10,PRYJ,11:40 AM,11:48 AM,8.0,11:45 AM,11:53 AM,8.0
12487,2024-09-10,CNB,02:15 PM,02:25 PM,10.0,02:20 PM,02:30 PM,10.0
12487,2024-09-11,DDU,09:25 AM,09:25 AM,0.0,09:35 AM,09:35 AM,0.0
12487,2024-09-11,PRYJ,11:40 AM,11:50 AM,10.0,11:45 AM,11:55 AM,10.0
12487,2024-09-11,CNB,02:15 PM,02:36 PM,21.0,02:20 PM,02:41 PM,21.0
12487,2024-09-12,DDU,09:25 AM,09:33 AM,8.0,09:35 AM,09:43 AM,8.0
12487,2024-09-12,PRYJ,11:40 AM,12:04 PM,24.0,11:45 AM,12:09 PM,24.0
12487,2024-09-12,CNB,02:15 PM,02:31 PM,16.0,02:20 PM,02:36 PM,16.0
12487,2024-09-13,DDU,09:25 AM,09:26 AM,0.0,09:35 AM,09:36 AM,0.0
12487,2024-09-13,PRYJ,11:40 AM,11:43 AM,3.0,11:45 AM,11:48 AM,3.0
12487,2024-09-13,CNB,02:15 PM,02:16 PM,0.0,02:20 PM,02:21 PM,0.0
12487,2024-09-14,DDU,09:25 AM,09:26 AM,0.0,09:35 AM,09:36 AM,0.0
12487,2024-09-14,PRYJ,11:40 AM,11:41 AM,0.0,11:45 AM,11:46 AM,0.0
12487,2024-09-14,CNB,02:15 PM,02:24 PM,9.0,02:20 PM,02:29 PM,9.0
12487,2024-09-15,DDU,09:25 AM,09:26 AM,0.0,09:35 AM,09:36 AM,0.0
12487,2024-09-15,PRYJ,11:40 AM,11:45 AM,5.0,11:45 AM,11:50 AM,5.0
12487,2024-09-15,CNB,02:15 PM,02:15 PM,0.0,02:20 PM,02:20 PM,0.0
12487,2024-09-16,DDU,09:25 AM,09:32 AM,7.0,09:35 AM,09:42 AM,7.0
12487,2024-09-16,PRYJ,11:40 AM,12:08 PM,28.0,11:45 AM,12:13 PM,28.0
12487,2024-09-16,CNB,02:15 PM,02:49 PM,34.0,02:20 PM,02:54 PM,34.0
12487,2024-09-17,DDU,09:25 AM,09:28 AM,3.0,09:35 AM,09:38 AM,3.0
12487,2024-09-17,PRYJ,11:40 AM,11:43 AM,3.0,11:45 AM,11:48 AM,3.0
12487,2024-09-17,CNB,02:15 PM,02:19 PM,4.0,02:20 PM,02:24 PM,4.0
12487,2024-09-18,DDU,09:25 AM,09:30 AM,5.0,09:35 AM,09:40 AM,5.0
12487,2024-09-18,PRYJ,11:40 AM,11:48 AM,8.0,11:45 AM,11:53 AM,8.0
12487,2024-09-18,CNB,02:15 PM,02:15 PM,0.0,02:20 PM,02:20 PM,0.0
12487,2024-09-19,DDU,09:25 AM,09:25 AM,0.0,09:35 AM,09:35 AM,0.0
12487,2024-09-19,PRYJ,11:40 AM,11:40 AM,0.0,11:45 AM,11:45 AM,0.0
12487,2024-09-19,CNB,02:15 PM,02:15 PM,0.0,02:20 PM,02:20 PM,0.0
12487,2024-09-20,DDU,09:25 AM,09:26 AM,0.0,09:35 AM,09:36 AM,0.0
12487,2024-09-20,PRYJ,11:40 AM,11:41 AM,0.0,11:45 AM,11:46 AM,0.0
12487,2024-09-20,CNB,02:15 PM,02:22 PM,7.0,02:20 PM,02:27 PM,7.0
12487,2024-09-21,DDU,09:25 AM,09:25 AM,0.0,09:35 AM,09:35 AM,0.0
12487,2024-09-21,PRYJ,11:40 AM,11:48 AM,8.0,11:45 AM,11:53 AM,8.0
12487,2024-09-21,CNB,02:15 PM,02:18 PM,3.0,02:20 PM,02:23 PM,3.0
12487,2024-09-22,DDU,09:25 AM,09:26 AM,0.0,09:35 AM,09:36 AM,0.0
12487,2024-09-22,PRYJ,11:40 AM,11:41 AM,0.0,11:45 AM,11:46 AM,0.0
12487,2024-09-22,CNB,02:15 PM,02:50 PM,35.0,02:20 PM,02:55 PM,35.0
12487,2024-09-23,DDU,09:25 AM,09:25 AM,0.0,09:35 AM,09:35 AM,0.0
12487,2024-09-23,PRYJ,11:40 AM,11:40 AM,0.0,11:45 AM,11:45 AM,0.0
12487,2024-09-23,CNB,02:15 PM,02:15 PM,0.0,02:20 PM,02:20 PM,0.0
12487,2024-09-24,DDU,09:25 AM,09:28 AM,3.0,09:35 AM,09:38 AM,3.0
12487,2024-09-24,PRYJ,11:40 AM,11:51 AM,11.0,11:45 AM,11:56 AM,11.0
12487,2024-09-24,CNB,02:15 PM,02:15 PM,0.0,02:20 PM,02:20 PM,0.0
12487,2024-09-25,DDU,09:25 AM,09:26 AM,0.0,09:35 AM,09:36 AM,0.0
12487,2024-09-25,PRYJ,11:40 AM,11:44 AM,4.0,11:45 AM,11:49 AM,4.0
12487,2024-09-25,CNB,02:15 PM,02:41 PM,26.0,02:20 PM,02:46 PM,26.0
12487,2024-09-26,DDU,09:25 AM,09:26 AM,0.0,09:35 AM,09:36 AM,0.0
12487,2024-09-26,PRYJ,11:40 AM,11:59 AM,19.0,11:45 AM,12:04 PM,19.0
12487,2024-09-26,CNB,02:15 PM,02:36 PM,21.0,02:20 PM,02:41 PM,21.0
12487,2024-09-27,DDU,09:25 AM,09:25 AM,0.0,09:35 AM,09:35 AM,0.0
12487,2024-09-27,PRYJ,11:40 AM,12:02 PM,22.0,11:45 AM,12:07 PM,22.0
12487,2024-09-27,CNB,02:15 PM,03:05 PM,50.0,02:20 PM,03:10 PM,50.0
12487,2024-09-28,DDU,09:25 AM,09:25 AM,0.0,09:35 AM,09:35 AM,0.0
12487,2024-09-28,PRYJ,11:40 AM,11:43 AM,3.0,11:45 AM,11:48 AM,3.0
12487,2024-09-28,CNB,02:15 PM,02:21 PM,6.0,02:20 PM,02:26 PM,6.0
12487,2024-09-29,DDU,09:25 AM,09:26 AM,0.0,09:35 AM,09:36 AM,0.0
12487,2024-09-29,PRYJ,11:40 AM,11:45 AM,5.0,11:45 AM,11:50 AM,5.0
12487,2024-09-29,CNB,02:15 PM,02:39 PM,24.0,02:20 PM,02:44 PM,24.0
12487,2024-09-30,DDU,09:25 AM,09:25 AM,0.0,09:35 AM,09:35 AM,0.0
12487,2024-09-30,PRYJ,11:40 AM,12:11 PM,31.0,11:45 AM,12:16 PM,31.0
12487,2024-09-30,CNB,02:15 PM,02:51 PM,36.0,02:20 PM,02:56 PM,36.0
19313,2024-09-02,CNB,03:55 AM,03:55 AM,0.0,04:00 AM,04:00 AM,0.0
19313,2024-09-02,DDU,11:35 AM,11:35 AM,0.0,11:45 AM,11:45 AM,0.0
19313,2024-09-02,BXR,12:45 PM,12:45 PM,0.0,12:47 PM,12:47 PM,0.0
19313,2024-09-04,CNB,03:55 AM,03:57 AM,2.0,04:00 AM,04:02 AM,2.0
19313,2024-09-04,DDU,11:35 AM,11:43 AM,8.0,11:45 AM,11:53 AM,8.0
19313,2024-09-04,BXR,12:45 PM,01:07 PM,22.0,12:47 PM,01:09 PM,22.0
19313,2024-09-09,CNB,03:55 AM,03:59 AM,4.0,04:00 AM,04:04 AM,4.0
19313,2024-09-09,DDU,11:35 AM,11:35 AM,0.0,11:45 AM,11:45 AM,0.0
19313,2024-09-09,BXR,12:45 PM,12:45 PM,0.0,12:47 PM,12:47 PM,0.0
19313,2024-09-11,CNB,03:55 AM,03:55 AM,0.0,04:00 AM,04:00 AM,0.0
19313,2024-09-11,DDU,11:35 AM,11:35 AM,0.0,11:45 AM,11:45 AM,0.0
19313,2024-09-11,BXR,12:45 PM,12:45 PM,0.0,12:47 PM,12:47 PM,0.0
19313,2024-09-16,CNB,03:55 AM,03:55 AM,0.0,04:00 AM,04:00 AM,0.0
19313,2024-09-16,DDU,11:35 AM,11:35 AM,0.0,11:45 AM,11:45 AM,0.0
19313,2024-09-16,BXR,12:45 PM,12:45 PM,0.0,12:47 PM,12:47 PM,0.0
19313,2024-09-18,CNB,03:55 AM,03:55 AM,0.0,04:00 AM,04:00 AM,0.0
19313,2024-09-18,DDU,11:35 AM,12:36 PM,61.0,11:45 AM,12:46 PM,61.0
19313,2024-09-18,BXR,12:45 PM,01:59 PM,74.0,12:47 PM,02:01 PM,74.0
19313,2024-09-23,CNB,03:55 AM,03:55 AM,0.0,04:00 AM,04:00 AM,0.0
19313,2024-09-23,DDU,11:35 AM,11:35 AM,0.0,11:45 AM,11:45 AM,0.0
19313,2024-09-23,BXR,12:45 PM,01:00 PM,15.0,12:47 PM,01:02 PM,15.0
19313,2024-09-25,CNB,03:55 AM,03:56 AM,0.0,04:00 AM,04:01 AM,0.0
19313,2024-09-25,DDU,11:35 AM,11:35 AM,0.0,11:45 AM,11:45 AM,0.0
19313,2024-09-25,BXR,12:45 PM,12:45 PM,0.0,12:47 PM,12:47 PM,0.0
19313,2024-09-30,CNB,03:55 AM,04:00 AM,5.0,04:00 AM,04:05 AM,5.0
19313,2024-09-30,DDU,11:35 AM,12:05 PM,30.0,11:45 AM,12:15 PM,30.0
19313,2024-09-30,BXR,12:45 PM,01:19 PM,34.0,12:47 PM,01:21 PM,34.0
12397,2024-09-01,DDU,05:10 PM,06:31 PM,81.0,05:20 PM,06:41 PM,81.0
12397,2024-09-01,PRYJ,07:30 PM,08:54 PM,84.0,07:40 PM,09:04 PM,84.0
12397,2024-09-01,CNB,10:05 PM,11:20 PM,75.0,10:10 PM,11:25 PM,75.0
12397,2024-09-02,DDU,05:10 PM,05:30 PM,20.0,05:20 PM,05:40 PM,20.0
12397,2024-09-02,PRYJ,07:30 PM,08:02 PM,32.0,07:40 PM,08:12 PM,32.0
12397,2024-09-02,CNB,10:05 PM,10:26 PM,21.0,10:10 PM,10:31 PM,21.0
12397,2024-09-03,DDU,05:10 PM,05:19 PM,9.0,05:20 PM,05:29 PM,9.0
12397,2024-09-03,PRYJ,07:30 PM,07:52 PM,22.0,07:40 PM,08:02 PM,22.0
12397,2024-09-03,CNB,10:05 PM,10:28 PM,23.0,10:10 PM,10:33 PM,23.0
12397,2024-09-04,DDU,05:10 PM,05:20 PM,10.0,05:20 PM,05:30 PM,10.0
12397,2024-09-04,PRYJ,07:30 PM,10:04 PM,154.0,07:40 PM,10:14 PM,154.0
12397,2024-09-04,CNB,10:05 PM,01:14 AM,189.0,10:10 PM,01:19 AM,189.0
12397,2024-09-05,DDU,05:10 PM,05:28 PM,18.0,05:20 PM,05:38 PM,18.0
12397,2024-09-05,PRYJ,07:30 PM,08:05 PM,35.0,07:40 PM,08:15 PM,35.0
12397,2024-09-05,CNB,10:05 PM,10:49 PM,44.0,10:10 PM,10:54 PM,44.0
12397,2024-09-06,DDU,05:10 PM,05:30 PM,20.0,05:20 PM,05:40 PM,20.0
12397,2024-09-06,PRYJ,07:30 PM,08:10 PM,40.0,07:40 PM,08:20 PM,40.0
12397,2024-09-06,CNB,10:05 PM,10:48 PM,43.0,10:10 PM,10:53 PM,43.0
12397,2024-09-07,DDU,05:10 PM,05:11 PM,0.0,05:20 PM,05:21 PM,0.0
12397,2024-09-07,PRYJ,07:30 PM,07:43 PM,13.0,07:40 PM,07:53 PM,13.0
12397,2024-09-07,CNB,10:05 PM,10:30 PM,25.0,10:10 PM,10:35 PM,25.0
12397,2024-09-08,DDU,05:10 PM,05:12 PM,2.0,05:20 PM,05:22 PM,2.0
12397,2024-09-08,PRYJ,07:30 PM,07:54 PM,24.0,07:40 PM,08:04 PM,24.0
12397,2024-09-08,CNB,10:05 PM,10:39 PM,34.0,10:10 PM,10:44 PM,34.0
12397,2024-09-09,DDU,05:10 PM,05:39 PM,29.0,05:20 PM,05:49 PM,29.0
12397,2024-09-09,PRYJ,07:30 PM,08:08 PM,38.0,07:40 PM,08:18 PM,38.0
12397,2024-09-09,CNB,10:05 PM,10:51 PM,46.0,10:10 PM,10:56 PM,46.0
12397,2024-09-10,DDU,05:10 PM,05:10 PM,0.0,05:20 PM,05:20 PM,0.0
12397,2024-09-10,PRYJ,07:30 PM,07:48 PM,18.0,07:40 PM,07:58 PM,18.0
12397,2024-09-10,CNB,10:05 PM,10:38 PM,33.0,10:10 PM,10:43 PM,33.0
12397,2024-09-11,DDU,05:10 PM,05:29 PM,19.0,05:20 PM,05:39 PM,19.0
12397,2024-09-11,PRYJ,07:30 PM,07:52 PM,22.0,07:40 PM,08:02 PM,22.0
12397,2024-09-11,CNB,10:05 PM,10:22 PM,17.0,10:10 PM,10:27 PM,17.0
12397,2024-09-12,DDU,05:10 PM,05:10 PM,0.0,05:20 PM,05:20 PM,0.0
12397,2024-09-12,PRYJ,07:30 PM,07:44 PM,14.0,07:40 PM,07:54 PM,14.0
12397,2024-09-12,CNB,10:05 PM,10:56 PM,51.0,10:10 PM,11:01 PM,51.0
12397,2024-09-13,DDU,05:10 PM,05:12 PM,2.0,05:20 PM,05:22 PM,2.0
12397,2024-09-13,PRYJ,07:30 PM,08:25 PM,55.0,07:40 PM,08:35 PM,55.0
12397,2024-09-13,CNB,10:05 PM,11:51 PM,106.0,10:10 PM,11:56 PM,106.0
12397,2024-09-14,DDU,05:10 PM,05:10 PM,0.0,05:20 PM,05:20 PM,0.0
12397,2024-09-14,PRYJ,07:30 PM,07:43 PM,13.0,07:40 PM,07:53 PM,13.0
12397,2024-09-14,CNB,10:05 PM,10:29 PM,24.0,10:10 PM,10:34 PM,24.0
12397,2024-09-15,DDU,05:10 PM,05:23 PM,13.0,05:20 PM,05:33 PM,13.0
12397,2024-09-15,PRYJ,07:30 PM,07:53 PM,23.0,07:40 PM,08:03 PM,23.0
12397,2024-09-15,CNB,10:05 PM,10:30 PM,25.0,10:10 PM,10:35 PM,25.0
12397,2024-09-16,DDU,05:10 PM,05:14 PM,4.0,05:20 PM,05:24 PM,4.0
12397,2024-09-16,PRYJ,07:30 PM,08:08 PM,38.0,07:40 PM,08:18 PM,38.0
12397,2024-09-16,CNB,10:05 PM,10:46 PM,41.0,10:10 PM,10:51 PM,41.0
12397,2024-09-17,DDU,05:10 PM,05:11 PM,0.0,05:20 PM,05:21 PM,0.0
12397,2024-09-17,PRYJ,07:30 PM,08:38 PM,68.0,07:40 PM,08:48 PM,68.0
12397,2024-09-17,CNB,10:05 PM,11:16 PM,71.0,10:10 PM,11:21 PM,71.0
12397,2024-09-18,DDU,05:10 PM,05:14 PM,4.0,05:20 PM,05:24 PM,4.0
12397,2024-09-18,PRYJ,07:30 PM,09:43 PM,133.0,07:40 PM,09:53 PM,133.0
12397,2024-09-18,CNB,10:05 PM,12:39 AM,154.0,10:10 PM,12:44 AM,154.0
12397,2024-09-19,DDU,05:10 PM,05:13 PM,3.0,05:20 PM,05:23 PM,3.0
12397,2024-09-19,PRYJ,07:30 PM,09:33 PM,123.0,07:40 PM,09:43 PM,123.0
12397,2024-09-19,CNB,10:05 PM,11:54 PM,109.0,10:10 PM,11:59 PM,109.0
12397,2024-09-20,DDU,05:10 PM,05:11 PM,0.0,05:20 PM,05:21 PM,0.0
12397,2024-09-20,PRYJ,07:30 PM,08:01 PM,31.0,07:40 PM,08:11 PM,31.0
12397,2024-09-20,CNB,10:05 PM,11:17 PM,72.0,10:10 PM,11:22 PM,72.0
12397,2024-09-21,DDU,05:10 PM,05:52 PM,42.0,05:20 PM,06:02 PM,42.0
12397,2024-09-21,PRYJ,07:30 PM,08:19 PM,49.0,07:40 PM,08:29 PM,49.0
12397,2024-09-21,CNB,10:05 PM,10:54 PM,49.0,10:10 PM,10:59 PM,49.0
12397,2024-09-22,DDU,05:10 PM,05:18 PM,8.0,05:20 PM,05:28 PM,8.0
12397,2024-09-22,PRYJ,07:30 PM,08:06 PM,36.0,07:40 PM,08:16 PM,36.0
12397,2024-09-22,CNB,10:05 PM,10:25 PM,20.0,10:10 PM,10:30 PM,20.0
12397,2024-09-23,DDU,05:10 PM,05:18 PM,8.0,05:20 PM,05:28 PM,8.0
12397,2024-09-23,PRYJ,07:30 PM,08:48 PM,78.0,07:40 PM,08:58 PM,78.0
12397,2024-09-23,CNB,10:05 PM,11:23 PM,78.0,10:10 PM,11:28 PM,78.0
12397,2024-09-24,DDU,05:10 PM,05:11 PM,0.0,05:20 PM,05:21 PM,0.0
12397,2024-09-24,PRYJ,07:30 PM,08:05 PM,35.0,07:40 PM,08:15 PM,35.0
12397,2024-09-24,CNB,10:05 PM,10:55 PM,50.0,10:10 PM,11:00 PM,50.0
12397,2024-09-25,DDU,05:10 PM,05:11 PM,0.0,05:20 PM,05:21 PM,0.0
12397,2024-09-25,PRYJ,07:30 PM,07:36 PM,6.0,07:40 PM,07:46 PM,6.0
12397,2024-09-25,CNB,10:05 PM,10:06 PM,0.0,10:10 PM,10:11 PM,0.0
12397,2024-09-26,DDU,05:10 PM,05:10 PM,0.0,05:20 PM,05:20 PM,0.0
12397,2024-09-26,PRYJ,07:30 PM,07:55 PM,25.0,07:40 PM,08:05 PM,25.0
12397,2024-09-26,CNB,10:05 PM,10:35 PM,30.0,10:10 PM,10:40 PM,30.0
12397,2024-09-27,DDU,05:10 PM,05:34 PM,24.0,05:20 PM,05:44 PM,24.0
12397,2024-09-27,PRYJ,07:30 PM,08:09 PM,39.0,07:40 PM,08:19 PM,39.0
12397,2024-09-27,CNB,10:05 PM,10:48 PM,43.0,10:10 PM,10:53 PM,43.0
12397,2024-09-28,DDU,05:10 PM,05:46 PM,36.0,05:20 PM,05:56 PM,36.0
12397,2024-09-28,PRYJ,07:30 PM,08:07 PM,37.0,07:40 PM,08:17 PM,37.0
12397,2024-09-28,CNB,10:05 PM,10:44 PM,39.0,10:10 PM,10:49 PM,39.0
12397,2024-09-29,DDU,05:10 PM,05:23 PM,13.0,05:20 PM,05:33 PM,13.0
12397,2024-09-29,PRYJ,07:30 PM,07:51 PM,21.0,07:40 PM,08:01 PM,21.0
12397,2024-09-29,CNB,10:05 PM,10:37 PM,32.0,10:10 PM,10:42 PM,32.0
12397,2024-09-30,DDU,05:10 PM,05:11 PM,0.0,05:20 PM,05:21 PM,0.0
12397,2024-09-30,PRYJ,07:30 PM,07:49 PM,19.0,07:40 PM,07:59 PM,19.0
12397,2024-09-30,CNB,10:05 PM,10:12 PM,7.0,10:10 PM,10:17 PM,7.0
22444,2024-09-06,CNB,07:10 AM,07:10 AM,0.0,07:10 AM,07:10 AM,0.0
22444,2024-09-13,CNB,07:10 AM,07:10 AM,0.0,07:10 AM,07:10 AM,0.0
22444,2024-09-20,CNB,07:10 AM,07:10 AM,0.0,07:10 AM,07:10 AM,0.0
22444,2024-09-27,CNB,07:10 AM,07:10 AM,0.0,07:10 AM,07:10 AM,0.0
11408,2024-09-05,CNB,08:20 AM,08:20 AM,0.0,08:30 AM,08:30 AM,0.0
11408,2024-09-12,CNB,08:20 AM,08:28 AM,8.0,08:30 AM,08:38 AM,8.0
11408,2024-09-19,CNB,08:20 AM,08:20 AM,0.0,08:30 AM,08:30 AM,0.0
11408,2024-09-26,CNB,08:20 AM,08:20 AM,0.0,08:30 AM,08:30 AM,0.0
12354,2024-09-07,DDU,08:15 AM,08:57 AM,42.0,08:25 AM,09:07 AM,42.0
12354,2024-09-14,DDU,08:15 AM,08:15 AM,0.0,08:25 AM,08:25 AM,0.0
12354,2024-09-21,DDU,08:15 AM,10:10 AM,115.0,08:25 AM,10:20 AM,115.0
12354,2024-09-28,DDU,08:15 AM,08:15 AM,0.0,08:25 AM,08:25 AM,0.0
22912,2024-09-02,DDU,04:40 AM,04:41 AM,0.0,04:50 AM,04:51 AM,0.0
22912,2024-09-09,DDU,04:40 AM,04:41 AM,0.0,04:50 AM,04:51 AM,0.0
22912,2024-09-12,DDU,04:40 AM,04:51 AM,11.0,04:50 AM,05:01 AM,11.0
22912,2024-09-14,DDU,04:40 AM,04:52 AM,12.0,04:50 AM,05:02 AM,12.0
22912,2024-09-16,DDU,04:40 AM,04:40 AM,0.0,04:50 AM,04:50 AM,0.0
22912,2024-09-19,DDU,04:40 AM,04:44 AM,4.0,04:50 AM,04:54 AM,4.0
22912,2024-09-21,DDU,04:40 AM,04:40 AM,0.0,04:50 AM,04:50 AM,0.0
22912,2024-09-23,DDU,04:40 AM,04:40 AM,0.0,04:50 AM,04:50 AM,0.0
22912,2024-09-26,DDU,04:40 AM,05:01 AM,21.0,04:50 AM,05:11 AM,21.0
22912,2024-09-28,DDU,04:40 AM,04:40 AM,0.0,04:50 AM,04:50 AM,0.0
22912,2024-09-30,DDU,04:40 AM,05:12 AM,32.0,04:50 AM,05:22 AM,32.0
14853,2024-09-02,CNB,02:00 AM,02:27 AM,27.0,02:05 AM,02:32 AM,27.0
14853,2024-09-04,CNB,02:00 AM,02:39 AM,39.0,02:05 AM,02:44 AM,39.0
14853,2024-09-07,CNB,02:00 AM,02:22 AM,22.0,02:05 AM,02:27 AM,22.0
14853,2024-09-09,CNB,02:00 AM,02:11 AM,11.0,02:05 AM,02:16 AM,11.0
14853,2024-09-11,CNB,02:00 AM,03:50 AM,110.0,02:05 AM,03:55 AM,110.0
14853,2024-09-14,CNB,02:00 AM,04:20 AM,140.0,02:05 AM,04:25 AM,140.0
14853,2024-09-16,CNB,02:00 AM,02:10 AM,10.0,02:05 AM,02:15 AM,10.0
14853,2024-09-18,CNB,02:00 AM,02:00 AM,0.0,02:05 AM,02:05 AM,0.0
14853,2024-09-21,CNB,02:00 AM,04:01 AM,121.0,02:05 AM,04:06 AM,121.0
14853,2024-09-23,CNB,02:00 AM,02:34 AM,34.0,02:05 AM,02:39 AM,34.0
14853,2024-09-25,CNB,02:00 AM,03:32 AM,92.0,02:05 AM,03:37 AM,92.0
14853,2024-09-28,CNB,02:00 AM,04:30 AM,150.0,02:05 AM,04:35 AM,150.0
14853,2024-09-30,CNB,02:00 AM,02:58 AM,58.0,02:05 AM,03:03 AM,58.0
2569,2024-09-01,CNB,09:35 PM,03:41 AM,366.0,09:40 PM,03:46 AM,366.0
2569,2024-09-02,CNB,09:35 PM,02:50 AM,315.0,09:40 PM,02:55 AM,315.0
2569,2024-09-03,CNB,09:35 PM,06:30 AM,535.0,09:40 PM,06:35 AM,535.0
2569,2024-09-04,CNB,09:35 PM,03:16 AM,341.0,09:40 PM,03:21 AM,341.0
2569,2024-09-05,CNB,09:35 PM,04:43 AM,428.0,09:40 PM,04:48 AM,428.0
2569,2024-09-06,CNB,09:35 PM,04:16 AM,401.0,09:40 PM,04:21 AM,401.0
2569,2024-09-07,CNB,09:35 PM,08:03 AM,628.0,09:40 PM,08:08 AM,628.0
2569,2024-09-08,CNB,09:35 PM,01:17 AM,222.0,09:40 PM,01:22 AM,222.0
2569,2024-09-09,CNB,09:35 PM,02:30 AM,295.0,09:40 PM,02:35 AM,295.0
2569,2024-09-10,CNB,09:35 PM,04:39 AM,424.0,09:40 PM,04:44 AM,424.0
2569,2024-09-11,CNB,09:35 PM,01:21 AM,226.0,09:40 PM,01:26 AM,226.0
2569,2024-09-12,CNB,09:35 PM,02:17 AM,282.0,09:40 PM,02:22 AM,282.0
2569,2024-09-13,CNB,09:35 PM,09:35 PM,0.0,09:40 PM,09:40 PM,0.0
2569,2024-09-14,CNB,09:35 PM,04:28 AM,413.0,09:40 PM,04:33 AM,413.0
2569,2024-09-15,CNB,09:35 PM,12:37 AM,182.0,09:40 PM,12:42 AM,182.0
2569,2024-09-16,CNB,09:35 PM,09:35 PM,0.0,09:40 PM,09:40 PM,0.0
2569,2024-09-17,CNB,09:35 PM,02:23 AM,288.0,09:40 PM,02:28 AM,288.0
2569,2024-09-18,CNB,09:35 PM,03:54 AM,379.0,09:40 PM,03:59 AM,379.0
2569,2024-09-19,CNB,09:35 PM,02:16 AM,281.0,09:40 PM,02:21 AM,281.0
2569,2024-09-20,CNB,09:35 PM,02:17 AM,282.0,09:40 PM,02:22 AM,282.0
2569,2024-09-21,CNB,09:35 PM,04:09 AM,394.0,09:40 PM,04:14 AM,394.0
2569,2024-09-22,CNB,09:35 PM,09:35 PM,0.0,09:40 PM,09:40 PM,0.0
2569,2024-09-23,CNB,09:35 PM,03:21 AM,346.0,09:40 PM,03:26 AM,346.0
2569,2024-09-24,CNB,09:35 PM,01:11 AM,216.0,09:40 PM,01:16 AM,216.0
2569,2024-09-25,CNB,09:35 PM,02:21 AM,286.0,09:40 PM,02:26 AM,286.0
2569,2024-09-26,CNB,09:35 PM,02:41 AM,306.0,09:40 PM,02:46 AM,306.0
2569,2024-09-27,CNB,09:35 PM,05:07 AM,452.0,09:40 PM,05:12 AM,452.0
2569,2024-09-28,CNB,09:35 PM,01:18 AM,223.0,09:40 PM,01:23 AM,223.0
2569,2024-09-29,CNB,09:35 PM,10:58 AM,803.0,09:40 PM,11:03 AM,803.0
2569,2024-09-30,CNB,09:35 PM,01:48 AM,253.0,09:40 PM,01:53 AM,253.0
20502,2024-09-04,CNB,12:35 AM,12:59 AM,24.0,12:40 AM,01:04 AM,24.0
20502,2024-09-04,DDU,04:42 AM,05:04 AM,22.0,04:52 AM,05:14 AM,22.0
20502,2024-09-11,CNB,12:35 AM,12:52 AM,17.0,12:40 AM,12:57 AM,17.0
20502,2024-09-11,DDU,04:42 AM,04:42 AM,0.0,04:52 AM,04:52 AM,0.0
20502,2024-09-25,CNB,12:35 AM,12:47 AM,12.0,12:40 AM,12:52 AM,12.0
20502,2024-09-25,DDU,04:42 AM,04:59 AM,17.0,04:52 AM,05:09 AM,17.0
22416,2024-09-01,CNB,07:08 PM,07:17 PM,9.0,07:12 PM,07:21 PM,9.0
22416,2024-09-01,PRYJ,09:11 PM,09:12 PM,0.0,09:15 PM,09:16 PM,0.0
22416,2024-09-02,CNB,07:08 PM,07:19 PM,11.0,07:12 PM,07:23 PM,11.0
22416,2024-09-02,PRYJ,09:11 PM,09:22 PM,11.0,09:15 PM,09:26 PM,11.0
22416,2024-09-04,CNB,07:08 PM,07:15 PM,7.0,07:12 PM,07:19 PM,7.0
22416,2024-09-04,PRYJ,09:11 PM,09:11 PM,0.0,09:15 PM,09:15 PM,0.0
22416,2024-09-05,CNB,07:08 PM,07:27 PM,19.0,07:12 PM,07:31 PM,19.0
22416,2024-09-05,PRYJ,09:11 PM,09:16 PM,5.0,09:15 PM,09:20 PM,5.0
22416,2024-09-06,CNB,07:08 PM,07:50 PM,42.0,07:12 PM,07:54 PM,42.0
22416,2024-09-06,PRYJ,09:11 PM,09:11 PM,0.0,09:15 PM,09:15 PM,0.0
22416,2024-09-07,CNB,07:08 PM,07:08 PM,0.0,07:12 PM,07:12 PM,0.0
22416,2024-09-07,PRYJ,09:11 PM,09:11 PM,0.0,09:15 PM,09:15 PM,0.0
22416,2024-09-08,CNB,07:08 PM,07:23 PM,15.0,07:12 PM,07:27 PM,15.0
22416,2024-09-08,PRYJ,09:11 PM,09:15 PM,4.0,09:15 PM,09:19 PM,4.0
22416,2024-09-09,CNB,07:08 PM,07:16 PM,8.0,07:12 PM,07:20 PM,8.0
22416,2024-09-09,PRYJ,09:11 PM,09:17 PM,6.0,09:15 PM,09:21 PM,6.0
22416,2024-09-11,CNB,07:08 PM,07:20 PM,12.0,07:12 PM,07:24 PM,12.0
22416,2024-09-11,PRYJ,09:11 PM,09:11 PM,0.0,09:15 PM,09:15 PM,0.0
22416,2024-09-12,CNB,07:08 PM,07:08 PM,0.0,07:12 PM,07:12 PM,0.0
22416,2024-09-12,PRYJ,09:11 PM,09:11 PM,0.0,09:15 PM,09:15 PM,0.0
22416,2024-09-13,CNB,07:08 PM,07:21 PM,13.0,07:12 PM,07:25 PM,13.0
22416,2024-09-13,PRYJ,09:11 PM,09:16 PM,5.0,09:15 PM,09:20 PM,5.0
22416,2024-09-14,CNB,07:08 PM,07:25 PM,17.0,07:12 PM,07:29 PM,17.0
22416,2024-09-14,PRYJ,09:11 PM,09:17 PM,6.0,09:15 PM,09:21 PM,6.0
22416,2024-09-15,CNB,07:08 PM,07:08 PM,0.0,07:12 PM,07:12 PM,0.0
22416,2024-09-15,PRYJ,09:11 PM,09:11 PM,0.0,09:15 PM,09:15 PM,0.0
22416,2024-09-16,CNB,07:08 PM,07:09 PM,0.0,07:12 PM,07:13 PM,0.0
22416,2024-09-16,PRYJ,09:11 PM,09:24 PM,13.0,09:15 PM,09:28 PM,13.0
22416,2024-09-18,CNB,07:08 PM,07:30 PM,22.0,07:12 PM,07:34 PM,22.0
22416,2024-09-18,PRYJ,09:11 PM,09:41 PM,30.0,09:15 PM,09:45 PM,30.0
22416,2024-09-19,CNB,07:08 PM,07:19 PM,11.0,07:12 PM,07:23 PM,11.0
22416,2024-09-19,PRYJ,09:11 PM,09:12 PM,0.0,09:15 PM,09:16 PM,0.0
22416,2024-09-20,CNB,07:08 PM,07:20 PM,12.0,07:12 PM,07:24 PM,12.0
22416,2024-09-20,PRYJ,09:11 PM,09:15 PM,4.0,09:15 PM,09:19 PM,4.0
22416,2024-09-21,CNB,07:08 PM,07:42 PM,34.0,07:12 PM,07:46 PM,34.0
22416,2024-09-21,PRYJ,09:11 PM,09:35 PM,24.0,09:15 PM,09:39 PM,24.0
22416,2024-09-22,CNB,07:08 PM,08:06 PM,58.0,07:12 PM,08:10 PM,58.0
22416,2024-09-22,PRYJ,09:11 PM,10:01 PM,50.0,09:15 PM,10:05 PM,50.0
22416,2024-09-23,CNB,07:08 PM,07:16 PM,8.0,07:12 PM,07:20 PM,8.0
22416,2024-09-23,PRYJ,09:11 PM,09:11 PM,0.0,09:15 PM,09:15 PM,0.0
22416,2024-09-25,CNB,07:08 PM,07:15 PM,7.0,07:12 PM,07:19 PM,7.0
22416,2024-09-25,PRYJ,09:11 PM,09:16 PM,5.0,09:15 PM,09:20 PM,5.0
22416,2024-09-26,CNB,07:08 PM,07:26 PM,18.0,07:12 PM,07:30 PM,18.0
22416,2024-09-26,PRYJ,09:11 PM,09:22 PM,11.0,09:15 PM,09:26 PM,11.0
22416,2024-09-27,CNB,07:08 PM,07:18 PM,10.0,07:12 PM,07:22 PM,10.0
22416,2024-09-27,PRYJ,09:11 PM,09:17 PM,6.0,09:15 PM,09:21 PM,6.0
22416,2024-09-28,CNB,07:08 PM,07:30 PM,22.0,07:12 PM,07:34 PM,22.0
22416,2024-09-28,PRYJ,09:11 PM,09:45 PM,34.0,09:15 PM,09:49 PM,34.0
22416,2024-09-29,CNB,07:08 PM,07:26 PM,18.0,07:12 PM,07:30 PM,18.0
22416,2024-09-29,PRYJ,09:11 PM,09:22 PM,11.0,09:15 PM,09:26 PM,11.0
22416,2024-09-30,CNB,07:08 PM,07:24 PM,16.0,07:12 PM,07:28 PM,16.0
22416,2024-09-30,PRYJ,09:11 PM,09:19 PM,8.0,09:15 PM,09:23 PM,8.0
12334,2024-09-01,DDU,06:50 PM,06:50 PM,0.0,07:00 PM,07:00 PM,0.0
12334,2024-09-01,BXR,08:28 PM,08:38 PM,10.0,08:30 PM,08:40 PM,10.0
12334,2024-09-02,DDU,06:50 PM,06:50 PM,0.0,07:00 PM,07:00 PM,0.0
12334,2024-09-02,BXR,08:28 PM,08:32 PM,4.0,08:30 PM,08:34 PM,4.0
12334,2024-09-03,DDU,06:50 PM,06:50 PM,0.0,07:00 PM,07:00 PM,0.0
12334,2024-09-03,BXR,08:28 PM,08:32 PM,4.0,08:30 PM,08:34 PM,4.0
12334,2024-09-04,DDU,06:50 PM,07:05 PM,15.0,07:00 PM,07:15 PM,15.0
12334,2024-09-04,BXR,08:28 PM,08:28 PM,0.0,08:30 PM,08:30 PM,0.0
12334,2024-09-05,DDU,06:50 PM,06:50 PM,0.0,07:00 PM,07:00 PM,0.0
12334,2024-09-05,BXR,08:28 PM,08:37 PM,9.0,08:30 PM,08:39 PM,9.0
12334,2024-09-06,DDU,06:50 PM,07:32 PM,42.0,07:00 PM,07:42 PM,42.0
12334,2024-09-06,BXR,08:28 PM,10:08 PM,100.0,08:30 PM,10:10 PM,100.0
12334,2024-09-07,DDU,06:50 PM,07:11 PM,21.0,07:00 PM,07:21 PM,21.0
12334,2024-09-07,BXR,08:28 PM,08:48 PM,20.0,08:30 PM,08:50 PM,20.0
12334,2024-09-08,DDU,06:50 PM,06:50 PM,0.0,07:00 PM,07:00 PM,0.0
12334,2024-09-08,BXR,08:28 PM,08:28 PM,0.0,08:30 PM,08:30 PM,0.0
12334,2024-09-09,DDU,06:50 PM,06:50 PM,0.0,07:00 PM,07:00 PM,0.0
12334,2024-09-09,BXR,08:28 PM,08:35 PM,7.0,08:30 PM,08:37 PM,7.0
12334,2024-09-10,DDU,06:50 PM,06:50 PM,0.0,07:00 PM,07:00 PM,0.0
12334,2024-09-10,BXR,08:28 PM,08:35 PM,7.0,08:30 PM,08:37 PM,7.0
12334,2024-09-11,DDU,06:50 PM,06:50 PM,0.0,07:00 PM,07:00 PM,0.0
12334,2024-09-11,BXR,08:28 PM,08:36 PM,8.0,08:30 PM,08:38 PM,8.0
12334,2024-09-12,DDU,06:50 PM,07:05 PM,15.0,07:00 PM,07:15 PM,15.0
12334,2024-09-12,BXR,08:28 PM,08:28 PM,0.0,08:30 PM,08:30 PM,0.0
12334,2024-09-13,DDU,06:50 PM,06:50 PM,0.0,07:00 PM,07:00 PM,0.0
12334,2024-09-13,BXR,08:28 PM,08:32 PM,4.0,08:30 PM,08:34 PM,4.0
12334,2024-09-14,DDU,06:50 PM,06:50 PM,0.0,07:00 PM,07:00 PM,0.0
12334,2024-09-14,BXR,08:28 PM,08:28 PM,0.0,08:30 PM,08:30 PM,0.0
12334,2024-09-15,DDU,06:50 PM,06:51 PM,0.0,07:00 PM,07:01 PM,0.0
12334,2024-09-15,BXR,08:28 PM,08:42 PM,14.0,08:30 PM,08:44 PM,14.0
12334,2024-09-16,DDU,06:50 PM,06:50 PM,0.0,07:00 PM,07:00 PM,0.0
12334,2024-09-16,BXR,08:28 PM,08:44 PM,16.0,08:30 PM,08:46 PM,16.0
12334,2024-09-17,DDU,06:50 PM,06:51 PM,0.0,07:00 PM,07:01 PM,0.0
12334,2024-09-17,BXR,08:28 PM,08:36 PM,8.0,08:30 PM,08:38 PM,8.0
12334,2024-09-18,DDU,06:50 PM,06:50 PM,0.0,07:00 PM,07:00 PM,0.0
12334,2024-09-18,BXR,08:28 PM,08:45 PM,17.0,08:30 PM,08:47 PM,17.0
12334,2024-09-19,DDU,06:50 PM,06:50 PM,0.0,07:00 PM,07:00 PM,0.0
12334,2024-09-19,BXR,08:28 PM,08:39 PM,11.0,08:30 PM,08:41 PM,11.0
12334,2024-09-20,DDU,06:50 PM,06:52 PM,2.0,07:00 PM,07:02 PM,2.0
12334,2024-09-20,BXR,08:28 PM,08:37 PM,9.0,08:30 PM,08:39 PM,9.0
12334,2024-09-21,DDU,06:50 PM,06:52 PM,2.0,07:00 PM,07:02 PM,2.0
12334,2024-09-21,BXR,08:28 PM,08:31 PM,3.0,08:30 PM,08:33 PM,3.0
12334,2024-09-22,DDU,06:50 PM,06:52 PM,2.0,07:00 PM,07:02 PM,2.0
12334,2024-09-22,BXR,08:28 PM,08:43 PM,15.0,08:30 PM,08:45 PM,15.0
12334,2024-09-23,DDU,06:50 PM,06:50 PM,0.0,07:00 PM,07:00 PM,0.0
12334,2024-09-23,BXR,08:28 PM,09:07 PM,39.0,08:30 PM,09:09 PM,39.0
12334,2024-09-24,DDU,06:50 PM,06:50 PM,0.0,07:00 PM,07:00 PM,0.0
12334,2024-09-24,BXR,08:28 PM,08:31 PM,3.0,08:30 PM,08:33 PM,3.0
12334,2024-09-25,DDU,06:50 PM,07:41 PM,51.0,07:00 PM,07:51 PM,51.0
12334,2024-09-25,BXR,08:28 PM,09:28 PM,60.0,08:30 PM,09:30 PM,60.0
12334,2024-09-26,DDU,06:50 PM,06:54 PM,4.0,07:00 PM,07:04 PM,4.0
12334,2024-09-26,BXR,08:28 PM,08:44 PM,16.0,08:30 PM,08:46 PM,16.0
12334,2024-09-27,DDU,06:50 PM,08:37 PM,107.0,07:00 PM,08:47 PM,107.0
12334,2024-09-27,BXR,08:28 PM,10:12 PM,104.0,08:30 PM,10:14 PM,104.0
12334,2024-09-28,DDU,06:50 PM,06:54 PM,4.0,07:00 PM,07:04 PM,4.0
12334,2024-09-28,BXR,08:28 PM,08:54 PM,26.0,08:30 PM,08:56 PM,26.0
12334,2024-09-29,DDU,06:50 PM,06:50 PM,0.0,07:00 PM,07:00 PM,0.0
12334,2024-09-29,BXR,08:28 PM,08:39 PM,11.0,08:30 PM,08:41 PM,11.0
12334,2024-09-30,DDU,06:50 PM,06:52 PM,2.0,07:00 PM,07:02 PM,2.0
12334,2024-09-30,BXR,08:28 PM,08:33 PM,5.0,08:30 PM,08:35 PM,5.0
22806,2024-09-02,CNB,01:35 PM,02:17 PM,42.0,01:45 PM,02:27 PM,42.0
22806,2024-09-02,PRYJ,04:25 PM,05:13 PM,48.0,04:30 PM,05:18 PM,48.0
22806,2024-09-02,DDU,06:58 PM,07:40 PM,42.0,07:08 PM,07:50 PM,42.0
22806,2024-09-09,CNB,01:35 PM,03:38 PM,123.0,01:45 PM,03:48 PM,123.0
22806,2024-09-09,PRYJ,04:25 PM,04:25 PM,0.0,04:30 PM,04:30 PM,0.0
22806,2024-09-09,DDU,06:58 PM,06:58 PM,0.0,07:08 PM,07:08 PM,0.0
22806,2024-09-16,CNB,01:35 PM,01:56 PM,21.0,01:45 PM,02:06 PM,21.0
22806,2024-09-16,PRYJ,04:25 PM,05:00 PM,35.0,04:30 PM,05:05 PM,35.0
22806,2024-09-16,DDU,06:58 PM,07:38 PM,40.0,07:08 PM,07:48 PM,40.0
22806,2024-09-23,CNB,01:35 PM,01:57 PM,22.0,01:45 PM,02:07 PM,22.0
22806,2024-09-23,PRYJ,04:25 PM,05:25 PM,60.0,04:30 PM,05:30 PM,60.0
22806,2024-09-23,DDU,06:58 PM,09:29 PM,151.0,07:08 PM,09:39 PM,151.0
22806,2024-09-30,CNB,01:35 PM,02:15 PM,40.0,01:45 PM,02:25 PM,40.0
22806,2024-09-30,PRYJ,04:25 PM,05:20 PM,55.0,04:30 PM,05:25 PM,55.0
22806,2024-09-30,DDU,06:58 PM,07:47 PM,49.0,07:08 PM,07:57 PM,49.0
12496,2024-09-13,DDU,08:45 AM,08:45 AM,0.0,08:55 AM,08:55 AM,0.0
12496,2024-09-13,PRYJ,11:30 AM,11:30 AM,0.0,11:35 AM,11:35 AM,0.0
12496,2024-09-13,CNB,02:05 PM,02:06 PM,0.0,02:10 PM,02:11 PM,0.0
12496,2024-09-20,DDU,08:45 AM,08:46 AM,0.0,08:55 AM,08:56 AM,0.0
12496,2024-09-20,PRYJ,11:30 AM,11:30 AM,0.0,11:35 AM,11:35 AM,0.0
12496,2024-09-20,CNB,02:05 PM,02:05 PM,0.0,02:10 PM,02:10 PM,0.0
12496,2024-09-27,DDU,08:45 AM,08:45 AM,0.0,08:55 AM,08:55 AM,0.0
12496,2024-09-27,PRYJ,11:30 AM,11:31 AM,0.0,11:35 AM,11:36 AM,0.0
12496,2024-09-27,CNB,02:05 PM,02:06 PM,0.0,02:10 PM,02:11 PM,0.0
5289,2024-09-07,BXR,12:48 AM,02:20 AM,92.0,12:50 AM,02:22 AM,92.0
5289,2024-09-07,DDU,02:54 AM,04:11 AM,77.0,03:04 AM,04:21 AM,77.0
5289,2024-09-14,BXR,12:48 AM,02:54 AM,126.0,12:50 AM,02:56 AM,126.0
5289,2024-09-14,DDU,02:54 AM,05:02 AM,128.0,03:04 AM,05:12 AM,128.0
5289,2024-09-21,BXR,12:48 AM,12:48 AM,0.0,12:50 AM,12:50 AM,0.0
5289,2024-09-21,DDU,02:54 AM,05:32 AM,158.0,03:04 AM,05:42 AM,158.0
5289,2024-09-28,BXR,12:48 AM,01:34 AM,46.0,12:50 AM,01:36 AM,46.0
5289,2024-09-28,DDU,02:54 AM,02:58 AM,4.0,03:04 AM,03:08 AM,4.0
7419,2024-09-07,DDU,07:00 PM,12:46 AM,346.0,07:10 PM,12:56 AM,346.0
7419,2024-09-07,BXR,08:25 PM,08:25 PM,0.0,08:27 PM,08:27 PM,0.0
7419,2024-09-14,DDU,07:00 PM,02:27 AM,447.0,07:10 PM,02:37 AM,447.0
7419,2024-09-14,BXR,08:25 PM,04:06 AM,461.0,08:27 PM,04:08 AM,461.0
7419,2024-09-21,DDU,07:00 PM,07:00 PM,0.0,07:10 PM,07:10 PM,0.0
7419,2024-09-21,BXR,08:25 PM,08:25 PM,0.0,08:27 PM,08:27 PM,0.0
22431,2024-09-03,CNB,06:35 PM,06:54 PM,19.0,06:40 PM,06:59 PM,19.0
22431,2024-09-07,CNB,06:35 PM,07:07 PM,32.0,06:40 PM,07:12 PM,32.0
22431,2024-09-10,CNB,06:35 PM,07:08 PM,33.0,06:40 PM,07:13 PM,33.0
22431,2024-09-14,CNB,06:35 PM,07:33 PM,58.0,06:40 PM,07:38 PM,58.0
22431,2024-09-17,CNB,06:35 PM,07:06 PM,31.0,06:40 PM,07:11 PM,31.0
22431,2024-09-21,CNB,06:35 PM,06:58 PM,23.0,06:40 PM,07:03 PM,23.0
22431,2024-09-24,CNB,06:35 PM,07:24 PM,49.0,06:40 PM,07:29 PM,49.0
22431,2024-09-28,CNB,06:35 PM,07:14 PM,39.0,06:40 PM,07:19 PM,39.0
4154,2024-09-01,CNB,04:30 PM,04:51 PM,21.0,04:30 PM,04:51 PM,21.0
4154,2024-09-02,CNB,04:30 PM,04:32 PM,2.0,04:30 PM,04:32 PM,2.0
4154,2024-09-03,CNB,04:30 PM,04:30 PM,0.0,04:30 PM,04:30 PM,0.0
4154,2024-09-04,CNB,04:30 PM,04:31 PM,0.0,04:30 PM,04:31 PM,0.0
4154,2024-09-05,CNB,04:30 PM,04:30 PM,0.0,04:30 PM,04:30 PM,0.0
4154,2024-09-06,CNB,04:30 PM,04:30 PM,0.0,04:30 PM,04:30 PM,0.0
4154,2024-09-07,CNB,04:30 PM,04:30 PM,0.0,04:30 PM,04:30 PM,0.0
4154,2024-09-08,CNB,04:30 PM,04:30 PM,0.0,04:30 PM,04:30 PM,0.0
4154,2024-09-09,CNB,04:30 PM,04:30 PM,0.0,04:30 PM,04:30 PM,0.0
4154,2024-09-10,CNB,04:30 PM,04:31 PM,0.0,04:30 PM,04:31 PM,0.0
4154,2024-09-11,CNB,04:30 PM,04:30 PM,0.0,04:30 PM,04:30 PM,0.0
4154,2024-09-12,CNB,04:30 PM,04:31 PM,0.0,04:30 PM,04:31 PM,0.0
4154,2024-09-13,CNB,04:30 PM,04:30 PM,0.0,04:30 PM,04:30 PM,0.0
4154,2024-09-14,CNB,04:30 PM,04:31 PM,0.0,04:30 PM,04:31 PM,0.0
4154,2024-09-15,CNB,04:30 PM,04:30 PM,0.0,04:30 PM,04:30 PM,0.0
4154,2024-09-16,CNB,04:30 PM,04:34 PM,4.0,04:30 PM,04:34 PM,4.0
4154,2024-09-17,CNB,04:30 PM,04:45 PM,15.0,04:30 PM,04:45 PM,15.0
4154,2024-09-18,CNB,04:30 PM,04:31 PM,0.0,04:30 PM,04:31 PM,0.0
4154,2024-09-19,CNB,04:30 PM,04:32 PM,2.0,04:30 PM,04:32 PM,2.0
4154,2024-09-20,CNB,04:30 PM,04:31 PM,0.0,04:30 PM,04:31 PM,0.0
4154,2024-09-21,CNB,04:30 PM,04:48 PM,18.0,04:30 PM,04:48 PM,18.0
4154,2024-09-22,CNB,04:30 PM,04:30 PM,0.0,04:30 PM,04:30 PM,0.0
4154,2024-09-23,CNB,04:30 PM,04:30 PM,0.0,04:30 PM,04:30 PM,0.0
4154,2024-09-24,CNB,04:30 PM,04:32 PM,2.0,04:30 PM,04:32 PM,2.0
4154,2024-09-25,CNB,04:30 PM,04:30 PM,0.0,04:30 PM,04:30 PM,0.0
4154,2024-09-26,CNB,04:30 PM,04:30 PM,0.0,04:30 PM,04:30 PM,0.0
4154,2024-09-27,CNB,04:30 PM,04:30 PM,0.0,04:30 PM,04:30 PM,0.0
4154,2024-09-28,CNB,04:30 PM,04:31 PM,0.0,04:30 PM,04:31 PM,0.0
4154,2024-09-29,CNB,04:30 PM,04:30 PM,0.0,04:30 PM,04:30 PM,0.0
4154,2024-09-30,CNB,04:30 PM,04:31 PM,0.0,04:30 PM,04:31 PM,0.0
20934,2024-09-01,BXR,06:06 PM,06:16 PM,10.0,06:08 PM,06:18 PM,10.0
20934,2024-09-01,DDU,08:00 PM,08:00 PM,0.0,08:10 PM,08:10 PM,0.0
20934,2024-09-01,PRYJ,12:10 AM,12:20 AM,10.0,12:35 AM,12:45 AM,10.0
20934,2024-09-04,BXR,06:06 PM,06:06 PM,0.0,06:08 PM,06:08 PM,0.0
20934,2024-09-04,DDU,08:00 PM,08:07 PM,7.0,08:10 PM,08:17 PM,7.0
20934,2024-09-04,PRYJ,12:10 AM,12:11 AM,0.0,12:35 AM,12:36 AM,0.0
20934,2024-09-08,BXR,06:06 PM,06:08 PM,2.0,06:08 PM,06:10 PM,2.0
20934,2024-09-08,DDU,08:00 PM,08:00 PM,0.0,08:10 PM,08:10 PM,0.0
20934,2024-09-08,PRYJ,12:10 AM,12:10 AM,0.0,12:35 AM,12:35 AM,0.0
20934,2024-09-11,BXR,06:06 PM,06:34 PM,28.0,06:08 PM,06:36 PM,28.0
20934,2024-09-11,DDU,08:00 PM,08:02 PM,2.0,08:10 PM,08:12 PM,2.0
20934,2024-09-11,PRYJ,12:10 AM,12:10 AM,0.0,12:35 AM,12:35 AM,0.0
20934,2024-09-15,BXR,06:06 PM,06:06 PM,0.0,06:08 PM,06:08 PM,0.0
20934,2024-09-15,DDU,08:00 PM,08:00 PM,0.0,08:10 PM,08:10 PM,0.0
20934,2024-09-15,PRYJ,12:10 AM,12:10 AM,0.0,12:35 AM,12:35 AM,0.0
20934,2024-09-18,BXR,06:06 PM,06:29 PM,23.0,06:08 PM,06:31 PM,23.0
20934,2024-09-18,DDU,08:00 PM,08:00 PM,0.0,08:10 PM,08:10 PM,0.0
20934,2024-09-18,PRYJ,12:10 AM,12:10 AM,0.0,12:35 AM,12:35 AM,0.0
20934,2024-09-22,BXR,06:06 PM,06:09 PM,3.0,06:08 PM,06:11 PM,3.0
20934,2024-09-22,DDU,08:00 PM,08:00 PM,0.0,08:10 PM,08:10 PM,0.0
20934,2024-09-22,PRYJ,12:10 AM,12:10 AM,0.0,12:35 AM,12:35 AM,0.0
20934,2024-09-25,BXR,06:06 PM,06:19 PM,13.0,06:08 PM,06:21 PM,13.0
20934,2024-09-25,DDU,08:00 PM,08:00 PM,0.0,08:10 PM,08:10 PM,0.0
20934,2024-09-25,PRYJ,12:10 AM,12:36 AM,26.0,12:35 AM,01:01 AM,26.0
20934,2024-09-29,BXR,06:06 PM,06:15 PM,9.0,06:08 PM,06:17 PM,9.0
20934,2024-09-29,DDU,08:00 PM,08:00 PM,0.0,08:10 PM,08:10 PM,0.0
20934,2024-09-29,PRYJ,12:10 AM,12:10 AM,0.0,12:35 AM,12:35 AM,0.0
2398,2024-09-02,PRYJ,05:20 PM,06:23 PM,63.0,05:30 PM,06:33 PM,63.0
2398,2024-09-02,DDU,09:05 PM,09:45 PM,40.0,09:15 PM,09:55 PM,40.0
2398,2024-09-03,PRYJ,05:20 PM,07:21 PM,121.0,05:30 PM,07:31 PM,121.0
2398,2024-09-03,DDU,09:05 PM,10:19 PM,74.0,09:15 PM,10:29 PM,74.0
2398,2024-09-04,PRYJ,05:20 PM,02:32 AM,552.0,05:30 PM,02:42 AM,552.0
2398,2024-09-04,DDU,09:05 PM,05:34 AM,509.0,09:15 PM,05:44 AM,509.0
2398,2024-09-05,PRYJ,05:20 PM,06:08 PM,48.0,05:30 PM,06:18 PM,48.0
2398,2024-09-05,DDU,09:05 PM,09:55 PM,50.0,09:15 PM,10:05 PM,50.0
2398,2024-09-06,PRYJ,05:20 PM,09:05 PM,225.0,05:30 PM,09:15 PM,225.0
2398,2024-09-06,DDU,09:05 PM,12:04 AM,179.0,09:15 PM,12:14 AM,179.0
2398,2024-09-07,PRYJ,05:20 PM,05:20 PM,0.0,05:30 PM,05:30 PM,0.0
2398,2024-09-07,DDU,09:05 PM,09:05 PM,0.0,09:15 PM,09:15 PM,0.0
2398,2024-09-09,PRYJ,05:20 PM,10:26 PM,306.0,05:30 PM,10:36 PM,306.0
2398,2024-09-09,DDU,09:05 PM,02:20 AM,315.0,09:15 PM,02:30 AM,315.0
2398,2024-09-10,PRYJ,05:20 PM,06:23 PM,63.0,05:30 PM,06:33 PM,63.0
2398,2024-09-10,DDU,09:05 PM,09:20 PM,15.0,09:15 PM,09:30 PM,15.0
2398,2024-09-11,PRYJ,05:20 PM,01:55 AM,515.0,05:30 PM,02:05 AM,515.0
2398,2024-09-11,DDU,09:05 PM,05:20 AM,495.0,09:15 PM,05:30 AM,495.0
2398,2024-09-12,PRYJ,05:20 PM,10:02 PM,282.0,05:30 PM,10:12 PM,282.0
2398,2024-09-12,DDU,09:05 PM,12:42 AM,217.0,09:15 PM,12:52 AM,217.0
2398,2024-09-13,PRYJ,05:20 PM,10:47 PM,327.0,05:30 PM,10:57 PM,327.0
2398,2024-09-13,DDU,09:05 PM,03:07 AM,362.0,09:15 PM,03:17 AM,362.0
2398,2024-09-14,PRYJ,05:20 PM,12:57 AM,457.0,05:30 PM,01:07 AM,457.0
2398,2024-09-14,DDU,09:05 PM,04:42 AM,457.0,09:15 PM,04:52 AM,457.0
2398,2024-09-16,PRYJ,05:20 PM,12:11 AM,411.0,05:30 PM,12:21 AM,411.0
2398,2024-09-16,DDU,09:05 PM,03:52 AM,407.0,09:15 PM,04:02 AM,407.0
2398,2024-09-17,PRYJ,05:20 PM,09:24 PM,244.0,05:30 PM,09:34 PM,244.0
2398,2024-09-17,DDU,09:05 PM,01:03 AM,238.0,09:15 PM,01:13 AM,238.0
2398,2024-09-18,PRYJ,05:20 PM,02:39 AM,559.0,05:30 PM,02:49 AM,559.0
2398,2024-09-18,DDU,09:05 PM,09:05 PM,0.0,09:15 PM,09:15 PM,0.0
2398,2024-09-19,PRYJ,05:20 PM,01:48 AM,508.0,05:30 PM,01:58 AM,508.0
2398,2024-09-19,DDU,09:05 PM,05:36 AM,511.0,09:15 PM,05:46 AM,511.0
2398,2024-09-20,PRYJ,05:20 PM,12:49 AM,449.0,05:30 PM,12:59 AM,449.0
2398,2024-09-20,DDU,09:05 PM,03:59 AM,414.0,09:15 PM,04:09 AM,414.0
2398,2024-09-21,PRYJ,05:20 PM,12:05 AM,405.0,05:30 PM,12:15 AM,405.0
2398,2024-09-21,DDU,09:05 PM,03:12 AM,367.0,09:15 PM,03:22 AM,367.0
2398,2024-09-23,PRYJ,05:20 PM,09:44 PM,264.0,05:30 PM,09:54 PM,264.0
2398,2024-09-23,DDU,09:05 PM,09:05 PM,0.0,09:15 PM,09:15 PM,0.0
2398,2024-09-24,PRYJ,05:20 PM,09:05 PM,225.0,05:30 PM,09:15 PM,225.0
2398,2024-09-24,DDU,09:05 PM,03:10 AM,365.0,09:15 PM,03:20 AM,365.0
2398,2024-09-25,PRYJ,05:20 PM,04:42 AM,682.0,05:30 PM,04:52 AM,682.0
2398,2024-09-25,DDU,09:05 PM,07:41 AM,636.0,09:15 PM,07:51 AM,636.0
2398,2024-09-26,PRYJ,05:20 PM,06:23 PM,63.0,05:30 PM,06:33 PM,63.0
2398,2024-09-26,DDU,09:05 PM,09:38 PM,33.0,09:15 PM,09:48 PM,33.0
2398,2024-09-27,PRYJ,05:20 PM,03:10 AM,590.0,05:30 PM,03:20 AM,590.0
2398,2024-09-27,DDU,09:05 PM,05:13 AM,488.0,09:15 PM,05:23 AM,488.0
2398,2024-09-28,PRYJ,05:20 PM,10:18 PM,298.0,05:30 PM,10:28 PM,298.0
2398,2024-09-28,DDU,09:05 PM,02:58 AM,353.0,09:15 PM,03:08 AM,353.0
2398,2024-09-30,PRYJ,05:20 PM,07:09 PM,109.0,05:30 PM,07:19 PM,109.0
2398,2024-09-30,DDU,09:05 PM,09:48 PM,43.0,09:15 PM,09:58 PM,43.0
19053,2024-09-06,CNB,11:45 AM,11:45 AM,0.0,11:50 AM,11:50 AM,0.0
19053,2024-09-13,CNB,11:45 AM,11:45 AM,0.0,11:50 AM,11:50 AM,0.0
19053,2024-09-20,CNB,11:45 AM,11:45 AM,0.0,11:50 AM,11:50 AM,0.0
19053,2024-09-27,CNB,11:45 AM,11:53 AM,8.0,11:50 AM,11:58 AM,8.0
9404,2024-09-16,PRYJ,10:20 AM,10:20 AM,0.0,10:30 AM,10:30 AM,0.0
9404,2024-09-16,CNB,01:15 PM,01:15 PM,0.0,01:20 PM,01:20 PM,0.0
15076,2024-09-01,PRYJ,10:00 PM,10:17 PM,17.0,10:20 PM,10:37 PM,17.0
15076,2024-09-03,PRYJ,10:00 PM,10:05 PM,5.0,10:20 PM,10:25 PM,5.0
15076,2024-09-05,PRYJ,10:00 PM,10:12 PM,12.0,10:20 PM,10:32 PM,12.0
15076,2024-09-07,PRYJ,10:00 PM,10:03 PM,3.0,10:20 PM,10:23 PM,3.0
15076,2024-09-08,PRYJ,10:00 PM,10:07 PM,7.0,10:20 PM,10:27 PM,7.0
15076,2024-09-10,PRYJ,10:00 PM,10:24 PM,24.0,10:20 PM,10:44 PM,24.0
15076,2024-09-12,PRYJ,10:00 PM,10:00 PM,0.0,10:20 PM,10:20 PM,0.0
15076,2024-09-14,PRYJ,10:00 PM,11:48 PM,108.0,10:20 PM,12:08 AM,108.0
15076,2024-09-15,PRYJ,10:00 PM,11:53 PM,113.0,10:20 PM,12:13 AM,113.0
15076,2024-09-17,PRYJ,10:00 PM,10:01 PM,0.0,10:20 PM,10:21 PM,0.0
15076,2024-09-19,PRYJ,10:00 PM,10:00 PM,0.0,10:20 PM,10:20 PM,0.0
15076,2024-09-21,PRYJ,10:00 PM,10:00 PM,0.0,10:20 PM,10:20 PM,0.0
15076,2024-09-22,PRYJ,10:00 PM,10:23 PM,23.0,10:20 PM,10:43 PM,23.0
15076,2024-09-24,PRYJ,10:00 PM,10:00 PM,0.0,10:20 PM,10:20 PM,0.0
15076,2024-09-26,PRYJ,10:00 PM,10:42 PM,42.0,10:20 PM,11:02 PM,42.0
15076,2024-09-28,PRYJ,10:00 PM,10:01 PM,0.0,10:20 PM,10:21 PM,0.0
15076,2024-09-29,PRYJ,10:00 PM,10:01 PM,0.0,10:20 PM,10:21 PM,0.0
9061,2024-09-18,PRYJ,01:30 AM,01:59 AM,29.0,01:40 AM,02:09 AM,29.0
9061,2024-09-25,PRYJ,01:30 AM,03:58 AM,148.0,01:40 AM,04:08 AM,148.0
5220,2024-09-01,PRYJ,03:35 PM,09:55 PM,380.0,03:45 PM,10:05 PM,380.0
5220,2024-09-01,DDU,06:10 PM,12:23 AM,373.0,06:20 PM,12:33 AM,373.0
5220,2024-09-01,BXR,07:43 PM,02:13 AM,390.0,07:45 PM,02:15 AM,390.0
5220,2024-09-02,PRYJ,03:35 PM,09:08 PM,333.0,03:45 PM,09:18 PM,333.0
5220,2024-09-02,DDU,06:10 PM,12:01 AM,351.0,06:20 PM,12:11 AM,351.0
5220,2024-09-02,BXR,07:43 PM,02:20 AM,397.0,07:45 PM,02:22 AM,397.0
5220,2024-09-03,PRYJ,03:35 PM,12:56 AM,561.0,03:45 PM,01:06 AM,561.0
5220,2024-09-03,DDU,06:10 PM,03:43 AM,573.0,06:20 PM,03:53 AM,573.0
5220,2024-09-03,BXR,07:43 PM,05:24 AM,581.0,07:45 PM,05:26 AM,581.0
5220,2024-09-04,PRYJ,03:35 PM,06:49 PM,194.0,03:45 PM,06:59 PM,194.0
5220,2024-09-04,DDU,06:10 PM,09:53 PM,223.0,06:20 PM,10:03 PM,223.0
5220,2024-09-04,BXR,07:43 PM,11:38 PM,235.0,07:45 PM,11:40 PM,235.0
5220,2024-09-05,PRYJ,03:35 PM,10:03 PM,388.0,03:45 PM,10:13 PM,388.0
5220,2024-09-05,DDU,06:10 PM,02:50 AM,520.0,06:20 PM,03:00 AM,520.0
5220,2024-09-05,BXR,07:43 PM,04:46 AM,543.0,07:45 PM,04:48 AM,543.0
5220,2024-09-06,PRYJ,03:35 PM,09:16 PM,341.0,03:45 PM,09:26 PM,341.0
5220,2024-09-06,DDU,06:10 PM,12:15 AM,365.0,06:20 PM,12:25 AM,365.0
5220,2024-09-06,BXR,07:43 PM,07:43 PM,0.0,07:45 PM,07:45 PM,0.0
5220,2024-09-07,PRYJ,03:35 PM,09:35 PM,360.0,03:45 PM,09:45 PM,360.0
5220,2024-09-07,DDU,06:10 PM,12:05 AM,355.0,06:20 PM,12:15 AM,355.0
5220,2024-09-07,BXR,07:43 PM,01:24 AM,341.0,07:45 PM,01:26 AM,341.0
5220,2024-09-08,PRYJ,03:35 PM,09:35 PM,360.0,03:45 PM,09:45 PM,360.0
5220,2024-09-08,DDU,06:10 PM,02:35 AM,505.0,06:20 PM,02:45 AM,505.0
5220,2024-09-08,BXR,07:43 PM,07:43 PM,0.0,07:45 PM,07:45 PM,0.0
5220,2024-09-09,PRYJ,03:35 PM,10:59 PM,444.0,03:45 PM,11:09 PM,444.0
5220,2024-09-09,DDU,06:10 PM,02:50 AM,520.0,06:20 PM,03:00 AM,520.0
5220,2024-09-09,BXR,07:43 PM,04:29 AM,526.0,07:45 PM,04:31 AM,526.0
5220,2024-09-10,PRYJ,03:35 PM,03:35 PM,0.0,03:45 PM,03:45 PM,0.0
5220,2024-09-10,DDU,06:10 PM,06:10 PM,0.0,06:20 PM,06:20 PM,0.0
5220,2024-09-10,BXR,07:43 PM,07:43 PM,0.0,07:45 PM,07:45 PM,0.0
5220,2024-09-11,PRYJ,03:35 PM,10:16 PM,401.0,03:45 PM,10:26 PM,401.0
5220,2024-09-11,DDU,06:10 PM,02:28 AM,498.0,06:20 PM,02:38 AM,498.0
5220,2024-09-11,BXR,07:43 PM,07:43 PM,0.0,07:45 PM,07:45 PM,0.0
5220,2024-09-12,PRYJ,03:35 PM,02:17 AM,642.0,03:45 PM,02:27 AM,642.0
5220,2024-09-12,DDU,06:10 PM,05:32 AM,682.0,06:20 PM,05:42 AM,682.0
5220,2024-09-12,BXR,07:43 PM,07:13 AM,690.0,07:45 PM,07:15 AM,690.0
5220,2024-09-13,PRYJ,03:35 PM,04:16 AM,761.0,03:45 PM,04:26 AM,761.0
5220,2024-09-13,DDU,06:10 PM,06:43 AM,753.0,06:20 PM,06:53 AM,753.0
5220,2024-09-13,BXR,07:43 PM,08:12 AM,749.0,07:45 PM,08:14 AM,749.0
5220,2024-09-14,PRYJ,03:35 PM,03:08 AM,693.0,03:45 PM,03:18 AM,693.0
5220,2024-09-14,DDU,06:10 PM,06:09 AM,719.0,06:20 PM,06:19 AM,719.0
5220,2024-09-14,BXR,07:43 PM,07:43 PM,0.0,07:45 PM,07:45 PM,0.0
5220,2024-09-15,PRYJ,03:35 PM,08:36 PM,301.0,03:45 PM,08:46 PM,301.0
5220,2024-09-15,DDU,06:10 PM,11:42 PM,332.0,06:20 PM,11:52 PM,332.0
5220,2024-09-15,BXR,07:43 PM,01:08 AM,325.0,07:45 PM,01:10 AM,325.0
5220,2024-09-16,PRYJ,03:35 PM,02:11 AM,636.0,03:45 PM,02:21 AM,636.0
5220,2024-09-16,DDU,06:10 PM,05:43 AM,693.0,06:20 PM,05:53 AM,693.0
5220,2024-09-16,BXR,07:43 PM,07:22 AM,699.0,07:45 PM,07:24 AM,699.0
5220,2024-09-17,PRYJ,03:35 PM,10:09 PM,394.0,03:45 PM,10:19 PM,394.0
5220,2024-09-17,DDU,06:10 PM,03:25 AM,555.0,06:20 PM,03:35 AM,555.0
5220,2024-09-17,BXR,07:43 PM,07:43 PM,0.0,07:45 PM,07:45 PM,0.0
5220,2024-09-18,PRYJ,03:35 PM,10:07 PM,392.0,03:45 PM,10:17 PM,392.0
5220,2024-09-18,DDU,06:10 PM,12:39 AM,389.0,06:20 PM,12:49 AM,389.0
5220,2024-09-18,BXR,07:43 PM,02:16 AM,393.0,07:45 PM,02:18 AM,393.0
5220,2024-09-19,PRYJ,03:35 PM,09:36 PM,361.0,03:45 PM,09:46 PM,361.0
5220,2024-09-19,DDU,06:10 PM,03:27 AM,557.0,06:20 PM,03:37 AM,557.0
5220,2024-09-19,BXR,07:43 PM,07:43 PM,0.0,07:45 PM,07:45 PM,0.0
5220,2024-09-20,PRYJ,03:35 PM,02:20 AM,645.0,03:45 PM,02:30 AM,645.0
5220,2024-09-20,DDU,06:10 PM,04:48 AM,638.0,06:20 PM,04:58 AM,638.0
5220,2024-09-20,BXR,07:43 PM,07:43 PM,0.0,07:45 PM,07:45 PM,0.0
5220,2024-09-21,PRYJ,03:35 PM,03:40 AM,725.0,03:45 PM,03:50 AM,725.0
5220,2024-09-21,DDU,06:10 PM,06:56 AM,766.0,06:20 PM,07:06 AM,766.0
5220,2024-09-21,BXR,07:43 PM,10:03 AM,860.0,07:45 PM,10:05 AM,860.0
5220,2024-09-22,PRYJ,03:35 PM,01:22 AM,587.0,03:45 PM,01:32 AM,587.0
5220,2024-09-22,DDU,06:10 PM,04:23 AM,613.0,06:20 PM,04:33 AM,613.0
5220,2024-09-22,BXR,07:43 PM,06:03 AM,620.0,07:45 PM,06:05 AM,620.0
5220,2024-09-23,PRYJ,03:35 PM,02:31 AM,656.0,03:45 PM,02:41 AM,656.0
5220,2024-09-23,DDU,06:10 PM,05:42 AM,692.0,06:20 PM,05:52 AM,692.0
5220,2024-09-23,BXR,07:43 PM,07:42 AM,719.0,07:45 PM,07:44 AM,719.0
5220,2024-09-24,PRYJ,03:35 PM,01:38 AM,603.0,03:45 PM,01:48 AM,603.0
5220,2024-09-24,DDU,06:10 PM,05:07 AM,657.0,06:20 PM,05:17 AM,657.0
5220,2024-09-24,BXR,07:43 PM,06:53 AM,670.0,07:45 PM,06:55 AM,670.0
5220,2024-09-25,PRYJ,03:35 PM,08:56 PM,321.0,03:45 PM,09:06 PM,321.0
5220,2024-09-25,DDU,06:10 PM,11:44 PM,334.0,06:20 PM,11:54 PM,334.0
5220,2024-09-25,BXR,07:43 PM,07:43 PM,0.0,07:45 PM,07:45 PM,0.0
5220,2024-09-26,PRYJ,03:35 PM,10:12 PM,397.0,03:45 PM,10:22 PM,397.0
5220,2024-09-26,DDU,06:10 PM,02:36 AM,506.0,06:20 PM,02:46 AM,506.0
5220,2024-09-26,BXR,07:43 PM,04:01 AM,498.0,07:45 PM,04:03 AM,498.0
5220,2024-09-27,PRYJ,03:35 PM,12:53 AM,558.0,03:45 PM,01:03 AM,558.0
5220,2024-09-27,DDU,06:10 PM,03:57 AM,587.0,06:20 PM,04:07 AM,587.0
5220,2024-09-27,BXR,07:43 PM,07:54 AM,731.0,07:45 PM,07:56 AM,731.0
5220,2024-09-28,PRYJ,03:35 PM,12:27 AM,532.0,03:45 PM,12:37 AM,532.0
5220,2024-09-28,DDU,06:10 PM,03:46 AM,576.0,06:20 PM,03:56 AM,576.0
5220,2024-09-28,BXR,07:43 PM,07:43 PM,0.0,07:45 PM,07:45 PM,0.0
5220,2024-09-29,PRYJ,03:35 PM,12:18 AM,523.0,03:45 PM,12:28 AM,523.0
5220,2024-09-29,DDU,06:10 PM,04:01 AM,591.0,06:20 PM,04:11 AM,591.0
5220,2024-09-29,BXR,07:43 PM,07:43 PM,0.0,07:45 PM,07:45 PM,0.0
5220,2024-09-30,PRYJ,03:35 PM,09:55 PM,380.0,03:45 PM,10:05 PM,380.0
5220,2024-09-30,DDU,06:10 PM,03:07 AM,537.0,06:20 PM,03:17 AM,537.0
5220,2024-09-30,BXR,07:43 PM,07:43 PM,0.0,07:45 PM,07:45 PM,0.0
12506,2024-09-01,CNB,01:25 PM,02:02 PM,37.0,01:35 PM,02:12 PM,37.0
12506,2024-09-01,PRYJ,04:05 PM,04:59 PM,54.0,04:15 PM,05:09 PM,54.0
12506,2024-09-01,DDU,06:40 PM,07:17 PM,37.0,06:50 PM,07:27 PM,37.0
12506,2024-09-01,BXR,07:54 PM,08:48 PM,54.0,07:56 PM,08:50 PM,54.0
12506,2024-09-02,CNB,01:25 PM,02:06 PM,41.0,01:35 PM,02:16 PM,41.0
12506,2024-09-02,PRYJ,04:05 PM,05:05 PM,60.0,04:15 PM,05:15 PM,60.0
12506,2024-09-02,DDU,06:40 PM,08:52 PM,132.0,06:50 PM,09:02 PM,132.0
12506,2024-09-02,BXR,07:54 PM,10:11 PM,137.0,07:56 PM,10:13 PM,137.0
12506,2024-09-03,CNB,01:25 PM,01:50 PM,25.0,01:35 PM,02:00 PM,25.0
12506,2024-09-03,PRYJ,04:05 PM,04:34 PM,29.0,04:15 PM,04:44 PM,29.0
12506,2024-09-03,DDU,06:40 PM,07:13 PM,33.0,06:50 PM,07:23 PM,33.0
12506,2024-09-03,BXR,07:54 PM,08:41 PM,47.0,07:56 PM,08:43 PM,47.0
12506,2024-09-04,CNB,01:25 PM,02:08 PM,43.0,01:35 PM,02:18 PM,43.0
12506,2024-09-04,PRYJ,04:05 PM,05:51 PM,106.0,04:15 PM,06:01 PM,106.0
12506,2024-09-04,DDU,06:40 PM,08:11 PM,91.0,06:50 PM,08:21 PM,91.0
12506,2024-09-04,BXR,07:54 PM,09:28 PM,94.0,07:56 PM,09:30 PM,94.0
12506,2024-09-05,CNB,01:25 PM,01:49 PM,24.0,01:35 PM,01:59 PM,24.0
12506,2024-09-05,PRYJ,04:05 PM,04:48 PM,43.0,04:15 PM,04:58 PM,43.0
12506,2024-09-05,DDU,06:40 PM,08:49 PM,129.0,06:50 PM,08:59 PM,129.0
12506,2024-09-05,BXR,07:54 PM,10:10 PM,136.0,07:56 PM,10:12 PM,136.0
12506,2024-09-06,CNB,01:25 PM,01:30 PM,5.0,01:35 PM,01:40 PM,5.0
12506,2024-09-06,PRYJ,04:05 PM,04:33 PM,28.0,04:15 PM,04:43 PM,28.0
12506,2024-09-06,DDU,06:40 PM,08:00 PM,80.0,06:50 PM,08:10 PM,80.0
12506,2024-09-06,BXR,07:54 PM,09:36 PM,102.0,07:56 PM,09:38 PM,102.0
12506,2024-09-07,CNB,01:25 PM,01:51 PM,26.0,01:35 PM,02:01 PM,26.0
12506,2024-09-07,PRYJ,04:05 PM,05:23 PM,78.0,04:15 PM,05:33 PM,78.0
12506,2024-09-07,DDU,06:40 PM,08:19 PM,99.0,06:50 PM,08:29 PM,99.0
12506,2024-09-07,BXR,07:54 PM,07:54 PM,0.0,07:56 PM,07:56 PM,0.0
12506,2024-09-08,CNB,01:25 PM,01:35 PM,10.0,01:35 PM,01:45 PM,10.0
12506,2024-09-08,PRYJ,04:05 PM,05:03 PM,58.0,04:15 PM,05:13 PM,58.0
12506,2024-09-08,DDU,06:40 PM,08:46 PM,126.0,06:50 PM,08:56 PM,126.0
12506,2024-09-08,BXR,07:54 PM,10:08 PM,134.0,07:56 PM,10:10 PM,134.0
12506,2024-09-09,CNB,01:25 PM,03:16 PM,111.0,01:35 PM,03:26 PM,111.0
12506,2024-09-09,PRYJ,04:05 PM,05:52 PM,107.0,04:15 PM,06:02 PM,107.0
12506,2024-09-09,DDU,06:40 PM,08:32 PM,112.0,06:50 PM,08:42 PM,112.0
12506,2024-09-09,BXR,07:54 PM,10:07 PM,133.0,07:56 PM,10:09 PM,133.0
12506,2024-09-10,CNB,01:25 PM,01:30 PM,5.0,01:35 PM,01:40 PM,5.0
12506,2024-09-10,PRYJ,04:05 PM,04:58 PM,53.0,04:15 PM,05:08 PM,53.0
12506,2024-09-10,DDU,06:40 PM,09:00 PM,140.0,06:50 PM,09:10 PM,140.0
12506,2024-09-10,BXR,07:54 PM,10:11 PM,137.0,07:56 PM,10:13 PM,137.0
12506,2024-09-11,CNB,01:25 PM,01:47 PM,22.0,01:35 PM,01:57 PM,22.0
12506,2024-09-11,PRYJ,04:05 PM,05:44 PM,99.0,04:15 PM,05:54 PM,99.0
12506,2024-09-11,DDU,06:40 PM,08:38 PM,118.0,06:50 PM,08:48 PM,118.0
12506,2024-09-11,BXR,07:54 PM,07:54 PM,0.0,07:56 PM,07:56 PM,0.0
12506,2024-09-12,CNB,01:25 PM,01:57 PM,32.0,01:35 PM,02:07 PM,32.0
12506,2024-09-12,PRYJ,04:05 PM,04:44 PM,39.0,04:15 PM,04:54 PM,39.0
12506,2024-09-12,DDU,06:40 PM,06:55 PM,15.0,06:50 PM,07:05 PM,15.0
12506,2024-09-12,BXR,07:54 PM,08:06 PM,12.0,07:56 PM,08:08 PM,12.0
12506,2024-09-13,CNB,01:25 PM,01:32 PM,7.0,01:35 PM,01:42 PM,7.0
12506,2024-09-13,PRYJ,04:05 PM,04:17 PM,12.0,04:15 PM,04:27 PM,12.0
12506,2024-09-13,DDU,06:40 PM,06:40 PM,0.0,06:50 PM,06:50 PM,0.0
12506,2024-09-13,BXR,07:54 PM,07:54 PM,0.0,07:56 PM,07:56 PM,0.0
12506,2024-09-14,CNB,01:25 PM,01:44 PM,19.0,01:35 PM,01:54 PM,19.0
12506,2024-09-14,PRYJ,04:05 PM,05:16 PM,71.0,04:15 PM,05:26 PM,71.0
12506,2024-09-14,DDU,06:40 PM,07:59 PM,79.0,06:50 PM,08:09 PM,79.0
12506,2024-09-14,BXR,07:54 PM,07:54 PM,0.0,07:56 PM,07:56 PM,0.0
12506,2024-09-15,CNB,01:25 PM,01:32 PM,7.0,01:35 PM,01:42 PM,7.0
12506,2024-09-15,PRYJ,04:05 PM,04:57 PM,52.0,04:15 PM,05:07 PM,52.0
12506,2024-09-15,DDU,06:40 PM,08:39 PM,119.0,06:50 PM,08:49 PM,119.0
12506,2024-09-15,BXR,07:54 PM,07:54 PM,0.0,07:56 PM,07:56 PM,0.0
12506,2024-09-16,CNB,01:25 PM,01:45 PM,20.0,01:35 PM,01:55 PM,20.0
12506,2024-09-16,PRYJ,04:05 PM,04:53 PM,48.0,04:15 PM,05:03 PM,48.0
12506,2024-09-16,DDU,06:40 PM,07:08 PM,28.0,06:50 PM,07:18 PM,28.0
12506,2024-09-16,BXR,07:54 PM,08:32 PM,38.0,07:56 PM,08:34 PM,38.0
12506,2024-09-17,CNB,01:25 PM,01:54 PM,29.0,01:35 PM,02:04 PM,29.0
12506,2024-09-17,PRYJ,04:05 PM,05:06 PM,61.0,04:15 PM,05:16 PM,61.0
12506,2024-09-17,DDU,06:40 PM,08:11 PM,91.0,06:50 PM,08:21 PM,91.0
12506,2024-09-17,BXR,07:54 PM,09:24 PM,90.0,07:56 PM,09:26 PM,90.0
12506,2024-09-18,CNB,01:25 PM,02:03 PM,38.0,01:35 PM,02:13 PM,38.0
12506,2024-09-18,PRYJ,04:05 PM,04:43 PM,38.0,04:15 PM,04:53 PM,38.0
12506,2024-09-18,DDU,06:40 PM,08:45 PM,125.0,06:50 PM,08:55 PM,125.0
12506,2024-09-18,BXR,07:54 PM,10:26 PM,152.0,07:56 PM,10:28 PM,152.0
12506,2024-09-19,CNB,01:25 PM,01:51 PM,26.0,01:35 PM,02:01 PM,26.0
12506,2024-09-19,PRYJ,04:05 PM,04:56 PM,51.0,04:15 PM,05:06 PM,51.0
12506,2024-09-19,DDU,06:40 PM,08:58 PM,138.0,06:50 PM,09:08 PM,138.0
12506,2024-09-19,BXR,07:54 PM,10:33 PM,159.0,07:56 PM,10:35 PM,159.0
12506,2024-09-20,CNB,01:25 PM,02:56 PM,91.0,01:35 PM,03:06 PM,91.0
12506,2024-09-20,PRYJ,04:05 PM,06:10 PM,125.0,04:15 PM,06:20 PM,125.0
12506,2024-09-20,DDU,06:40 PM,09:30 PM,170.0,06:50 PM,09:40 PM,170.0
12506,2024-09-20,BXR,07:54 PM,11:01 PM,187.0,07:56 PM,11:03 PM,187.0
12506,2024-09-21,CNB,01:25 PM,01:29 PM,4.0,01:35 PM,01:39 PM,4.0
12506,2024-09-21,PRYJ,04:05 PM,05:10 PM,65.0,04:15 PM,05:20 PM,65.0
12506,2024-09-21,DDU,06:40 PM,08:10 PM,90.0,06:50 PM,08:20 PM,90.0
12506,2024-09-21,BXR,07:54 PM,09:39 PM,105.0,07:56 PM,09:41 PM,105.0
12506,2024-09-22,CNB,01:25 PM,01:39 PM,14.0,01:35 PM,01:49 PM,14.0
12506,2024-09-22,PRYJ,04:05 PM,04:58 PM,53.0,04:15 PM,05:08 PM,53.0
12506,2024-09-22,DDU,06:40 PM,08:30 PM,110.0,06:50 PM,08:40 PM,110.0
12506,2024-09-22,BXR,07:54 PM,10:09 PM,135.0,07:56 PM,10:11 PM,135.0
12506,2024-09-23,CNB,01:25 PM,01:43 PM,18.0,01:35 PM,01:53 PM,18.0
12506,2024-09-23,PRYJ,04:05 PM,04:46 PM,41.0,04:15 PM,04:56 PM,41.0
12506,2024-09-23,DDU,06:40 PM,06:59 PM,19.0,06:50 PM,07:09 PM,19.0
12506,2024-09-23,BXR,07:54 PM,07:54 PM,0.0,07:56 PM,07:56 PM,0.0
12506,2024-09-24,CNB,01:25 PM,02:00 PM,35.0,01:35 PM,02:10 PM,35.0
12506,2024-09-24,PRYJ,04:05 PM,04:59 PM,54.0,04:15 PM,05:09 PM,54.0
12506,2024-09-24,DDU,06:40 PM,07:59 PM,79.0,06:50 PM,08:09 PM,79.0
12506,2024-09-24,BXR,07:54 PM,09:37 PM,103.0,07:56 PM,09:39 PM,103.0
12506,2024-09-25,CNB,01:25 PM,02:02 PM,37.0,01:35 PM,02:12 PM,37.0
12506,2024-09-25,PRYJ,04:05 PM,05:13 PM,68.0,04:15 PM,05:23 PM,68.0
12506,2024-09-25,DDU,06:40 PM,08:39 PM,119.0,06:50 PM,08:49 PM,119.0
12506,2024-09-25,BXR,07:54 PM,10:03 PM,129.0,07:56 PM,10:05 PM,129.0
12506,2024-09-26,CNB,01:25 PM,01:42 PM,17.0,01:35 PM,01:52 PM,17.0
12506,2024-09-26,PRYJ,04:05 PM,04:58 PM,53.0,04:15 PM,05:08 PM,53.0
12506,2024-09-26,DDU,06:40 PM,07:35 PM,55.0,06:50 PM,07:45 PM,55.0
12506,2024-09-26,BXR,07:54 PM,08:55 PM,61.0,07:56 PM,08:57 PM,61.0
12506,2024-09-27,CNB,01:25 PM,01:32 PM,7.0,01:35 PM,01:42 PM,7.0
12506,2024-09-27,PRYJ,04:05 PM,04:17 PM,12.0,04:15 PM,04:27 PM,12.0
12506,2024-09-27,DDU,06:40 PM,06:40 PM,0.0,06:50 PM,06:50 PM,0.0
12506,2024-09-27,BXR,07:54 PM,07:54 PM,0.0,07:56 PM,07:56 PM,0.0
12506,2024-09-28,CNB,01:25 PM,01:40 PM,15.0,01:35 PM,01:50 PM,15.0
12506,2024-09-28,PRYJ,04:05 PM,04:49 PM,44.0,04:15 PM,04:59 PM,44.0
12506,2024-09-28,DDU,06:40 PM,07:10 PM,30.0,06:50 PM,07:20 PM,30.0
12506,2024-09-28,BXR,07:54 PM,08:45 PM,51.0,07:56 PM,08:47 PM,51.0
12506,2024-09-29,CNB,01:25 PM,01:36 PM,11.0,01:35 PM,01:46 PM,11.0
12506,2024-09-29,PRYJ,04:05 PM,05:43 PM,98.0,04:15 PM,05:53 PM,98.0
12506,2024-09-29,DDU,06:40 PM,09:40 PM,180.0,06:50 PM,09:50 PM,180.0
12506,2024-09-29,BXR,07:54 PM,11:06 PM,192.0,07:56 PM,11:08 PM,192.0
12506,2024-09-30,CNB,01:25 PM,01:57 PM,32.0,01:35 PM,02:07 PM,32.0
12506,2024-09-30,PRYJ,04:05 PM,04:33 PM,28.0,04:15 PM,04:43 PM,28.0
12506,2024-09-30,DDU,06:40 PM,06:40 PM,0.0,06:50 PM,06:50 PM,0.0
12506,2024-09-30,BXR,07:54 PM,07:58 PM,4.0,07:56 PM,08:00 PM,4.0
13152,2024-09-01,DDU,02:45 AM,02:45 AM,0.0,02:55 AM,02:55 AM,0.0
13152,2024-09-02,DDU,02:45 AM,03:33 AM,48.0,02:55 AM,03:43 AM,48.0
13152,2024-09-03,DDU,02:45 AM,02:54 AM,9.0,02:55 AM,03:04 AM,9.0
13152,2024-09-04,DDU,02:45 AM,02:45 AM,0.0,02:55 AM,02:55 AM,0.0
13152,2024-09-06,DDU,02:45 AM,02:45 AM,0.0,02:55 AM,02:55 AM,0.0
13152,2024-09-07,DDU,02:45 AM,02:45 AM,0.0,02:55 AM,02:55 AM,0.0
13152,2024-09-08,DDU,02:45 AM,02:45 AM,0.0,02:55 AM,02:55 AM,0.0
13152,2024-09-09,DDU,02:45 AM,02:45 AM,0.0,02:55 AM,02:55 AM,0.0
13152,2024-09-10,DDU,02:45 AM,03:56 AM,71.0,02:55 AM,04:06 AM,71.0
13152,2024-09-11,DDU,02:45 AM,02:57 AM,12.0,02:55 AM,03:07 AM,12.0
13152,2024-09-12,DDU,02:45 AM,03:42 AM,57.0,02:55 AM,03:52 AM,57.0
13152,2024-09-13,DDU,02:45 AM,02:45 AM,0.0,02:55 AM,02:55 AM,0.0
13152,2024-09-14,DDU,02:45 AM,02:56 AM,11.0,02:55 AM,03:06 AM,11.0
13152,2024-09-15,DDU,02:45 AM,02:45 AM,0.0,02:55 AM,02:55 AM,0.0
13152,2024-09-16,DDU,02:45 AM,02:45 AM,0.0,02:55 AM,02:55 AM,0.0
13152,2024-09-17,DDU,02:45 AM,02:45 AM,0.0,02:55 AM,02:55 AM,0.0
13152,2024-09-18,DDU,02:45 AM,02:45 AM,0.0,02:55 AM,02:55 AM,0.0
13152,2024-09-19,DDU,02:45 AM,02:45 AM,0.0,02:55 AM,02:55 AM,0.0
13152,2024-09-20,DDU,02:45 AM,03:58 AM,73.0,02:55 AM,04:08 AM,73.0
13152,2024-09-21,DDU,02:45 AM,02:45 AM,0.0,02:55 AM,02:55 AM,0.0
13152,2024-09-22,DDU,02:45 AM,02:45 AM,0.0,02:55 AM,02:55 AM,0.0
13152,2024-09-23,DDU,02:45 AM,04:16 AM,91.0,02:55 AM,04:26 AM,91.0
13152,2024-09-24,DDU,02:45 AM,02:45 AM,0.0,02:55 AM,02:55 AM,0.0
13152,2024-09-25,DDU,02:45 AM,02:45 AM,0.0,02:55 AM,02:55 AM,0.0
13152,2024-09-26,DDU,02:45 AM,02:45 AM,0.0,02:55 AM,02:55 AM,0.0
13152,2024-09-27,DDU,02:45 AM,02:45 AM,0.0,02:55 AM,02:55 AM,0.0
13152,2024-09-28,DDU,02:45 AM,02:45 AM,0.0,02:55 AM,02:55 AM,0.0
13152,2024-09-29,DDU,02:45 AM,02:45 AM,0.0,02:55 AM,02:55 AM,0.0
13152,2024-09-30,DDU,02:45 AM,04:04 AM,79.0,02:55 AM,04:14 AM,79.0
12323,2024-09-03,DDU,04:25 AM,04:28 AM,3.0,04:35 AM,04:38 AM,3.0
12323,2024-09-03,PRYJ,06:45 AM,06:52 AM,7.0,06:50 AM,06:57 AM,7.0
12323,2024-09-03,CNB,09:15 AM,09:41 AM,26.0,09:20 AM,09:46 AM,26.0
12323,2024-09-06,DDU,04:25 AM,04:27 AM,2.0,04:35 AM,04:37 AM,2.0
12323,2024-09-06,PRYJ,06:45 AM,06:45 AM,0.0,06:50 AM,06:50 AM,0.0
12323,2024-09-06,CNB,09:15 AM,09:20 AM,5.0,09:20 AM,09:25 AM,5.0
12323,2024-09-10,DDU,04:25 AM,04:42 AM,17.0,04:35 AM,04:52 AM,17.0
12323,2024-09-10,PRYJ,06:45 AM,06:45 AM,0.0,06:50 AM,06:50 AM,0.0
12323,2024-09-10,CNB,09:15 AM,09:43 AM,28.0,09:20 AM,09:48 AM,28.0
12323,2024-09-13,DDU,04:25 AM,04:31 AM,6.0,04:35 AM,04:41 AM,6.0
12323,2024-09-13,PRYJ,06:45 AM,06:51 AM,6.0,06:50 AM,06:56 AM,6.0
12323,2024-09-13,CNB,09:15 AM,09:15 AM,0.0,09:20 AM,09:20 AM,0.0
12323,2024-09-17,DDU,04:25 AM,04:25 AM,0.0,04:35 AM,04:35 AM,0.0
12323,2024-09-17,PRYJ,06:45 AM,06:58 AM,13.0,06:50 AM,07:03 AM,13.0
12323,2024-09-17,CNB,09:15 AM,10:00 AM,45.0,09:20 AM,10:05 AM,45.0
12323,2024-09-20,DDU,04:25 AM,04:25 AM,0.0,04:35 AM,04:35 AM,0.0
12323,2024-09-20,PRYJ,06:45 AM,06:45 AM,0.0,06:50 AM,06:50 AM,0.0
12323,2024-09-20,CNB,09:15 AM,09:15 AM,0.0,09:20 AM,09:20 AM,0.0
12323,2024-09-24,DDU,04:25 AM,04:33 AM,8.0,04:35 AM,04:43 AM,8.0
12323,2024-09-24,PRYJ,06:45 AM,06:51 AM,6.0,06:50 AM,06:56 AM,6.0
12323,2024-09-24,CNB,09:15 AM,09:18 AM,3.0,09:20 AM,09:23 AM,3.0
12323,2024-09-27,DDU,04:25 AM,04:36 AM,11.0,04:35 AM,04:46 AM,11.0
12323,2024-09-27,PRYJ,06:45 AM,06:45 AM,0.0,06:50 AM,06:50 AM,0.0
12323,2024-09-27,CNB,09:15 AM,09:18 AM,3.0,09:20 AM,09:23 AM,3.0
12572,2024-09-01,CNB,12:50 AM,12:55 AM,5.0,12:55 AM,01:00 AM,5.0
12572,2024-09-02,CNB,12:50 AM,12:52 AM,2.0,12:55 AM,12:57 AM,2.0
12572,2024-09-05,CNB,12:50 AM,12:52 AM,2.0,12:55 AM,12:57 AM,2.0
12572,2024-09-07,CNB,12:50 AM,12:59 AM,9.0,12:55 AM,01:04 AM,9.0
12572,2024-09-08,CNB,12:50 AM,01:19 AM,29.0,12:55 AM,01:24 AM,29.0
12572,2024-09-09,CNB,12:50 AM,01:20 AM,30.0,12:55 AM,01:25 AM,30.0
12572,2024-09-12,CNB,12:50 AM,12:58 AM,8.0,12:55 AM,01:03 AM,8.0
12572,2024-09-14,CNB,12:50 AM,01:24 AM,34.0,12:55 AM,01:29 AM,34.0
12572,2024-09-15,CNB,12:50 AM,01:21 AM,31.0,12:55 AM,01:26 AM,31.0
12572,2024-09-16,CNB,12:50 AM,01:11 AM,21.0,12:55 AM,01:16 AM,21.0
12572,2024-09-19,CNB,12:50 AM,12:50 AM,0.0,12:55 AM,12:55 AM,0.0
12572,2024-09-21,CNB,12:50 AM,12:50 AM,0.0,12:55 AM,12:55 AM,0.0
12572,2024-09-22,CNB,12:50 AM,01:33 AM,43.0,12:55 AM,01:38 AM,43.0
12572,2024-09-26,CNB,12:50 AM,12:50 AM,0.0,12:55 AM,12:55 AM,0.0
12572,2024-09-28,CNB,12:50 AM,12:51 AM,0.0,12:55 AM,12:56 AM,0.0
12572,2024-09-29,CNB,12:50 AM,12:51 AM,0.0,12:55 AM,12:56 AM,0.0
12572,2024-09-30,CNB,12:50 AM,12:54 AM,4.0,12:55 AM,12:59 AM,4.0
20104,2024-09-01,CNB,06:20 AM,06:22 AM,2.0,06:30 AM,06:32 AM,2.0
20104,2024-09-02,CNB,06:20 AM,06:20 AM,0.0,06:30 AM,06:30 AM,0.0
20104,2024-09-03,CNB,06:20 AM,06:23 AM,3.0,06:30 AM,06:33 AM,3.0
20104,2024-09-04,CNB,06:20 AM,10:39 AM,259.0,06:30 AM,10:49 AM,259.0
20104,2024-09-05,CNB,06:20 AM,06:46 AM,26.0,06:30 AM,06:56 AM,26.0
20104,2024-09-06,CNB,06:20 AM,06:24 AM,4.0,06:30 AM,06:34 AM,4.0
20104,2024-09-07,CNB,06:20 AM,06:43 AM,23.0,06:30 AM,06:53 AM,23.0
20104,2024-09-08,CNB,06:20 AM,06:24 AM,4.0,06:30 AM,06:34 AM,4.0
20104,2024-09-09,CNB,06:20 AM,06:25 AM,5.0,06:30 AM,06:35 AM,5.0
20104,2024-09-10,CNB,06:20 AM,06:31 AM,11.0,06:30 AM,06:41 AM,11.0
20104,2024-09-11,CNB,06:20 AM,06:52 AM,32.0,06:30 AM,07:02 AM,32.0
20104,2024-09-12,CNB,06:20 AM,06:28 AM,8.0,06:30 AM,06:38 AM,8.0
20104,2024-09-13,CNB,06:20 AM,06:20 AM,0.0,06:30 AM,06:30 AM,0.0
20104,2024-09-14,CNB,06:20 AM,06:21 AM,0.0,06:30 AM,06:31 AM,0.0
20104,2024-09-16,CNB,06:20 AM,06:25 AM,5.0,06:30 AM,06:35 AM,5.0
20104,2024-09-17,CNB,06:20 AM,06:22 AM,2.0,06:30 AM,06:32 AM,2.0
20104,2024-09-18,CNB,06:20 AM,06:20 AM,0.0,06:30 AM,06:30 AM,0.0
20104,2024-09-19,CNB,06:20 AM,06:27 AM,7.0,06:30 AM,06:37 AM,7.0
20104,2024-09-20,CNB,06:20 AM,06:20 AM,0.0,06:30 AM,06:30 AM,0.0
20104,2024-09-21,CNB,06:20 AM,06:21 AM,0.0,06:30 AM,06:31 AM,0.0
20104,2024-09-22,CNB,06:20 AM,06:20 AM,0.0,06:30 AM,06:30 AM,0.0
20104,2024-09-23,CNB,06:20 AM,06:20 AM,0.0,06:30 AM,06:30 AM,0.0
20104,2024-09-24,CNB,06:20 AM,06:27 AM,7.0,06:30 AM,06:37 AM,7.0
20104,2024-09-26,CNB,06:20 AM,06:43 AM,23.0,06:30 AM,06:53 AM,23.0
20104,2024-09-27,CNB,06:20 AM,06:31 AM,11.0,06:30 AM,06:41 AM,11.0
20104,2024-09-29,CNB,06:20 AM,10:29 AM,249.0,06:30 AM,10:39 AM,249.0
20104,2024-09-30,CNB,06:20 AM,06:20 AM,0.0,06:30 AM,06:30 AM,0.0
15025,2024-09-01,CNB,08:35 PM,08:36 PM,0.0,08:40 PM,08:41 PM,0.0
15025,2024-09-03,CNB,08:35 PM,08:37 PM,2.0,08:40 PM,08:42 PM,2.0
15025,2024-09-08,CNB,08:35 PM,08:35 PM,0.0,08:40 PM,08:40 PM,0.0
15025,2024-09-10,CNB,08:35 PM,10:40 PM,125.0,08:40 PM,10:45 PM,125.0
15025,2024-09-15,CNB,08:35 PM,08:39 PM,4.0,08:40 PM,08:44 PM,4.0
15025,2024-09-17,CNB,08:35 PM,08:41 PM,6.0,08:40 PM,08:46 PM,6.0
15025,2024-09-22,CNB,08:35 PM,09:30 PM,55.0,08:40 PM,09:35 PM,55.0
15025,2024-09-24,CNB,08:35 PM,04:02 AM,447.0,08:40 PM,04:07 AM,447.0
15025,2024-09-29,CNB,08:35 PM,03:10 AM,395.0,08:40 PM,03:15 AM,395.0
18428,2024-09-01,CNB,10:12 PM,10:17 PM,5.0,10:17 PM,10:22 PM,5.0
18428,2024-09-01,PRYJ,12:23 AM,12:24 AM,0.0,12:25 AM,12:26 AM,0.0
18428,2024-09-01,DDU,02:50 AM,02:50 AM,0.0,03:00 AM,03:00 AM,0.0
18428,2024-09-08,CNB,10:12 PM,10:36 PM,24.0,10:17 PM,10:41 PM,24.0
18428,2024-09-08,PRYJ,12:23 AM,01:14 AM,51.0,12:25 AM,01:16 AM,51.0
18428,2024-09-08,DDU,02:50 AM,03:26 AM,36.0,03:00 AM,03:36 AM,36.0
18428,2024-09-15,CNB,10:12 PM,10:39 PM,27.0,10:17 PM,10:44 PM,27.0
18428,2024-09-15,PRYJ,12:23 AM,12:50 AM,27.0,12:25 AM,12:52 AM,27.0
18428,2024-09-15,DDU,02:50 AM,03:05 AM,15.0,03:00 AM,03:15 AM,15.0
18428,2024-09-22,CNB,10:12 PM,10:37 PM,25.0,10:17 PM,10:42 PM,25.0
18428,2024-09-22,PRYJ,12:23 AM,12:53 AM,30.0,12:25 AM,12:55 AM,30.0
18428,2024-09-22,DDU,02:50 AM,04:11 AM,81.0,03:00 AM,04:21 AM,81.0
18428,2024-09-29,CNB,10:12 PM,10:21 PM,9.0,10:17 PM,10:26 PM,9.0
18428,2024-09-29,PRYJ,12:23 AM,12:32 AM,9.0,12:25 AM,12:34 AM,9.0
18428,2024-09-29,DDU,02:50 AM,02:53 AM,3.0,03:00 AM,03:03 AM,3.0
18204,2024-09-11,CNB,05:40 PM,05:40 PM,0.0,05:40 PM,05:40 PM,0.0
18204,2024-09-16,CNB,05:40 PM,05:41 PM,0.0,05:40 PM,05:41 PM,0.0
18204,2024-09-18,CNB,05:40 PM,05:40 PM,0.0,05:40 PM,05:40 PM,0.0
18204,2024-09-23,CNB,05:40 PM,05:40 PM,0.0,05:40 PM,05:40 PM,0.0
18204,2024-09-25,CNB,05:40 PM,05:40 PM,0.0,05:40 PM,05:40 PM,0.0
18204,2024-09-30,CNB,05:40 PM,05:40 PM,0.0,05:40 PM,05:40 PM,0.0
12332,2024-09-01,DDU,10:10 PM,10:10 PM,0.0,10:20 PM,10:20 PM,0.0
12332,2024-09-01,BXR,11:25 PM,11:25 PM,0.0,11:27 PM,11:27 PM,0.0
12332,2024-09-02,DDU,10:10 PM,10:14 PM,4.0,10:20 PM,10:24 PM,4.0
12332,2024-09-02,BXR,11:25 PM,11:32 PM,7.0,11:27 PM,11:34 PM,7.0
12332,2024-09-05,DDU,10:10 PM,10:10 PM,0.0,10:20 PM,10:20 PM,0.0
12332,2024-09-05,BXR,11:25 PM,11:25 PM,0.0,11:27 PM,11:27 PM,0.0
12332,2024-09-08,DDU,10:10 PM,10:45 PM,35.0,10:20 PM,10:55 PM,35.0
12332,2024-09-08,BXR,11:25 PM,12:08 AM,43.0,11:27 PM,12:10 AM,43.0
12332,2024-09-12,DDU,10:10 PM,11:33 PM,83.0,10:20 PM,11:43 PM,83.0
12332,2024-09-12,BXR,11:25 PM,11:25 PM,0.0,11:27 PM,11:27 PM,0.0
12332,2024-09-15,DDU,10:10 PM,10:10 PM,0.0,10:20 PM,10:20 PM,0.0
12332,2024-09-15,BXR,11:25 PM,11:25 PM,0.0,11:27 PM,11:27 PM,0.0
12332,2024-09-16,DDU,10:10 PM,10:10 PM,0.0,10:20 PM,10:20 PM,0.0
12332,2024-09-16,BXR,11:25 PM,11:25 PM,0.0,11:27 PM,11:27 PM,0.0
12332,2024-09-22,DDU,10:10 PM,10:22 PM,12.0,10:20 PM,10:32 PM,12.0
12332,2024-09-22,BXR,11:25 PM,11:55 PM,30.0,11:27 PM,11:57 PM,30.0
12332,2024-09-23,DDU,10:10 PM,02:08 AM,238.0,10:20 PM,02:18 AM,238.0
12332,2024-09-23,BXR,11:25 PM,11:25 PM,0.0,11:27 PM,11:27 PM,0.0
12332,2024-09-26,DDU,10:10 PM,10:15 PM,5.0,10:20 PM,10:25 PM,5.0
12332,2024-09-26,BXR,11:25 PM,11:27 PM,2.0,11:27 PM,11:29 PM,2.0
12332,2024-09-29,DDU,10:10 PM,10:10 PM,0.0,10:20 PM,10:20 PM,0.0
12332,2024-09-29,BXR,11:25 PM,11:25 PM,0.0,11:27 PM,11:27 PM,0.0
12332,2024-09-30,DDU,10:10 PM,10:48 PM,38.0,10:20 PM,10:58 PM,38.0
12332,2024-09-30,BXR,11:25 PM,12:07 AM,42.0,11:27 PM,12:09 AM,42.0
14113,2024-09-01,CNB,11:05 PM,11:09 PM,4.0,11:10 PM,11:14 PM,4.0
14113,2024-09-02,CNB,11:05 PM,11:27 PM,22.0,11:10 PM,11:32 PM,22.0
14113,2024-09-03,CNB,11:05 PM,11:05 PM,0.0,11:10 PM,11:10 PM,0.0
14113,2024-09-04,CNB,11:05 PM,11:11 PM,6.0,11:10 PM,11:16 PM,6.0
14113,2024-09-05,CNB,11:05 PM,11:10 PM,5.0,11:10 PM,11:15 PM,5.0
14113,2024-09-07,CNB,11:05 PM,11:06 PM,0.0,11:10 PM,11:11 PM,0.0
14113,2024-09-08,CNB,11:05 PM,11:07 PM,2.0,11:10 PM,11:12 PM,2.0
14113,2024-09-09,CNB,11:05 PM,11:12 PM,7.0,11:10 PM,11:17 PM,7.0
14113,2024-09-10,CNB,11:05 PM,11:19 PM,14.0,11:10 PM,11:24 PM,14.0
14113,2024-09-11,CNB,11:05 PM,11:06 PM,0.0,11:10 PM,11:11 PM,0.0
14113,2024-09-12,CNB,11:05 PM,11:29 PM,24.0,11:10 PM,11:34 PM,24.0
14113,2024-09-13,CNB,11:05 PM,11:29 PM,24.0,11:10 PM,11:34 PM,24.0
14113,2024-09-14,CNB,11:05 PM,11:13 PM,8.0,11:10 PM,11:18 PM,8.0
14113,2024-09-15,CNB,11:05 PM,11:08 PM,3.0,11:10 PM,11:13 PM,3.0
14113,2024-09-16,CNB,11:05 PM,11:16 PM,11.0,11:10 PM,11:21 PM,11.0
14113,2024-09-17,CNB,11:05 PM,11:51 PM,46.0,11:10 PM,11:56 PM,46.0
14113,2024-09-18,CNB,11:05 PM,11:25 PM,20.0,11:10 PM,11:30 PM,20.0
14113,2024-09-19,CNB,11:05 PM,11:16 PM,11.0,11:10 PM,11:21 PM,11.0
14113,2024-09-20,CNB,11:05 PM,11:24 PM,19.0,11:10 PM,11:29 PM,19.0
14113,2024-09-21,CNB,11:05 PM,11:19 PM,14.0,11:10 PM,11:24 PM,14.0
14113,2024-09-23,CNB,11:05 PM,11:07 PM,2.0,11:10 PM,11:12 PM,2.0
14113,2024-09-24,CNB,11:05 PM,11:08 PM,3.0,11:10 PM,11:13 PM,3.0
14113,2024-09-25,CNB,11:05 PM,11:10 PM,5.0,11:10 PM,11:15 PM,5.0
14113,2024-09-26,CNB,11:05 PM,11:18 PM,13.0,11:10 PM,11:23 PM,13.0
14113,2024-09-27,CNB,11:05 PM,11:23 PM,18.0,11:10 PM,11:28 PM,18.0
14113,2024-09-29,CNB,11:05 PM,11:11 PM,6.0,11:10 PM,11:16 PM,6.0
14113,2024-09-30,CNB,11:05 PM,11:14 PM,9.0,11:10 PM,11:19 PM,9.0
4823,2024-09-07,CNB,12:25 PM,12:26 PM,0.0,12:35 PM,12:36 PM,0.0
4823,2024-09-14,CNB,12:25 PM,12:42 PM,17.0,12:35 PM,12:52 PM,17.0
4823,2024-09-21,CNB,12:25 PM,12:26 PM,0.0,12:35 PM,12:36 PM,0.0
4823,2024-09-28,CNB,12:25 PM,12:26 PM,0.0,12:35 PM,12:36 PM,0.0
4122,2024-09-07,CNB,07:15 AM,07:15 AM,0.0,07:20 AM,07:20 AM,0.0
4122,2024-09-14,CNB,07:15 AM,07:15 AM,0.0,07:20 AM,07:20 AM,0.0
12581,2024-09-01,PRYJ,01:20 AM,01:35 AM,15.0,01:25 AM,01:40 AM,15.0
12581,2024-09-01,CNB,03:45 AM,04:01 AM,16.0,03:50 AM,04:06 AM,16.0
12581,2024-09-02,PRYJ,01:20 AM,01:29 AM,9.0,01:25 AM,01:34 AM,9.0
12581,2024-09-02,CNB,03:45 AM,03:50 AM,5.0,03:50 AM,03:55 AM,5.0
12581,2024-09-05,PRYJ,01:20 AM,01:32 AM,12.0,01:25 AM,01:37 AM,12.0
12581,2024-09-05,CNB,03:45 AM,03:51 AM,6.0,03:50 AM,03:56 AM,6.0
12581,2024-09-06,PRYJ,01:20 AM,01:26 AM,6.0,01:25 AM,01:31 AM,6.0
12581,2024-09-06,CNB,03:45 AM,04:02 AM,17.0,03:50 AM,04:07 AM,17.0
12581,2024-09-07,PRYJ,01:20 AM,01:24 AM,4.0,01:25 AM,01:29 AM,4.0
12581,2024-09-07,CNB,03:45 AM,04:07 AM,22.0,03:50 AM,04:12 AM,22.0
12581,2024-09-08,PRYJ,01:20 AM,01:29 AM,9.0,01:25 AM,01:34 AM,9.0
12581,2024-09-08,CNB,03:45 AM,03:51 AM,6.0,03:50 AM,03:56 AM,6.0
12581,2024-09-09,PRYJ,01:20 AM,01:21 AM,0.0,01:25 AM,01:26 AM,0.0
12581,2024-09-09,CNB,03:45 AM,03:55 AM,10.0,03:50 AM,04:00 AM,10.0
12581,2024-09-12,PRYJ,01:20 AM,01:38 AM,18.0,01:25 AM,01:43 AM,18.0
12581,2024-09-12,CNB,03:45 AM,03:50 AM,5.0,03:50 AM,03:55 AM,5.0
12581,2024-09-14,PRYJ,01:20 AM,01:23 AM,3.0,01:25 AM,01:28 AM,3.0
12581,2024-09-14,CNB,03:45 AM,03:49 AM,4.0,03:50 AM,03:54 AM,4.0
12581,2024-09-19,PRYJ,01:20 AM,01:23 AM,3.0,01:25 AM,01:28 AM,3.0
12581,2024-09-19,CNB,03:45 AM,03:49 AM,4.0,03:50 AM,03:54 AM,4.0
12581,2024-09-20,PRYJ,01:20 AM,01:30 AM,10.0,01:25 AM,01:35 AM,10.0
12581,2024-09-20,CNB,03:45 AM,03:55 AM,10.0,03:50 AM,04:00 AM,10.0
12581,2024-09-21,PRYJ,01:20 AM,01:23 AM,3.0,01:25 AM,01:28 AM,3.0
12581,2024-09-21,CNB,03:45 AM,03:50 AM,5.0,03:50 AM,03:55 AM,5.0
12581,2024-09-22,PRYJ,01:20 AM,01:20 AM,0.0,01:25 AM,01:25 AM,0.0
12581,2024-09-22,CNB,03:45 AM,03:49 AM,4.0,03:50 AM,03:54 AM,4.0
12581,2024-09-23,PRYJ,01:20 AM,01:20 AM,0.0,01:25 AM,01:25 AM,0.0
12581,2024-09-23,CNB,03:45 AM,03:45 AM,0.0,03:50 AM,03:50 AM,0.0
12581,2024-09-26,PRYJ,01:20 AM,01:21 AM,0.0,01:25 AM,01:26 AM,0.0
12581,2024-09-26,CNB,03:45 AM,03:50 AM,5.0,03:50 AM,03:55 AM,5.0
12581,2024-09-28,PRYJ,01:20 AM,01:24 AM,4.0,01:25 AM,01:29 AM,4.0
12581,2024-09-28,CNB,03:45 AM,03:51 AM,6.0,03:50 AM,03:56 AM,6.0
12581,2024-09-29,PRYJ,01:20 AM,01:23 AM,3.0,01:25 AM,01:28 AM,3.0
12581,2024-09-29,CNB,03:45 AM,04:26 AM,41.0,03:50 AM,04:31 AM,41.0
13483,2024-09-01,BXR,07:00 AM,08:16 AM,76.0,07:05 AM,08:21 AM,76.0
13483,2024-09-01,DDU,10:05 AM,10:15 AM,10.0,10:15 AM,10:25 AM,10.0
13483,2024-09-01,CNB,09:40 PM,10:48 PM,68.0,09:45 PM,10:53 PM,68.0
13483,2024-09-03,BXR,07:00 AM,08:13 AM,73.0,07:05 AM,08:18 AM,73.0
13483,2024-09-03,DDU,10:05 AM,10:06 AM,0.0,10:15 AM,10:16 AM,0.0
13483,2024-09-03,CNB,09:40 PM,10:33 PM,53.0,09:45 PM,10:38 PM,53.0
13483,2024-09-04,BXR,07:00 AM,07:00 AM,0.0,07:05 AM,07:05 AM,0.0
13483,2024-09-04,DDU,10:05 AM,10:06 AM,0.0,10:15 AM,10:16 AM,0.0
13483,2024-09-04,CNB,09:40 PM,09:40 PM,0.0,09:45 PM,09:45 PM,0.0
13483,2024-09-06,BXR,07:00 AM,10:10 AM,190.0,07:05 AM,10:15 AM,190.0
13483,2024-09-06,DDU,10:05 AM,11:36 AM,91.0,10:15 AM,11:46 AM,91.0
13483,2024-09-06,CNB,09:40 PM,12:39 AM,179.0,09:45 PM,12:44 AM,179.0
13483,2024-09-08,BXR,07:00 AM,08:20 AM,80.0,07:05 AM,08:25 AM,80.0
13483,2024-09-08,DDU,10:05 AM,10:05 AM,0.0,10:15 AM,10:15 AM,0.0
13483,2024-09-08,CNB,09:40 PM,10:51 PM,71.0,09:45 PM,10:56 PM,71.0
13483,2024-09-10,BXR,07:00 AM,08:28 AM,88.0,07:05 AM,08:33 AM,88.0
13483,2024-09-10,DDU,10:05 AM,10:06 AM,0.0,10:15 AM,10:16 AM,0.0
13483,2024-09-10,CNB,09:40 PM,12:59 AM,199.0,09:45 PM,01:04 AM,199.0
13483,2024-09-11,BXR,07:00 AM,07:09 AM,9.0,07:05 AM,07:14 AM,9.0
13483,2024-09-11,DDU,10:05 AM,10:16 AM,11.0,10:15 AM,10:26 AM,11.0
13483,2024-09-11,CNB,09:40 PM,12:19 AM,159.0,09:45 PM,12:24 AM,159.0
13483,2024-09-13,BXR,07:00 AM,10:19 AM,199.0,07:05 AM,10:24 AM,199.0
13483,2024-09-13,DDU,10:05 AM,11:53 AM,108.0,10:15 AM,12:03 PM,108.0
13483,2024-09-13,CNB,09:40 PM,12:19 AM,159.0,09:45 PM,12:24 AM,159.0
13483,2024-09-15,BXR,07:00 AM,08:34 AM,94.0,07:05 AM,08:39 AM,94.0
13483,2024-09-15,DDU,10:05 AM,10:10 AM,5.0,10:15 AM,10:20 AM,5.0
13483,2024-09-15,CNB,09:40 PM,09:40 PM,0.0,09:45 PM,09:45 PM,0.0
13483,2024-09-17,BXR,07:00 AM,07:00 AM,0.0,07:05 AM,07:05 AM,0.0
13483,2024-09-17,DDU,10:05 AM,10:05 AM,0.0,10:15 AM,10:15 AM,0.0
13483,2024-09-17,CNB,09:40 PM,09:40 PM,0.0,09:45 PM,09:45 PM,0.0
13483,2024-09-18,BXR,07:00 AM,08:28 AM,88.0,07:05 AM,08:33 AM,88.0
13483,2024-09-18,DDU,10:05 AM,10:05 AM,0.0,10:15 AM,10:15 AM,0.0
13483,2024-09-18,CNB,09:40 PM,10:45 PM,65.0,09:45 PM,10:50 PM,65.0
13483,2024-09-20,BXR,07:00 AM,08:22 AM,82.0,07:05 AM,08:27 AM,82.0
13483,2024-09-20,DDU,10:05 AM,10:05 AM,0.0,10:15 AM,10:15 AM,0.0
13483,2024-09-20,CNB,09:40 PM,11:59 PM,139.0,09:45 PM,12:04 AM,139.0
13483,2024-09-22,BXR,07:00 AM,08:31 AM,91.0,07:05 AM,08:36 AM,91.0
13483,2024-09-22,DDU,10:05 AM,10:05 AM,0.0,10:15 AM,10:15 AM,0.0
13483,2024-09-22,CNB,09:40 PM,09:42 PM,2.0,09:45 PM,09:47 PM,2.0
13483,2024-09-24,BXR,07:00 AM,08:00 AM,60.0,07:05 AM,08:05 AM,60.0
13483,2024-09-24,DDU,10:05 AM,10:06 AM,0.0,10:15 AM,10:16 AM,0.0
13483,2024-09-24,CNB,09:40 PM,09:40 PM,0.0,09:45 PM,09:45 PM,0.0
13483,2024-09-25,BXR,07:00 AM,08:41 AM,101.0,07:05 AM,08:46 AM,101.0
13483,2024-09-25,DDU,10:05 AM,10:07 AM,2.0,10:15 AM,10:17 AM,2.0
13483,2024-09-25,CNB,09:40 PM,09:40 PM,0.0,09:45 PM,09:45 PM,0.0
13483,2024-09-27,BXR,07:00 AM,07:12 AM,12.0,07:05 AM,07:17 AM,12.0
13483,2024-09-27,DDU,10:05 AM,10:05 AM,0.0,10:15 AM,10:15 AM,0.0
13483,2024-09-27,CNB,09:40 PM,09:47 PM,7.0,09:45 PM,09:52 PM,7.0
13483,2024-09-29,BXR,07:00 AM,08:21 AM,81.0,07:05 AM,08:26 AM,81.0
13483,2024-09-29,DDU,10:05 AM,10:05 AM,0.0,10:15 AM,10:15 AM,0.0
13483,2024-09-29,CNB,09:40 PM,10:00 PM,20.0,09:45 PM,10:05 PM,20.0
12282,2024-09-05,CNB,05:35 PM,06:01 PM,26.0,05:40 PM,06:06 PM,26.0
12282,2024-09-05,DDU,09:45 PM,09:48 PM,3.0,09:55 PM,09:58 PM,3.0
12282,2024-09-12,CNB,05:35 PM,05:56 PM,21.0,05:40 PM,06:01 PM,21.0
12282,2024-09-12,DDU,09:45 PM,09:45 PM,0.0,09:55 PM,09:55 PM,0.0
12282,2024-09-19,CNB,05:35 PM,05:43 PM,8.0,05:40 PM,05:48 PM,8.0
12282,2024-09-19,DDU,09:45 PM,09:54 PM,9.0,09:55 PM,10:04 PM,9.0
12282,2024-09-26,CNB,05:35 PM,05:50 PM,15.0,05:40 PM,05:55 PM,15.0
12282,2024-09-26,DDU,09:45 PM,09:56 PM,11.0,09:55 PM,10:06 PM,11.0
11062,2024-09-01,PRYJ,03:00 AM,03:09 AM,9.0,03:20 AM,03:29 AM,9.0
11062,2024-09-02,PRYJ,03:00 AM,03:00 AM,0.0,03:20 AM,03:20 AM,0.0
11062,2024-09-03,PRYJ,03:00 AM,03:11 AM,11.0,03:20 AM,03:31 AM,11.0
11062,2024-09-04,PRYJ,03:00 AM,03:00 AM,0.0,03:20 AM,03:20 AM,0.0
11062,2024-09-05,PRYJ,03:00 AM,03:16 AM,16.0,03:20 AM,03:36 AM,16.0
11062,2024-09-06,PRYJ,03:00 AM,04:45 AM,105.0,03:20 AM,05:05 AM,105.0
11062,2024-09-07,PRYJ,03:00 AM,03:08 AM,8.0,03:20 AM,03:28 AM,8.0
11062,2024-09-08,PRYJ,03:00 AM,03:23 AM,23.0,03:20 AM,03:43 AM,23.0
11062,2024-09-09,PRYJ,03:00 AM,03:01 AM,0.0,03:20 AM,03:21 AM,0.0
11062,2024-09-10,PRYJ,03:00 AM,03:08 AM,8.0,03:20 AM,03:28 AM,8.0
11062,2024-09-11,PRYJ,03:00 AM,03:00 AM,0.0,03:20 AM,03:20 AM,0.0
11062,2024-09-12,PRYJ,03:00 AM,03:00 AM,0.0,03:20 AM,03:20 AM,0.0
11062,2024-09-13,PRYJ,03:00 AM,03:09 AM,9.0,03:20 AM,03:29 AM,9.0
11062,2024-09-14,PRYJ,03:00 AM,03:12 AM,12.0,03:20 AM,03:32 AM,12.0
11062,2024-09-15,PRYJ,03:00 AM,03:10 AM,10.0,03:20 AM,03:30 AM,10.0
11062,2024-09-16,PRYJ,03:00 AM,03:00 AM,0.0,03:20 AM,03:20 AM,0.0
11062,2024-09-17,PRYJ,03:00 AM,03:15 AM,15.0,03:20 AM,03:35 AM,15.0
11062,2024-09-18,PRYJ,03:00 AM,09:57 AM,417.0,03:20 AM,10:17 AM,417.0
11062,2024-09-19,PRYJ,03:00 AM,03:08 AM,8.0,03:20 AM,03:28 AM,8.0
11062,2024-09-20,PRYJ,03:00 AM,03:10 AM,10.0,03:20 AM,03:30 AM,10.0
11062,2024-09-21,PRYJ,03:00 AM,03:12 AM,12.0,03:20 AM,03:32 AM,12.0
11062,2024-09-22,PRYJ,03:00 AM,04:35 AM,95.0,03:20 AM,04:55 AM,95.0
11062,2024-09-23,PRYJ,03:00 AM,03:08 AM,8.0,03:20 AM,03:28 AM,8.0
11062,2024-09-24,PRYJ,03:00 AM,03:08 AM,8.0,03:20 AM,03:28 AM,8.0
11062,2024-09-25,PRYJ,03:00 AM,03:00 AM,0.0,03:20 AM,03:20 AM,0.0
11062,2024-09-26,PRYJ,03:00 AM,03:09 AM,9.0,03:20 AM,03:29 AM,9.0
11062,2024-09-27,PRYJ,03:00 AM,03:00 AM,0.0,03:20 AM,03:20 AM,0.0
11062,2024-09-28,PRYJ,03:00 AM,03:11 AM,11.0,03:20 AM,03:31 AM,11.0
11062,2024-09-29,PRYJ,03:00 AM,03:00 AM,0.0,03:20 AM,03:20 AM,0.0
11062,2024-09-30,PRYJ,03:00 AM,03:12 AM,12.0,03:20 AM,03:32 AM,12.0
12443,2024-09-05,DDU,10:30 PM,10:30 PM,0.0,10:40 PM,10:40 PM,0.0
12443,2024-09-05,PRYJ,12:45 AM,12:45 AM,0.0,12:50 AM,12:50 AM,0.0
12443,2024-09-05,CNB,03:05 AM,03:05 AM,0.0,03:10 AM,03:10 AM,0.0
12443,2024-09-12,DDU,10:30 PM,10:30 PM,0.0,10:40 PM,10:40 PM,0.0
12443,2024-09-12,PRYJ,12:45 AM,12:45 AM,0.0,12:50 AM,12:50 AM,0.0
12443,2024-09-12,CNB,03:05 AM,03:05 AM,0.0,03:10 AM,03:10 AM,0.0
12443,2024-09-19,DDU,10:30 PM,10:30 PM,0.0,10:40 PM,10:40 PM,0.0
12443,2024-09-19,PRYJ,12:45 AM,12:45 AM,0.0,12:50 AM,12:50 AM,0.0
12443,2024-09-19,CNB,03:05 AM,03:05 AM,0.0,03:10 AM,03:10 AM,0.0
12443,2024-09-26,DDU,10:30 PM,11:39 PM,69.0,10:40 PM,11:49 PM,69.0
12443,2024-09-26,PRYJ,12:45 AM,02:37 AM,112.0,12:50 AM,02:42 AM,112.0
12443,2024-09-26,CNB,03:05 AM,05:43 AM,158.0,03:10 AM,05:48 AM,158.0
12226,2024-09-01,CNB,01:55 AM,01:56 AM,0.0,02:00 AM,02:01 AM,0.0
12226,2024-09-02,CNB,01:55 AM,02:50 AM,55.0,02:00 AM,02:55 AM,55.0
12226,2024-09-03,CNB,01:55 AM,02:15 AM,20.0,02:00 AM,02:20 AM,20.0
12226,2024-09-04,CNB,01:55 AM,02:16 AM,21.0,02:00 AM,02:21 AM,21.0
12226,2024-09-05,CNB,01:55 AM,02:07 AM,12.0,02:00 AM,02:12 AM,12.0
12226,2024-09-06,CNB,01:55 AM,02:01 AM,6.0,02:00 AM,02:06 AM,6.0
12226,2024-09-07,CNB,01:55 AM,02:00 AM,5.0,02:00 AM,02:05 AM,5.0
12226,2024-09-08,CNB,01:55 AM,02:53 AM,58.0,02:00 AM,02:58 AM,58.0
12226,2024-09-09,CNB,01:55 AM,01:55 AM,0.0,02:00 AM,02:00 AM,0.0
12226,2024-09-10,CNB,01:55 AM,02:00 AM,5.0,02:00 AM,02:05 AM,5.0
12226,2024-09-11,CNB,01:55 AM,02:00 AM,5.0,02:00 AM,02:05 AM,5.0
12226,2024-09-12,CNB,01:55 AM,02:15 AM,20.0,02:00 AM,02:20 AM,20.0
12226,2024-09-13,CNB,01:55 AM,01:55 AM,0.0,02:00 AM,02:00 AM,0.0
12226,2024-09-14,CNB,01:55 AM,01:55 AM,0.0,02:00 AM,02:00 AM,0.0
12226,2024-09-15,CNB,01:55 AM,02:04 AM,9.0,02:00 AM,02:09 AM,9.0
12226,2024-09-16,CNB,01:55 AM,01:55 AM,0.0,02:00 AM,02:00 AM,0.0
12226,2024-09-17,CNB,01:55 AM,02:43 AM,48.0,02:00 AM,02:48 AM,48.0
12226,2024-09-18,CNB,01:55 AM,02:14 AM,19.0,02:00 AM,02:19 AM,19.0
12226,2024-09-19,CNB,01:55 AM,02:41 AM,46.0,02:00 AM,02:46 AM,46.0
12226,2024-09-20,CNB,01:55 AM,01:56 AM,0.0,02:00 AM,02:01 AM,0.0
12226,2024-09-21,CNB,01:55 AM,02:33 AM,38.0,02:00 AM,02:38 AM,38.0
12226,2024-09-22,CNB,01:55 AM,01:56 AM,0.0,02:00 AM,02:01 AM,0.0
12226,2024-09-23,CNB,01:55 AM,02:00 AM,5.0,02:00 AM,02:05 AM,5.0
12226,2024-09-24,CNB,01:55 AM,07:23 AM,328.0,02:00 AM,07:28 AM,328.0
12226,2024-09-25,CNB,01:55 AM,06:55 AM,300.0,02:00 AM,07:00 AM,300.0
12226,2024-09-26,CNB,01:55 AM,11:30 AM,575.0,02:00 AM,11:35 AM,575.0
12226,2024-09-27,CNB,01:55 AM,11:43 AM,588.0,02:00 AM,11:48 AM,588.0
12226,2024-09-28,CNB,01:55 AM,07:22 PM,1047.0,02:00 AM,07:27 PM,1047.0
12226,2024-09-29,CNB,01:55 AM,08:56 PM,1141.0,02:00 AM,09:01 PM,1141.0
12226,2024-09-30,CNB,01:55 AM,02:30 AM,1475.0,02:00 AM,02:35 AM,1475.0
12792,2024-09-01,BXR,01:38 PM,01:54 PM,16.0,01:40 PM,01:56 PM,16.0
12792,2024-09-01,DDU,03:45 PM,03:45 PM,0.0,03:55 PM,03:55 PM,0.0
12792,2024-09-01,PRYJ,07:45 PM,08:04 PM,19.0,08:05 PM,08:24 PM,19.0
12792,2024-09-02,BXR,01:38 PM,02:09 PM,31.0,01:40 PM,02:11 PM,31.0
12792,2024-09-02,DDU,03:45 PM,03:45 PM,0.0,03:55 PM,03:55 PM,0.0
12792,2024-09-02,PRYJ,07:45 PM,08:02 PM,17.0,08:05 PM,08:22 PM,17.0
12792,2024-09-03,BXR,01:38 PM,01:38 PM,0.0,01:40 PM,01:40 PM,0.0
12792,2024-09-03,DDU,03:45 PM,03:52 PM,7.0,03:55 PM,04:02 PM,7.0
12792,2024-09-03,PRYJ,07:45 PM,07:53 PM,8.0,08:05 PM,08:13 PM,8.0
12792,2024-09-04,BXR,01:38 PM,02:02 PM,24.0,01:40 PM,02:04 PM,24.0
12792,2024-09-04,DDU,03:45 PM,03:45 PM,0.0,03:55 PM,03:55 PM,0.0
12792,2024-09-04,PRYJ,07:45 PM,07:45 PM,0.0,08:05 PM,08:05 PM,0.0
12792,2024-09-05,BXR,01:38 PM,01:56 PM,18.0,01:40 PM,01:58 PM,18.0
12792,2024-09-05,DDU,03:45 PM,03:46 PM,0.0,03:55 PM,03:56 PM,0.0
12792,2024-09-05,PRYJ,07:45 PM,07:53 PM,8.0,08:05 PM,08:13 PM,8.0
12792,2024-09-06,BXR,01:38 PM,01:48 PM,10.0,01:40 PM,01:50 PM,10.0
12792,2024-09-06,DDU,03:45 PM,03:45 PM,0.0,03:55 PM,03:55 PM,0.0
12792,2024-09-06,PRYJ,07:45 PM,07:47 PM,2.0,08:05 PM,08:07 PM,2.0
12792,2024-09-07,BXR,01:38 PM,01:57 PM,19.0,01:40 PM,01:59 PM,19.0
12792,2024-09-07,DDU,03:45 PM,03:45 PM,0.0,03:55 PM,03:55 PM,0.0
12792,2024-09-07,PRYJ,07:45 PM,07:48 PM,3.0,08:05 PM,08:08 PM,3.0
12792,2024-09-08,BXR,01:38 PM,02:20 PM,42.0,01:40 PM,02:22 PM,42.0
12792,2024-09-08,DDU,03:45 PM,03:46 PM,0.0,03:55 PM,03:56 PM,0.0
12792,2024-09-08,PRYJ,07:45 PM,07:53 PM,8.0,08:05 PM,08:13 PM,8.0
12792,2024-09-09,BXR,01:38 PM,02:07 PM,29.0,01:40 PM,02:09 PM,29.0
12792,2024-09-09,DDU,03:45 PM,03:45 PM,0.0,03:55 PM,03:55 PM,0.0
12792,2024-09-09,PRYJ,07:45 PM,07:52 PM,7.0,08:05 PM,08:12 PM,7.0
12792,2024-09-10,BXR,01:38 PM,01:38 PM,0.0,01:40 PM,01:40 PM,0.0
12792,2024-09-10,DDU,03:45 PM,03:45 PM,0.0,03:55 PM,03:55 PM,0.0
12792,2024-09-10,PRYJ,07:45 PM,08:08 PM,23.0,08:05 PM,08:28 PM,23.0
12792,2024-09-11,BXR,01:38 PM,03:16 PM,98.0,01:40 PM,03:18 PM,98.0
12792,2024-09-11,DDU,03:45 PM,04:28 PM,43.0,03:55 PM,04:38 PM,43.0
12792,2024-09-11,PRYJ,07:45 PM,08:20 PM,35.0,08:05 PM,08:40 PM,35.0
12792,2024-09-12,BXR,01:38 PM,01:59 PM,21.0,01:40 PM,02:01 PM,21.0
12792,2024-09-12,DDU,03:45 PM,03:45 PM,0.0,03:55 PM,03:55 PM,0.0
12792,2024-09-12,PRYJ,07:45 PM,07:48 PM,3.0,08:05 PM,08:08 PM,3.0
12792,2024-09-13,BXR,01:38 PM,01:43 PM,5.0,01:40 PM,01:45 PM,5.0
12792,2024-09-13,DDU,03:45 PM,03:45 PM,0.0,03:55 PM,03:55 PM,0.0
12792,2024-09-13,PRYJ,07:45 PM,07:48 PM,3.0,08:05 PM,08:08 PM,3.0
12792,2024-09-14,BXR,01:38 PM,02:01 PM,23.0,01:40 PM,02:03 PM,23.0
12792,2024-09-14,DDU,03:45 PM,03:45 PM,0.0,03:55 PM,03:55 PM,0.0
12792,2024-09-14,PRYJ,07:45 PM,07:49 PM,4.0,08:05 PM,08:09 PM,4.0
12792,2024-09-15,BXR,01:38 PM,01:56 PM,18.0,01:40 PM,01:58 PM,18.0
12792,2024-09-15,DDU,03:45 PM,03:47 PM,2.0,03:55 PM,03:57 PM,2.0
12792,2024-09-15,PRYJ,07:45 PM,07:52 PM,7.0,08:05 PM,08:12 PM,7.0
12792,2024-09-16,BXR,01:38 PM,01:48 PM,10.0,01:40 PM,01:50 PM,10.0
12792,2024-09-16,DDU,03:45 PM,03:45 PM,0.0,03:55 PM,03:55 PM,0.0
12792,2024-09-16,PRYJ,07:45 PM,08:04 PM,19.0,08:05 PM,08:24 PM,19.0
12792,2024-09-17,BXR,01:38 PM,01:40 PM,2.0,01:40 PM,01:42 PM,2.0
12792,2024-09-17,DDU,03:45 PM,03:45 PM,0.0,03:55 PM,03:55 PM,0.0
12792,2024-09-17,PRYJ,07:45 PM,08:12 PM,27.0,08:05 PM,08:32 PM,27.0
12792,2024-09-18,BXR,01:38 PM,01:44 PM,6.0,01:40 PM,01:46 PM,6.0
12792,2024-09-18,DDU,03:45 PM,03:45 PM,0.0,03:55 PM,03:55 PM,0.0
12792,2024-09-18,PRYJ,07:45 PM,07:47 PM,2.0,08:05 PM,08:07 PM,2.0
12792,2024-09-19,BXR,01:38 PM,02:24 PM,46.0,01:40 PM,02:26 PM,46.0
12792,2024-09-19,DDU,03:45 PM,03:45 PM,0.0,03:55 PM,03:55 PM,0.0
12792,2024-09-19,PRYJ,07:45 PM,07:57 PM,12.0,08:05 PM,08:17 PM,12.0
12792,2024-09-20,BXR,01:38 PM,01:38 PM,0.0,01:40 PM,01:40 PM,0.0
12792,2024-09-20,DDU,03:45 PM,03:45 PM,0.0,03:55 PM,03:55 PM,0.0
12792,2024-09-20,PRYJ,07:45 PM,07:49 PM,4.0,08:05 PM,08:09 PM,4.0
12792,2024-09-21,BXR,01:38 PM,01:51 PM,13.0,01:40 PM,01:53 PM,13.0
12792,2024-09-21,DDU,03:45 PM,03:45 PM,0.0,03:55 PM,03:55 PM,0.0
12792,2024-09-21,PRYJ,07:45 PM,07:54 PM,9.0,08:05 PM,08:14 PM,9.0
12792,2024-09-22,BXR,01:38 PM,02:03 PM,25.0,01:40 PM,02:05 PM,25.0
12792,2024-09-22,DDU,03:45 PM,03:45 PM,0.0,03:55 PM,03:55 PM,0.0
12792,2024-09-22,PRYJ,07:45 PM,07:47 PM,2.0,08:05 PM,08:07 PM,2.0
12792,2024-09-23,BXR,01:38 PM,02:01 PM,23.0,01:40 PM,02:03 PM,23.0
12792,2024-09-23,DDU,03:45 PM,03:45 PM,0.0,03:55 PM,03:55 PM,0.0
12792,2024-09-23,PRYJ,07:45 PM,07:58 PM,13.0,08:05 PM,08:18 PM,13.0
12792,2024-09-24,BXR,01:38 PM,02:08 PM,30.0,01:40 PM,02:10 PM,30.0
12792,2024-09-24,DDU,03:45 PM,03:45 PM,0.0,03:55 PM,03:55 PM,0.0
12792,2024-09-24,PRYJ,07:45 PM,07:53 PM,8.0,08:05 PM,08:13 PM,8.0
12792,2024-09-25,BXR,01:38 PM,01:46 PM,8.0,01:40 PM,01:48 PM,8.0
12792,2024-09-25,DDU,03:45 PM,03:45 PM,0.0,03:55 PM,03:55 PM,0.0
12792,2024-09-25,PRYJ,07:45 PM,07:47 PM,2.0,08:05 PM,08:07 PM,2.0
12792,2024-09-26,BXR,01:38 PM,01:52 PM,14.0,01:40 PM,01:54 PM,14.0
12792,2024-09-26,DDU,03:45 PM,03:45 PM,0.0,03:55 PM,03:55 PM,0.0
12792,2024-09-26,PRYJ,07:45 PM,08:16 PM,31.0,08:05 PM,08:36 PM,31.0
12792,2024-09-27,BXR,01:38 PM,01:48 PM,10.0,01:40 PM,01:50 PM,10.0
12792,2024-09-27,DDU,03:45 PM,03:45 PM,0.0,03:55 PM,03:55 PM,0.0
12792,2024-09-27,PRYJ,07:45 PM,07:50 PM,5.0,08:05 PM,08:10 PM,5.0
12792,2024-09-28,BXR,01:38 PM,01:49 PM,11.0,01:40 PM,01:51 PM,11.0
12792,2024-09-28,DDU,03:45 PM,03:47 PM,2.0,03:55 PM,03:57 PM,2.0
12792,2024-09-28,PRYJ,07:45 PM,07:45 PM,0.0,08:05 PM,08:05 PM,0.0
12792,2024-09-29,BXR,01:38 PM,01:51 PM,13.0,01:40 PM,01:53 PM,13.0
12792,2024-09-29,DDU,03:45 PM,03:45 PM,0.0,03:55 PM,03:55 PM,0.0
12792,2024-09-29,PRYJ,07:45 PM,08:01 PM,16.0,08:05 PM,08:21 PM,16.0
12792,2024-09-30,BXR,01:38 PM,01:58 PM,20.0,01:40 PM,02:00 PM,20.0
12792,2024-09-30,DDU,03:45 PM,03:45 PM,0.0,03:55 PM,03:55 PM,0.0
12792,2024-09-30,PRYJ,07:45 PM,08:01 PM,16.0,08:05 PM,08:21 PM,16.0
12670,2024-09-02,PRYJ,04:05 AM,02:33 AM,2788.0,04:30 AM,02:58 AM,2788.0
12670,2024-09-09,PRYJ,04:05 AM,04:26 AM,21.0,04:30 AM,04:51 AM,21.0
12670,2024-09-11,PRYJ,04:05 AM,04:09 AM,4.0,04:30 AM,04:34 AM,4.0
12670,2024-09-18,PRYJ,04:05 AM,04:43 AM,38.0,04:30 AM,05:08 AM,38.0
12670,2024-09-23,PRYJ,04:05 AM,04:05 AM,0.0,04:30 AM,04:30 AM,0.0
12670,2024-09-25,PRYJ,04:05 AM,04:35 AM,30.0,04:30 AM,05:00 AM,30.0
12670,2024-09-30,PRYJ,04:05 AM,04:05 AM,0.0,04:30 AM,04:30 AM,0.0
13237,2024-09-01,BXR,01:24 PM,01:25 PM,0.0,01:26 PM,01:27 PM,0.0
13237,2024-09-01,DDU,03:30 PM,03:32 PM,2.0,03:40 PM,03:42 PM,2.0
13237,2024-09-01,CNB,01:10 AM,01:24 AM,14.0,01:15 AM,01:29 AM,14.0
13237,2024-09-03,BXR,01:24 PM,01:35 PM,11.0,01:26 PM,01:37 PM,11.0
13237,2024-09-03,DDU,03:30 PM,03:30 PM,0.0,03:40 PM,03:40 PM,0.0
13237,2024-09-03,CNB,01:10 AM,02:26 AM,76.0,01:15 AM,02:31 AM,76.0
13237,2024-09-07,BXR,01:24 PM,01:49 PM,25.0,01:26 PM,01:51 PM,25.0
13237,2024-09-07,DDU,03:30 PM,03:30 PM,0.0,03:40 PM,03:40 PM,0.0
13237,2024-09-07,CNB,01:10 AM,02:10 AM,60.0,01:15 AM,02:15 AM,60.0
13237,2024-09-08,BXR,01:24 PM,02:01 PM,37.0,01:26 PM,02:03 PM,37.0
13237,2024-09-08,DDU,03:30 PM,03:33 PM,3.0,03:40 PM,03:43 PM,3.0
13237,2024-09-08,CNB,01:10 AM,01:54 AM,44.0,01:15 AM,01:59 AM,44.0
13237,2024-09-10,BXR,01:24 PM,01:50 PM,26.0,01:26 PM,01:52 PM,26.0
13237,2024-09-10,DDU,03:30 PM,03:30 PM,0.0,03:40 PM,03:40 PM,0.0
13237,2024-09-10,CNB,01:10 AM,01:10 AM,0.0,01:15 AM,01:15 AM,0.0
13237,2024-09-14,BXR,01:24 PM,01:52 PM,28.0,01:26 PM,01:54 PM,28.0
13237,2024-09-14,DDU,03:30 PM,03:30 PM,0.0,03:40 PM,03:40 PM,0.0
13237,2024-09-14,CNB,01:10 AM,04:04 AM,174.0,01:15 AM,04:09 AM,174.0
13237,2024-09-15,BXR,01:24 PM,01:29 PM,5.0,01:26 PM,01:31 PM,5.0
13237,2024-09-15,DDU,03:30 PM,03:34 PM,4.0,03:40 PM,03:44 PM,4.0
13237,2024-09-15,CNB,01:10 AM,02:26 AM,76.0,01:15 AM,02:31 AM,76.0
13237,2024-09-17,BXR,01:24 PM,01:31 PM,7.0,01:26 PM,01:33 PM,7.0
13237,2024-09-17,DDU,03:30 PM,03:30 PM,0.0,03:40 PM,03:40 PM,0.0
13237,2024-09-17,CNB,01:10 AM,03:34 AM,144.0,01:15 AM,03:39 AM,144.0
13237,2024-09-21,BXR,01:24 PM,01:42 PM,18.0,01:26 PM,01:44 PM,18.0
13237,2024-09-21,DDU,03:30 PM,03:31 PM,0.0,03:40 PM,03:41 PM,0.0
13237,2024-09-21,CNB,01:10 AM,03:04 AM,114.0,01:15 AM,03:09 AM,114.0
13237,2024-09-22,BXR,01:24 PM,01:53 PM,29.0,01:26 PM,01:55 PM,29.0
13237,2024-09-22,DDU,03:30 PM,03:30 PM,0.0,03:40 PM,03:40 PM,0.0
13237,2024-09-22,CNB,01:10 AM,01:42 AM,32.0,01:15 AM,01:47 AM,32.0
13237,2024-09-24,BXR,01:24 PM,01:47 PM,23.0,01:26 PM,01:49 PM,23.0
13237,2024-09-24,DDU,03:30 PM,03:30 PM,0.0,03:40 PM,03:40 PM,0.0
13237,2024-09-24,CNB,01:10 AM,01:57 AM,47.0,01:15 AM,02:02 AM,47.0
13237,2024-09-28,BXR,01:24 PM,01:38 PM,14.0,01:26 PM,01:40 PM,14.0
13237,2024-09-28,DDU,03:30 PM,03:33 PM,3.0,03:40 PM,03:43 PM,3.0
13237,2024-09-28,CNB,01:10 AM,03:06 AM,116.0,01:15 AM,03:11 AM,116.0
13237,2024-09-29,BXR,01:24 PM,01:42 PM,18.0,01:26 PM,01:44 PM,18.0
13237,2024-09-29,DDU,03:30 PM,03:30 PM,0.0,03:40 PM,03:40 PM,0.0
13237,2024-09-29,CNB,01:10 AM,01:10 AM,0.0,01:15 AM,01:15 AM,0.0
12034,2024-09-02,CNB,08:50 PM,08:50 PM,0.0,08:50 PM,08:50 PM,0.0
12034,2024-09-03,CNB,08:50 PM,08:50 PM,0.0,08:50 PM,08:50 PM,0.0
12034,2024-09-04,CNB,08:50 PM,08:50 PM,0.0,08:50 PM,08:50 PM,0.0
12034,2024-09-05,CNB,08:50 PM,08:50 PM,0.0,08:50 PM,08:50 PM,0.0
12034,2024-09-06,CNB,08:50 PM,08:50 PM,0.0,08:50 PM,08:50 PM,0.0
12034,2024-09-07,CNB,08:50 PM,09:05 PM,15.0,08:50 PM,09:05 PM,15.0
12034,2024-09-09,CNB,08:50 PM,09:10 PM,20.0,08:50 PM,09:10 PM,20.0
12034,2024-09-10,CNB,08:50 PM,08:50 PM,0.0,08:50 PM,08:50 PM,0.0
12034,2024-09-11,CNB,08:50 PM,08:50 PM,0.0,08:50 PM,08:50 PM,0.0
12034,2024-09-12,CNB,08:50 PM,08:54 PM,4.0,08:50 PM,08:54 PM,4.0
12034,2024-09-13,CNB,08:50 PM,08:50 PM,0.0,08:50 PM,08:50 PM,0.0
12034,2024-09-14,CNB,08:50 PM,08:54 PM,4.0,08:50 PM,08:54 PM,4.0
12034,2024-09-17,CNB,08:50 PM,08:56 PM,6.0,08:50 PM,08:56 PM,6.0
12034,2024-09-18,CNB,08:50 PM,08:50 PM,0.0,08:50 PM,08:50 PM,0.0
12034,2024-09-19,CNB,08:50 PM,08:50 PM,0.0,08:50 PM,08:50 PM,0.0
12034,2024-09-20,CNB,08:50 PM,08:50 PM,0.0,08:50 PM,08:50 PM,0.0
12034,2024-09-21,CNB,08:50 PM,08:50 PM,0.0,08:50 PM,08:50 PM,0.0
12034,2024-09-23,CNB,08:50 PM,08:50 PM,0.0,08:50 PM,08:50 PM,0.0
12034,2024-09-25,CNB,08:50 PM,08:53 PM,3.0,08:50 PM,08:53 PM,3.0
12034,2024-09-26,CNB,08:50 PM,08:50 PM,0.0,08:50 PM,08:50 PM,0.0
12034,2024-09-27,CNB,08:50 PM,08:58 PM,8.0,08:50 PM,08:58 PM,8.0
12034,2024-09-28,CNB,08:50 PM,08:51 PM,0.0,08:50 PM,08:51 PM,0.0
12034,2024-09-30,CNB,08:50 PM,09:40 PM,50.0,08:50 PM,09:40 PM,50.0
2526,2024-09-01,PRYJ,02:05 AM,07:54 AM,349.0,02:15 AM,08:04 AM,349.0
2526,2024-09-01,DDU,04:42 AM,11:22 AM,400.0,04:52 AM,11:32 AM,400.0
2526,2024-09-01,BXR,05:53 AM,01:43 PM,470.0,05:55 AM,01:45 PM,470.0
2526,2024-09-08,PRYJ,02:05 AM,06:33 AM,268.0,02:15 AM,06:43 AM,268.0
2526,2024-09-08,DDU,04:42 AM,10:18 AM,336.0,04:52 AM,10:28 AM,336.0
2526,2024-09-08,BXR,05:53 AM,12:17 PM,384.0,05:55 AM,12:19 PM,384.0
2526,2024-09-15,PRYJ,02:05 AM,04:43 AM,158.0,02:15 AM,04:53 AM,158.0
2526,2024-09-15,DDU,04:42 AM,07:53 AM,191.0,04:52 AM,08:03 AM,191.0
2526,2024-09-15,BXR,05:53 AM,10:16 AM,263.0,05:55 AM,10:18 AM,263.0
2526,2024-09-22,PRYJ,02:05 AM,04:43 AM,158.0,02:15 AM,04:53 AM,158.0
2526,2024-09-22,DDU,04:42 AM,07:54 AM,192.0,04:52 AM,08:04 AM,192.0
2526,2024-09-22,BXR,05:53 AM,09:42 AM,229.0,05:55 AM,09:44 AM,229.0
2526,2024-09-29,PRYJ,02:05 AM,05:17 AM,192.0,02:15 AM,05:27 AM,192.0
2526,2024-09-29,DDU,04:42 AM,08:00 AM,198.0,04:52 AM,08:10 AM,198.0
2526,2024-09-29,BXR,05:53 AM,09:46 AM,233.0,05:55 AM,09:48 AM,233.0
12428,2024-09-01,CNB,03:15 AM,03:32 AM,17.0,03:20 AM,03:37 AM,17.0
12428,2024-09-01,PRYJ,06:10 AM,06:12 AM,2.0,06:15 AM,06:17 AM,2.0
12428,2024-09-02,CNB,03:15 AM,03:30 AM,15.0,03:20 AM,03:35 AM,15.0
12428,2024-09-02,PRYJ,06:10 AM,06:12 AM,2.0,06:15 AM,06:17 AM,2.0
12428,2024-09-03,CNB,03:15 AM,03:23 AM,8.0,03:20 AM,03:28 AM,8.0
12428,2024-09-03,PRYJ,06:10 AM,06:15 AM,5.0,06:15 AM,06:20 AM,5.0
12428,2024-09-04,CNB,03:15 AM,03:35 AM,20.0,03:20 AM,03:40 AM,20.0
12428,2024-09-04,PRYJ,06:10 AM,06:12 AM,2.0,06:15 AM,06:17 AM,2.0
12428,2024-09-05,CNB,03:15 AM,03:30 AM,15.0,03:20 AM,03:35 AM,15.0
12428,2024-09-05,PRYJ,06:10 AM,06:14 AM,4.0,06:15 AM,06:19 AM,4.0
12428,2024-09-06,CNB,03:15 AM,03:37 AM,22.0,03:20 AM,03:42 AM,22.0
12428,2024-09-06,PRYJ,06:10 AM,06:12 AM,2.0,06:15 AM,06:17 AM,2.0
12428,2024-09-07,CNB,03:15 AM,03:24 AM,9.0,03:20 AM,03:29 AM,9.0
12428,2024-09-07,PRYJ,06:10 AM,06:33 AM,23.0,06:15 AM,06:38 AM,23.0
12428,2024-09-08,CNB,03:15 AM,05:24 AM,129.0,03:20 AM,05:29 AM,129.0
12428,2024-09-08,PRYJ,06:10 AM,08:00 AM,110.0,06:15 AM,08:05 AM,110.0
12428,2024-09-09,CNB,03:15 AM,03:34 AM,19.0,03:20 AM,03:39 AM,19.0
12428,2024-09-09,PRYJ,06:10 AM,06:12 AM,2.0,06:15 AM,06:17 AM,2.0
12428,2024-09-10,CNB,03:15 AM,05:31 AM,136.0,03:20 AM,05:36 AM,136.0
12428,2024-09-10,PRYJ,06:10 AM,08:04 AM,114.0,06:15 AM,08:09 AM,114.0
12428,2024-09-11,CNB,03:15 AM,03:53 AM,38.0,03:20 AM,03:58 AM,38.0
12428,2024-09-11,PRYJ,06:10 AM,06:27 AM,17.0,06:15 AM,06:32 AM,17.0
12428,2024-09-12,CNB,03:15 AM,04:03 AM,48.0,03:20 AM,04:08 AM,48.0
12428,2024-09-12,PRYJ,06:10 AM,06:10 AM,0.0,06:15 AM,06:15 AM,0.0
12428,2024-09-13,CNB,03:15 AM,03:32 AM,17.0,03:20 AM,03:37 AM,17.0
12428,2024-09-13,PRYJ,06:10 AM,06:16 AM,6.0,06:15 AM,06:21 AM,6.0
12428,2024-09-14,CNB,03:15 AM,03:55 AM,40.0,03:20 AM,04:00 AM,40.0
12428,2024-09-14,PRYJ,06:10 AM,06:31 AM,21.0,06:15 AM,06:36 AM,21.0
12428,2024-09-15,CNB,03:15 AM,03:44 AM,29.0,03:20 AM,03:49 AM,29.0
12428,2024-09-15,PRYJ,06:10 AM,06:37 AM,27.0,06:15 AM,06:42 AM,27.0
12428,2024-09-16,CNB,03:15 AM,03:47 AM,32.0,03:20 AM,03:52 AM,32.0
12428,2024-09-16,PRYJ,06:10 AM,06:23 AM,13.0,06:15 AM,06:28 AM,13.0
12428,2024-09-17,CNB,03:15 AM,04:05 AM,50.0,03:20 AM,04:10 AM,50.0
12428,2024-09-17,PRYJ,06:10 AM,06:29 AM,19.0,06:15 AM,06:34 AM,19.0
12428,2024-09-18,CNB,03:15 AM,03:41 AM,26.0,03:20 AM,03:46 AM,26.0
12428,2024-09-18,PRYJ,06:10 AM,06:16 AM,6.0,06:15 AM,06:21 AM,6.0
12428,2024-09-19,CNB,03:15 AM,03:38 AM,23.0,03:20 AM,03:43 AM,23.0
12428,2024-09-19,PRYJ,06:10 AM,06:20 AM,10.0,06:15 AM,06:25 AM,10.0
12428,2024-09-20,CNB,03:15 AM,03:45 AM,30.0,03:20 AM,03:50 AM,30.0
12428,2024-09-20,PRYJ,06:10 AM,06:17 AM,7.0,06:15 AM,06:22 AM,7.0
12428,2024-09-21,CNB,03:15 AM,03:39 AM,24.0,03:20 AM,03:44 AM,24.0
12428,2024-09-21,PRYJ,06:10 AM,06:24 AM,14.0,06:15 AM,06:29 AM,14.0
12428,2024-09-22,CNB,03:15 AM,03:28 AM,13.0,03:20 AM,03:33 AM,13.0
12428,2024-09-22,PRYJ,06:10 AM,06:11 AM,0.0,06:15 AM,06:16 AM,0.0
12428,2024-09-23,CNB,03:15 AM,03:19 AM,4.0,03:20 AM,03:24 AM,4.0
12428,2024-09-23,PRYJ,06:10 AM,06:10 AM,0.0,06:15 AM,06:15 AM,0.0
12428,2024-09-24,CNB,03:15 AM,03:15 AM,0.0,03:20 AM,03:20 AM,0.0
12428,2024-09-24,PRYJ,06:10 AM,06:10 AM,0.0,06:15 AM,06:15 AM,0.0
12428,2024-09-25,CNB,03:15 AM,03:36 AM,21.0,03:20 AM,03:41 AM,21.0
12428,2024-09-25,PRYJ,06:10 AM,06:25 AM,15.0,06:15 AM,06:30 AM,15.0
12428,2024-09-26,CNB,03:15 AM,03:15 AM,0.0,03:20 AM,03:20 AM,0.0
12428,2024-09-26,PRYJ,06:10 AM,06:11 AM,0.0,06:15 AM,06:16 AM,0.0
12428,2024-09-27,CNB,03:15 AM,04:00 AM,45.0,03:20 AM,04:05 AM,45.0
12428,2024-09-27,PRYJ,06:10 AM,06:31 AM,21.0,06:15 AM,06:36 AM,21.0
12428,2024-09-28,CNB,03:15 AM,03:41 AM,26.0,03:20 AM,03:46 AM,26.0
12428,2024-09-28,PRYJ,06:10 AM,06:19 AM,9.0,06:15 AM,06:24 AM,9.0
12428,2024-09-29,CNB,03:15 AM,03:33 AM,18.0,03:20 AM,03:38 AM,18.0
12428,2024-09-29,PRYJ,06:10 AM,06:13 AM,3.0,06:15 AM,06:18 AM,3.0
12428,2024-09-30,CNB,03:15 AM,03:15 AM,0.0,03:20 AM,03:20 AM,0.0
12428,2024-09-30,PRYJ,06:10 AM,06:10 AM,0.0,06:15 AM,06:15 AM,0.0
22969,2024-09-05,CNB,07:30 PM,07:30 PM,0.0,07:35 PM,07:35 PM,0.0
22969,2024-09-05,PRYJ,10:50 PM,10:50 PM,0.0,11:00 PM,11:00 PM,0.0
22969,2024-09-12,CNB,07:30 PM,07:30 PM,0.0,07:35 PM,07:35 PM,0.0
22969,2024-09-12,PRYJ,10:50 PM,10:50 PM,0.0,11:00 PM,11:00 PM,0.0
22969,2024-09-19,CNB,07:30 PM,07:30 PM,0.0,07:35 PM,07:35 PM,0.0
22969,2024-09-19,PRYJ,10:50 PM,10:50 PM,0.0,11:00 PM,11:00 PM,0.0
22969,2024-09-26,CNB,07:30 PM,07:30 PM,0.0,07:35 PM,07:35 PM,0.0
22969,2024-09-26,PRYJ,10:50 PM,10:50 PM,0.0,11:00 PM,11:00 PM,0.0
15046,2024-09-01,CNB,11:30 AM,11:42 AM,12.0,11:35 AM,11:47 AM,12.0
15046,2024-09-08,CNB,11:30 AM,11:30 AM,0.0,11:35 AM,11:35 AM,0.0
15046,2024-09-15,CNB,11:30 AM,11:40 AM,10.0,11:35 AM,11:45 AM,10.0
15046,2024-09-22,CNB,11:30 AM,11:30 AM,0.0,11:35 AM,11:35 AM,0.0
15046,2024-09-29,CNB,11:30 AM,11:30 AM,0.0,11:35 AM,11:35 AM,0.0
1702,2024-09-17,DDU,06:35 PM,06:36 PM,0.0,06:45 PM,06:46 PM,0.0
1702,2024-09-22,DDU,06:35 PM,08:02 PM,87.0,06:45 PM,08:12 PM,87.0
1702,2024-09-27,DDU,06:35 PM,07:36 PM,61.0,06:45 PM,07:46 PM,61.0
5585,2024-09-27,DDU,05:00 AM,10:55 AM,355.0,05:10 AM,11:05 AM,355.0
12320,2024-09-05,CNB,12:50 AM,01:48 AM,58.0,12:55 AM,01:53 AM,58.0
12320,2024-09-05,PRYJ,03:40 AM,04:20 AM,40.0,03:45 AM,04:25 AM,40.0
12320,2024-09-05,DDU,06:10 AM,06:10 AM,0.0,06:20 AM,06:20 AM,0.0
12320,2024-09-12,CNB,12:50 AM,01:31 AM,41.0,12:55 AM,01:36 AM,41.0
12320,2024-09-12,PRYJ,03:40 AM,03:41 AM,0.0,03:45 AM,03:46 AM,0.0
12320,2024-09-12,DDU,06:10 AM,06:10 AM,0.0,06:20 AM,06:20 AM,0.0
12320,2024-09-19,CNB,12:50 AM,12:50 AM,0.0,12:55 AM,12:55 AM,0.0
12320,2024-09-19,PRYJ,03:40 AM,03:40 AM,0.0,03:45 AM,03:45 AM,0.0
12320,2024-09-19,DDU,06:10 AM,06:10 AM,0.0,06:20 AM,06:20 AM,0.0
12320,2024-09-26,CNB,12:50 AM,12:50 AM,0.0,12:55 AM,12:55 AM,0.0
12320,2024-09-26,PRYJ,03:40 AM,03:40 AM,0.0,03:45 AM,03:45 AM,0.0
12320,2024-09-26,DDU,06:10 AM,06:10 AM,0.0,06:20 AM,06:20 AM,0.0
11072,2024-09-01,PRYJ,07:10 PM,07:20 PM,10.0,07:30 PM,07:40 PM,10.0
11072,2024-09-02,PRYJ,07:10 PM,07:46 PM,36.0,07:30 PM,08:06 PM,36.0
11072,2024-09-03,PRYJ,07:10 PM,08:05 PM,55.0,07:30 PM,08:25 PM,55.0
11072,2024-09-04,PRYJ,07:10 PM,08:03 PM,53.0,07:30 PM,08:23 PM,53.0
11072,2024-09-05,PRYJ,07:10 PM,08:26 PM,76.0,07:30 PM,08:46 PM,76.0
11072,2024-09-06,PRYJ,07:10 PM,08:00 PM,50.0,07:30 PM,08:20 PM,50.0
11072,2024-09-07,PRYJ,07:10 PM,07:48 PM,38.0,07:30 PM,08:08 PM,38.0
11072,2024-09-08,PRYJ,07:10 PM,07:26 PM,16.0,07:30 PM,07:46 PM,16.0
11072,2024-09-09,PRYJ,07:10 PM,07:49 PM,39.0,07:30 PM,08:09 PM,39.0
11072,2024-09-10,PRYJ,07:10 PM,07:18 PM,8.0,07:30 PM,07:38 PM,8.0
11072,2024-09-11,PRYJ,07:10 PM,08:33 PM,83.0,07:30 PM,08:53 PM,83.0
11072,2024-09-12,PRYJ,07:10 PM,08:12 PM,62.0,07:30 PM,08:32 PM,62.0
11072,2024-09-13,PRYJ,07:10 PM,08:01 PM,51.0,07:30 PM,08:21 PM,51.0
11072,2024-09-14,PRYJ,07:10 PM,11:27 PM,257.0,07:30 PM,11:47 PM,257.0
11072,2024-09-15,PRYJ,07:10 PM,10:20 PM,190.0,07:30 PM,10:40 PM,190.0
11072,2024-09-16,PRYJ,07:10 PM,08:33 PM,83.0,07:30 PM,08:53 PM,83.0
11072,2024-09-17,PRYJ,07:10 PM,08:27 PM,77.0,07:30 PM,08:47 PM,77.0
11072,2024-09-18,PRYJ,07:10 PM,08:10 PM,60.0,07:30 PM,08:30 PM,60.0
11072,2024-09-19,PRYJ,07:10 PM,07:48 PM,38.0,07:30 PM,08:08 PM,38.0
11072,2024-09-20,PRYJ,07:10 PM,11:23 PM,253.0,07:30 PM,11:43 PM,253.0
11072,2024-09-21,PRYJ,07:10 PM,08:31 PM,81.0,07:30 PM,08:51 PM,81.0
11072,2024-09-22,PRYJ,07:10 PM,10:40 PM,210.0,07:30 PM,11:00 PM,210.0
11072,2024-09-23,PRYJ,07:10 PM,08:38 PM,88.0,07:30 PM,08:58 PM,88.0
11072,2024-09-24,PRYJ,07:10 PM,07:24 PM,14.0,07:30 PM,07:44 PM,14.0
11072,2024-09-25,PRYJ,07:10 PM,08:09 PM,59.0,07:30 PM,08:29 PM,59.0
11072,2024-09-26,PRYJ,07:10 PM,08:18 PM,68.0,07:30 PM,08:38 PM,68.0
11072,2024-09-27,PRYJ,07:10 PM,07:58 PM,48.0,07:30 PM,08:18 PM,48.0
11072,2024-09-28,PRYJ,07:10 PM,08:21 PM,71.0,07:30 PM,08:41 PM,71.0
11072,2024-09-29,PRYJ,07:10 PM,07:46 PM,36.0,07:30 PM,08:06 PM,36.0
11072,2024-09-30,PRYJ,07:10 PM,07:30 PM,20.0,07:30 PM,07:50 PM,20.0
20802,2024-09-01,CNB,03:40 AM,03:59 AM,19.0,03:45 AM,04:04 AM,19.0
20802,2024-09-01,PRYJ,06:20 AM,06:25 AM,5.0,06:25 AM,06:30 AM,5.0
20802,2024-09-01,DDU,09:05 AM,09:05 AM,0.0,09:15 AM,09:15 AM,0.0
20802,2024-09-01,BXR,10:36 AM,10:41 AM,5.0,10:38 AM,10:43 AM,5.0
20802,2024-09-03,CNB,03:40 AM,04:16 AM,36.0,03:45 AM,04:21 AM,36.0
20802,2024-09-03,PRYJ,06:20 AM,06:44 AM,24.0,06:25 AM,06:49 AM,24.0
20802,2024-09-03,DDU,09:05 AM,09:17 AM,12.0,09:15 AM,09:27 AM,12.0
20802,2024-09-03,BXR,10:36 AM,10:54 AM,18.0,10:38 AM,10:56 AM,18.0
20802,2024-09-04,CNB,03:40 AM,03:42 AM,2.0,03:45 AM,03:47 AM,2.0
20802,2024-09-04,PRYJ,06:20 AM,06:21 AM,0.0,06:25 AM,06:26 AM,0.0
20802,2024-09-04,DDU,09:05 AM,09:05 AM,0.0,09:15 AM,09:15 AM,0.0
20802,2024-09-04,BXR,10:36 AM,10:36 AM,0.0,10:38 AM,10:38 AM,0.0
20802,2024-09-05,CNB,03:40 AM,04:01 AM,21.0,03:45 AM,04:06 AM,21.0
20802,2024-09-05,PRYJ,06:20 AM,06:23 AM,3.0,06:25 AM,06:28 AM,3.0
20802,2024-09-05,DDU,09:05 AM,09:05 AM,0.0,09:15 AM,09:15 AM,0.0
20802,2024-09-05,BXR,10:36 AM,10:36 AM,0.0,10:38 AM,10:38 AM,0.0
20802,2024-09-06,CNB,03:40 AM,04:41 AM,61.0,03:45 AM,04:46 AM,61.0
20802,2024-09-06,PRYJ,06:20 AM,07:16 AM,56.0,06:25 AM,07:21 AM,56.0
20802,2024-09-06,DDU,09:05 AM,09:48 AM,43.0,09:15 AM,09:58 AM,43.0
20802,2024-09-06,BXR,10:36 AM,11:38 AM,62.0,10:38 AM,11:40 AM,62.0
20802,2024-09-07,CNB,03:40 AM,04:04 AM,24.0,03:45 AM,04:09 AM,24.0
20802,2024-09-07,PRYJ,06:20 AM,06:50 AM,30.0,06:25 AM,06:55 AM,30.0
20802,2024-09-07,DDU,09:05 AM,09:06 AM,0.0,09:15 AM,09:16 AM,0.0
20802,2024-09-07,BXR,10:36 AM,10:39 AM,3.0,10:38 AM,10:41 AM,3.0
20802,2024-09-08,CNB,03:40 AM,04:47 AM,67.0,03:45 AM,04:52 AM,67.0
20802,2024-09-08,PRYJ,06:20 AM,07:00 AM,40.0,06:25 AM,07:05 AM,40.0
20802,2024-09-08,DDU,09:05 AM,09:19 AM,14.0,09:15 AM,09:29 AM,14.0
20802,2024-09-08,BXR,10:36 AM,10:43 AM,7.0,10:38 AM,10:45 AM,7.0
20802,2024-09-09,CNB,03:40 AM,03:53 AM,13.0,03:45 AM,03:58 AM,13.0
20802,2024-09-09,PRYJ,06:20 AM,06:22 AM,2.0,06:25 AM,06:27 AM,2.0
20802,2024-09-09,DDU,09:05 AM,09:05 AM,0.0,09:15 AM,09:15 AM,0.0
20802,2024-09-09,BXR,10:36 AM,10:36 AM,0.0,10:38 AM,10:38 AM,0.0
20802,2024-09-10,CNB,03:40 AM,04:00 AM,20.0,03:45 AM,04:05 AM,20.0
20802,2024-09-10,PRYJ,06:20 AM,06:26 AM,6.0,06:25 AM,06:31 AM,6.0
20802,2024-09-10,DDU,09:05 AM,09:06 AM,0.0,09:15 AM,09:16 AM,0.0
20802,2024-09-10,BXR,10:36 AM,10:38 AM,2.0,10:38 AM,10:40 AM,2.0
20802,2024-09-12,CNB,03:40 AM,04:16 AM,36.0,03:45 AM,04:21 AM,36.0
20802,2024-09-12,PRYJ,06:20 AM,06:59 AM,39.0,06:25 AM,07:04 AM,39.0
20802,2024-09-12,DDU,09:05 AM,10:14 AM,69.0,09:15 AM,10:24 AM,69.0
20802,2024-09-12,BXR,10:36 AM,10:36 AM,0.0,10:38 AM,10:38 AM,0.0
20802,2024-09-13,CNB,03:40 AM,04:10 AM,30.0,03:45 AM,04:15 AM,30.0
20802,2024-09-13,PRYJ,06:20 AM,06:41 AM,21.0,06:25 AM,06:46 AM,21.0
20802,2024-09-13,DDU,09:05 AM,09:12 AM,7.0,09:15 AM,09:22 AM,7.0
20802,2024-09-13,BXR,10:36 AM,10:36 AM,0.0,10:38 AM,10:38 AM,0.0
20802,2024-09-14,CNB,03:40 AM,04:27 AM,47.0,03:45 AM,04:32 AM,47.0
20802,2024-09-14,PRYJ,06:20 AM,06:48 AM,28.0,06:25 AM,06:53 AM,28.0
20802,2024-09-14,DDU,09:05 AM,09:33 AM,28.0,09:15 AM,09:43 AM,28.0
20802,2024-09-14,BXR,10:36 AM,11:14 AM,38.0,10:38 AM,11:16 AM,38.0
20802,2024-09-15,CNB,03:40 AM,04:12 AM,32.0,03:45 AM,04:17 AM,32.0
20802,2024-09-15,PRYJ,06:20 AM,06:44 AM,24.0,06:25 AM,06:49 AM,24.0
20802,2024-09-15,DDU,09:05 AM,09:14 AM,9.0,09:15 AM,09:24 AM,9.0
20802,2024-09-15,BXR,10:36 AM,10:40 AM,4.0,10:38 AM,10:42 AM,4.0
20802,2024-09-16,CNB,03:40 AM,04:09 AM,29.0,03:45 AM,04:14 AM,29.0
20802,2024-09-16,PRYJ,06:20 AM,06:33 AM,13.0,06:25 AM,06:38 AM,13.0
20802,2024-09-16,DDU,09:05 AM,09:05 AM,0.0,09:15 AM,09:15 AM,0.0
20802,2024-09-16,BXR,10:36 AM,10:37 AM,0.0,10:38 AM,10:39 AM,0.0
20802,2024-09-17,CNB,03:40 AM,04:35 AM,55.0,03:45 AM,04:40 AM,55.0
20802,2024-09-17,PRYJ,06:20 AM,07:04 AM,44.0,06:25 AM,07:09 AM,44.0
20802,2024-09-17,DDU,09:05 AM,10:23 AM,78.0,09:15 AM,10:33 AM,78.0
20802,2024-09-17,BXR,10:36 AM,12:03 PM,87.0,10:38 AM,12:05 PM,87.0
20802,2024-09-18,CNB,03:40 AM,04:18 AM,38.0,03:45 AM,04:23 AM,38.0
20802,2024-09-18,PRYJ,06:20 AM,06:42 AM,22.0,06:25 AM,06:47 AM,22.0
20802,2024-09-18,DDU,09:05 AM,09:27 AM,22.0,09:15 AM,09:37 AM,22.0
20802,2024-09-18,BXR,10:36 AM,10:36 AM,0.0,10:38 AM,10:38 AM,0.0
20802,2024-09-19,CNB,03:40 AM,04:09 AM,29.0,03:45 AM,04:14 AM,29.0
20802,2024-09-19,PRYJ,06:20 AM,06:34 AM,14.0,06:25 AM,06:39 AM,14.0
20802,2024-09-19,DDU,09:05 AM,09:09 AM,4.0,09:15 AM,09:19 AM,4.0
20802,2024-09-19,BXR,10:36 AM,10:42 AM,6.0,10:38 AM,10:44 AM,6.0
20802,2024-09-20,CNB,03:40 AM,04:06 AM,26.0,03:45 AM,04:11 AM,26.0
20802,2024-09-20,PRYJ,06:20 AM,06:28 AM,8.0,06:25 AM,06:33 AM,8.0
20802,2024-09-20,DDU,09:05 AM,09:05 AM,0.0,09:15 AM,09:15 AM,0.0
20802,2024-09-20,BXR,10:36 AM,10:36 AM,0.0,10:38 AM,10:38 AM,0.0
20802,2024-09-21,CNB,03:40 AM,04:02 AM,22.0,03:45 AM,04:07 AM,22.0
20802,2024-09-21,PRYJ,06:20 AM,06:41 AM,21.0,06:25 AM,06:46 AM,21.0
20802,2024-09-21,DDU,09:05 AM,09:33 AM,28.0,09:15 AM,09:43 AM,28.0
20802,2024-09-21,BXR,10:36 AM,11:11 AM,35.0,10:38 AM,11:13 AM,35.0
20802,2024-09-22,CNB,03:40 AM,03:53 AM,13.0,03:45 AM,03:58 AM,13.0
20802,2024-09-22,PRYJ,06:20 AM,06:37 AM,17.0,06:25 AM,06:42 AM,17.0
20802,2024-09-22,DDU,09:05 AM,09:05 AM,0.0,09:15 AM,09:15 AM,0.0
20802,2024-09-22,BXR,10:36 AM,10:44 AM,8.0,10:38 AM,10:46 AM,8.0
20802,2024-09-23,CNB,03:40 AM,04:12 AM,32.0,03:45 AM,04:17 AM,32.0
20802,2024-09-23,PRYJ,06:20 AM,06:36 AM,16.0,06:25 AM,06:41 AM,16.0
20802,2024-09-23,DDU,09:05 AM,09:05 AM,0.0,09:15 AM,09:15 AM,0.0
20802,2024-09-23,BXR,10:36 AM,10:36 AM,0.0,10:38 AM,10:38 AM,0.0
20802,2024-09-24,CNB,03:40 AM,04:16 AM,36.0,03:45 AM,04:21 AM,36.0
20802,2024-09-24,PRYJ,06:20 AM,06:48 AM,28.0,06:25 AM,06:53 AM,28.0
20802,2024-09-24,DDU,09:05 AM,09:05 AM,0.0,09:15 AM,09:15 AM,0.0
20802,2024-09-24,BXR,10:36 AM,10:51 AM,15.0,10:38 AM,10:53 AM,15.0
20802,2024-09-25,CNB,03:40 AM,03:40 AM,0.0,03:45 AM,03:45 AM,0.0
20802,2024-09-25,PRYJ,06:20 AM,06:20 AM,0.0,06:25 AM,06:25 AM,0.0
20802,2024-09-25,DDU,09:05 AM,09:05 AM,0.0,09:15 AM,09:15 AM,0.0
20802,2024-09-25,BXR,10:36 AM,10:36 AM,0.0,10:38 AM,10:38 AM,0.0
20802,2024-09-26,CNB,03:40 AM,03:56 AM,16.0,03:45 AM,04:01 AM,16.0
20802,2024-09-26,PRYJ,06:20 AM,06:22 AM,2.0,06:25 AM,06:27 AM,2.0
20802,2024-09-26,DDU,09:05 AM,09:05 AM,0.0,09:15 AM,09:15 AM,0.0
20802,2024-09-26,BXR,10:36 AM,10:36 AM,0.0,10:38 AM,10:38 AM,0.0
20802,2024-09-27,CNB,03:40 AM,03:42 AM,2.0,03:45 AM,03:47 AM,2.0
20802,2024-09-27,PRYJ,06:20 AM,06:27 AM,7.0,06:25 AM,06:32 AM,7.0
20802,2024-09-27,DDU,09:05 AM,09:08 AM,3.0,09:15 AM,09:18 AM,3.0
20802,2024-09-27,BXR,10:36 AM,10:36 AM,0.0,10:38 AM,10:38 AM,0.0
20802,2024-09-28,CNB,03:40 AM,03:51 AM,11.0,03:45 AM,03:56 AM,11.0
20802,2024-09-28,PRYJ,06:20 AM,06:38 AM,18.0,06:25 AM,06:43 AM,18.0
20802,2024-09-28,DDU,09:05 AM,09:05 AM,0.0,09:15 AM,09:15 AM,0.0
20802,2024-09-28,BXR,10:36 AM,10:36 AM,0.0,10:38 AM,10:38 AM,0.0
20802,2024-09-29,CNB,03:40 AM,03:40 AM,0.0,03:45 AM,03:45 AM,0.0
20802,2024-09-29,PRYJ,06:20 AM,06:20 AM,0.0,06:25 AM,06:25 AM,0.0
20802,2024-09-29,DDU,09:05 AM,09:05 AM,0.0,09:15 AM,09:15 AM,0.0
20802,2024-09-29,BXR,10:36 AM,10:36 AM,0.0,10:38 AM,10:38 AM,0.0
20802,2024-09-30,CNB,03:40 AM,04:25 AM,45.0,03:45 AM,04:30 AM,45.0
20802,2024-09-30,PRYJ,06:20 AM,06:39 AM,19.0,06:25 AM,06:44 AM,19.0
20802,2024-09-30,DDU,09:05 AM,09:05 AM,0.0,09:15 AM,09:15 AM,0.0
20802,2024-09-30,BXR,10:36 AM,10:45 AM,9.0,10:38 AM,10:47 AM,9.0
9451,2024-09-06,CNB,11:10 PM,11:10 PM,0.0,11:15 PM,11:15 PM,0.0
9451,2024-09-13,CNB,11:10 PM,11:10 PM,0.0,11:15 PM,11:15 PM,0.0
9451,2024-09-20,CNB,11:10 PM,11:13 PM,3.0,11:15 PM,11:18 PM,3.0
9451,2024-09-27,CNB,11:10 PM,11:38 PM,28.0,11:15 PM,11:43 PM,28.0
2391,2024-09-07,BXR,12:15 AM,12:15 AM,0.0,12:17 AM,12:17 AM,0.0
2391,2024-09-07,DDU,02:10 AM,03:05 AM,55.0,02:20 AM,03:15 AM,55.0
2391,2024-09-07,PRYJ,05:10 AM,06:28 AM,78.0,05:15 AM,06:33 AM,78.0
2391,2024-09-07,CNB,07:35 AM,07:35 AM,0.0,07:45 AM,07:45 AM,0.0
2391,2024-09-14,BXR,12:15 AM,12:15 AM,0.0,12:17 AM,12:17 AM,0.0
2391,2024-09-14,DDU,02:10 AM,02:10 AM,0.0,02:20 AM,02:20 AM,0.0
2391,2024-09-14,PRYJ,05:10 AM,05:10 AM,0.0,05:15 AM,05:15 AM,0.0
2391,2024-09-14,CNB,07:35 AM,07:35 AM,0.0,07:45 AM,07:45 AM,0.0
2391,2024-09-21,BXR,12:15 AM,02:10 AM,115.0,12:17 AM,02:12 AM,115.0
2391,2024-09-21,DDU,02:10 AM,04:10 AM,120.0,02:20 AM,04:20 AM,120.0
2391,2024-09-21,PRYJ,05:10 AM,07:11 AM,121.0,05:15 AM,07:16 AM,121.0
2391,2024-09-21,CNB,07:35 AM,11:10 AM,215.0,07:45 AM,11:20 AM,215.0
2391,2024-09-28,BXR,12:15 AM,12:41 AM,26.0,12:17 AM,12:43 AM,26.0
2391,2024-09-28,DDU,02:10 AM,02:30 AM,20.0,02:20 AM,02:40 AM,20.0
2391,2024-09-28,PRYJ,05:10 AM,06:00 AM,50.0,05:15 AM,06:05 AM,50.0
2391,2024-09-28,CNB,07:35 AM,08:51 AM,76.0,07:45 AM,09:01 AM,76.0
12819,2024-09-01,DDU,08:30 AM,08:43 AM,13.0,08:40 AM,08:53 AM,13.0
12819,2024-09-01,CNB,01:20 PM,01:43 PM,23.0,01:25 PM,01:48 PM,23.0
12819,2024-09-04,DDU,08:30 AM,08:38 AM,8.0,08:40 AM,08:48 AM,8.0
12819,2024-09-04,CNB,01:20 PM,01:29 PM,9.0,01:25 PM,01:34 PM,9.0
12819,2024-09-08,DDU,08:30 AM,09:06 AM,36.0,08:40 AM,09:16 AM,36.0
12819,2024-09-08,CNB,01:20 PM,02:23 PM,63.0,01:25 PM,02:28 PM,63.0
12819,2024-09-11,DDU,08:30 AM,08:30 AM,0.0,08:40 AM,08:40 AM,0.0
12819,2024-09-11,CNB,01:20 PM,01:20 PM,0.0,01:25 PM,01:25 PM,0.0
12819,2024-09-15,DDU,08:30 AM,09:46 AM,76.0,08:40 AM,09:56 AM,76.0
12819,2024-09-15,CNB,01:20 PM,03:15 PM,115.0,01:25 PM,03:20 PM,115.0
12819,2024-09-18,DDU,08:30 AM,09:04 AM,34.0,08:40 AM,09:14 AM,34.0
12819,2024-09-18,CNB,01:20 PM,01:24 PM,4.0,01:25 PM,01:29 PM,4.0
12819,2024-09-22,DDU,08:30 AM,08:35 AM,5.0,08:40 AM,08:45 AM,5.0
12819,2024-09-22,CNB,01:20 PM,01:22 PM,2.0,01:25 PM,01:27 PM,2.0
12819,2024-09-25,DDU,08:30 AM,10:14 AM,104.0,08:40 AM,10:24 AM,104.0
12819,2024-09-25,CNB,01:20 PM,03:15 PM,115.0,01:25 PM,03:20 PM,115.0
12819,2024-09-29,DDU,08:30 AM,09:09 AM,39.0,08:40 AM,09:19 AM,39.0
12819,2024-09-29,CNB,01:20 PM,02:29 PM,69.0,01:25 PM,02:34 PM,69.0
12333,2024-09-01,BXR,06:02 AM,06:38 AM,36.0,06:04 AM,06:40 AM,36.0
12333,2024-09-01,DDU,08:20 AM,08:20 AM,0.0,08:30 AM,08:30 AM,0.0
12333,2024-09-02,BXR,06:02 AM,06:02 AM,0.0,06:04 AM,06:04 AM,0.0
12333,2024-09-02,DDU,08:20 AM,08:20 AM,0.0,08:30 AM,08:30 AM,0.0
12333,2024-09-03,BXR,06:02 AM,06:02 AM,0.0,06:04 AM,06:04 AM,0.0
12333,2024-09-03,DDU,08:20 AM,08:20 AM,0.0,08:30 AM,08:30 AM,0.0
12333,2024-09-04,BXR,06:02 AM,06:32 AM,30.0,06:04 AM,06:34 AM,30.0
12333,2024-09-04,DDU,08:20 AM,08:21 AM,0.0,08:30 AM,08:31 AM,0.0
12333,2024-09-05,BXR,06:02 AM,06:35 AM,33.0,06:04 AM,06:37 AM,33.0
12333,2024-09-05,DDU,08:20 AM,09:31 AM,71.0,08:30 AM,09:41 AM,71.0
12333,2024-09-06,BXR,06:02 AM,06:49 AM,47.0,06:04 AM,06:51 AM,47.0
12333,2024-09-06,DDU,08:20 AM,08:20 AM,0.0,08:30 AM,08:30 AM,0.0
12333,2024-09-07,BXR,06:02 AM,06:02 AM,0.0,06:04 AM,06:04 AM,0.0
12333,2024-09-07,DDU,08:20 AM,08:22 AM,2.0,08:30 AM,08:32 AM,2.0
12333,2024-09-08,BXR,06:02 AM,06:02 AM,0.0,06:04 AM,06:04 AM,0.0
12333,2024-09-08,DDU,08:20 AM,08:20 AM,0.0,08:30 AM,08:30 AM,0.0
12333,2024-09-09,BXR,06:02 AM,06:02 AM,0.0,06:04 AM,06:04 AM,0.0
12333,2024-09-09,DDU,08:20 AM,08:27 AM,7.0,08:30 AM,08:37 AM,7.0
12333,2024-09-10,BXR,06:02 AM,06:40 AM,38.0,06:04 AM,06:42 AM,38.0
12333,2024-09-10,DDU,08:20 AM,08:32 AM,12.0,08:30 AM,08:42 AM,12.0
12333,2024-09-11,BXR,06:02 AM,06:30 AM,28.0,06:04 AM,06:32 AM,28.0
12333,2024-09-11,DDU,08:20 AM,08:33 AM,13.0,08:30 AM,08:43 AM,13.0
12333,2024-09-12,BXR,06:02 AM,06:56 AM,54.0,06:04 AM,06:58 AM,54.0
12333,2024-09-12,DDU,08:20 AM,08:26 AM,6.0,08:30 AM,08:36 AM,6.0
12333,2024-09-13,BXR,06:02 AM,06:48 AM,46.0,06:04 AM,06:50 AM,46.0
12333,2024-09-13,DDU,08:20 AM,08:20 AM,0.0,08:30 AM,08:30 AM,0.0
12333,2024-09-14,BXR,06:02 AM,07:02 AM,60.0,06:04 AM,07:04 AM,60.0
12333,2024-09-14,DDU,08:20 AM,08:37 AM,17.0,08:30 AM,08:47 AM,17.0
12333,2024-09-15,BXR,06:02 AM,06:02 AM,0.0,06:04 AM,06:04 AM,0.0
12333,2024-09-15,DDU,08:20 AM,08:20 AM,0.0,08:30 AM,08:30 AM,0.0
12333,2024-09-16,BXR,06:02 AM,06:37 AM,35.0,06:04 AM,06:39 AM,35.0
12333,2024-09-16,DDU,08:20 AM,08:29 AM,9.0,08:30 AM,08:39 AM,9.0
12333,2024-09-17,BXR,06:02 AM,06:02 AM,0.0,06:04 AM,06:04 AM,0.0
12333,2024-09-17,DDU,08:20 AM,08:20 AM,0.0,08:30 AM,08:30 AM,0.0
12333,2024-09-18,BXR,06:02 AM,06:32 AM,30.0,06:04 AM,06:34 AM,30.0
12333,2024-09-18,DDU,08:20 AM,08:20 AM,0.0,08:30 AM,08:30 AM,0.0
12333,2024-09-19,BXR,06:02 AM,06:57 AM,55.0,06:04 AM,06:59 AM,55.0
12333,2024-09-19,DDU,08:20 AM,08:27 AM,7.0,08:30 AM,08:37 AM,7.0
12333,2024-09-20,BXR,06:02 AM,06:42 AM,40.0,06:04 AM,06:44 AM,40.0
12333,2024-09-20,DDU,08:20 AM,08:20 AM,0.0,08:30 AM,08:30 AM,0.0
12333,2024-09-21,BXR,06:02 AM,06:44 AM,42.0,06:04 AM,06:46 AM,42.0
12333,2024-09-21,DDU,08:20 AM,08:20 AM,0.0,08:30 AM,08:30 AM,0.0
12333,2024-09-22,BXR,06:02 AM,06:02 AM,0.0,06:04 AM,06:04 AM,0.0
12333,2024-09-22,DDU,08:20 AM,08:20 AM,0.0,08:30 AM,08:30 AM,0.0
12333,2024-09-23,BXR,06:02 AM,07:05 AM,63.0,06:04 AM,07:07 AM,63.0
12333,2024-09-23,DDU,08:20 AM,08:30 AM,10.0,08:30 AM,08:40 AM,10.0
12333,2024-09-24,BXR,06:02 AM,06:53 AM,51.0,06:04 AM,06:55 AM,51.0
12333,2024-09-24,DDU,08:20 AM,08:26 AM,6.0,08:30 AM,08:36 AM,6.0
12333,2024-09-25,BXR,06:02 AM,06:59 AM,57.0,06:04 AM,07:01 AM,57.0
12333,2024-09-25,DDU,08:20 AM,08:43 AM,23.0,08:30 AM,08:53 AM,23.0
12333,2024-09-26,BXR,06:02 AM,06:02 AM,0.0,06:04 AM,06:04 AM,0.0
12333,2024-09-26,DDU,08:20 AM,08:20 AM,0.0,08:30 AM,08:30 AM,0.0
12333,2024-09-27,BXR,06:02 AM,06:40 AM,38.0,06:04 AM,06:42 AM,38.0
12333,2024-09-27,DDU,08:20 AM,08:22 AM,2.0,08:30 AM,08:32 AM,2.0
12333,2024-09-28,BXR,06:02 AM,06:51 AM,49.0,06:04 AM,06:53 AM,49.0
12333,2024-09-28,DDU,08:20 AM,08:21 AM,0.0,08:30 AM,08:31 AM,0.0
12333,2024-09-29,BXR,06:02 AM,07:01 AM,59.0,06:04 AM,07:03 AM,59.0
12333,2024-09-29,DDU,08:20 AM,08:33 AM,13.0,08:30 AM,08:43 AM,13.0
12333,2024-09-30,BXR,06:02 AM,07:20 AM,78.0,06:04 AM,07:22 AM,78.0
12333,2024-09-30,DDU,08:20 AM,09:23 AM,63.0,08:30 AM,09:33 AM,63.0
15624,2024-09-06,BXR,02:58 PM,02:58 PM,0.0,03:00 PM,03:00 PM,0.0
15624,2024-09-06,DDU,05:55 PM,05:55 PM,0.0,06:05 PM,06:05 PM,0.0
15624,2024-09-13,BXR,02:58 PM,02:58 PM,0.0,03:00 PM,03:00 PM,0.0
15624,2024-09-13,DDU,05:55 PM,05:55 PM,0.0,06:05 PM,06:05 PM,0.0
15624,2024-09-20,BXR,02:58 PM,02:58 PM,0.0,03:00 PM,03:00 PM,0.0
15624,2024-09-20,DDU,05:55 PM,05:55 PM,0.0,06:05 PM,06:05 PM,0.0
15624,2024-09-27,BXR,02:58 PM,02:58 PM,0.0,03:00 PM,03:00 PM,0.0
15624,2024-09-27,DDU,05:55 PM,05:55 PM,0.0,06:05 PM,06:05 PM,0.0
14037,2024-09-02,DDU,01:50 AM,01:50 AM,0.0,02:00 AM,02:00 AM,0.0
14037,2024-09-02,PRYJ,04:00 AM,04:00 AM,0.0,04:05 AM,04:05 AM,0.0
14037,2024-09-02,CNB,06:25 AM,06:25 AM,0.0,06:30 AM,06:30 AM,0.0
14037,2024-09-09,DDU,01:50 AM,01:53 AM,3.0,02:00 AM,02:03 AM,3.0
14037,2024-09-09,PRYJ,04:00 AM,04:05 AM,5.0,04:05 AM,04:10 AM,5.0
14037,2024-09-09,CNB,06:25 AM,06:48 AM,23.0,06:30 AM,06:53 AM,23.0
14037,2024-09-23,DDU,01:50 AM,03:52 AM,122.0,02:00 AM,04:02 AM,122.0
14037,2024-09-23,PRYJ,04:00 AM,06:26 AM,146.0,04:05 AM,06:31 AM,146.0
14037,2024-09-23,CNB,06:25 AM,10:19 AM,234.0,06:30 AM,10:24 AM,234.0
14037,2024-09-30,DDU,01:50 AM,01:50 AM,0.0,02:00 AM,02:00 AM,0.0
14037,2024-09-30,PRYJ,04:00 AM,04:00 AM,0.0,04:05 AM,04:05 AM,0.0
14037,2024-09-30,CNB,06:25 AM,06:25 AM,0.0,06:30 AM,06:30 AM,0.0
22683,2024-09-02,PRYJ,12:35 PM,12:37 PM,2.0,01:00 PM,01:02 PM,2.0
22683,2024-09-09,PRYJ,12:35 PM,12:49 PM,14.0,01:00 PM,01:14 PM,14.0
22683,2024-09-16,PRYJ,12:35 PM,12:48 PM,13.0,01:00 PM,01:13 PM,13.0
22683,2024-09-23,PRYJ,12:35 PM,12:38 PM,3.0,01:00 PM,01:03 PM,3.0
22683,2024-09-30,PRYJ,12:35 PM,12:36 PM,0.0,01:00 PM,01:01 PM,0.0
15205,2024-09-01,CNB,07:00 PM,07:19 PM,19.0,07:05 PM,07:24 PM,19.0
15205,2024-09-02,CNB,07:00 PM,07:13 PM,13.0,07:05 PM,07:18 PM,13.0
15205,2024-09-03,CNB,07:00 PM,07:26 PM,26.0,07:05 PM,07:31 PM,26.0
15205,2024-09-04,CNB,07:00 PM,07:10 PM,10.0,07:05 PM,07:15 PM,10.0
15205,2024-09-05,CNB,07:00 PM,07:02 PM,2.0,07:05 PM,07:07 PM,2.0
15205,2024-09-06,CNB,07:00 PM,07:05 PM,5.0,07:05 PM,07:10 PM,5.0
15205,2024-09-07,CNB,07:00 PM,07:09 PM,9.0,07:05 PM,07:14 PM,9.0
15205,2024-09-08,CNB,07:00 PM,07:19 PM,19.0,07:05 PM,07:24 PM,19.0
15205,2024-09-09,CNB,07:00 PM,07:05 PM,5.0,07:05 PM,07:10 PM,5.0
15205,2024-09-10,CNB,07:00 PM,08:30 PM,90.0,07:05 PM,08:35 PM,90.0
15205,2024-09-11,CNB,07:00 PM,07:47 PM,47.0,07:05 PM,07:52 PM,47.0
15205,2024-09-12,CNB,07:00 PM,07:09 PM,9.0,07:05 PM,07:14 PM,9.0
15205,2024-09-13,CNB,07:00 PM,07:05 PM,5.0,07:05 PM,07:10 PM,5.0
15205,2024-09-14,CNB,07:00 PM,07:04 PM,4.0,07:05 PM,07:09 PM,4.0
15205,2024-09-15,CNB,07:00 PM,07:14 PM,14.0,07:05 PM,07:19 PM,14.0
15205,2024-09-16,CNB,07:00 PM,07:25 PM,25.0,07:05 PM,07:30 PM,25.0
15205,2024-09-17,CNB,07:00 PM,07:34 PM,34.0,07:05 PM,07:39 PM,34.0
15205,2024-09-18,CNB,07:00 PM,07:08 PM,8.0,07:05 PM,07:13 PM,8.0
15205,2024-09-19,CNB,07:00 PM,07:01 PM,0.0,07:05 PM,07:06 PM,0.0
15205,2024-09-20,CNB,07:00 PM,07:11 PM,11.0,07:05 PM,07:16 PM,11.0
15205,2024-09-21,CNB,07:00 PM,07:13 PM,13.0,07:05 PM,07:18 PM,13.0
15205,2024-09-22,CNB,07:00 PM,07:06 PM,6.0,07:05 PM,07:11 PM,6.0
15205,2024-09-23,CNB,07:00 PM,07:13 PM,13.0,07:05 PM,07:18 PM,13.0
15205,2024-09-24,CNB,07:00 PM,07:09 PM,9.0,07:05 PM,07:14 PM,9.0
15205,2024-09-25,CNB,07:00 PM,07:17 PM,17.0,07:05 PM,07:22 PM,17.0
15205,2024-09-26,CNB,07:00 PM,07:13 PM,13.0,07:05 PM,07:18 PM,13.0
15205,2024-09-27,CNB,07:00 PM,07:05 PM,5.0,07:05 PM,07:10 PM,5.0
15205,2024-09-28,CNB,07:00 PM,07:06 PM,6.0,07:05 PM,07:11 PM,6.0
15205,2024-09-29,CNB,07:00 PM,07:03 PM,3.0,07:05 PM,07:08 PM,3.0
15205,2024-09-30,CNB,07:00 PM,07:17 PM,17.0,07:05 PM,07:22 PM,17.0
12394,2024-09-01,CNB,10:22 PM,10:23 PM,0.0,10:30 PM,10:31 PM,0.0
12394,2024-09-01,DDU,03:18 AM,03:19 AM,0.0,03:28 AM,03:29 AM,0.0
12394,2024-09-02,CNB,10:22 PM,10:52 PM,30.0,10:30 PM,11:00 PM,30.0
12394,2024-09-02,DDU,03:18 AM,03:18 AM,0.0,03:28 AM,03:28 AM,0.0
12394,2024-09-03,CNB,10:22 PM,10:28 PM,6.0,10:30 PM,10:36 PM,6.0
12394,2024-09-03,DDU,03:18 AM,03:18 AM,0.0,03:28 AM,03:28 AM,0.0
12394,2024-09-04,CNB,10:22 PM,11:30 PM,68.0,10:30 PM,11:38 PM,68.0
12394,2024-09-04,DDU,03:18 AM,03:45 AM,27.0,03:28 AM,03:55 AM,27.0
12394,2024-09-06,CNB,10:22 PM,10:52 PM,30.0,10:30 PM,11:00 PM,30.0
12394,2024-09-06,DDU,03:18 AM,03:18 AM,0.0,03:28 AM,03:28 AM,0.0
12394,2024-09-07,CNB,10:22 PM,10:56 PM,34.0,10:30 PM,11:04 PM,34.0
12394,2024-09-07,DDU,03:18 AM,03:20 AM,2.0,03:28 AM,03:30 AM,2.0
12394,2024-09-08,CNB,10:22 PM,10:53 PM,31.0,10:30 PM,11:01 PM,31.0
12394,2024-09-08,DDU,03:18 AM,03:18 AM,0.0,03:28 AM,03:28 AM,0.0
12394,2024-09-09,CNB,10:22 PM,12:07 AM,105.0,10:30 PM,12:15 AM,105.0
12394,2024-09-09,DDU,03:18 AM,05:49 AM,151.0,03:28 AM,05:59 AM,151.0
12394,2024-09-10,CNB,10:22 PM,10:22 PM,0.0,10:30 PM,10:30 PM,0.0
12394,2024-09-10,DDU,03:18 AM,03:18 AM,0.0,03:28 AM,03:28 AM,0.0
12394,2024-09-11,CNB,10:22 PM,11:08 PM,46.0,10:30 PM,11:16 PM,46.0
12394,2024-09-11,DDU,03:18 AM,03:18 AM,0.0,03:28 AM,03:28 AM,0.0
12394,2024-09-12,CNB,10:22 PM,10:35 PM,13.0,10:30 PM,10:43 PM,13.0
12394,2024-09-12,DDU,03:18 AM,03:18 AM,0.0,03:28 AM,03:28 AM,0.0
12394,2024-09-14,CNB,10:22 PM,10:50 PM,28.0,10:30 PM,10:58 PM,28.0
12394,2024-09-14,DDU,03:18 AM,03:22 AM,4.0,03:28 AM,03:32 AM,4.0
12394,2024-09-15,CNB,10:22 PM,10:47 PM,25.0,10:30 PM,10:55 PM,25.0
12394,2024-09-15,DDU,03:18 AM,03:21 AM,3.0,03:28 AM,03:31 AM,3.0
12394,2024-09-16,CNB,10:22 PM,11:24 PM,62.0,10:30 PM,11:32 PM,62.0
12394,2024-09-16,DDU,03:18 AM,04:36 AM,78.0,03:28 AM,04:46 AM,78.0
12394,2024-09-17,CNB,10:22 PM,10:52 PM,30.0,10:30 PM,11:00 PM,30.0
12394,2024-09-17,DDU,03:18 AM,04:16 AM,58.0,03:28 AM,04:26 AM,58.0
12394,2024-09-18,CNB,10:22 PM,10:30 PM,8.0,10:30 PM,10:38 PM,8.0
12394,2024-09-18,DDU,03:18 AM,03:18 AM,0.0,03:28 AM,03:28 AM,0.0
12394,2024-09-19,CNB,10:22 PM,10:38 PM,16.0,10:30 PM,10:46 PM,16.0
12394,2024-09-19,DDU,03:18 AM,03:20 AM,2.0,03:28 AM,03:30 AM,2.0
12394,2024-09-20,CNB,10:22 PM,10:45 PM,23.0,10:30 PM,10:53 PM,23.0
12394,2024-09-20,DDU,03:18 AM,03:18 AM,0.0,03:28 AM,03:28 AM,0.0
12394,2024-09-21,CNB,10:22 PM,10:50 PM,28.0,10:30 PM,10:58 PM,28.0
12394,2024-09-21,DDU,03:18 AM,03:54 AM,36.0,03:28 AM,04:04 AM,36.0
12394,2024-09-22,CNB,10:22 PM,10:47 PM,25.0,10:30 PM,10:55 PM,25.0
12394,2024-09-22,DDU,03:18 AM,03:18 AM,0.0,03:28 AM,03:28 AM,0.0
12394,2024-09-23,CNB,10:22 PM,10:37 PM,15.0,10:30 PM,10:45 PM,15.0
12394,2024-09-23,DDU,03:18 AM,03:19 AM,0.0,03:28 AM,03:29 AM,0.0
12394,2024-09-24,CNB,10:22 PM,10:33 PM,11.0,10:30 PM,10:41 PM,11.0
12394,2024-09-24,DDU,03:18 AM,03:18 AM,0.0,03:28 AM,03:28 AM,0.0
12394,2024-09-25,CNB,10:22 PM,11:14 PM,52.0,10:30 PM,11:22 PM,52.0
12394,2024-09-25,DDU,03:18 AM,03:18 AM,0.0,03:28 AM,03:28 AM,0.0
12394,2024-09-26,CNB,10:22 PM,10:48 PM,26.0,10:30 PM,10:56 PM,26.0
12394,2024-09-26,DDU,03:18 AM,03:18 AM,0.0,03:28 AM,03:28 AM,0.0
12394,2024-09-27,CNB,10:22 PM,10:46 PM,24.0,10:30 PM,10:54 PM,24.0
12394,2024-09-27,DDU,03:18 AM,03:18 AM,0.0,03:28 AM,03:28 AM,0.0
12394,2024-09-28,CNB,10:22 PM,11:40 PM,78.0,10:30 PM,11:48 PM,78.0
12394,2024-09-28,DDU,03:18 AM,04:24 AM,66.0,03:28 AM,04:34 AM,66.0
12394,2024-09-29,CNB,10:22 PM,10:41 PM,19.0,10:30 PM,10:49 PM,19.0
12394,2024-09-29,DDU,03:18 AM,03:18 AM,0.0,03:28 AM,03:28 AM,0.0
12394,2024-09-30,CNB,10:22 PM,11:01 PM,39.0,10:30 PM,11:09 PM,39.0
12394,2024-09-30,DDU,03:18 AM,03:20 AM,2.0,03:28 AM,03:30 AM,2.0
19165,2024-09-01,CNB,11:25 PM,11:26 PM,0.0,11:30 PM,11:31 PM,0.0
19165,2024-09-04,CNB,11:25 PM,01:05 AM,100.0,11:30 PM,01:10 AM,100.0
19165,2024-09-06,CNB,11:25 PM,11:27 PM,2.0,11:30 PM,11:32 PM,2.0
19165,2024-09-08,CNB,11:25 PM,11:28 PM,3.0,11:30 PM,11:33 PM,3.0
19165,2024-09-11,CNB,11:25 PM,11:25 PM,0.0,11:30 PM,11:30 PM,0.0
19165,2024-09-13,CNB,11:25 PM,11:27 PM,2.0,11:30 PM,11:32 PM,2.0
19165,2024-09-18,CNB,11:25 PM,11:25 PM,0.0,11:30 PM,11:30 PM,0.0
19165,2024-09-20,CNB,11:25 PM,11:32 PM,7.0,11:30 PM,11:37 PM,7.0
19165,2024-09-22,CNB,11:25 PM,11:30 PM,5.0,11:30 PM,11:35 PM,5.0
19165,2024-09-25,CNB,11:25 PM,11:25 PM,0.0,11:30 PM,11:30 PM,0.0
19165,2024-09-27,CNB,11:25 PM,11:29 PM,4.0,11:30 PM,11:34 PM,4.0
19165,2024-09-29,CNB,11:25 PM,11:25 PM,0.0,11:30 PM,11:30 PM,0.0
20975,2024-09-10,DDU,04:40 AM,04:40 AM,0.0,04:50 AM,04:50 AM,0.0
20975,2024-09-17,DDU,04:40 AM,05:51 AM,71.0,04:50 AM,06:01 AM,71.0
20975,2024-09-24,DDU,04:40 AM,04:48 AM,8.0,04:50 AM,04:58 AM,8.0
4137,2024-09-01,CNB,03:30 PM,03:40 PM,10.0,03:35 PM,03:45 PM,10.0
4137,2024-09-08,CNB,03:30 PM,03:31 PM,0.0,03:35 PM,03:36 PM,0.0
4137,2024-09-11,CNB,03:30 PM,03:43 PM,13.0,03:35 PM,03:48 PM,13.0
4137,2024-09-15,CNB,03:30 PM,03:30 PM,0.0,03:35 PM,03:35 PM,0.0
4137,2024-09-18,CNB,03:30 PM,03:57 PM,27.0,03:35 PM,04:02 PM,27.0
4137,2024-09-22,CNB,03:30 PM,03:50 PM,20.0,03:35 PM,03:55 PM,20.0
4137,2024-09-25,CNB,03:30 PM,03:51 PM,21.0,03:35 PM,03:56 PM,21.0
4137,2024-09-29,CNB,03:30 PM,03:31 PM,0.0,03:35 PM,03:36 PM,0.0
22450,2024-09-08,CNB,05:20 AM,05:46 AM,26.0,05:25 AM,05:51 AM,26.0
22450,2024-09-08,PRYJ,07:50 AM,08:17 AM,27.0,07:55 AM,08:22 AM,27.0
22450,2024-09-08,DDU,10:50 AM,10:50 AM,0.0,11:00 AM,11:00 AM,0.0
22450,2024-09-11,CNB,05:20 AM,05:44 AM,24.0,05:25 AM,05:49 AM,24.0
22450,2024-09-11,PRYJ,07:50 AM,08:02 AM,12.0,07:55 AM,08:07 AM,12.0
22450,2024-09-11,DDU,10:50 AM,10:50 AM,0.0,11:00 AM,11:00 AM,0.0
22450,2024-09-15,CNB,05:20 AM,05:27 AM,7.0,05:25 AM,05:32 AM,7.0
22450,2024-09-15,PRYJ,07:50 AM,07:50 AM,0.0,07:55 AM,07:55 AM,0.0
22450,2024-09-15,DDU,10:50 AM,10:50 AM,0.0,11:00 AM,11:00 AM,0.0
22450,2024-09-18,CNB,05:20 AM,06:47 AM,87.0,05:25 AM,06:52 AM,87.0
22450,2024-09-18,PRYJ,07:50 AM,09:31 AM,101.0,07:55 AM,09:36 AM,101.0
22450,2024-09-18,DDU,10:50 AM,12:31 PM,101.0,11:00 AM,12:41 PM,101.0
22450,2024-09-25,CNB,05:20 AM,05:23 AM,3.0,05:25 AM,05:28 AM,3.0
22450,2024-09-25,PRYJ,07:50 AM,07:54 AM,4.0,07:55 AM,07:59 AM,4.0
22450,2024-09-25,DDU,10:50 AM,10:50 AM,0.0,11:00 AM,11:00 AM,0.0
22450,2024-09-29,CNB,05:20 AM,05:31 AM,11.0,05:25 AM,05:36 AM,11.0
22450,2024-09-29,PRYJ,07:50 AM,08:00 AM,10.0,07:55 AM,08:05 AM,10.0
22450,2024-09-29,DDU,10:50 AM,10:50 AM,0.0,11:00 AM,11:00 AM,0.0
9344,2024-09-27,BXR,11:44 PM,11:44 PM,0.0,11:46 PM,11:46 PM,0.0
9344,2024-09-27,DDU,01:55 AM,01:55 AM,0.0,02:00 AM,02:00 AM,0.0
15026,2024-09-02,CNB,07:05 PM,07:13 PM,8.0,07:15 PM,07:23 PM,8.0
15026,2024-09-06,CNB,07:05 PM,07:13 PM,8.0,07:15 PM,07:23 PM,8.0
15026,2024-09-09,CNB,07:05 PM,07:32 PM,27.0,07:15 PM,07:42 PM,27.0
15026,2024-09-13,CNB,07:05 PM,07:12 PM,7.0,07:15 PM,07:22 PM,7.0
15026,2024-09-16,CNB,07:05 PM,07:07 PM,2.0,07:15 PM,07:17 PM,2.0
15026,2024-09-20,CNB,07:05 PM,07:05 PM,0.0,07:15 PM,07:15 PM,0.0
15026,2024-09-23,CNB,07:05 PM,07:08 PM,3.0,07:15 PM,07:18 PM,3.0
15026,2024-09-27,CNB,07:05 PM,07:06 PM,0.0,07:15 PM,07:16 PM,0.0
15026,2024-09-30,CNB,07:05 PM,07:05 PM,0.0,07:15 PM,07:15 PM,0.0
12327,2024-09-03,BXR,10:50 PM,01:44 AM,174.0,10:52 PM,01:46 AM,174.0
12327,2024-09-03,DDU,12:25 AM,03:34 AM,189.0,12:35 AM,03:44 AM,189.0
12327,2024-09-06,BXR,10:50 PM,11:43 PM,53.0,10:52 PM,11:45 PM,53.0
12327,2024-09-06,DDU,12:25 AM,12:25 AM,0.0,12:35 AM,12:35 AM,0.0
12327,2024-09-10,BXR,10:50 PM,03:13 AM,263.0,10:52 PM,03:15 AM,263.0
12327,2024-09-10,DDU,12:25 AM,04:50 AM,265.0,12:35 AM,05:00 AM,265.0
12327,2024-09-13,BXR,10:50 PM,07:36 PM,1246.0,10:52 PM,07:38 PM,1246.0
12327,2024-09-13,DDU,12:25 AM,08:54 PM,1229.0,12:35 AM,09:04 PM,1229.0
12327,2024-09-17,BXR,10:50 PM,11:03 PM,13.0,10:52 PM,11:05 PM,13.0
12327,2024-09-17,DDU,12:25 AM,12:25 AM,0.0,12:35 AM,12:35 AM,0.0
12327,2024-09-20,BXR,10:50 PM,10:52 PM,2.0,10:52 PM,10:54 PM,2.0
12327,2024-09-20,DDU,12:25 AM,12:25 AM,0.0,12:35 AM,12:35 AM,0.0
12327,2024-09-24,BXR,10:50 PM,11:04 PM,14.0,10:52 PM,11:06 PM,14.0
12327,2024-09-24,DDU,12:25 AM,12:25 AM,0.0,12:35 AM,12:35 AM,0.0
12327,2024-09-27,BXR,10:50 PM,10:50 PM,0.0,10:52 PM,10:52 PM,0.0
12327,2024-09-27,DDU,12:25 AM,12:25 AM,0.0,12:35 AM,12:35 AM,0.0
20175,2024-09-23,PRYJ,04:50 PM,04:50 PM,0.0,04:55 PM,04:55 PM,0.0
20175,2024-09-23,CNB,06:57 PM,06:58 PM,0.0,07:02 PM,07:03 PM,0.0
20175,2024-09-24,PRYJ,04:50 PM,04:55 PM,5.0,04:55 PM,05:00 PM,5.0
20175,2024-09-24,CNB,06:57 PM,07:02 PM,5.0,07:02 PM,07:07 PM,5.0
20175,2024-09-25,PRYJ,04:50 PM,04:51 PM,0.0,04:55 PM,04:56 PM,0.0
20175,2024-09-25,CNB,06:57 PM,06:58 PM,0.0,07:02 PM,07:03 PM,0.0
20175,2024-09-26,PRYJ,04:50 PM,04:54 PM,4.0,04:55 PM,04:59 PM,4.0
20175,2024-09-26,CNB,06:57 PM,06:58 PM,0.0,07:02 PM,07:03 PM,0.0
20175,2024-09-28,PRYJ,04:50 PM,04:52 PM,2.0,04:55 PM,04:57 PM,2.0
20175,2024-09-28,CNB,06:57 PM,06:58 PM,0.0,07:02 PM,07:03 PM,0.0
20175,2024-09-29,PRYJ,04:50 PM,04:51 PM,0.0,04:55 PM,04:56 PM,0.0
20175,2024-09-29,CNB,06:57 PM,06:57 PM,0.0,07:02 PM,07:02 PM,0.0
3246,2024-09-13,DDU,08:55 PM,08:32 AM,697.0,09:05 PM,08:42 AM,697.0
3246,2024-09-13,BXR,10:07 PM,11:01 AM,774.0,10:09 PM,11:03 AM,774.0
12878,2024-09-01,CNB,08:52 PM,08:54 PM,2.0,08:57 PM,08:59 PM,2.0
12878,2024-09-01,PRYJ,10:58 PM,11:02 PM,4.0,11:00 PM,11:04 PM,4.0
12878,2024-09-01,DDU,01:07 AM,01:07 AM,0.0,01:17 AM,01:17 AM,0.0
12878,2024-09-03,CNB,08:52 PM,08:56 PM,4.0,08:57 PM,09:01 PM,4.0
12878,2024-09-03,PRYJ,10:58 PM,10:58 PM,0.0,11:00 PM,11:00 PM,0.0
12878,2024-09-03,DDU,01:07 AM,01:07 AM,0.0,01:17 AM,01:17 AM,0.0
12878,2024-09-05,CNB,08:52 PM,08:53 PM,0.0,08:57 PM,08:58 PM,0.0
12878,2024-09-05,PRYJ,10:58 PM,11:00 PM,2.0,11:00 PM,11:02 PM,2.0
12878,2024-09-05,DDU,01:07 AM,01:08 AM,0.0,01:17 AM,01:18 AM,0.0
12878,2024-09-08,CNB,08:52 PM,09:19 PM,27.0,08:57 PM,09:24 PM,27.0
12878,2024-09-08,PRYJ,10:58 PM,11:22 PM,24.0,11:00 PM,11:24 PM,24.0
12878,2024-09-08,DDU,01:07 AM,01:25 AM,18.0,01:17 AM,01:35 AM,18.0
12878,2024-09-10,CNB,08:52 PM,08:59 PM,7.0,08:57 PM,09:04 PM,7.0
12878,2024-09-10,PRYJ,10:58 PM,10:58 PM,0.0,11:00 PM,11:00 PM,0.0
12878,2024-09-10,DDU,01:07 AM,01:07 AM,0.0,01:17 AM,01:17 AM,0.0
12878,2024-09-12,CNB,08:52 PM,09:04 PM,12.0,08:57 PM,09:09 PM,12.0
12878,2024-09-12,PRYJ,10:58 PM,11:04 PM,6.0,11:00 PM,11:06 PM,6.0
12878,2024-09-12,DDU,01:07 AM,01:07 AM,0.0,01:17 AM,01:17 AM,0.0
12878,2024-09-15,CNB,08:52 PM,08:53 PM,0.0,08:57 PM,08:58 PM,0.0
12878,2024-09-15,PRYJ,10:58 PM,10:58 PM,0.0,11:00 PM,11:00 PM,0.0
12878,2024-09-15,DDU,01:07 AM,01:07 AM,0.0,01:17 AM,01:17 AM,0.0
12878,2024-09-17,CNB,08:52 PM,09:10 PM,18.0,08:57 PM,09:15 PM,18.0
12878,2024-09-17,PRYJ,10:58 PM,11:22 PM,24.0,11:00 PM,11:24 PM,24.0
12878,2024-09-17,DDU,01:07 AM,01:24 AM,17.0,01:17 AM,01:34 AM,17.0
12878,2024-09-19,CNB,08:52 PM,09:11 PM,19.0,08:57 PM,09:16 PM,19.0
12878,2024-09-19,PRYJ,10:58 PM,11:20 PM,22.0,11:00 PM,11:22 PM,22.0
12878,2024-09-19,DDU,01:07 AM,01:07 AM,0.0,01:17 AM,01:17 AM,0.0
12878,2024-09-22,CNB,08:52 PM,09:06 PM,14.0,08:57 PM,09:11 PM,14.0
12878,2024-09-22,PRYJ,10:58 PM,11:14 PM,16.0,11:00 PM,11:16 PM,16.0
12878,2024-09-22,DDU,01:07 AM,01:07 AM,0.0,01:17 AM,01:17 AM,0.0
12878,2024-09-24,CNB,08:52 PM,08:55 PM,3.0,08:57 PM,09:00 PM,3.0
12878,2024-09-24,PRYJ,10:58 PM,10:59 PM,0.0,11:00 PM,11:01 PM,0.0
12878,2024-09-24,DDU,01:07 AM,01:07 AM,0.0,01:17 AM,01:17 AM,0.0
12878,2024-09-26,CNB,08:52 PM,09:19 PM,27.0,08:57 PM,09:24 PM,27.0
12878,2024-09-26,PRYJ,10:58 PM,10:58 PM,0.0,11:00 PM,11:00 PM,0.0
12878,2024-09-26,DDU,01:07 AM,01:07 AM,0.0,01:17 AM,01:17 AM,0.0
14123,2024-09-01,CNB,09:40 AM,11:29 AM,109.0,09:40 AM,11:29 AM,109.0
14123,2024-09-02,CNB,09:40 AM,09:40 AM,0.0,09:40 AM,09:40 AM,0.0
14123,2024-09-03,CNB,09:40 AM,09:59 AM,19.0,09:40 AM,09:59 AM,19.0
14123,2024-09-04,CNB,09:40 AM,10:04 AM,24.0,09:40 AM,10:04 AM,24.0
14123,2024-09-05,CNB,09:40 AM,09:51 AM,11.0,09:40 AM,09:51 AM,11.0
14123,2024-09-06,CNB,09:40 AM,10:05 AM,25.0,09:40 AM,10:05 AM,25.0
14123,2024-09-07,CNB,09:40 AM,09:40 AM,0.0,09:40 AM,09:40 AM,0.0
14123,2024-09-08,CNB,09:40 AM,09:40 AM,0.0,09:40 AM,09:40 AM,0.0
14123,2024-09-09,CNB,09:40 AM,09:40 AM,0.0,09:40 AM,09:40 AM,0.0
14123,2024-09-10,CNB,09:40 AM,09:58 AM,18.0,09:40 AM,09:58 AM,18.0
14123,2024-09-11,CNB,09:40 AM,12:28 PM,168.0,09:40 AM,12:28 PM,168.0
14123,2024-09-12,CNB,09:40 AM,10:06 AM,26.0,09:40 AM,10:06 AM,26.0
14123,2024-09-13,CNB,09:40 AM,10:03 AM,23.0,09:40 AM,10:03 AM,23.0
14123,2024-09-14,CNB,09:40 AM,09:58 AM,18.0,09:40 AM,09:58 AM,18.0
14123,2024-09-15,CNB,09:40 AM,10:02 AM,22.0,09:40 AM,10:02 AM,22.0
14123,2024-09-16,CNB,09:40 AM,09:40 AM,0.0,09:40 AM,09:40 AM,0.0
14123,2024-09-17,CNB,09:40 AM,09:40 AM,0.0,09:40 AM,09:40 AM,0.0
14123,2024-09-18,CNB,09:40 AM,09:44 AM,4.0,09:40 AM,09:44 AM,4.0
14123,2024-09-19,CNB,09:40 AM,09:40 AM,0.0,09:40 AM,09:40 AM,0.0
14123,2024-09-20,CNB,09:40 AM,09:52 AM,12.0,09:40 AM,09:52 AM,12.0
14123,2024-09-21,CNB,09:40 AM,09:40 AM,0.0,09:40 AM,09:40 AM,0.0
14123,2024-09-22,CNB,09:40 AM,10:07 AM,27.0,09:40 AM,10:07 AM,27.0
14123,2024-09-23,CNB,09:40 AM,09:52 AM,12.0,09:40 AM,09:52 AM,12.0
14123,2024-09-24,CNB,09:40 AM,09:40 AM,0.0,09:40 AM,09:40 AM,0.0
14123,2024-09-25,CNB,09:40 AM,09:40 AM,0.0,09:40 AM,09:40 AM,0.0
14123,2024-09-26,CNB,09:40 AM,09:41 AM,0.0,09:40 AM,09:41 AM,0.0
14123,2024-09-27,CNB,09:40 AM,09:50 AM,10.0,09:40 AM,09:50 AM,10.0
14123,2024-09-28,CNB,09:40 AM,10:09 AM,29.0,09:40 AM,10:09 AM,29.0
14123,2024-09-29,CNB,09:40 AM,09:42 AM,2.0,09:40 AM,09:42 AM,2.0
14123,2024-09-30,CNB,09:40 AM,09:43 AM,3.0,09:40 AM,09:43 AM,3.0
12423,2024-09-01,DDU,12:55 AM,12:55 AM,0.0,01:05 AM,01:05 AM,0.0
12423,2024-09-01,PRYJ,02:53 AM,02:53 AM,0.0,02:55 AM,02:55 AM,0.0
12423,2024-09-01,CNB,05:00 AM,05:00 AM,0.0,05:05 AM,05:05 AM,0.0
12423,2024-09-02,DDU,12:55 AM,03:49 AM,174.0,01:05 AM,03:59 AM,174.0
12423,2024-09-02,PRYJ,02:53 AM,02:53 AM,0.0,02:55 AM,02:55 AM,0.0
12423,2024-09-02,CNB,05:00 AM,07:50 AM,170.0,05:05 AM,07:55 AM,170.0
12423,2024-09-03,DDU,12:55 AM,12:55 AM,0.0,01:05 AM,01:05 AM,0.0
12423,2024-09-03,PRYJ,02:53 AM,02:53 AM,0.0,02:55 AM,02:55 AM,0.0
12423,2024-09-03,CNB,05:00 AM,05:00 AM,0.0,05:05 AM,05:05 AM,0.0
12423,2024-09-04,DDU,12:55 AM,12:55 AM,0.0,01:05 AM,01:05 AM,0.0
12423,2024-09-04,PRYJ,02:53 AM,02:53 AM,0.0,02:55 AM,02:55 AM,0.0
12423,2024-09-04,CNB,05:00 AM,05:00 AM,0.0,05:05 AM,05:05 AM,0.0
12423,2024-09-05,DDU,12:55 AM,12:55 AM,0.0,01:05 AM,01:05 AM,0.0
12423,2024-09-05,PRYJ,02:53 AM,02:53 AM,0.0,02:55 AM,02:55 AM,0.0
12423,2024-09-05,CNB,05:00 AM,05:00 AM,0.0,05:05 AM,05:05 AM,0.0
12423,2024-09-06,DDU,12:55 AM,12:55 AM,0.0,01:05 AM,01:05 AM,0.0
12423,2024-09-06,PRYJ,02:53 AM,02:53 AM,0.0,02:55 AM,02:55 AM,0.0
12423,2024-09-06,CNB,05:00 AM,05:00 AM,0.0,05:05 AM,05:05 AM,0.0
12423,2024-09-07,DDU,12:55 AM,12:56 AM,0.0,01:05 AM,01:06 AM,0.0
12423,2024-09-07,PRYJ,02:53 AM,03:00 AM,7.0,02:55 AM,03:02 AM,7.0
12423,2024-09-07,CNB,05:00 AM,05:08 AM,8.0,05:05 AM,05:13 AM,8.0
12423,2024-09-08,DDU,12:55 AM,01:01 AM,6.0,01:05 AM,01:11 AM,6.0
12423,2024-09-08,PRYJ,02:53 AM,03:01 AM,8.0,02:55 AM,03:03 AM,8.0
12423,2024-09-08,CNB,05:00 AM,05:09 AM,9.0,05:05 AM,05:14 AM,9.0
12423,2024-09-09,DDU,12:55 AM,12:57 AM,2.0,01:05 AM,01:07 AM,2.0
12423,2024-09-09,PRYJ,02:53 AM,03:06 AM,13.0,02:55 AM,03:08 AM,13.0
12423,2024-09-09,CNB,05:00 AM,05:14 AM,14.0,05:05 AM,05:19 AM,14.0
12423,2024-09-10,DDU,12:55 AM,12:55 AM,0.0,01:05 AM,01:05 AM,0.0
12423,2024-09-10,PRYJ,02:53 AM,03:59 AM,66.0,02:55 AM,04:01 AM,66.0
12423,2024-09-10,CNB,05:00 AM,06:33 AM,93.0,05:05 AM,06:38 AM,93.0
12423,2024-09-11,DDU,12:55 AM,12:55 AM,0.0,01:05 AM,01:05 AM,0.0
12423,2024-09-11,PRYJ,02:53 AM,02:53 AM,0.0,02:55 AM,02:55 AM,0.0
12423,2024-09-11,CNB,05:00 AM,05:00 AM,0.0,05:05 AM,05:05 AM,0.0
12423,2024-09-12,DDU,12:55 AM,12:55 AM,0.0,01:05 AM,01:05 AM,0.0
12423,2024-09-12,PRYJ,02:53 AM,03:05 AM,12.0,02:55 AM,03:07 AM,12.0
12423,2024-09-12,CNB,05:00 AM,05:13 AM,13.0,05:05 AM,05:18 AM,13.0
12423,2024-09-13,DDU,12:55 AM,02:26 AM,91.0,01:05 AM,02:36 AM,91.0
12423,2024-09-13,PRYJ,02:53 AM,04:22 AM,89.0,02:55 AM,04:24 AM,89.0
12423,2024-09-13,CNB,05:00 AM,06:30 AM,90.0,05:05 AM,06:35 AM,90.0
12423,2024-09-14,DDU,12:55 AM,12:55 AM,0.0,01:05 AM,01:05 AM,0.0
12423,2024-09-14,PRYJ,02:53 AM,02:53 AM,0.0,02:55 AM,02:55 AM,0.0
12423,2024-09-14,CNB,05:00 AM,05:00 AM,0.0,05:05 AM,05:05 AM,0.0
12423,2024-09-15,DDU,12:55 AM,12:56 AM,0.0,01:05 AM,01:06 AM,0.0
12423,2024-09-15,PRYJ,02:53 AM,03:00 AM,7.0,02:55 AM,03:02 AM,7.0
12423,2024-09-15,CNB,05:00 AM,05:08 AM,8.0,05:05 AM,05:13 AM,8.0
12423,2024-09-16,DDU,12:55 AM,12:56 AM,0.0,01:05 AM,01:06 AM,0.0
12423,2024-09-16,PRYJ,02:53 AM,03:05 AM,12.0,02:55 AM,03:07 AM,12.0
12423,2024-09-16,CNB,05:00 AM,05:28 AM,28.0,05:05 AM,05:33 AM,28.0
12423,2024-09-17,DDU,12:55 AM,12:55 AM,0.0,01:05 AM,01:05 AM,0.0
12423,2024-09-17,PRYJ,02:53 AM,03:07 AM,14.0,02:55 AM,03:09 AM,14.0
12423,2024-09-17,CNB,05:00 AM,05:14 AM,14.0,05:05 AM,05:19 AM,14.0
12423,2024-09-18,DDU,12:55 AM,12:55 AM,0.0,01:05 AM,01:05 AM,0.0
12423,2024-09-18,PRYJ,02:53 AM,03:15 AM,22.0,02:55 AM,03:17 AM,22.0
12423,2024-09-18,CNB,05:00 AM,05:22 AM,22.0,05:05 AM,05:27 AM,22.0
12423,2024-09-19,DDU,12:55 AM,12:59 AM,4.0,01:05 AM,01:09 AM,4.0
12423,2024-09-19,PRYJ,02:53 AM,03:59 AM,66.0,02:55 AM,04:01 AM,66.0
12423,2024-09-19,CNB,05:00 AM,07:06 AM,126.0,05:05 AM,07:11 AM,126.0
12423,2024-09-20,DDU,12:55 AM,02:37 AM,102.0,01:05 AM,02:47 AM,102.0
12423,2024-09-20,PRYJ,02:53 AM,02:53 AM,0.0,02:55 AM,02:55 AM,0.0
12423,2024-09-20,CNB,05:00 AM,05:00 AM,0.0,05:05 AM,05:05 AM,0.0
12423,2024-09-21,DDU,12:55 AM,12:55 AM,0.0,01:05 AM,01:05 AM,0.0
12423,2024-09-21,PRYJ,02:53 AM,03:00 AM,7.0,02:55 AM,03:02 AM,7.0
12423,2024-09-21,CNB,05:00 AM,05:04 AM,4.0,05:05 AM,05:09 AM,4.0
12423,2024-09-22,DDU,12:55 AM,12:56 AM,0.0,01:05 AM,01:06 AM,0.0
12423,2024-09-22,PRYJ,02:53 AM,02:53 AM,0.0,02:55 AM,02:55 AM,0.0
12423,2024-09-22,CNB,05:00 AM,05:01 AM,0.0,05:05 AM,05:06 AM,0.0
12423,2024-09-23,DDU,12:55 AM,01:50 AM,55.0,01:05 AM,02:00 AM,55.0
12423,2024-09-23,PRYJ,02:53 AM,04:15 AM,82.0,02:55 AM,04:17 AM,82.0
12423,2024-09-23,CNB,05:00 AM,06:34 AM,94.0,05:05 AM,06:39 AM,94.0
12423,2024-09-24,DDU,12:55 AM,12:55 AM,0.0,01:05 AM,01:05 AM,0.0
12423,2024-09-24,PRYJ,02:53 AM,02:53 AM,0.0,02:55 AM,02:55 AM,0.0
12423,2024-09-24,CNB,05:00 AM,05:00 AM,0.0,05:05 AM,05:05 AM,0.0
12423,2024-09-25,DDU,12:55 AM,02:37 AM,102.0,01:05 AM,02:47 AM,102.0
12423,2024-09-25,PRYJ,02:53 AM,04:41 AM,108.0,02:55 AM,04:43 AM,108.0
12423,2024-09-25,CNB,05:00 AM,06:54 AM,114.0,05:05 AM,06:59 AM,114.0
12423,2024-09-26,DDU,12:55 AM,12:55 AM,0.0,01:05 AM,01:05 AM,0.0
12423,2024-09-26,PRYJ,02:53 AM,02:57 AM,4.0,02:55 AM,02:59 AM,4.0
12423,2024-09-26,CNB,05:00 AM,05:06 AM,6.0,05:05 AM,05:11 AM,6.0
12423,2024-09-27,DDU,12:55 AM,01:27 AM,32.0,01:05 AM,01:37 AM,32.0
12423,2024-09-27,PRYJ,02:53 AM,03:29 AM,36.0,02:55 AM,03:31 AM,36.0
12423,2024-09-27,CNB,05:00 AM,05:35 AM,35.0,05:05 AM,05:40 AM,35.0
12423,2024-09-28,DDU,12:55 AM,12:56 AM,0.0,01:05 AM,01:06 AM,0.0
12423,2024-09-28,PRYJ,02:53 AM,02:57 AM,4.0,02:55 AM,02:59 AM,4.0
12423,2024-09-28,CNB,05:00 AM,05:06 AM,6.0,05:05 AM,05:11 AM,6.0
12423,2024-09-29,DDU,12:55 AM,02:04 AM,69.0,01:05 AM,02:14 AM,69.0
12423,2024-09-29,PRYJ,02:53 AM,04:15 AM,82.0,02:55 AM,04:17 AM,82.0
12423,2024-09-29,CNB,05:00 AM,06:26 AM,86.0,05:05 AM,06:31 AM,86.0
12423,2024-09-30,DDU,12:55 AM,12:56 AM,0.0,01:05 AM,01:06 AM,0.0
12423,2024-09-30,PRYJ,02:53 AM,03:05 AM,12.0,02:55 AM,03:07 AM,12.0
12423,2024-09-30,CNB,05:00 AM,05:11 AM,11.0,05:05 AM,05:16 AM,11.0
11801,2024-09-01,PRYJ,06:30 PM,06:30 PM,0.0,06:30 PM,06:30 PM,0.0
11801,2024-09-02,PRYJ,06:30 PM,06:30 PM,0.0,06:30 PM,06:30 PM,0.0
11801,2024-09-03,PRYJ,06:30 PM,06:30 PM,0.0,06:30 PM,06:30 PM,0.0
11801,2024-09-04,PRYJ,06:30 PM,06:30 PM,0.0,06:30 PM,06:30 PM,0.0
11801,2024-09-05,PRYJ,06:30 PM,06:30 PM,0.0,06:30 PM,06:30 PM,0.0
11801,2024-09-06,PRYJ,06:30 PM,06:30 PM,0.0,06:30 PM,06:30 PM,0.0
11801,2024-09-07,PRYJ,06:30 PM,06:30 PM,0.0,06:30 PM,06:30 PM,0.0
11801,2024-09-08,PRYJ,06:30 PM,06:30 PM,0.0,06:30 PM,06:30 PM,0.0
11801,2024-09-09,PRYJ,06:30 PM,06:30 PM,0.0,06:30 PM,06:30 PM,0.0
11801,2024-09-10,PRYJ,06:30 PM,06:30 PM,0.0,06:30 PM,06:30 PM,0.0
11801,2024-09-11,PRYJ,06:30 PM,06:30 PM,0.0,06:30 PM,06:30 PM,0.0
11801,2024-09-12,PRYJ,06:30 PM,06:30 PM,0.0,06:30 PM,06:30 PM,0.0
11801,2024-09-13,PRYJ,06:30 PM,06:30 PM,0.0,06:30 PM,06:30 PM,0.0
11801,2024-09-14,PRYJ,06:30 PM,06:30 PM,0.0,06:30 PM,06:30 PM,0.0
11801,2024-09-15,PRYJ,06:30 PM,06:30 PM,0.0,06:30 PM,06:30 PM,0.0
11801,2024-09-16,PRYJ,06:30 PM,07:09 PM,39.0,06:30 PM,07:09 PM,39.0
11801,2024-09-17,PRYJ,06:30 PM,09:51 PM,201.0,06:30 PM,09:51 PM,201.0
11801,2024-09-18,PRYJ,06:30 PM,06:34 PM,4.0,06:30 PM,06:34 PM,4.0
11801,2024-09-19,PRYJ,06:30 PM,06:30 PM,0.0,06:30 PM,06:30 PM,0.0
11801,2024-09-20,PRYJ,06:30 PM,07:08 PM,38.0,06:30 PM,07:08 PM,38.0
11801,2024-09-21,PRYJ,06:30 PM,06:30 PM,0.0,06:30 PM,06:30 PM,0.0
11801,2024-09-22,PRYJ,06:30 PM,06:34 PM,4.0,06:30 PM,06:34 PM,4.0
11801,2024-09-23,PRYJ,06:30 PM,06:42 PM,12.0,06:30 PM,06:42 PM,12.0
11801,2024-09-24,PRYJ,06:30 PM,06:30 PM,0.0,06:30 PM,06:30 PM,0.0
11801,2024-09-25,PRYJ,06:30 PM,06:42 PM,12.0,06:30 PM,06:42 PM,12.0
11801,2024-09-26,PRYJ,06:30 PM,06:30 PM,0.0,06:30 PM,06:30 PM,0.0
11801,2024-09-27,PRYJ,06:30 PM,06:39 PM,9.0,06:30 PM,06:39 PM,9.0
11801,2024-09-28,PRYJ,06:30 PM,06:41 PM,11.0,06:30 PM,06:41 PM,11.0
11801,2024-09-29,PRYJ,06:30 PM,06:46 PM,16.0,06:30 PM,06:46 PM,16.0
11801,2024-09-30,PRYJ,06:30 PM,06:39 PM,9.0,06:30 PM,06:39 PM,9.0
12444,2024-09-03,CNB,01:10 AM,01:23 AM,13.0,01:15 AM,01:28 AM,13.0
12444,2024-09-03,PRYJ,03:45 AM,03:46 AM,0.0,03:50 AM,03:51 AM,0.0
12444,2024-09-03,DDU,06:10 AM,06:13 AM,3.0,06:20 AM,06:23 AM,3.0
12444,2024-09-10,CNB,01:10 AM,01:30 AM,20.0,01:15 AM,01:35 AM,20.0
12444,2024-09-10,PRYJ,03:45 AM,03:51 AM,6.0,03:50 AM,03:56 AM,6.0
12444,2024-09-10,DDU,06:10 AM,06:12 AM,2.0,06:20 AM,06:22 AM,2.0
12444,2024-09-17,CNB,01:10 AM,02:18 AM,68.0,01:15 AM,02:23 AM,68.0
12444,2024-09-17,PRYJ,03:45 AM,04:29 AM,44.0,03:50 AM,04:34 AM,44.0
12444,2024-09-17,DDU,06:10 AM,07:31 AM,81.0,06:20 AM,07:41 AM,81.0
12444,2024-09-24,CNB,01:10 AM,01:12 AM,2.0,01:15 AM,01:17 AM,2.0
12444,2024-09-24,PRYJ,03:45 AM,03:45 AM,0.0,03:50 AM,03:50 AM,0.0
12444,2024-09-24,DDU,06:10 AM,06:10 AM,0.0,06:20 AM,06:20 AM,0.0
14114,2024-09-01,CNB,03:05 AM,03:08 AM,3.0,03:10 AM,03:13 AM,3.0
14114,2024-09-02,CNB,03:05 AM,03:05 AM,0.0,03:10 AM,03:10 AM,0.0
14114,2024-09-03,CNB,03:05 AM,03:05 AM,0.0,03:10 AM,03:10 AM,0.0
14114,2024-09-04,CNB,03:05 AM,03:08 AM,3.0,03:10 AM,03:13 AM,3.0
14114,2024-09-05,CNB,03:05 AM,03:22 AM,17.0,03:10 AM,03:27 AM,17.0
14114,2024-09-06,CNB,03:05 AM,03:05 AM,0.0,03:10 AM,03:10 AM,0.0
14114,2024-09-07,CNB,03:05 AM,03:11 AM,6.0,03:10 AM,03:16 AM,6.0
14114,2024-09-08,CNB,03:05 AM,03:05 AM,0.0,03:10 AM,03:10 AM,0.0
14114,2024-09-09,CNB,03:05 AM,03:27 AM,22.0,03:10 AM,03:32 AM,22.0
14114,2024-09-10,CNB,03:05 AM,03:05 AM,0.0,03:10 AM,03:10 AM,0.0
14114,2024-09-11,CNB,03:05 AM,03:05 AM,0.0,03:10 AM,03:10 AM,0.0
14114,2024-09-12,CNB,03:05 AM,03:05 AM,0.0,03:10 AM,03:10 AM,0.0
14114,2024-09-13,CNB,03:05 AM,03:23 AM,18.0,03:10 AM,03:28 AM,18.0
14114,2024-09-14,CNB,03:05 AM,03:05 AM,0.0,03:10 AM,03:10 AM,0.0
14114,2024-09-15,CNB,03:05 AM,03:36 AM,31.0,03:10 AM,03:41 AM,31.0
14114,2024-09-16,CNB,03:05 AM,03:05 AM,0.0,03:10 AM,03:10 AM,0.0
14114,2024-09-17,CNB,03:05 AM,03:13 AM,8.0,03:10 AM,03:18 AM,8.0
14114,2024-09-18,CNB,03:05 AM,05:06 AM,121.0,03:10 AM,05:11 AM,121.0
14114,2024-09-19,CNB,03:05 AM,03:26 AM,21.0,03:10 AM,03:31 AM,21.0
14114,2024-09-20,CNB,03:05 AM,03:26 AM,21.0,03:10 AM,03:31 AM,21.0
14114,2024-09-21,CNB,03:05 AM,03:27 AM,22.0,03:10 AM,03:32 AM,22.0
14114,2024-09-22,CNB,03:05 AM,03:05 AM,0.0,03:10 AM,03:10 AM,0.0
14114,2024-09-23,CNB,03:05 AM,03:21 AM,16.0,03:10 AM,03:26 AM,16.0
14114,2024-09-24,CNB,03:05 AM,03:19 AM,14.0,03:10 AM,03:24 AM,14.0
14114,2024-09-25,CNB,03:05 AM,03:24 AM,19.0,03:10 AM,03:29 AM,19.0
14114,2024-09-26,CNB,03:05 AM,03:05 AM,0.0,03:10 AM,03:10 AM,0.0
14114,2024-09-27,CNB,03:05 AM,03:05 AM,0.0,03:10 AM,03:10 AM,0.0
14114,2024-09-28,CNB,03:05 AM,03:06 AM,0.0,03:10 AM,03:11 AM,0.0
14114,2024-09-29,CNB,03:05 AM,03:05 AM,0.0,03:10 AM,03:10 AM,0.0
14114,2024-09-30,CNB,03:05 AM,03:14 AM,9.0,03:10 AM,03:19 AM,9.0
5599,2024-09-23,CNB,04:00 AM,10:11 AM,371.0,04:10 AM,10:21 AM,371.0
9570,2024-09-01,BXR,03:10 AM,03:10 AM,0.0,03:12 AM,03:12 AM,0.0
9570,2024-09-01,DDU,05:15 AM,05:58 AM,43.0,05:25 AM,06:08 AM,43.0
9570,2024-09-01,PRYJ,08:55 AM,09:13 AM,18.0,09:00 AM,09:18 AM,18.0
9570,2024-09-01,CNB,12:40 PM,12:40 PM,0.0,12:45 PM,12:45 PM,0.0
9570,2024-09-08,BXR,03:10 AM,03:43 AM,33.0,03:12 AM,03:45 AM,33.0
9570,2024-09-08,DDU,05:15 AM,05:23 AM,8.0,05:25 AM,05:33 AM,8.0
9570,2024-09-08,PRYJ,08:55 AM,09:01 AM,6.0,09:00 AM,09:06 AM,6.0
9570,2024-09-08,CNB,12:40 PM,12:40 PM,0.0,12:45 PM,12:45 PM,0.0
9570,2024-09-15,BXR,03:10 AM,03:10 AM,0.0,03:12 AM,03:12 AM,0.0
9570,2024-09-15,DDU,05:15 AM,05:16 AM,0.0,05:25 AM,05:26 AM,0.0
9570,2024-09-15,PRYJ,08:55 AM,08:59 AM,4.0,09:00 AM,09:04 AM,4.0
9570,2024-09-15,CNB,12:40 PM,12:40 PM,0.0,12:45 PM,12:45 PM,0.0
9570,2024-09-22,BXR,03:10 AM,05:30 AM,140.0,03:12 AM,05:32 AM,140.0
9570,2024-09-22,DDU,05:15 AM,07:14 AM,119.0,05:25 AM,07:24 AM,119.0
9570,2024-09-22,PRYJ,08:55 AM,10:06 AM,71.0,09:00 AM,10:11 AM,71.0
9570,2024-09-22,CNB,12:40 PM,12:40 PM,0.0,12:45 PM,12:45 PM,0.0
9570,2024-09-29,BXR,03:10 AM,03:10 AM,0.0,03:12 AM,03:12 AM,0.0
9570,2024-09-29,DDU,05:15 AM,05:18 AM,3.0,05:25 AM,05:28 AM,3.0
9570,2024-09-29,PRYJ,08:55 AM,09:05 AM,10.0,09:00 AM,09:10 AM,10.0
9570,2024-09-29,CNB,12:40 PM,12:40 PM,0.0,12:45 PM,12:45 PM,0.0
9406,2024-09-05,BXR,07:18 AM,10:51 AM,213.0,07:20 AM,10:53 AM,213.0
9406,2024-09-05,DDU,08:25 AM,01:02 PM,277.0,08:35 AM,01:12 PM,277.0
9406,2024-09-05,CNB,05:45 PM,01:53 AM,488.0,06:05 PM,02:13 AM,488.0
9406,2024-09-12,BXR,07:18 AM,11:55 AM,277.0,07:20 AM,11:57 AM,277.0
9406,2024-09-12,DDU,08:25 AM,02:20 PM,355.0,08:35 AM,02:30 PM,355.0
9406,2024-09-12,CNB,05:45 PM,03:20 AM,575.0,06:05 PM,03:40 AM,575.0
9406,2024-09-19,BXR,07:18 AM,11:54 AM,276.0,07:20 AM,11:56 AM,276.0
9406,2024-09-19,DDU,08:25 AM,02:18 PM,353.0,08:35 AM,02:28 PM,353.0
9406,2024-09-19,CNB,05:45 PM,10:20 PM,275.0,06:05 PM,10:40 PM,275.0
9406,2024-09-26,BXR,07:18 AM,12:57 PM,339.0,07:20 AM,12:59 PM,339.0
9406,2024-09-26,DDU,08:25 AM,02:55 PM,390.0,08:35 AM,03:05 PM,390.0
9406,2024-09-26,CNB,05:45 PM,01:11 AM,446.0,06:05 PM,01:31 AM,446.0
13167,2024-09-05,DDU,09:30 PM,10:43 PM,73.0,09:40 PM,10:53 PM,73.0
13167,2024-09-05,CNB,07:45 AM,07:45 AM,0.0,07:50 AM,07:50 AM,0.0
13167,2024-09-12,DDU,09:30 PM,10:00 PM,30.0,09:40 PM,10:10 PM,30.0
13167,2024-09-12,CNB,07:45 AM,09:51 AM,126.0,07:50 AM,09:56 AM,126.0
13167,2024-09-19,DDU,09:30 PM,09:45 PM,15.0,09:40 PM,09:55 PM,15.0
13167,2024-09-19,CNB,07:45 AM,07:46 AM,0.0,07:50 AM,07:51 AM,0.0
13167,2024-09-26,DDU,09:30 PM,11:09 PM,99.0,09:40 PM,11:19 PM,99.0
13167,2024-09-26,CNB,07:45 AM,08:11 AM,26.0,07:50 AM,08:16 AM,26.0
15045,2024-09-05,CNB,12:50 PM,12:57 PM,7.0,12:55 PM,01:02 PM,7.0
15045,2024-09-12,CNB,12:50 PM,01:06 PM,16.0,12:55 PM,01:11 PM,16.0
15045,2024-09-19,CNB,12:50 PM,12:59 PM,9.0,12:55 PM,01:04 PM,9.0
15045,2024-09-26,CNB,12:50 PM,02:10 PM,80.0,12:55 PM,02:15 PM,80.0
18311,2024-09-01,DDU,07:50 AM,07:50 AM,0.0,08:00 AM,08:00 AM,0.0
18311,2024-09-04,DDU,07:50 AM,07:50 AM,0.0,08:00 AM,08:00 AM,0.0
18311,2024-09-08,DDU,07:50 AM,07:50 AM,0.0,08:00 AM,08:00 AM,0.0
18311,2024-09-11,DDU,07:50 AM,07:50 AM,0.0,08:00 AM,08:00 AM,0.0
18311,2024-09-15,DDU,07:50 AM,07:50 AM,0.0,08:00 AM,08:00 AM,0.0
18311,2024-09-18,DDU,07:50 AM,07:50 AM,0.0,08:00 AM,08:00 AM,0.0
18311,2024-09-22,DDU,07:50 AM,07:50 AM,0.0,08:00 AM,08:00 AM,0.0
18311,2024-09-25,DDU,07:50 AM,07:50 AM,0.0,08:00 AM,08:00 AM,0.0
18311,2024-09-29,DDU,07:50 AM,07:50 AM,0.0,08:00 AM,08:00 AM,0.0
9034,2024-09-04,BXR,02:24 PM,05:17 PM,173.0,02:26 PM,05:19 PM,173.0
9034,2024-09-04,DDU,05:30 PM,06:51 PM,81.0,05:40 PM,07:01 PM,81.0
9034,2024-09-06,BXR,02:24 PM,02:24 PM,0.0,02:26 PM,02:26 PM,0.0
9034,2024-09-06,DDU,05:30 PM,03:07 AM,577.0,05:40 PM,03:17 AM,577.0
9034,2024-09-11,BXR,02:24 PM,02:24 PM,0.0,02:26 PM,02:26 PM,0.0
9034,2024-09-11,DDU,05:30 PM,07:42 PM,132.0,05:40 PM,07:52 PM,132.0
9034,2024-09-13,BXR,02:24 PM,04:42 PM,138.0,02:26 PM,04:44 PM,138.0
9034,2024-09-13,DDU,05:30 PM,06:01 PM,31.0,05:40 PM,06:11 PM,31.0
22354,2024-09-01,DDU,07:03 AM,07:04 AM,0.0,07:13 AM,07:14 AM,0.0
22354,2024-09-01,BXR,08:18 AM,08:18 AM,0.0,08:20 AM,08:20 AM,0.0
22354,2024-09-08,DDU,07:03 AM,07:06 AM,3.0,07:13 AM,07:16 AM,3.0
22354,2024-09-08,BXR,08:18 AM,08:19 AM,0.0,08:20 AM,08:21 AM,0.0
22354,2024-09-15,DDU,07:03 AM,07:06 AM,3.0,07:13 AM,07:16 AM,3.0
22354,2024-09-15,BXR,08:18 AM,08:18 AM,0.0,08:20 AM,08:20 AM,0.0
22354,2024-09-22,DDU,07:03 AM,07:03 AM,0.0,07:13 AM,07:13 AM,0.0
22354,2024-09-22,BXR,08:18 AM,08:18 AM,0.0,08:20 AM,08:20 AM,0.0
11060,2024-09-02,PRYJ,04:15 PM,04:21 PM,6.0,04:40 PM,04:46 PM,6.0
11060,2024-09-05,PRYJ,04:15 PM,09:24 PM,309.0,04:40 PM,09:49 PM,309.0
11060,2024-09-07,PRYJ,04:15 PM,08:35 PM,260.0,04:40 PM,09:00 PM,260.0
11060,2024-09-09,PRYJ,04:15 PM,06:37 PM,142.0,04:40 PM,07:02 PM,142.0
11060,2024-09-12,PRYJ,04:15 PM,09:29 PM,314.0,04:40 PM,09:54 PM,314.0
11060,2024-09-14,PRYJ,04:15 PM,09:25 PM,310.0,04:40 PM,09:50 PM,310.0
11060,2024-09-16,PRYJ,04:15 PM,07:38 PM,203.0,04:40 PM,08:03 PM,203.0
11060,2024-09-19,PRYJ,04:15 PM,09:07 PM,292.0,04:40 PM,09:32 PM,292.0
11060,2024-09-21,PRYJ,04:15 PM,11:48 PM,453.0,04:40 PM,12:13 AM,453.0
11060,2024-09-23,PRYJ,04:15 PM,06:09 PM,114.0,04:40 PM,06:34 PM,114.0
11060,2024-09-26,PRYJ,04:15 PM,05:33 PM,78.0,04:40 PM,05:58 PM,78.0
11060,2024-09-28,PRYJ,04:15 PM,05:21 PM,66.0,04:40 PM,05:46 PM,66.0
11060,2024-09-30,PRYJ,04:15 PM,05:19 PM,64.0,04:40 PM,05:44 PM,64.0
15557,2024-09-02,CNB,07:00 AM,07:01 AM,0.0,07:05 AM,07:06 AM,0.0
15557,2024-09-05,CNB,07:00 AM,07:00 AM,0.0,07:05 AM,07:05 AM,0.0
15557,2024-09-09,CNB,07:00 AM,07:23 AM,23.0,07:05 AM,07:28 AM,23.0
15557,2024-09-12,CNB,07:00 AM,07:00 AM,0.0,07:05 AM,07:05 AM,0.0
15557,2024-09-16,CNB,07:00 AM,07:00 AM,0.0,07:05 AM,07:05 AM,0.0
15557,2024-09-19,CNB,07:00 AM,07:01 AM,0.0,07:05 AM,07:06 AM,0.0
15557,2024-09-23,CNB,07:00 AM,07:00 AM,0.0,07:05 AM,07:05 AM,0.0
15557,2024-09-26,CNB,07:00 AM,07:00 AM,0.0,07:05 AM,07:05 AM,0.0
15557,2024-09-30,CNB,07:00 AM,07:01 AM,0.0,07:05 AM,07:06 AM,0.0
11124,2024-09-01,CNB,12:40 PM,12:40 PM,0.0,12:45 PM,12:45 PM,0.0
11124,2024-09-02,CNB,12:40 PM,01:25 PM,45.0,12:45 PM,01:30 PM,45.0
11124,2024-09-03,CNB,12:40 PM,04:45 PM,245.0,12:45 PM,04:50 PM,245.0
11124,2024-09-04,CNB,12:40 PM,01:02 PM,22.0,12:45 PM,01:07 PM,22.0
11124,2024-09-05,CNB,12:40 PM,01:22 PM,42.0,12:45 PM,01:27 PM,42.0
11124,2024-09-06,CNB,12:40 PM,12:40 PM,0.0,12:45 PM,12:45 PM,0.0
11124,2024-09-07,CNB,12:40 PM,12:40 PM,0.0,12:45 PM,12:45 PM,0.0
11124,2024-09-08,CNB,12:40 PM,01:14 PM,34.0,12:45 PM,01:19 PM,34.0
11124,2024-09-09,CNB,12:40 PM,01:04 PM,24.0,12:45 PM,01:09 PM,24.0
11124,2024-09-10,CNB,12:40 PM,03:01 PM,141.0,12:45 PM,03:06 PM,141.0
11124,2024-09-11,CNB,12:40 PM,12:40 PM,0.0,12:45 PM,12:45 PM,0.0
11124,2024-09-12,CNB,12:40 PM,01:13 PM,33.0,12:45 PM,01:18 PM,33.0
11124,2024-09-13,CNB,12:40 PM,12:58 PM,18.0,12:45 PM,01:03 PM,18.0
11124,2024-09-14,CNB,12:40 PM,12:40 PM,0.0,12:45 PM,12:45 PM,0.0
11124,2024-09-15,CNB,12:40 PM,12:40 PM,0.0,12:45 PM,12:45 PM,0.0
11124,2024-09-16,CNB,12:40 PM,12:40 PM,0.0,12:45 PM,12:45 PM,0.0
11124,2024-09-17,CNB,12:40 PM,12:55 PM,15.0,12:45 PM,01:00 PM,15.0
11124,2024-09-18,CNB,12:40 PM,05:03 PM,263.0,12:45 PM,05:08 PM,263.0
11124,2024-09-19,CNB,12:40 PM,01:43 PM,63.0,12:45 PM,01:48 PM,63.0
11124,2024-09-20,CNB,12:40 PM,01:03 PM,23.0,12:45 PM,01:08 PM,23.0
11124,2024-09-21,CNB,12:40 PM,12:40 PM,0.0,12:45 PM,12:45 PM,0.0
11124,2024-09-22,CNB,12:40 PM,12:40 PM,0.0,12:45 PM,12:45 PM,0.0
11124,2024-09-23,CNB,12:40 PM,12:52 PM,12.0,12:45 PM,12:57 PM,12.0
11124,2024-09-24,CNB,12:40 PM,12:54 PM,14.0,12:45 PM,12:59 PM,14.0
11124,2024-09-25,CNB,12:40 PM,12:40 PM,0.0,12:45 PM,12:45 PM,0.0
11124,2024-09-26,CNB,12:40 PM,01:14 PM,34.0,12:45 PM,01:19 PM,34.0
11124,2024-09-27,CNB,12:40 PM,02:09 PM,89.0,12:45 PM,02:14 PM,89.0
11124,2024-09-28,CNB,12:40 PM,01:01 PM,21.0,12:45 PM,01:06 PM,21.0
11124,2024-09-29,CNB,12:40 PM,02:38 PM,118.0,12:45 PM,02:43 PM,118.0
11124,2024-09-30,CNB,12:40 PM,12:40 PM,0.0,12:45 PM,12:45 PM,0.0
20888,2024-09-01,DDU,04:40 PM,04:41 PM,0.0,04:45 PM,04:46 PM,0.0
20888,2024-09-03,DDU,04:40 PM,04:40 PM,0.0,04:45 PM,04:45 PM,0.0
20888,2024-09-04,DDU,04:40 PM,04:40 PM,0.0,04:45 PM,04:45 PM,0.0
20888,2024-09-06,DDU,04:40 PM,04:41 PM,0.0,04:45 PM,04:46 PM,0.0
20888,2024-09-08,DDU,04:40 PM,04:40 PM,0.0,04:45 PM,04:45 PM,0.0
20888,2024-09-09,DDU,04:40 PM,04:40 PM,0.0,04:45 PM,04:45 PM,0.0
20888,2024-09-10,DDU,04:40 PM,04:41 PM,0.0,04:45 PM,04:46 PM,0.0
20888,2024-09-13,DDU,04:40 PM,04:41 PM,0.0,04:45 PM,04:46 PM,0.0
20888,2024-09-14,DDU,04:40 PM,04:41 PM,0.0,04:45 PM,04:46 PM,0.0
20888,2024-09-15,DDU,04:40 PM,04:40 PM,0.0,04:45 PM,04:45 PM,0.0
20888,2024-09-16,DDU,04:40 PM,04:41 PM,0.0,04:45 PM,04:46 PM,0.0
20888,2024-09-17,DDU,04:40 PM,04:40 PM,0.0,04:45 PM,04:45 PM,0.0
20888,2024-09-18,DDU,04:40 PM,04:40 PM,0.0,04:45 PM,04:45 PM,0.0
20888,2024-09-20,DDU,04:40 PM,04:40 PM,0.0,04:45 PM,04:45 PM,0.0
20888,2024-09-22,DDU,04:40 PM,04:40 PM,0.0,04:45 PM,04:45 PM,0.0
20888,2024-09-23,DDU,04:40 PM,04:41 PM,0.0,04:45 PM,04:46 PM,0.0
20888,2024-09-25,DDU,04:40 PM,04:41 PM,0.0,04:45 PM,04:46 PM,0.0
20888,2024-09-27,DDU,04:40 PM,04:41 PM,0.0,04:45 PM,04:46 PM,0.0
20888,2024-09-28,DDU,04:40 PM,04:40 PM,0.0,04:45 PM,04:45 PM,0.0
20888,2024-09-29,DDU,04:40 PM,04:41 PM,0.0,04:45 PM,04:46 PM,0.0
20888,2024-09-30,DDU,04:40 PM,04:40 PM,0.0,04:45 PM,04:45 PM,0.0
5326,2024-09-26,CNB,10:05 AM,06:37 PM,512.0,10:10 AM,06:42 PM,512.0
5326,2024-09-28,CNB,10:05 AM,04:06 PM,361.0,10:10 AM,04:11 PM,361.0
18203,2024-09-10,CNB,01:20 PM,02:18 PM,58.0,01:20 PM,02:18 PM,58.0
18203,2024-09-17,CNB,01:20 PM,01:20 PM,0.0,01:20 PM,01:20 PM,0.0
18203,2024-09-29,CNB,01:20 PM,01:20 PM,0.0,01:20 PM,01:20 PM,0.0
22581,2024-09-03,PRYJ,01:20 AM,01:32 AM,12.0,01:25 AM,01:37 AM,12.0
22581,2024-09-03,CNB,03:45 AM,04:03 AM,18.0,03:50 AM,04:08 AM,18.0
22581,2024-09-04,PRYJ,01:20 AM,01:34 AM,14.0,01:25 AM,01:39 AM,14.0
22581,2024-09-04,CNB,03:45 AM,04:06 AM,21.0,03:50 AM,04:11 AM,21.0
22581,2024-09-10,PRYJ,01:20 AM,01:22 AM,2.0,01:25 AM,01:27 AM,2.0
22581,2024-09-10,CNB,03:45 AM,03:59 AM,14.0,03:50 AM,04:04 AM,14.0
22581,2024-09-11,PRYJ,01:20 AM,03:03 AM,103.0,01:25 AM,03:08 AM,103.0
22581,2024-09-11,CNB,03:45 AM,05:47 AM,122.0,03:50 AM,05:52 AM,122.0
22581,2024-09-17,PRYJ,01:20 AM,01:20 AM,0.0,01:25 AM,01:25 AM,0.0
22581,2024-09-17,CNB,03:45 AM,03:45 AM,0.0,03:50 AM,03:50 AM,0.0
22581,2024-09-18,PRYJ,01:20 AM,01:20 AM,0.0,01:25 AM,01:25 AM,0.0
22581,2024-09-18,CNB,03:45 AM,03:45 AM,0.0,03:50 AM,03:50 AM,0.0
22581,2024-09-24,PRYJ,01:20 AM,02:33 AM,73.0,01:25 AM,02:38 AM,73.0
22581,2024-09-24,CNB,03:45 AM,06:23 AM,158.0,03:50 AM,06:28 AM,158.0
22581,2024-09-25,PRYJ,01:20 AM,01:24 AM,4.0,01:25 AM,01:29 AM,4.0
22581,2024-09-25,CNB,03:45 AM,03:45 AM,0.0,03:50 AM,03:50 AM,0.0
5299,2024-09-23,BXR,12:55 AM,02:13 AM,78.0,12:57 AM,02:15 AM,78.0
5299,2024-09-23,DDU,03:05 AM,03:05 AM,0.0,03:15 AM,03:15 AM,0.0
5299,2024-09-23,PRYJ,05:30 AM,05:30 AM,0.0,05:35 AM,05:35 AM,0.0
12296,2024-09-01,BXR,09:30 PM,09:42 PM,12.0,09:32 PM,09:44 PM,12.0
12296,2024-09-01,DDU,11:15 PM,11:16 PM,0.0,11:25 PM,11:26 PM,0.0
12296,2024-09-03,BXR,09:30 PM,09:30 PM,0.0,09:32 PM,09:32 PM,0.0
12296,2024-09-03,DDU,11:15 PM,11:15 PM,0.0,11:25 PM,11:25 PM,0.0
12296,2024-09-04,BXR,09:30 PM,09:39 PM,9.0,09:32 PM,09:41 PM,9.0
12296,2024-09-04,DDU,11:15 PM,11:16 PM,0.0,11:25 PM,11:26 PM,0.0
12296,2024-09-05,BXR,09:30 PM,09:44 PM,14.0,09:32 PM,09:46 PM,14.0
12296,2024-09-05,DDU,11:15 PM,11:15 PM,0.0,11:25 PM,11:25 PM,0.0
12296,2024-09-06,BXR,09:30 PM,10:19 PM,49.0,09:32 PM,10:21 PM,49.0
12296,2024-09-06,DDU,11:15 PM,11:35 PM,20.0,11:25 PM,11:45 PM,20.0
12296,2024-09-07,BXR,09:30 PM,12:02 AM,152.0,09:32 PM,12:04 AM,152.0
12296,2024-09-07,DDU,11:15 PM,01:20 AM,125.0,11:25 PM,01:30 AM,125.0
12296,2024-09-08,BXR,09:30 PM,09:55 PM,25.0,09:32 PM,09:57 PM,25.0
12296,2024-09-08,DDU,11:15 PM,11:42 PM,27.0,11:25 PM,11:52 PM,27.0
12296,2024-09-09,BXR,09:30 PM,09:30 PM,0.0,09:32 PM,09:32 PM,0.0
12296,2024-09-09,DDU,11:15 PM,11:25 PM,10.0,11:25 PM,11:35 PM,10.0
12296,2024-09-10,BXR,09:30 PM,09:59 PM,29.0,09:32 PM,10:01 PM,29.0
12296,2024-09-10,DDU,11:15 PM,11:15 PM,0.0,11:25 PM,11:25 PM,0.0
12296,2024-09-11,BXR,09:30 PM,10:03 PM,33.0,09:32 PM,10:05 PM,33.0
12296,2024-09-11,DDU,11:15 PM,11:15 PM,0.0,11:25 PM,11:25 PM,0.0
12296,2024-09-12,BXR,09:30 PM,09:54 PM,24.0,09:32 PM,09:56 PM,24.0
12296,2024-09-12,DDU,11:15 PM,11:20 PM,5.0,11:25 PM,11:30 PM,5.0
12296,2024-09-13,BXR,09:30 PM,10:02 PM,32.0,09:32 PM,10:04 PM,32.0
12296,2024-09-13,DDU,11:15 PM,11:20 PM,5.0,11:25 PM,11:30 PM,5.0
12296,2024-09-14,BXR,09:30 PM,10:05 PM,35.0,09:32 PM,10:07 PM,35.0
12296,2024-09-14,DDU,11:15 PM,11:22 PM,7.0,11:25 PM,11:32 PM,7.0
12296,2024-09-15,BXR,09:30 PM,09:59 PM,29.0,09:32 PM,10:01 PM,29.0
12296,2024-09-15,DDU,11:15 PM,11:18 PM,3.0,11:25 PM,11:28 PM,3.0
12296,2024-09-16,BXR,09:30 PM,09:51 PM,21.0,09:32 PM,09:53 PM,21.0
12296,2024-09-16,DDU,11:15 PM,11:17 PM,2.0,11:25 PM,11:27 PM,2.0
12296,2024-09-17,BXR,09:30 PM,09:50 PM,20.0,09:32 PM,09:52 PM,20.0
12296,2024-09-17,DDU,11:15 PM,11:17 PM,2.0,11:25 PM,11:27 PM,2.0
12296,2024-09-18,BXR,09:30 PM,09:44 PM,14.0,09:32 PM,09:46 PM,14.0
12296,2024-09-18,DDU,11:15 PM,11:15 PM,0.0,11:25 PM,11:25 PM,0.0
12296,2024-09-19,BXR,09:30 PM,10:34 PM,64.0,09:32 PM,10:36 PM,64.0
12296,2024-09-19,DDU,11:15 PM,11:54 PM,39.0,11:25 PM,12:04 AM,39.0
12296,2024-09-20,BXR,09:30 PM,09:42 PM,12.0,09:32 PM,09:44 PM,12.0
12296,2024-09-20,DDU,11:15 PM,11:16 PM,0.0,11:25 PM,11:26 PM,0.0
12296,2024-09-21,BXR,09:30 PM,09:47 PM,17.0,09:32 PM,09:49 PM,17.0
12296,2024-09-21,DDU,11:15 PM,11:16 PM,0.0,11:25 PM,11:26 PM,0.0
12296,2024-09-22,BXR,09:30 PM,09:49 PM,19.0,09:32 PM,09:51 PM,19.0
12296,2024-09-22,DDU,11:15 PM,11:15 PM,0.0,11:25 PM,11:25 PM,0.0
12296,2024-09-23,BXR,09:30 PM,09:43 PM,13.0,09:32 PM,09:45 PM,13.0
12296,2024-09-23,DDU,11:15 PM,11:16 PM,0.0,11:25 PM,11:26 PM,0.0
12296,2024-09-24,BXR,09:30 PM,09:53 PM,23.0,09:32 PM,09:55 PM,23.0
12296,2024-09-24,DDU,11:15 PM,11:23 PM,8.0,11:25 PM,11:33 PM,8.0
12296,2024-09-25,BXR,09:30 PM,09:55 PM,25.0,09:32 PM,09:57 PM,25.0
12296,2024-09-25,DDU,11:15 PM,11:22 PM,7.0,11:25 PM,11:32 PM,7.0
12296,2024-09-26,BXR,09:30 PM,10:00 PM,30.0,09:32 PM,10:02 PM,30.0
12296,2024-09-26,DDU,11:15 PM,11:18 PM,3.0,11:25 PM,11:28 PM,3.0
12296,2024-09-27,BXR,09:30 PM,09:49 PM,19.0,09:32 PM,09:51 PM,19.0
12296,2024-09-27,DDU,11:15 PM,11:16 PM,0.0,11:25 PM,11:26 PM,0.0
12296,2024-09-28,BXR,09:30 PM,09:55 PM,25.0,09:32 PM,09:57 PM,25.0
12296,2024-09-28,DDU,11:15 PM,11:18 PM,3.0,11:25 PM,11:28 PM,3.0
12296,2024-09-29,BXR,09:30 PM,02:17 AM,287.0,09:32 PM,02:19 AM,287.0
12296,2024-09-29,DDU,11:15 PM,03:37 AM,262.0,11:25 PM,03:47 AM,262.0
12296,2024-09-30,BXR,09:30 PM,09:54 PM,24.0,09:32 PM,09:56 PM,24.0
12296,2024-09-30,DDU,11:15 PM,11:27 PM,12.0,11:25 PM,11:37 PM,12.0
15126,2024-09-01,BXR,06:45 PM,07:14 PM,29.0,06:47 PM,07:16 PM,29.0
15126,2024-09-01,DDU,08:40 PM,08:44 PM,4.0,08:50 PM,08:54 PM,4.0
15126,2024-09-03,BXR,06:45 PM,07:09 PM,24.0,06:47 PM,07:11 PM,24.0
15126,2024-09-03,DDU,08:40 PM,08:40 PM,0.0,08:50 PM,08:50 PM,0.0
15126,2024-09-08,BXR,06:45 PM,07:15 PM,30.0,06:47 PM,07:17 PM,30.0
15126,2024-09-08,DDU,08:40 PM,08:47 PM,7.0,08:50 PM,08:57 PM,7.0
15126,2024-09-09,BXR,06:45 PM,07:11 PM,26.0,06:47 PM,07:13 PM,26.0
15126,2024-09-09,DDU,08:40 PM,08:40 PM,0.0,08:50 PM,08:50 PM,0.0
15126,2024-09-10,BXR,06:45 PM,07:13 PM,28.0,06:47 PM,07:15 PM,28.0
15126,2024-09-10,DDU,08:40 PM,08:40 PM,0.0,08:50 PM,08:50 PM,0.0
15126,2024-09-11,BXR,06:45 PM,06:45 PM,0.0,06:47 PM,06:47 PM,0.0
15126,2024-09-11,DDU,08:40 PM,08:40 PM,0.0,08:50 PM,08:50 PM,0.0
15126,2024-09-12,BXR,06:45 PM,06:45 PM,0.0,06:47 PM,06:47 PM,0.0
15126,2024-09-12,DDU,08:40 PM,08:40 PM,0.0,08:50 PM,08:50 PM,0.0
15126,2024-09-13,BXR,06:45 PM,07:14 PM,29.0,06:47 PM,07:16 PM,29.0
15126,2024-09-13,DDU,08:40 PM,08:45 PM,5.0,08:50 PM,08:55 PM,5.0
15126,2024-09-14,BXR,06:45 PM,07:26 PM,41.0,06:47 PM,07:28 PM,41.0
15126,2024-09-14,DDU,08:40 PM,08:41 PM,0.0,08:50 PM,08:51 PM,0.0
15126,2024-09-15,BXR,06:45 PM,07:12 PM,27.0,06:47 PM,07:14 PM,27.0
15126,2024-09-15,DDU,08:40 PM,08:40 PM,0.0,08:50 PM,08:50 PM,0.0
15126,2024-09-16,BXR,06:45 PM,06:45 PM,0.0,06:47 PM,06:47 PM,0.0
15126,2024-09-16,DDU,08:40 PM,08:40 PM,0.0,08:50 PM,08:50 PM,0.0
15126,2024-09-17,BXR,06:45 PM,07:42 PM,57.0,06:47 PM,07:44 PM,57.0
15126,2024-09-17,DDU,08:40 PM,08:57 PM,17.0,08:50 PM,09:07 PM,17.0
15126,2024-09-18,BXR,06:45 PM,09:30 PM,165.0,06:47 PM,09:32 PM,165.0
15126,2024-09-18,DDU,08:40 PM,11:00 PM,140.0,08:50 PM,11:10 PM,140.0
15126,2024-09-19,BXR,06:45 PM,07:23 PM,38.0,06:47 PM,07:25 PM,38.0
15126,2024-09-19,DDU,08:40 PM,08:51 PM,11.0,08:50 PM,09:01 PM,11.0
15126,2024-09-20,BXR,06:45 PM,07:20 PM,35.0,06:47 PM,07:22 PM,35.0
15126,2024-09-20,DDU,08:40 PM,08:41 PM,0.0,08:50 PM,08:51 PM,0.0
15126,2024-09-21,BXR,06:45 PM,06:45 PM,0.0,06:47 PM,06:47 PM,0.0
15126,2024-09-21,DDU,08:40 PM,08:40 PM,0.0,08:50 PM,08:50 PM,0.0
15126,2024-09-22,BXR,06:45 PM,07:17 PM,32.0,06:47 PM,07:19 PM,32.0
15126,2024-09-22,DDU,08:40 PM,08:48 PM,8.0,08:50 PM,08:58 PM,8.0
15126,2024-09-24,BXR,06:45 PM,06:45 PM,0.0,06:47 PM,06:47 PM,0.0
15126,2024-09-24,DDU,08:40 PM,08:40 PM,0.0,08:50 PM,08:50 PM,0.0
15126,2024-09-25,BXR,06:45 PM,07:50 PM,65.0,06:47 PM,07:52 PM,65.0
15126,2024-09-25,DDU,08:40 PM,09:04 PM,24.0,08:50 PM,09:14 PM,24.0
15126,2024-09-26,BXR,06:45 PM,07:31 PM,46.0,06:47 PM,07:33 PM,46.0
15126,2024-09-26,DDU,08:40 PM,08:50 PM,10.0,08:50 PM,09:00 PM,10.0
15126,2024-09-27,BXR,06:45 PM,07:22 PM,37.0,06:47 PM,07:24 PM,37.0
15126,2024-09-27,DDU,08:40 PM,08:40 PM,0.0,08:50 PM,08:50 PM,0.0
15126,2024-09-28,BXR,06:45 PM,06:45 PM,0.0,06:47 PM,06:47 PM,0.0
15126,2024-09-28,DDU,08:40 PM,08:40 PM,0.0,08:50 PM,08:50 PM,0.0
15126,2024-09-30,BXR,06:45 PM,07:25 PM,40.0,06:47 PM,07:27 PM,40.0
15126,2024-09-30,DDU,08:40 PM,08:40 PM,0.0,08:50 PM,08:50 PM,0.0
22971,2024-09-09,DDU,10:35 PM,10:35 PM,0.0,10:45 PM,10:45 PM,0.0
22971,2024-09-16,DDU,10:35 PM,10:35 PM,0.0,10:45 PM,10:45 PM,0.0
22971,2024-09-23,DDU,10:35 PM,10:35 PM,0.0,10:45 PM,10:45 PM,0.0
22198,2024-09-06,PRYJ,04:00 AM,04:00 AM,0.0,04:05 AM,04:05 AM,0.0
22198,2024-09-06,DDU,07:05 AM,07:05 AM,0.0,07:15 AM,07:15 AM,0.0
22198,2024-09-06,BXR,08:18 AM,08:20 AM,2.0,08:20 AM,08:22 AM,2.0
22198,2024-09-13,PRYJ,04:00 AM,04:00 AM,0.0,04:05 AM,04:05 AM,0.0
22198,2024-09-13,DDU,07:05 AM,07:05 AM,0.0,07:15 AM,07:15 AM,0.0
22198,2024-09-13,BXR,08:18 AM,08:21 AM,3.0,08:20 AM,08:23 AM,3.0
22198,2024-09-27,PRYJ,04:00 AM,04:00 AM,0.0,04:05 AM,04:05 AM,0.0
22198,2024-09-27,DDU,07:05 AM,07:06 AM,0.0,07:15 AM,07:16 AM,0.0
22198,2024-09-27,BXR,08:18 AM,08:26 AM,8.0,08:20 AM,08:28 AM,8.0
12801,2024-09-01,DDU,04:45 PM,05:13 PM,28.0,04:55 PM,05:23 PM,28.0
12801,2024-09-01,PRYJ,07:20 PM,07:39 PM,19.0,07:30 PM,07:49 PM,19.0
12801,2024-09-01,CNB,09:55 PM,10:15 PM,20.0,10:00 PM,10:20 PM,20.0
12801,2024-09-02,DDU,04:45 PM,05:00 PM,15.0,04:55 PM,05:10 PM,15.0
12801,2024-09-02,PRYJ,07:20 PM,07:24 PM,4.0,07:30 PM,07:34 PM,4.0
12801,2024-09-02,CNB,09:55 PM,10:17 PM,22.0,10:00 PM,10:22 PM,22.0
12801,2024-09-03,DDU,04:45 PM,04:45 PM,0.0,04:55 PM,04:55 PM,0.0
12801,2024-09-03,PRYJ,07:20 PM,07:20 PM,0.0,07:30 PM,07:30 PM,0.0
12801,2024-09-03,CNB,09:55 PM,09:55 PM,0.0,10:00 PM,10:00 PM,0.0
12801,2024-09-04,DDU,04:45 PM,05:11 PM,26.0,04:55 PM,05:21 PM,26.0
12801,2024-09-04,PRYJ,07:20 PM,07:45 PM,25.0,07:30 PM,07:55 PM,25.0
12801,2024-09-04,CNB,09:55 PM,10:41 PM,46.0,10:00 PM,10:46 PM,46.0
12801,2024-09-05,DDU,04:45 PM,04:45 PM,0.0,04:55 PM,04:55 PM,0.0
12801,2024-09-05,PRYJ,07:20 PM,07:20 PM,0.0,07:30 PM,07:30 PM,0.0
12801,2024-09-05,CNB,09:55 PM,09:55 PM,0.0,10:00 PM,10:00 PM,0.0
12801,2024-09-06,DDU,04:45 PM,04:46 PM,0.0,04:55 PM,04:56 PM,0.0
12801,2024-09-06,PRYJ,07:20 PM,07:36 PM,16.0,07:30 PM,07:46 PM,16.0
12801,2024-09-06,CNB,09:55 PM,10:22 PM,27.0,10:00 PM,10:27 PM,27.0
12801,2024-09-07,DDU,04:45 PM,04:45 PM,0.0,04:55 PM,04:55 PM,0.0
12801,2024-09-07,PRYJ,07:20 PM,07:45 PM,25.0,07:30 PM,07:55 PM,25.0
12801,2024-09-07,CNB,09:55 PM,10:25 PM,30.0,10:00 PM,10:30 PM,30.0
12801,2024-09-08,DDU,04:45 PM,04:48 PM,3.0,04:55 PM,04:58 PM,3.0
12801,2024-09-08,PRYJ,07:20 PM,07:20 PM,0.0,07:30 PM,07:30 PM,0.0
12801,2024-09-08,CNB,09:55 PM,09:55 PM,0.0,10:00 PM,10:00 PM,0.0
12801,2024-09-09,DDU,04:45 PM,04:45 PM,0.0,04:55 PM,04:55 PM,0.0
12801,2024-09-09,PRYJ,07:20 PM,07:36 PM,16.0,07:30 PM,07:46 PM,16.0
12801,2024-09-09,CNB,09:55 PM,10:13 PM,18.0,10:00 PM,10:18 PM,18.0
12801,2024-09-10,DDU,04:45 PM,05:02 PM,17.0,04:55 PM,05:12 PM,17.0
12801,2024-09-10,PRYJ,07:20 PM,07:23 PM,3.0,07:30 PM,07:33 PM,3.0
12801,2024-09-10,CNB,09:55 PM,10:11 PM,16.0,10:00 PM,10:16 PM,16.0
12801,2024-09-11,DDU,04:45 PM,04:54 PM,9.0,04:55 PM,05:04 PM,9.0
12801,2024-09-11,PRYJ,07:20 PM,07:22 PM,2.0,07:30 PM,07:32 PM,2.0
12801,2024-09-11,CNB,09:55 PM,09:55 PM,0.0,10:00 PM,10:00 PM,0.0
12801,2024-09-12,DDU,04:45 PM,04:51 PM,6.0,04:55 PM,05:01 PM,6.0
12801,2024-09-12,PRYJ,07:20 PM,08:02 PM,42.0,07:30 PM,08:12 PM,42.0
12801,2024-09-12,CNB,09:55 PM,10:44 PM,49.0,10:00 PM,10:49 PM,49.0
12801,2024-09-13,DDU,04:45 PM,04:57 PM,12.0,04:55 PM,05:07 PM,12.0
12801,2024-09-13,PRYJ,07:20 PM,07:20 PM,0.0,07:30 PM,07:30 PM,0.0
12801,2024-09-13,CNB,09:55 PM,09:55 PM,0.0,10:00 PM,10:00 PM,0.0
12801,2024-09-14,DDU,04:45 PM,04:48 PM,3.0,04:55 PM,04:58 PM,3.0
12801,2024-09-14,PRYJ,07:20 PM,07:45 PM,25.0,07:30 PM,07:55 PM,25.0
12801,2024-09-14,CNB,09:55 PM,10:23 PM,28.0,10:00 PM,10:28 PM,28.0
12801,2024-09-15,DDU,04:45 PM,05:35 PM,50.0,04:55 PM,05:45 PM,50.0
12801,2024-09-15,PRYJ,07:20 PM,08:36 PM,76.0,07:30 PM,08:46 PM,76.0
12801,2024-09-15,CNB,09:55 PM,11:40 PM,105.0,10:00 PM,11:45 PM,105.0
12801,2024-09-16,DDU,04:45 PM,04:45 PM,0.0,04:55 PM,04:55 PM,0.0
12801,2024-09-16,PRYJ,07:20 PM,07:20 PM,0.0,07:30 PM,07:30 PM,0.0
12801,2024-09-16,CNB,09:55 PM,09:55 PM,0.0,10:00 PM,10:00 PM,0.0
12801,2024-09-17,DDU,04:45 PM,04:49 PM,4.0,04:55 PM,04:59 PM,4.0
12801,2024-09-17,PRYJ,07:20 PM,09:21 PM,121.0,07:30 PM,09:31 PM,121.0
12801,2024-09-17,CNB,09:55 PM,11:55 PM,120.0,10:00 PM,12:00 AM,120.0
12801,2024-09-18,DDU,04:45 PM,05:12 PM,27.0,04:55 PM,05:22 PM,27.0
12801,2024-09-18,PRYJ,07:20 PM,08:59 PM,99.0,07:30 PM,09:09 PM,99.0
12801,2024-09-18,CNB,09:55 PM,11:32 PM,97.0,10:00 PM,11:37 PM,97.0
12801,2024-09-19,DDU,04:45 PM,04:48 PM,3.0,04:55 PM,04:58 PM,3.0
12801,2024-09-19,PRYJ,07:20 PM,07:20 PM,0.0,07:30 PM,07:30 PM,0.0
12801,2024-09-19,CNB,09:55 PM,09:55 PM,0.0,10:00 PM,10:00 PM,0.0
12801,2024-09-20,DDU,04:45 PM,07:07 PM,142.0,04:55 PM,07:17 PM,142.0
12801,2024-09-20,PRYJ,07:20 PM,10:03 PM,163.0,07:30 PM,10:13 PM,163.0
12801,2024-09-20,CNB,09:55 PM,01:13 AM,198.0,10:00 PM,01:18 AM,198.0
12801,2024-09-21,DDU,04:45 PM,04:46 PM,0.0,04:55 PM,04:56 PM,0.0
12801,2024-09-21,PRYJ,07:20 PM,07:20 PM,0.0,07:30 PM,07:30 PM,0.0
12801,2024-09-21,CNB,09:55 PM,09:55 PM,0.0,10:00 PM,10:00 PM,0.0
12801,2024-09-22,DDU,04:45 PM,05:00 PM,15.0,04:55 PM,05:10 PM,15.0
12801,2024-09-22,PRYJ,07:20 PM,08:11 PM,51.0,07:30 PM,08:21 PM,51.0
12801,2024-09-22,CNB,09:55 PM,10:35 PM,40.0,10:00 PM,10:40 PM,40.0
12801,2024-09-23,DDU,04:45 PM,04:45 PM,0.0,04:55 PM,04:55 PM,0.0
12801,2024-09-23,PRYJ,07:20 PM,07:20 PM,0.0,07:30 PM,07:30 PM,0.0
12801,2024-09-23,CNB,09:55 PM,09:55 PM,0.0,10:00 PM,10:00 PM,0.0
12801,2024-09-24,DDU,04:45 PM,05:29 PM,44.0,04:55 PM,05:39 PM,44.0
12801,2024-09-24,PRYJ,07:20 PM,08:04 PM,44.0,07:30 PM,08:14 PM,44.0
12801,2024-09-24,CNB,09:55 PM,10:36 PM,41.0,10:00 PM,10:41 PM,41.0
12801,2024-09-25,DDU,04:45 PM,07:07 PM,142.0,04:55 PM,07:17 PM,142.0
12801,2024-09-25,PRYJ,07:20 PM,09:38 PM,138.0,07:30 PM,09:48 PM,138.0
12801,2024-09-25,CNB,09:55 PM,12:17 AM,142.0,10:00 PM,12:22 AM,142.0
12801,2024-09-26,DDU,04:45 PM,04:56 PM,11.0,04:55 PM,05:06 PM,11.0
12801,2024-09-26,PRYJ,07:20 PM,07:29 PM,9.0,07:30 PM,07:39 PM,9.0
12801,2024-09-26,CNB,09:55 PM,10:13 PM,18.0,10:00 PM,10:18 PM,18.0
12801,2024-09-27,DDU,04:45 PM,04:49 PM,4.0,04:55 PM,04:59 PM,4.0
12801,2024-09-27,PRYJ,07:20 PM,07:30 PM,10.0,07:30 PM,07:40 PM,10.0
12801,2024-09-27,CNB,09:55 PM,09:55 PM,0.0,10:00 PM,10:00 PM,0.0
12801,2024-09-28,DDU,04:45 PM,04:45 PM,0.0,04:55 PM,04:55 PM,0.0
12801,2024-09-28,PRYJ,07:20 PM,07:20 PM,0.0,07:30 PM,07:30 PM,0.0
12801,2024-09-28,CNB,09:55 PM,09:55 PM,0.0,10:00 PM,10:00 PM,0.0
12801,2024-09-29,DDU,04:45 PM,05:51 PM,66.0,04:55 PM,06:01 PM,66.0
12801,2024-09-29,PRYJ,07:20 PM,08:48 PM,88.0,07:30 PM,08:58 PM,88.0
12801,2024-09-29,CNB,09:55 PM,11:36 PM,101.0,10:00 PM,11:41 PM,101.0
12801,2024-09-30,DDU,04:45 PM,04:45 PM,0.0,04:55 PM,04:55 PM,0.0
12801,2024-09-30,PRYJ,07:20 PM,07:32 PM,12.0,07:30 PM,07:42 PM,12.0
12801,2024-09-30,CNB,09:55 PM,10:03 PM,8.0,10:00 PM,10:08 PM,8.0
13423,2024-09-19,DDU,10:55 PM,10:55 PM,0.0,11:05 PM,11:05 PM,0.0
22435,2024-09-01,PRYJ,04:30 PM,04:36 PM,6.0,04:32 PM,04:38 PM,6.0
22435,2024-09-01,CNB,06:30 PM,06:37 PM,7.0,06:32 PM,06:39 PM,7.0
22435,2024-09-02,PRYJ,04:30 PM,04:43 PM,13.0,04:32 PM,04:45 PM,13.0
22435,2024-09-02,CNB,06:30 PM,06:40 PM,10.0,06:32 PM,06:42 PM,10.0
22435,2024-09-03,PRYJ,04:30 PM,04:36 PM,6.0,04:32 PM,04:38 PM,6.0
22435,2024-09-03,CNB,06:30 PM,06:38 PM,8.0,06:32 PM,06:40 PM,8.0
22435,2024-09-04,PRYJ,04:30 PM,04:38 PM,8.0,04:32 PM,04:40 PM,8.0
22435,2024-09-04,CNB,06:30 PM,06:32 PM,2.0,06:32 PM,06:34 PM,2.0
22435,2024-09-06,PRYJ,04:30 PM,04:42 PM,12.0,04:32 PM,04:44 PM,12.0
22435,2024-09-06,CNB,06:30 PM,06:48 PM,18.0,06:32 PM,06:50 PM,18.0
22435,2024-09-07,PRYJ,04:30 PM,04:41 PM,11.0,04:32 PM,04:43 PM,11.0
22435,2024-09-07,CNB,06:30 PM,06:44 PM,14.0,06:32 PM,06:46 PM,14.0
22435,2024-09-08,PRYJ,04:30 PM,04:38 PM,8.0,04:32 PM,04:40 PM,8.0
22435,2024-09-08,CNB,06:30 PM,06:38 PM,8.0,06:32 PM,06:40 PM,8.0
22435,2024-09-10,PRYJ,04:30 PM,04:36 PM,6.0,04:32 PM,04:38 PM,6.0
22435,2024-09-10,CNB,06:30 PM,06:42 PM,12.0,06:32 PM,06:44 PM,12.0
22435,2024-09-11,PRYJ,04:30 PM,04:40 PM,10.0,04:32 PM,04:42 PM,10.0
22435,2024-09-11,CNB,06:30 PM,06:51 PM,21.0,06:32 PM,06:53 PM,21.0
22435,2024-09-13,PRYJ,04:30 PM,04:40 PM,10.0,04:32 PM,04:42 PM,10.0
22435,2024-09-13,CNB,06:30 PM,06:43 PM,13.0,06:32 PM,06:45 PM,13.0
22435,2024-09-14,PRYJ,04:30 PM,04:38 PM,8.0,04:32 PM,04:40 PM,8.0
22435,2024-09-14,CNB,06:30 PM,06:34 PM,4.0,06:32 PM,06:36 PM,4.0
22435,2024-09-15,PRYJ,04:30 PM,04:41 PM,11.0,04:32 PM,04:43 PM,11.0
22435,2024-09-15,CNB,06:30 PM,06:48 PM,18.0,06:32 PM,06:50 PM,18.0
22435,2024-09-16,PRYJ,04:30 PM,04:39 PM,9.0,04:32 PM,04:41 PM,9.0
22435,2024-09-16,CNB,06:30 PM,06:40 PM,10.0,06:32 PM,06:42 PM,10.0
22435,2024-09-17,PRYJ,04:30 PM,04:44 PM,14.0,04:32 PM,04:46 PM,14.0
22435,2024-09-17,CNB,06:30 PM,06:46 PM,16.0,06:32 PM,06:48 PM,16.0
22435,2024-09-18,PRYJ,04:30 PM,04:42 PM,12.0,04:32 PM,04:44 PM,12.0
22435,2024-09-18,CNB,06:30 PM,06:48 PM,18.0,06:32 PM,06:50 PM,18.0
22435,2024-09-20,PRYJ,04:30 PM,04:41 PM,11.0,04:32 PM,04:43 PM,11.0
22435,2024-09-20,CNB,06:30 PM,06:42 PM,12.0,06:32 PM,06:44 PM,12.0
22435,2024-09-21,PRYJ,04:30 PM,04:49 PM,19.0,04:32 PM,04:51 PM,19.0
22435,2024-09-21,CNB,06:30 PM,06:52 PM,22.0,06:32 PM,06:54 PM,22.0
22435,2024-09-22,PRYJ,04:30 PM,04:38 PM,8.0,04:32 PM,04:40 PM,8.0
22435,2024-09-22,CNB,06:30 PM,06:33 PM,3.0,06:32 PM,06:35 PM,3.0
22435,2024-09-23,PRYJ,04:30 PM,04:41 PM,11.0,04:32 PM,04:43 PM,11.0
22435,2024-09-23,CNB,06:30 PM,06:52 PM,22.0,06:32 PM,06:54 PM,22.0
22435,2024-09-24,PRYJ,04:30 PM,04:46 PM,16.0,04:32 PM,04:48 PM,16.0
22435,2024-09-24,CNB,06:30 PM,06:56 PM,26.0,06:32 PM,06:58 PM,26.0
22435,2024-09-25,PRYJ,04:30 PM,04:41 PM,11.0,04:32 PM,04:43 PM,11.0
22435,2024-09-25,CNB,06:30 PM,06:43 PM,13.0,06:32 PM,06:45 PM,13.0
22435,2024-09-27,PRYJ,04:30 PM,04:47 PM,17.0,04:32 PM,04:49 PM,17.0
22435,2024-09-27,CNB,06:30 PM,06:57 PM,27.0,06:32 PM,06:59 PM,27.0
22435,2024-09-28,PRYJ,04:30 PM,04:45 PM,15.0,04:32 PM,04:47 PM,15.0
22435,2024-09-28,CNB,06:30 PM,06:48 PM,18.0,06:32 PM,06:50 PM,18.0
22435,2024-09-29,PRYJ,04:30 PM,04:45 PM,15.0,04:32 PM,04:47 PM,15.0
22435,2024-09-29,CNB,06:30 PM,06:43 PM,13.0,06:32 PM,06:45 PM,13.0
22435,2024-09-30,PRYJ,04:30 PM,04:52 PM,22.0,04:32 PM,04:54 PM,22.0
22435,2024-09-30,CNB,06:30 PM,06:52 PM,22.0,06:32 PM,06:54 PM,22.0
18310,2024-09-01,CNB,02:20 PM,03:04 PM,44.0,02:25 PM,03:09 PM,44.0
18310,2024-09-01,PRYJ,05:10 PM,06:01 PM,51.0,05:20 PM,06:11 PM,51.0
18310,2024-09-03,CNB,02:20 PM,02:23 PM,3.0,02:25 PM,02:28 PM,3.0
18310,2024-09-03,PRYJ,05:10 PM,05:10 PM,0.0,05:20 PM,05:20 PM,0.0
18310,2024-09-05,CNB,02:20 PM,02:20 PM,0.0,02:25 PM,02:25 PM,0.0
18310,2024-09-05,PRYJ,05:10 PM,05:10 PM,0.0,05:20 PM,05:20 PM,0.0
18310,2024-09-06,CNB,02:20 PM,02:20 PM,0.0,02:25 PM,02:25 PM,0.0
18310,2024-09-06,PRYJ,05:10 PM,05:10 PM,0.0,05:20 PM,05:20 PM,0.0
18310,2024-09-08,CNB,02:20 PM,04:42 PM,142.0,02:25 PM,04:47 PM,142.0
18310,2024-09-08,PRYJ,05:10 PM,07:30 PM,140.0,05:20 PM,07:40 PM,140.0
18310,2024-09-10,CNB,02:20 PM,02:20 PM,0.0,02:25 PM,02:25 PM,0.0
18310,2024-09-10,PRYJ,05:10 PM,05:10 PM,0.0,05:20 PM,05:20 PM,0.0
18310,2024-09-12,CNB,02:20 PM,02:32 PM,12.0,02:25 PM,02:37 PM,12.0
18310,2024-09-12,PRYJ,05:10 PM,05:51 PM,41.0,05:20 PM,06:01 PM,41.0
18310,2024-09-13,CNB,02:20 PM,02:20 PM,0.0,02:25 PM,02:25 PM,0.0
18310,2024-09-13,PRYJ,05:10 PM,05:10 PM,0.0,05:20 PM,05:20 PM,0.0
18310,2024-09-15,CNB,02:20 PM,02:22 PM,2.0,02:25 PM,02:27 PM,2.0
18310,2024-09-15,PRYJ,05:10 PM,06:28 PM,78.0,05:20 PM,06:38 PM,78.0
18310,2024-09-17,CNB,02:20 PM,02:20 PM,0.0,02:25 PM,02:25 PM,0.0
18310,2024-09-17,PRYJ,05:10 PM,05:10 PM,0.0,05:20 PM,05:20 PM,0.0
18310,2024-09-19,CNB,02:20 PM,02:20 PM,0.0,02:25 PM,02:25 PM,0.0
18310,2024-09-19,PRYJ,05:10 PM,05:10 PM,0.0,05:20 PM,05:20 PM,0.0
18310,2024-09-20,CNB,02:20 PM,02:28 PM,8.0,02:25 PM,02:33 PM,8.0
18310,2024-09-20,PRYJ,05:10 PM,05:10 PM,0.0,05:20 PM,05:20 PM,0.0
18310,2024-09-22,CNB,02:20 PM,02:20 PM,0.0,02:25 PM,02:25 PM,0.0
18310,2024-09-22,PRYJ,05:10 PM,05:10 PM,0.0,05:20 PM,05:20 PM,0.0
18310,2024-09-24,CNB,02:20 PM,03:11 PM,51.0,02:25 PM,03:16 PM,51.0
18310,2024-09-24,PRYJ,05:10 PM,06:15 PM,65.0,05:20 PM,06:25 PM,65.0
18310,2024-09-26,CNB,02:20 PM,03:08 PM,48.0,02:25 PM,03:13 PM,48.0
18310,2024-09-26,PRYJ,05:10 PM,05:59 PM,49.0,05:20 PM,06:09 PM,49.0
18310,2024-09-27,CNB,02:20 PM,02:35 PM,15.0,02:25 PM,02:40 PM,15.0
18310,2024-09-27,PRYJ,05:10 PM,05:50 PM,40.0,05:20 PM,06:00 PM,40.0
18310,2024-09-29,CNB,02:20 PM,02:43 PM,23.0,02:25 PM,02:48 PM,23.0
18310,2024-09-29,PRYJ,05:10 PM,05:43 PM,33.0,05:20 PM,05:53 PM,33.0
3256,2024-09-06,CNB,06:20 AM,06:38 AM,18.0,06:30 AM,06:48 AM,18.0
3256,2024-09-06,PRYJ,09:30 AM,09:31 AM,0.0,09:35 AM,09:36 AM,0.0
3256,2024-09-06,DDU,01:15 PM,01:23 PM,8.0,01:25 PM,01:33 PM,8.0
3256,2024-09-06,BXR,02:45 PM,02:45 PM,0.0,02:47 PM,02:47 PM,0.0
3256,2024-09-09,CNB,06:20 AM,06:30 AM,10.0,06:30 AM,06:40 AM,10.0
3256,2024-09-09,PRYJ,09:30 AM,09:31 AM,0.0,09:35 AM,09:36 AM,0.0
3256,2024-09-09,DDU,01:15 PM,01:15 PM,0.0,01:25 PM,01:25 PM,0.0
3256,2024-09-09,BXR,02:45 PM,02:47 PM,2.0,02:47 PM,02:49 PM,2.0
3256,2024-09-13,CNB,06:20 AM,07:31 AM,71.0,06:30 AM,07:41 AM,71.0
3256,2024-09-13,PRYJ,09:30 AM,10:23 AM,53.0,09:35 AM,10:28 AM,53.0
3256,2024-09-13,DDU,01:15 PM,01:36 PM,21.0,01:25 PM,01:46 PM,21.0
3256,2024-09-13,BXR,02:45 PM,04:20 PM,95.0,02:47 PM,04:22 PM,95.0
3256,2024-09-16,CNB,06:20 AM,06:32 AM,12.0,06:30 AM,06:42 AM,12.0
3256,2024-09-16,PRYJ,09:30 AM,09:35 AM,5.0,09:35 AM,09:40 AM,5.0
3256,2024-09-16,DDU,01:15 PM,01:16 PM,0.0,01:25 PM,01:26 PM,0.0
3256,2024-09-16,BXR,02:45 PM,04:20 PM,95.0,02:47 PM,04:22 PM,95.0
3256,2024-09-20,CNB,06:20 AM,07:22 AM,62.0,06:30 AM,07:32 AM,62.0
3256,2024-09-20,PRYJ,09:30 AM,10:37 AM,67.0,09:35 AM,10:42 AM,67.0
3256,2024-09-20,DDU,01:15 PM,01:38 PM,23.0,01:25 PM,01:48 PM,23.0
3256,2024-09-20,BXR,02:45 PM,02:45 PM,0.0,02:47 PM,02:47 PM,0.0
3256,2024-09-23,CNB,06:20 AM,06:57 AM,37.0,06:30 AM,07:07 AM,37.0
3256,2024-09-23,PRYJ,09:30 AM,09:30 AM,0.0,09:35 AM,09:35 AM,0.0
3256,2024-09-23,DDU,01:15 PM,01:15 PM,0.0,01:25 PM,01:25 PM,0.0
3256,2024-09-23,BXR,02:45 PM,02:45 PM,0.0,02:47 PM,02:47 PM,0.0
3256,2024-09-27,CNB,06:20 AM,06:46 AM,26.0,06:30 AM,06:56 AM,26.0
3256,2024-09-27,PRYJ,09:30 AM,09:30 AM,0.0,09:35 AM,09:35 AM,0.0
3256,2024-09-27,DDU,01:15 PM,01:41 PM,26.0,01:25 PM,01:51 PM,26.0
3256,2024-09-27,BXR,02:45 PM,03:28 PM,43.0,02:47 PM,03:30 PM,43.0
22352,2024-09-02,DDU,07:05 AM,04:49 PM,584.0,07:15 AM,04:59 PM,584.0
22352,2024-09-09,DDU,07:05 AM,07:05 AM,0.0,07:15 AM,07:15 AM,0.0
22352,2024-09-16,DDU,07:05 AM,07:06 AM,0.0,07:15 AM,07:16 AM,0.0
22352,2024-09-23,DDU,07:05 AM,07:05 AM,0.0,07:15 AM,07:15 AM,0.0
22352,2024-09-30,DDU,07:05 AM,07:05 AM,0.0,07:15 AM,07:15 AM,0.0
3326,2024-09-07,DDU,09:40 AM,09:40 AM,0.0,09:50 AM,09:50 AM,0.0
3326,2024-09-14,DDU,09:40 AM,03:39 AM,1079.0,09:50 AM,03:49 AM,1079.0
3326,2024-09-21,DDU,09:40 AM,09:40 AM,0.0,09:50 AM,09:50 AM,0.0
12596,2024-09-03,CNB,12:50 AM,12:53 AM,3.0,12:55 AM,12:58 AM,3.0
12596,2024-09-04,CNB,12:50 AM,01:03 AM,13.0,12:55 AM,01:08 AM,13.0
12596,2024-09-06,CNB,12:50 AM,12:55 AM,5.0,12:55 AM,01:00 AM,5.0
12596,2024-09-10,CNB,12:50 AM,12:50 AM,0.0,12:55 AM,12:55 AM,0.0
12596,2024-09-11,CNB,12:50 AM,12:58 AM,8.0,12:55 AM,01:03 AM,8.0
12596,2024-09-13,CNB,12:50 AM,01:20 AM,30.0,12:55 AM,01:25 AM,30.0
12596,2024-09-17,CNB,12:50 AM,01:39 AM,49.0,12:55 AM,01:44 AM,49.0
12596,2024-09-18,CNB,12:50 AM,12:59 AM,9.0,12:55 AM,01:04 AM,9.0
12596,2024-09-20,CNB,12:50 AM,12:55 AM,5.0,12:55 AM,01:00 AM,5.0
12596,2024-09-25,CNB,12:50 AM,01:18 AM,28.0,12:55 AM,01:23 AM,28.0
12596,2024-09-27,CNB,12:50 AM,12:50 AM,0.0,12:55 AM,12:55 AM,0.0
20103,2024-09-01,CNB,03:35 AM,03:35 AM,0.0,03:40 AM,03:40 AM,0.0
20103,2024-09-02,CNB,03:35 AM,03:37 AM,2.0,03:40 AM,03:42 AM,2.0
20103,2024-09-03,CNB,03:35 AM,03:35 AM,0.0,03:40 AM,03:40 AM,0.0
20103,2024-09-04,CNB,03:35 AM,03:35 AM,0.0,03:40 AM,03:40 AM,0.0
20103,2024-09-05,CNB,03:35 AM,03:35 AM,0.0,03:40 AM,03:40 AM,0.0
20103,2024-09-06,CNB,03:35 AM,03:44 AM,9.0,03:40 AM,03:49 AM,9.0
20103,2024-09-07,CNB,03:35 AM,03:35 AM,0.0,03:40 AM,03:40 AM,0.0
20103,2024-09-08,CNB,03:35 AM,03:35 AM,0.0,03:40 AM,03:40 AM,0.0
20103,2024-09-09,CNB,03:35 AM,03:35 AM,0.0,03:40 AM,03:40 AM,0.0
20103,2024-09-10,CNB,03:35 AM,03:35 AM,0.0,03:40 AM,03:40 AM,0.0
20103,2024-09-11,CNB,03:35 AM,03:37 AM,2.0,03:40 AM,03:42 AM,2.0
20103,2024-09-12,CNB,03:35 AM,03:36 AM,0.0,03:40 AM,03:41 AM,0.0
20103,2024-09-13,CNB,03:35 AM,03:35 AM,0.0,03:40 AM,03:40 AM,0.0
20103,2024-09-14,CNB,03:35 AM,03:35 AM,0.0,03:40 AM,03:40 AM,0.0
20103,2024-09-15,CNB,03:35 AM,03:38 AM,3.0,03:40 AM,03:43 AM,3.0
20103,2024-09-16,CNB,03:35 AM,03:37 AM,2.0,03:40 AM,03:42 AM,2.0
20103,2024-09-17,CNB,03:35 AM,03:35 AM,0.0,03:40 AM,03:40 AM,0.0
20103,2024-09-18,CNB,03:35 AM,03:35 AM,0.0,03:40 AM,03:40 AM,0.0
20103,2024-09-19,CNB,03:35 AM,03:35 AM,0.0,03:40 AM,03:40 AM,0.0
20103,2024-09-20,CNB,03:35 AM,03:35 AM,0.0,03:40 AM,03:40 AM,0.0
20103,2024-09-21,CNB,03:35 AM,03:41 AM,6.0,03:40 AM,03:46 AM,6.0
20103,2024-09-22,CNB,03:35 AM,03:42 AM,7.0,03:40 AM,03:47 AM,7.0
20103,2024-09-23,CNB,03:35 AM,03:38 AM,3.0,03:40 AM,03:43 AM,3.0
20103,2024-09-24,CNB,03:35 AM,03:35 AM,0.0,03:40 AM,03:40 AM,0.0
20103,2024-09-25,CNB,03:35 AM,03:35 AM,0.0,03:40 AM,03:40 AM,0.0
20103,2024-09-26,CNB,03:35 AM,03:35 AM,0.0,03:40 AM,03:40 AM,0.0
20103,2024-09-27,CNB,03:35 AM,03:40 AM,5.0,03:40 AM,03:45 AM,5.0
20103,2024-09-28,CNB,03:35 AM,03:39 AM,4.0,03:40 AM,03:44 AM,4.0
20103,2024-09-29,CNB,03:35 AM,03:35 AM,0.0,03:40 AM,03:40 AM,0.0
20103,2024-09-30,CNB,03:35 AM,03:39 AM,4.0,03:40 AM,03:44 AM,4.0
15024,2024-09-05,CNB,11:30 AM,11:30 AM,0.0,11:35 AM,11:35 AM,0.0
15024,2024-09-12,CNB,11:30 AM,11:30 AM,0.0,11:35 AM,11:35 AM,0.0
15024,2024-09-19,CNB,11:30 AM,11:40 AM,10.0,11:35 AM,11:45 AM,10.0
14004,2024-09-01,DDU,09:15 AM,10:53 AM,98.0,09:25 AM,11:03 AM,98.0
14004,2024-09-01,BXR,10:47 AM,01:10 PM,143.0,10:49 AM,01:12 PM,143.0
14004,2024-09-05,DDU,09:15 AM,09:15 AM,0.0,09:25 AM,09:25 AM,0.0
14004,2024-09-05,BXR,10:47 AM,10:47 AM,0.0,10:49 AM,10:49 AM,0.0
14004,2024-09-08,DDU,09:15 AM,09:15 AM,0.0,09:25 AM,09:25 AM,0.0
14004,2024-09-08,BXR,10:47 AM,10:47 AM,0.0,10:49 AM,10:49 AM,0.0
14004,2024-09-12,DDU,09:15 AM,11:13 PM,838.0,09:25 AM,11:23 PM,838.0
14004,2024-09-12,BXR,10:47 AM,12:20 AM,813.0,10:49 AM,12:22 AM,813.0
14004,2024-09-15,DDU,09:15 AM,09:21 AM,6.0,09:25 AM,09:31 AM,6.0
14004,2024-09-15,BXR,10:47 AM,10:49 AM,2.0,10:49 AM,10:51 AM,2.0
14004,2024-09-19,DDU,09:15 AM,09:16 AM,0.0,09:25 AM,09:26 AM,0.0
14004,2024-09-19,BXR,10:47 AM,10:54 AM,7.0,10:49 AM,10:56 AM,7.0
14004,2024-09-22,DDU,09:15 AM,09:27 AM,12.0,09:25 AM,09:37 AM,12.0
14004,2024-09-22,BXR,10:47 AM,10:53 AM,6.0,10:49 AM,10:55 AM,6.0
14004,2024-09-26,DDU,09:15 AM,10:25 AM,70.0,09:25 AM,10:35 AM,70.0
14004,2024-09-26,BXR,10:47 AM,10:47 AM,0.0,10:49 AM,10:49 AM,0.0
14004,2024-09-29,DDU,09:15 AM,09:15 AM,0.0,09:25 AM,09:25 AM,0.0
14004,2024-09-29,BXR,10:47 AM,10:47 AM,0.0,10:49 AM,10:49 AM,0.0
12536,2024-09-10,CNB,03:20 AM,03:20 AM,0.0,03:25 AM,03:25 AM,0.0
12536,2024-09-17,CNB,03:20 AM,03:42 AM,22.0,03:25 AM,03:47 AM,22.0
12536,2024-09-20,CNB,03:20 AM,04:06 AM,46.0,03:25 AM,04:11 AM,46.0
12536,2024-09-24,CNB,03:20 AM,03:23 AM,3.0,03:25 AM,03:28 AM,3.0
12536,2024-09-27,CNB,03:20 AM,03:39 AM,19.0,03:25 AM,03:44 AM,19.0
3483,2024-09-07,BXR,05:49 PM,08:36 PM,167.0,05:51 PM,08:38 PM,167.0
3483,2024-09-07,DDU,07:40 PM,10:27 PM,167.0,07:50 PM,10:37 PM,167.0
3483,2024-09-07,PRYJ,10:10 PM,01:32 AM,202.0,10:15 PM,01:37 AM,202.0
3483,2024-09-07,CNB,12:15 AM,04:21 AM,246.0,12:20 AM,04:26 AM,246.0
3483,2024-09-10,BXR,05:49 PM,05:49 PM,0.0,05:51 PM,05:51 PM,0.0
3483,2024-09-10,DDU,07:40 PM,03:30 AM,470.0,07:50 PM,03:40 AM,470.0
3483,2024-09-10,PRYJ,10:10 PM,06:17 AM,487.0,10:15 PM,06:22 AM,487.0
3483,2024-09-10,CNB,12:15 AM,09:00 AM,525.0,12:20 AM,09:05 AM,525.0
3483,2024-09-14,BXR,05:49 PM,08:35 PM,166.0,05:51 PM,08:37 PM,166.0
3483,2024-09-14,DDU,07:40 PM,10:33 PM,173.0,07:50 PM,10:43 PM,173.0
3483,2024-09-14,PRYJ,10:10 PM,12:41 AM,151.0,10:15 PM,12:46 AM,151.0
3483,2024-09-14,CNB,12:15 AM,03:31 AM,196.0,12:20 AM,03:36 AM,196.0
3483,2024-09-17,BXR,05:49 PM,09:06 PM,197.0,05:51 PM,09:08 PM,197.0
3483,2024-09-17,DDU,07:40 PM,10:42 PM,182.0,07:50 PM,10:52 PM,182.0
3483,2024-09-17,PRYJ,10:10 PM,01:37 AM,207.0,10:15 PM,01:42 AM,207.0
3483,2024-09-17,CNB,12:15 AM,08:02 AM,467.0,12:20 AM,08:07 AM,467.0
3483,2024-09-21,BXR,05:49 PM,09:58 PM,249.0,05:51 PM,10:00 PM,249.0
3483,2024-09-21,DDU,07:40 PM,11:13 PM,213.0,07:50 PM,11:23 PM,213.0
3483,2024-09-21,PRYJ,10:10 PM,02:41 AM,271.0,10:15 PM,02:46 AM,271.0
3483,2024-09-21,CNB,12:15 AM,06:06 AM,351.0,12:20 AM,06:11 AM,351.0
3483,2024-09-24,BXR,05:49 PM,11:26 PM,337.0,05:51 PM,11:28 PM,337.0
3483,2024-09-24,DDU,07:40 PM,02:27 AM,407.0,07:50 PM,02:37 AM,407.0
3483,2024-09-24,PRYJ,10:10 PM,05:59 AM,469.0,10:15 PM,06:04 AM,469.0
3483,2024-09-24,CNB,12:15 AM,09:36 AM,561.0,12:20 AM,09:41 AM,561.0
3483,2024-09-28,BXR,05:49 PM,05:49 PM,0.0,05:51 PM,05:51 PM,0.0
3483,2024-09-28,DDU,07:40 PM,10:54 PM,194.0,07:50 PM,11:04 PM,194.0
3483,2024-09-28,PRYJ,10:10 PM,02:58 AM,288.0,10:15 PM,03:03 AM,288.0
3483,2024-09-28,CNB,12:15 AM,06:10 AM,355.0,12:20 AM,06:15 AM,355.0
14218,2024-09-01,CNB,05:30 AM,06:24 AM,54.0,05:35 AM,06:29 AM,54.0
14218,2024-09-02,CNB,05:30 AM,06:34 AM,64.0,05:35 AM,06:39 AM,64.0
14218,2024-09-03,CNB,05:30 AM,06:34 AM,64.0,05:35 AM,06:39 AM,64.0
14218,2024-09-04,CNB,05:30 AM,07:17 AM,107.0,05:35 AM,07:22 AM,107.0
14218,2024-09-05,CNB,05:30 AM,05:56 AM,26.0,05:35 AM,06:01 AM,26.0
14218,2024-09-06,CNB,05:30 AM,06:51 AM,81.0,05:35 AM,06:56 AM,81.0
14218,2024-09-07,CNB,05:30 AM,05:33 AM,3.0,05:35 AM,05:38 AM,3.0
14218,2024-09-08,CNB,05:30 AM,05:30 AM,0.0,05:35 AM,05:35 AM,0.0
14218,2024-09-09,CNB,05:30 AM,05:40 AM,10.0,05:35 AM,05:45 AM,10.0
14218,2024-09-10,CNB,05:30 AM,05:58 AM,28.0,05:35 AM,06:03 AM,28.0
14218,2024-09-11,CNB,05:30 AM,06:24 AM,54.0,05:35 AM,06:29 AM,54.0
14218,2024-09-12,CNB,05:30 AM,06:02 AM,32.0,05:35 AM,06:07 AM,32.0
14218,2024-09-13,CNB,05:30 AM,06:46 AM,76.0,05:35 AM,06:51 AM,76.0
14218,2024-09-14,CNB,05:30 AM,05:31 AM,0.0,05:35 AM,05:36 AM,0.0
14218,2024-09-15,CNB,05:30 AM,05:31 AM,0.0,05:35 AM,05:36 AM,0.0
14218,2024-09-16,CNB,05:30 AM,05:30 AM,0.0,05:35 AM,05:35 AM,0.0
14218,2024-09-17,CNB,05:30 AM,07:05 AM,95.0,05:35 AM,07:10 AM,95.0
14218,2024-09-18,CNB,05:30 AM,05:30 AM,0.0,05:35 AM,05:35 AM,0.0
14218,2024-09-19,CNB,05:30 AM,06:28 AM,58.0,05:35 AM,06:33 AM,58.0
14218,2024-09-20,CNB,05:30 AM,05:30 AM,0.0,05:35 AM,05:35 AM,0.0
14218,2024-09-21,CNB,05:30 AM,07:42 AM,132.0,05:35 AM,07:47 AM,132.0
14218,2024-09-22,CNB,05:30 AM,06:41 AM,71.0,05:35 AM,06:46 AM,71.0
14218,2024-09-23,CNB,05:30 AM,06:47 AM,77.0,05:35 AM,06:52 AM,77.0
14218,2024-09-24,CNB,05:30 AM,05:43 AM,13.0,05:35 AM,05:48 AM,13.0
14218,2024-09-25,CNB,05:30 AM,05:56 AM,26.0,05:35 AM,06:01 AM,26.0
14218,2024-09-26,CNB,05:30 AM,05:31 AM,0.0,05:35 AM,05:36 AM,0.0
14218,2024-09-27,CNB,05:30 AM,05:40 AM,10.0,05:35 AM,05:45 AM,10.0
14218,2024-09-28,CNB,05:30 AM,05:54 AM,24.0,05:35 AM,05:59 AM,24.0
14218,2024-09-29,CNB,05:30 AM,05:30 AM,0.0,05:35 AM,05:35 AM,0.0
14218,2024-09-30,CNB,05:30 AM,05:30 AM,0.0,05:35 AM,05:35 AM,0.0
12505,2024-09-01,BXR,07:40 AM,07:40 AM,0.0,07:42 AM,07:42 AM,0.0
12505,2024-09-01,DDU,09:50 AM,09:50 AM,0.0,10:00 AM,10:00 AM,0.0
12505,2024-09-01,PRYJ,12:25 PM,12:25 PM,0.0,12:30 PM,12:30 PM,0.0
12505,2024-09-01,CNB,03:00 PM,03:00 PM,0.0,03:05 PM,03:05 PM,0.0
12505,2024-09-02,BXR,07:40 AM,08:18 AM,38.0,07:42 AM,08:20 AM,38.0
12505,2024-09-02,DDU,09:50 AM,09:53 AM,3.0,10:00 AM,10:03 AM,3.0
12505,2024-09-02,PRYJ,12:25 PM,12:26 PM,0.0,12:30 PM,12:31 PM,0.0
12505,2024-09-02,CNB,03:00 PM,03:22 PM,22.0,03:05 PM,03:27 PM,22.0
12505,2024-09-03,BXR,07:40 AM,09:11 AM,91.0,07:42 AM,09:13 AM,91.0
12505,2024-09-03,DDU,09:50 AM,10:27 AM,37.0,10:00 AM,10:37 AM,37.0
12505,2024-09-03,PRYJ,12:25 PM,01:49 PM,84.0,12:30 PM,01:54 PM,84.0
12505,2024-09-03,CNB,03:00 PM,05:42 PM,162.0,03:05 PM,05:47 PM,162.0
12505,2024-09-04,BXR,07:40 AM,11:00 AM,200.0,07:42 AM,11:02 AM,200.0
12505,2024-09-04,DDU,09:50 AM,12:40 PM,170.0,10:00 AM,12:50 PM,170.0
12505,2024-09-04,PRYJ,12:25 PM,02:50 PM,145.0,12:30 PM,02:55 PM,145.0
12505,2024-09-04,CNB,03:00 PM,06:38 PM,218.0,03:05 PM,06:43 PM,218.0
12505,2024-09-05,BXR,07:40 AM,07:42 AM,2.0,07:42 AM,07:44 AM,2.0
12505,2024-09-05,DDU,09:50 AM,09:58 AM,8.0,10:00 AM,10:08 AM,8.0
12505,2024-09-05,PRYJ,12:25 PM,12:26 PM,0.0,12:30 PM,12:31 PM,0.0
12505,2024-09-05,CNB,03:00 PM,03:05 PM,5.0,03:05 PM,03:10 PM,5.0
12505,2024-09-06,BXR,07:40 AM,07:40 AM,0.0,07:42 AM,07:42 AM,0.0
12505,2024-09-06,DDU,09:50 AM,12:16 PM,146.0,10:00 AM,12:26 PM,146.0
12505,2024-09-06,PRYJ,12:25 PM,02:54 PM,149.0,12:30 PM,02:59 PM,149.0
12505,2024-09-06,CNB,03:00 PM,07:29 PM,269.0,03:05 PM,07:34 PM,269.0
12505,2024-09-07,BXR,07:40 AM,07:54 AM,14.0,07:42 AM,07:56 AM,14.0
12505,2024-09-07,DDU,09:50 AM,09:59 AM,9.0,10:00 AM,10:09 AM,9.0
12505,2024-09-07,PRYJ,12:25 PM,01:07 PM,42.0,12:30 PM,01:12 PM,42.0
12505,2024-09-07,CNB,03:00 PM,03:59 PM,59.0,03:05 PM,04:04 PM,59.0
12505,2024-09-08,BXR,07:40 AM,07:40 AM,0.0,07:42 AM,07:42 AM,0.0
12505,2024-09-08,DDU,09:50 AM,09:51 AM,0.0,10:00 AM,10:01 AM,0.0
12505,2024-09-08,PRYJ,12:25 PM,12:36 PM,11.0,12:30 PM,12:41 PM,11.0
12505,2024-09-08,CNB,03:00 PM,04:17 PM,77.0,03:05 PM,04:22 PM,77.0
12505,2024-09-09,BXR,07:40 AM,07:40 AM,0.0,07:42 AM,07:42 AM,0.0
12505,2024-09-09,DDU,09:50 AM,10:09 AM,19.0,10:00 AM,10:19 AM,19.0
12505,2024-09-09,PRYJ,12:25 PM,12:52 PM,27.0,12:30 PM,12:57 PM,27.0
12505,2024-09-09,CNB,03:00 PM,03:53 PM,53.0,03:05 PM,03:58 PM,53.0
12505,2024-09-10,BXR,07:40 AM,08:08 AM,28.0,07:42 AM,08:10 AM,28.0
12505,2024-09-10,DDU,09:50 AM,09:51 AM,0.0,10:00 AM,10:01 AM,0.0
12505,2024-09-10,PRYJ,12:25 PM,12:44 PM,19.0,12:30 PM,12:49 PM,19.0
12505,2024-09-10,CNB,03:00 PM,03:14 PM,14.0,03:05 PM,03:19 PM,14.0
12505,2024-09-11,BXR,07:40 AM,08:35 AM,55.0,07:42 AM,08:37 AM,55.0
12505,2024-09-11,DDU,09:50 AM,10:02 AM,12.0,10:00 AM,10:12 AM,12.0
12505,2024-09-11,PRYJ,12:25 PM,12:26 PM,0.0,12:30 PM,12:31 PM,0.0
12505,2024-09-11,CNB,03:00 PM,03:09 PM,9.0,03:05 PM,03:14 PM,9.0
12505,2024-09-12,BXR,07:40 AM,07:41 AM,0.0,07:42 AM,07:43 AM,0.0
12505,2024-09-12,DDU,09:50 AM,09:56 AM,6.0,10:00 AM,10:06 AM,6.0
12505,2024-09-12,PRYJ,12:25 PM,12:32 PM,7.0,12:30 PM,12:37 PM,7.0
12505,2024-09-12,CNB,03:00 PM,03:33 PM,33.0,03:05 PM,03:38 PM,33.0
12505,2024-09-13,BXR,07:40 AM,07:40 AM,0.0,07:42 AM,07:42 AM,0.0
12505,2024-09-13,DDU,09:50 AM,10:03 AM,13.0,10:00 AM,10:13 AM,13.0
12505,2024-09-13,PRYJ,12:25 PM,12:28 PM,3.0,12:30 PM,12:33 PM,3.0
12505,2024-09-13,CNB,03:00 PM,03:04 PM,4.0,03:05 PM,03:09 PM,4.0
12505,2024-09-14,BXR,07:40 AM,08:00 AM,20.0,07:42 AM,08:02 AM,20.0
12505,2024-09-14,DDU,09:50 AM,09:55 AM,5.0,10:00 AM,10:05 AM,5.0
12505,2024-09-14,PRYJ,12:25 PM,12:38 PM,13.0,12:30 PM,12:43 PM,13.0
12505,2024-09-14,CNB,03:00 PM,03:15 PM,15.0,03:05 PM,03:20 PM,15.0
12505,2024-09-15,BXR,07:40 AM,08:09 AM,29.0,07:42 AM,08:11 AM,29.0
12505,2024-09-15,DDU,09:50 AM,10:02 AM,12.0,10:00 AM,10:12 AM,12.0
12505,2024-09-15,PRYJ,12:25 PM,12:57 PM,32.0,12:30 PM,01:02 PM,32.0
12505,2024-09-15,CNB,03:00 PM,03:38 PM,38.0,03:05 PM,03:43 PM,38.0
12505,2024-09-16,BXR,07:40 AM,07:53 AM,13.0,07:42 AM,07:55 AM,13.0
12505,2024-09-16,DDU,09:50 AM,10:07 AM,17.0,10:00 AM,10:17 AM,17.0
12505,2024-09-16,PRYJ,12:25 PM,01:10 PM,45.0,12:30 PM,01:15 PM,45.0
12505,2024-09-16,CNB,03:00 PM,03:57 PM,57.0,03:05 PM,04:02 PM,57.0
12505,2024-09-17,BXR,07:40 AM,07:40 AM,0.0,07:42 AM,07:42 AM,0.0
12505,2024-09-17,DDU,09:50 AM,09:52 AM,2.0,10:00 AM,10:02 AM,2.0
12505,2024-09-17,PRYJ,12:25 PM,12:33 PM,8.0,12:30 PM,12:38 PM,8.0
12505,2024-09-17,CNB,03:00 PM,03:14 PM,14.0,03:05 PM,03:19 PM,14.0
12505,2024-09-18,BXR,07:40 AM,08:08 AM,28.0,07:42 AM,08:10 AM,28.0
12505,2024-09-18,DDU,09:50 AM,09:50 AM,0.0,10:00 AM,10:00 AM,0.0
12505,2024-09-18,PRYJ,12:25 PM,12:31 PM,6.0,12:30 PM,12:36 PM,6.0
12505,2024-09-18,CNB,03:00 PM,03:09 PM,9.0,03:05 PM,03:14 PM,9.0
12505,2024-09-19,BXR,07:40 AM,10:30 AM,170.0,07:42 AM,10:32 AM,170.0
12505,2024-09-19,DDU,09:50 AM,11:36 AM,106.0,10:00 AM,11:46 AM,106.0
12505,2024-09-19,PRYJ,12:25 PM,02:12 PM,107.0,12:30 PM,02:17 PM,107.0
12505,2024-09-19,CNB,03:00 PM,05:31 PM,151.0,03:05 PM,05:36 PM,151.0
12505,2024-09-20,BXR,07:40 AM,09:39 AM,119.0,07:42 AM,09:41 AM,119.0
12505,2024-09-20,DDU,09:50 AM,10:50 AM,60.0,10:00 AM,11:00 AM,60.0
12505,2024-09-20,PRYJ,12:25 PM,12:25 PM,0.0,12:30 PM,12:30 PM,0.0
12505,2024-09-20,CNB,03:00 PM,03:00 PM,0.0,03:05 PM,03:05 PM,0.0
12505,2024-09-21,BXR,07:40 AM,07:40 AM,0.0,07:42 AM,07:42 AM,0.0
12505,2024-09-21,DDU,09:50 AM,09:57 AM,7.0,10:00 AM,10:07 AM,7.0
12505,2024-09-21,PRYJ,12:25 PM,12:28 PM,3.0,12:30 PM,12:33 PM,3.0
12505,2024-09-21,CNB,03:00 PM,03:25 PM,25.0,03:05 PM,03:30 PM,25.0
12505,2024-09-22,BXR,07:40 AM,07:40 AM,0.0,07:42 AM,07:42 AM,0.0
12505,2024-09-22,DDU,09:50 AM,09:50 AM,0.0,10:00 AM,10:00 AM,0.0
12505,2024-09-22,PRYJ,12:25 PM,12:25 PM,0.0,12:30 PM,12:30 PM,0.0
12505,2024-09-22,CNB,03:00 PM,03:00 PM,0.0,03:05 PM,03:05 PM,0.0
12505,2024-09-23,BXR,07:40 AM,07:40 AM,0.0,07:42 AM,07:42 AM,0.0
12505,2024-09-23,DDU,09:50 AM,10:00 AM,10.0,10:00 AM,10:10 AM,10.0
12505,2024-09-23,PRYJ,12:25 PM,12:39 PM,14.0,12:30 PM,12:44 PM,14.0
12505,2024-09-23,CNB,03:00 PM,03:55 PM,55.0,03:05 PM,04:00 PM,55.0
12505,2024-09-24,BXR,07:40 AM,08:10 AM,30.0,07:42 AM,08:12 AM,30.0
12505,2024-09-24,DDU,09:50 AM,09:51 AM,0.0,10:00 AM,10:01 AM,0.0
12505,2024-09-24,PRYJ,12:25 PM,12:30 PM,5.0,12:30 PM,12:35 PM,5.0
12505,2024-09-24,CNB,03:00 PM,03:36 PM,36.0,03:05 PM,03:41 PM,36.0
12505,2024-09-25,BXR,07:40 AM,07:40 AM,0.0,07:42 AM,07:42 AM,0.0
12505,2024-09-25,DDU,09:50 AM,09:50 AM,0.0,10:00 AM,10:00 AM,0.0
12505,2024-09-25,PRYJ,12:25 PM,12:25 PM,0.0,12:30 PM,12:30 PM,0.0
12505,2024-09-25,CNB,03:00 PM,03:00 PM,0.0,03:05 PM,03:05 PM,0.0
12505,2024-09-26,BXR,07:40 AM,08:59 AM,79.0,07:42 AM,09:01 AM,79.0
12505,2024-09-26,DDU,09:50 AM,09:59 AM,9.0,10:00 AM,10:09 AM,9.0
12505,2024-09-26,PRYJ,12:25 PM,12:30 PM,5.0,12:30 PM,12:35 PM,5.0
12505,2024-09-26,CNB,03:00 PM,03:14 PM,14.0,03:05 PM,03:19 PM,14.0
12505,2024-09-27,BXR,07:40 AM,07:40 AM,0.0,07:42 AM,07:42 AM,0.0
12505,2024-09-27,DDU,09:50 AM,09:53 AM,3.0,10:00 AM,10:03 AM,3.0
12505,2024-09-27,PRYJ,12:25 PM,12:26 PM,0.0,12:30 PM,12:31 PM,0.0
12505,2024-09-27,CNB,03:00 PM,03:17 PM,17.0,03:05 PM,03:22 PM,17.0
12505,2024-09-28,BXR,07:40 AM,07:40 AM,0.0,07:42 AM,07:42 AM,0.0
12505,2024-09-28,DDU,09:50 AM,09:51 AM,0.0,10:00 AM,10:01 AM,0.0
12505,2024-09-28,PRYJ,12:25 PM,12:32 PM,7.0,12:30 PM,12:37 PM,7.0
12505,2024-09-28,CNB,03:00 PM,03:18 PM,18.0,03:05 PM,03:23 PM,18.0
12505,2024-09-29,BXR,07:40 AM,07:40 AM,0.0,07:42 AM,07:42 AM,0.0
12505,2024-09-29,DDU,09:50 AM,10:31 AM,41.0,10:00 AM,10:41 AM,41.0
12505,2024-09-29,PRYJ,12:25 PM,01:00 PM,35.0,12:30 PM,01:05 PM,35.0
12505,2024-09-29,CNB,03:00 PM,03:51 PM,51.0,03:05 PM,03:56 PM,51.0
12505,2024-09-30,BXR,07:40 AM,08:08 AM,28.0,07:42 AM,08:10 AM,28.0
12505,2024-09-30,DDU,09:50 AM,09:55 AM,5.0,10:00 AM,10:05 AM,5.0
12505,2024-09-30,PRYJ,12:25 PM,12:25 PM,0.0,12:30 PM,12:30 PM,0.0
12505,2024-09-30,CNB,03:00 PM,03:00 PM,0.0,03:05 PM,03:05 PM,0.0
12556,2024-09-01,CNB,02:55 AM,02:55 AM,0.0,03:05 AM,03:05 AM,0.0
12556,2024-09-02,CNB,02:55 AM,03:06 AM,11.0,03:05 AM,03:16 AM,11.0
12556,2024-09-03,CNB,02:55 AM,04:14 AM,79.0,03:05 AM,04:24 AM,79.0
12556,2024-09-04,CNB,02:55 AM,05:39 AM,164.0,03:05 AM,05:49 AM,164.0
12556,2024-09-05,CNB,02:55 AM,02:55 AM,0.0,03:05 AM,03:05 AM,0.0
12556,2024-09-06,CNB,02:55 AM,03:22 AM,27.0,03:05 AM,03:32 AM,27.0
12556,2024-09-07,CNB,02:55 AM,02:55 AM,0.0,03:05 AM,03:05 AM,0.0
12556,2024-09-08,CNB,02:55 AM,03:23 AM,28.0,03:05 AM,03:33 AM,28.0
12556,2024-09-09,CNB,02:55 AM,02:58 AM,3.0,03:05 AM,03:08 AM,3.0
12556,2024-09-10,CNB,02:55 AM,02:55 AM,0.0,03:05 AM,03:05 AM,0.0
12556,2024-09-11,CNB,02:55 AM,03:36 AM,41.0,03:05 AM,03:46 AM,41.0
12556,2024-09-12,CNB,02:55 AM,06:57 AM,242.0,03:05 AM,07:07 AM,242.0
12556,2024-09-13,CNB,02:55 AM,03:18 AM,23.0,03:05 AM,03:28 AM,23.0
12556,2024-09-14,CNB,02:55 AM,03:44 AM,49.0,03:05 AM,03:54 AM,49.0
12556,2024-09-15,CNB,02:55 AM,02:55 AM,0.0,03:05 AM,03:05 AM,0.0
12556,2024-09-16,CNB,02:55 AM,02:59 AM,4.0,03:05 AM,03:09 AM,4.0
12556,2024-09-17,CNB,02:55 AM,03:03 AM,8.0,03:05 AM,03:13 AM,8.0
12556,2024-09-18,CNB,02:55 AM,02:59 AM,4.0,03:05 AM,03:09 AM,4.0
12556,2024-09-19,CNB,02:55 AM,03:16 AM,21.0,03:05 AM,03:26 AM,21.0
12556,2024-09-20,CNB,02:55 AM,03:00 AM,5.0,03:05 AM,03:10 AM,5.0
12556,2024-09-21,CNB,02:55 AM,03:11 AM,16.0,03:05 AM,03:21 AM,16.0
12556,2024-09-22,CNB,02:55 AM,04:24 AM,89.0,03:05 AM,04:34 AM,89.0
12556,2024-09-23,CNB,02:55 AM,02:55 AM,0.0,03:05 AM,03:05 AM,0.0
12556,2024-09-24,CNB,02:55 AM,02:55 AM,0.0,03:05 AM,03:05 AM,0.0
12556,2024-09-25,CNB,02:55 AM,03:02 AM,7.0,03:05 AM,03:12 AM,7.0
12556,2024-09-26,CNB,02:55 AM,02:55 AM,0.0,03:05 AM,03:05 AM,0.0
12556,2024-09-27,CNB,02:55 AM,03:10 AM,15.0,03:05 AM,03:20 AM,15.0
12556,2024-09-28,CNB,02:55 AM,02:56 AM,0.0,03:05 AM,03:06 AM,0.0
12556,2024-09-29,CNB,02:55 AM,02:56 AM,0.0,03:05 AM,03:06 AM,0.0
12556,2024-09-30,CNB,02:55 AM,02:55 AM,0.0,03:05 AM,03:05 AM,0.0
12469,2024-09-04,CNB,02:05 PM,02:07 PM,2.0,02:05 PM,02:07 PM,2.0
12469,2024-09-06,CNB,02:05 PM,02:06 PM,0.0,02:05 PM,02:06 PM,0.0
12469,2024-09-11,CNB,02:05 PM,04:21 PM,136.0,02:05 PM,04:21 PM,136.0
12469,2024-09-13,CNB,02:05 PM,02:08 PM,3.0,02:05 PM,02:08 PM,3.0
12469,2024-09-18,CNB,02:05 PM,02:06 PM,0.0,02:05 PM,02:06 PM,0.0
12469,2024-09-20,CNB,02:05 PM,02:05 PM,0.0,02:05 PM,02:05 PM,0.0
12469,2024-09-25,CNB,02:05 PM,02:05 PM,0.0,02:05 PM,02:05 PM,0.0
12469,2024-09-27,CNB,02:05 PM,02:05 PM,0.0,02:05 PM,02:05 PM,0.0
22131,2024-09-02,PRYJ,05:00 PM,05:00 PM,0.0,05:20 PM,05:20 PM,0.0
22131,2024-09-09,PRYJ,05:00 PM,05:00 PM,0.0,05:20 PM,05:20 PM,0.0
22131,2024-09-16,PRYJ,05:00 PM,05:00 PM,0.0,05:20 PM,05:20 PM,0.0
22131,2024-09-23,PRYJ,05:00 PM,05:00 PM,0.0,05:20 PM,05:20 PM,0.0
22131,2024-09-30,PRYJ,05:00 PM,05:00 PM,0.0,05:20 PM,05:20 PM,0.0
22132,2024-09-04,PRYJ,06:50 AM,06:50 AM,0.0,07:15 AM,07:15 AM,0.0
22132,2024-09-11,PRYJ,06:50 AM,06:50 AM,0.0,07:15 AM,07:15 AM,0.0
22132,2024-09-18,PRYJ,06:50 AM,06:50 AM,0.0,07:15 AM,07:15 AM,0.0
22132,2024-09-25,PRYJ,06:50 AM,06:50 AM,0.0,07:15 AM,07:15 AM,0.0
3248,2024-09-07,DDU,08:55 PM,11:40 AM,885.0,09:05 PM,11:50 AM,885.0
3248,2024-09-07,BXR,10:07 PM,01:48 PM,941.0,10:09 PM,01:50 PM,941.0
3248,2024-09-14,DDU,08:55 PM,08:55 PM,0.0,09:05 PM,09:05 PM,0.0
3248,2024-09-14,BXR,10:07 PM,10:07 PM,0.0,10:09 PM,10:09 PM,0.0
12382,2024-09-02,CNB,10:55 PM,11:45 PM,50.0,11:05 PM,11:55 PM,50.0
12382,2024-09-02,PRYJ,01:45 AM,02:05 AM,20.0,01:50 AM,02:10 AM,20.0
12382,2024-09-02,DDU,06:20 AM,06:20 AM,0.0,06:30 AM,06:30 AM,0.0
12382,2024-09-06,CNB,10:55 PM,11:48 PM,53.0,11:05 PM,11:58 PM,53.0
12382,2024-09-06,PRYJ,01:45 AM,01:51 AM,6.0,01:50 AM,01:56 AM,6.0
12382,2024-09-06,DDU,06:20 AM,06:20 AM,0.0,06:30 AM,06:30 AM,0.0
12382,2024-09-09,CNB,10:55 PM,10:55 PM,0.0,11:05 PM,11:05 PM,0.0
12382,2024-09-09,PRYJ,01:45 AM,01:45 AM,0.0,01:50 AM,01:50 AM,0.0
12382,2024-09-09,DDU,06:20 AM,06:20 AM,0.0,06:30 AM,06:30 AM,0.0
12382,2024-09-10,CNB,10:55 PM,10:56 PM,0.0,11:05 PM,11:06 PM,0.0
12382,2024-09-10,PRYJ,01:45 AM,01:45 AM,0.0,01:50 AM,01:50 AM,0.0
12382,2024-09-10,DDU,06:20 AM,06:21 AM,0.0,06:30 AM,06:31 AM,0.0
12382,2024-09-13,CNB,10:55 PM,11:08 PM,13.0,11:05 PM,11:18 PM,13.0
12382,2024-09-13,PRYJ,01:45 AM,01:49 AM,4.0,01:50 AM,01:54 AM,4.0
12382,2024-09-13,DDU,06:20 AM,06:20 AM,0.0,06:30 AM,06:30 AM,0.0
12382,2024-09-16,CNB,10:55 PM,11:32 PM,37.0,11:05 PM,11:42 PM,37.0
12382,2024-09-16,PRYJ,01:45 AM,02:05 AM,20.0,01:50 AM,02:10 AM,20.0
12382,2024-09-16,DDU,06:20 AM,06:20 AM,0.0,06:30 AM,06:30 AM,0.0
12382,2024-09-20,CNB,10:55 PM,11:12 PM,17.0,11:05 PM,11:22 PM,17.0
12382,2024-09-20,PRYJ,01:45 AM,01:46 AM,0.0,01:50 AM,01:51 AM,0.0
12382,2024-09-20,DDU,06:20 AM,06:23 AM,3.0,06:30 AM,06:33 AM,3.0
12382,2024-09-23,CNB,10:55 PM,10:57 PM,2.0,11:05 PM,11:07 PM,2.0
12382,2024-09-23,PRYJ,01:45 AM,01:51 AM,6.0,01:50 AM,01:56 AM,6.0
12382,2024-09-23,DDU,06:20 AM,06:20 AM,0.0,06:30 AM,06:30 AM,0.0
12382,2024-09-24,CNB,10:55 PM,10:55 PM,0.0,11:05 PM,11:05 PM,0.0
12382,2024-09-24,PRYJ,01:45 AM,01:45 AM,0.0,01:50 AM,01:50 AM,0.0
12382,2024-09-24,DDU,06:20 AM,06:20 AM,0.0,06:30 AM,06:30 AM,0.0
12382,2024-09-27,CNB,10:55 PM,11:11 PM,16.0,11:05 PM,11:21 PM,16.0
12382,2024-09-27,PRYJ,01:45 AM,01:49 AM,4.0,01:50 AM,01:54 AM,4.0
12382,2024-09-27,DDU,06:20 AM,06:20 AM,0.0,06:30 AM,06:30 AM,0.0
12382,2024-09-30,CNB,10:55 PM,10:55 PM,0.0,11:05 PM,11:05 PM,0.0
12382,2024-09-30,PRYJ,01:45 AM,01:45 AM,0.0,01:50 AM,01:50 AM,0.0
12382,2024-09-30,DDU,06:20 AM,06:20 AM,0.0,06:30 AM,06:30 AM,0.0
22129,2024-09-01,PRYJ,08:35 AM,08:35 AM,0.0,09:00 AM,09:00 AM,0.0
22129,2024-09-03,PRYJ,08:35 AM,08:35 AM,0.0,09:00 AM,09:00 AM,0.0
22129,2024-09-08,PRYJ,08:35 AM,08:35 AM,0.0,09:00 AM,09:00 AM,0.0
22129,2024-09-10,PRYJ,08:35 AM,08:35 AM,0.0,09:00 AM,09:00 AM,0.0
22129,2024-09-15,PRYJ,08:35 AM,08:35 AM,0.0,09:00 AM,09:00 AM,0.0
22129,2024-09-17,PRYJ,08:35 AM,08:35 AM,0.0,09:00 AM,09:00 AM,0.0
22129,2024-09-22,PRYJ,08:35 AM,08:35 AM,0.0,09:00 AM,09:00 AM,0.0
22129,2024-09-24,PRYJ,08:35 AM,08:35 AM,0.0,09:00 AM,09:00 AM,0.0
22129,2024-09-29,PRYJ,08:35 AM,08:36 AM,0.0,09:00 AM,09:01 AM,0.0
15547,2024-09-02,DDU,05:00 AM,05:01 AM,0.0,05:10 AM,05:11 AM,0.0
15547,2024-09-09,DDU,05:00 AM,05:00 AM,0.0,05:10 AM,05:10 AM,0.0
15547,2024-09-23,DDU,05:00 AM,05:00 AM,0.0,05:10 AM,05:10 AM,0.0
15547,2024-09-30,DDU,05:00 AM,05:00 AM,0.0,05:10 AM,05:10 AM,0.0
22538,2024-09-01,CNB,12:05 AM,12:10 AM,5.0,12:15 AM,12:20 AM,5.0
22538,2024-09-02,CNB,12:05 AM,12:15 AM,10.0,12:15 AM,12:25 AM,10.0
22538,2024-09-03,CNB,12:05 AM,12:08 AM,3.0,12:15 AM,12:18 AM,3.0
22538,2024-09-04,CNB,12:05 AM,12:10 AM,5.0,12:15 AM,12:20 AM,5.0
22538,2024-09-05,CNB,12:05 AM,04:32 AM,267.0,12:15 AM,04:42 AM,267.0
22538,2024-09-06,CNB,12:05 AM,12:06 AM,0.0,12:15 AM,12:16 AM,0.0
22538,2024-09-07,CNB,12:05 AM,12:10 AM,5.0,12:15 AM,12:20 AM,5.0
22538,2024-09-08,CNB,12:05 AM,12:05 AM,0.0,12:15 AM,12:15 AM,0.0
22538,2024-09-09,CNB,12:05 AM,12:13 AM,8.0,12:15 AM,12:23 AM,8.0
22538,2024-09-10,CNB,12:05 AM,01:03 AM,58.0,12:15 AM,01:13 AM,58.0
22538,2024-09-11,CNB,12:05 AM,12:09 AM,4.0,12:15 AM,12:19 AM,4.0
22538,2024-09-12,CNB,12:05 AM,12:16 AM,11.0,12:15 AM,12:26 AM,11.0
22538,2024-09-13,CNB,12:05 AM,12:05 AM,0.0,12:15 AM,12:15 AM,0.0
22538,2024-09-14,CNB,12:05 AM,12:09 AM,4.0,12:15 AM,12:19 AM,4.0
22538,2024-09-15,CNB,12:05 AM,12:15 AM,10.0,12:15 AM,12:25 AM,10.0
22538,2024-09-16,CNB,12:05 AM,12:11 AM,6.0,12:15 AM,12:21 AM,6.0
22538,2024-09-17,CNB,12:05 AM,12:38 AM,33.0,12:15 AM,12:48 AM,33.0
22538,2024-09-18,CNB,12:05 AM,12:05 AM,0.0,12:15 AM,12:15 AM,0.0
22538,2024-09-19,CNB,12:05 AM,06:46 AM,401.0,12:15 AM,06:56 AM,401.0
22538,2024-09-20,CNB,12:05 AM,12:05 AM,0.0,12:15 AM,12:15 AM,0.0
22538,2024-09-21,CNB,12:05 AM,12:05 AM,0.0,12:15 AM,12:15 AM,0.0
22538,2024-09-22,CNB,12:05 AM,12:05 AM,0.0,12:15 AM,12:15 AM,0.0
22538,2024-09-23,CNB,12:05 AM,12:06 AM,0.0,12:15 AM,12:16 AM,0.0
22538,2024-09-24,CNB,12:05 AM,12:11 AM,6.0,12:15 AM,12:21 AM,6.0
22538,2024-09-25,CNB,12:05 AM,12:05 AM,0.0,12:15 AM,12:15 AM,0.0
22538,2024-09-26,CNB,12:05 AM,02:10 AM,125.0,12:15 AM,02:20 AM,125.0
22538,2024-09-27,CNB,12:05 AM,12:34 AM,29.0,12:15 AM,12:44 AM,29.0
22538,2024-09-28,CNB,12:05 AM,12:10 AM,5.0,12:15 AM,12:20 AM,5.0
22538,2024-09-29,CNB,12:05 AM,12:06 AM,0.0,12:15 AM,12:16 AM,0.0
22538,2024-09-30,CNB,12:05 AM,12:09 AM,4.0,12:15 AM,12:19 AM,4.0
22948,2024-09-02,BXR,01:48 PM,01:48 PM,0.0,01:50 PM,01:50 PM,0.0
22948,2024-09-02,DDU,04:00 PM,04:00 PM,0.0,04:10 PM,04:10 PM,0.0
22948,2024-09-05,BXR,01:48 PM,02:17 PM,29.0,01:50 PM,02:19 PM,29.0
22948,2024-09-05,DDU,04:00 PM,04:00 PM,0.0,04:10 PM,04:10 PM,0.0
22948,2024-09-09,BXR,01:48 PM,02:27 PM,39.0,01:50 PM,02:29 PM,39.0
22948,2024-09-09,DDU,04:00 PM,04:00 PM,0.0,04:10 PM,04:10 PM,0.0
22948,2024-09-12,BXR,01:48 PM,02:07 PM,19.0,01:50 PM,02:09 PM,19.0
22948,2024-09-12,DDU,04:00 PM,04:00 PM,0.0,04:10 PM,04:10 PM,0.0
22948,2024-09-16,BXR,01:48 PM,02:12 PM,24.0,01:50 PM,02:14 PM,24.0
22948,2024-09-16,DDU,04:00 PM,04:03 PM,3.0,04:10 PM,04:13 PM,3.0
22948,2024-09-19,BXR,01:48 PM,02:39 PM,51.0,01:50 PM,02:41 PM,51.0
22948,2024-09-19,DDU,04:00 PM,04:00 PM,0.0,04:10 PM,04:10 PM,0.0
22948,2024-09-23,BXR,01:48 PM,07:18 PM,330.0,01:50 PM,07:20 PM,330.0
22948,2024-09-23,DDU,04:00 PM,08:42 PM,282.0,04:10 PM,08:52 PM,282.0
22948,2024-09-26,BXR,01:48 PM,02:01 PM,13.0,01:50 PM,02:03 PM,13.0
22948,2024-09-26,DDU,04:00 PM,04:00 PM,0.0,04:10 PM,04:10 PM,0.0
22948,2024-09-30,BXR,01:48 PM,01:48 PM,0.0,01:50 PM,01:50 PM,0.0
22948,2024-09-30,DDU,04:00 PM,04:01 PM,0.0,04:10 PM,04:11 PM,0.0
3257,2024-09-01,BXR,09:05 AM,09:17 AM,12.0,09:07 AM,09:19 AM,12.0
3257,2024-09-01,DDU,10:30 AM,10:33 AM,3.0,10:40 AM,10:43 AM,3.0
3257,2024-09-01,PRYJ,01:45 PM,01:58 PM,13.0,01:50 PM,02:03 PM,13.0
3257,2024-09-01,CNB,04:30 PM,07:19 PM,169.0,04:40 PM,07:29 PM,169.0
3257,2024-09-08,BXR,09:05 AM,09:05 AM,0.0,09:07 AM,09:07 AM,0.0
3257,2024-09-08,DDU,10:30 AM,10:45 AM,15.0,10:40 AM,10:55 AM,15.0
3257,2024-09-08,PRYJ,01:45 PM,02:21 PM,36.0,01:50 PM,02:26 PM,36.0
3257,2024-09-08,CNB,04:30 PM,05:04 PM,34.0,04:40 PM,05:14 PM,34.0
3257,2024-09-15,BXR,09:05 AM,09:36 AM,31.0,09:07 AM,09:38 AM,31.0
3257,2024-09-15,DDU,10:30 AM,11:07 AM,37.0,10:40 AM,11:17 AM,37.0
3257,2024-09-15,PRYJ,01:45 PM,02:10 PM,25.0,01:50 PM,02:15 PM,25.0
3257,2024-09-15,CNB,04:30 PM,07:03 PM,153.0,04:40 PM,07:13 PM,153.0
3257,2024-09-22,BXR,09:05 AM,09:34 AM,29.0,09:07 AM,09:36 AM,29.0
3257,2024-09-22,DDU,10:30 AM,11:20 AM,50.0,10:40 AM,11:30 AM,50.0
3257,2024-09-22,PRYJ,01:45 PM,02:58 PM,73.0,01:50 PM,03:03 PM,73.0
3257,2024-09-22,CNB,04:30 PM,06:11 PM,101.0,04:40 PM,06:21 PM,101.0
3257,2024-09-29,BXR,09:05 AM,09:06 AM,0.0,09:07 AM,09:08 AM,0.0
3257,2024-09-29,DDU,10:30 AM,10:46 AM,16.0,10:40 AM,10:56 AM,16.0
3257,2024-09-29,PRYJ,01:45 PM,02:56 PM,71.0,01:50 PM,03:01 PM,71.0
3257,2024-09-29,CNB,04:30 PM,07:22 PM,172.0,04:40 PM,07:32 PM,172.0
15075,2024-09-01,PRYJ,02:20 AM,02:21 AM,0.0,02:50 AM,02:51 AM,0.0
15075,2024-09-02,PRYJ,02:20 AM,02:20 AM,0.0,02:50 AM,02:50 AM,0.0
15075,2024-09-04,PRYJ,02:20 AM,02:22 AM,2.0,02:50 AM,02:52 AM,2.0
15075,2024-09-06,PRYJ,02:20 AM,02:21 AM,0.0,02:50 AM,02:51 AM,0.0
15075,2024-09-08,PRYJ,02:20 AM,02:20 AM,0.0,02:50 AM,02:50 AM,0.0
15075,2024-09-09,PRYJ,02:20 AM,04:14 AM,114.0,02:50 AM,04:44 AM,114.0
15075,2024-09-11,PRYJ,02:20 AM,02:20 AM,0.0,02:50 AM,02:50 AM,0.0
15075,2024-09-13,PRYJ,02:20 AM,04:54 AM,154.0,02:50 AM,05:24 AM,154.0
15075,2024-09-15,PRYJ,02:20 AM,02:20 AM,0.0,02:50 AM,02:50 AM,0.0
15075,2024-09-16,PRYJ,02:20 AM,02:20 AM,0.0,02:50 AM,02:50 AM,0.0
15075,2024-09-18,PRYJ,02:20 AM,02:21 AM,0.0,02:50 AM,02:51 AM,0.0
15075,2024-09-23,PRYJ,02:20 AM,02:21 AM,0.0,02:50 AM,02:51 AM,0.0
15075,2024-09-25,PRYJ,02:20 AM,02:20 AM,0.0,02:50 AM,02:50 AM,0.0
15075,2024-09-27,PRYJ,02:20 AM,02:22 AM,2.0,02:50 AM,02:52 AM,2.0
15075,2024-09-29,PRYJ,02:20 AM,02:21 AM,0.0,02:50 AM,02:51 AM,0.0
15075,2024-09-30,PRYJ,02:20 AM,02:26 AM,6.0,02:50 AM,02:56 AM,6.0
20176,2024-09-23,CNB,09:15 AM,09:15 AM,0.0,09:20 AM,09:20 AM,0.0
20176,2024-09-23,PRYJ,11:25 AM,11:25 AM,0.0,11:30 AM,11:30 AM,0.0
20176,2024-09-24,CNB,09:15 AM,09:15 AM,0.0,09:20 AM,09:20 AM,0.0
20176,2024-09-24,PRYJ,11:25 AM,11:25 AM,0.0,11:30 AM,11:30 AM,0.0
20176,2024-09-25,CNB,09:15 AM,09:16 AM,0.0,09:20 AM,09:21 AM,0.0
20176,2024-09-25,PRYJ,11:25 AM,11:25 AM,0.0,11:30 AM,11:30 AM,0.0
20176,2024-09-26,CNB,09:15 AM,09:15 AM,0.0,09:20 AM,09:20 AM,0.0
20176,2024-09-26,PRYJ,11:25 AM,11:25 AM,0.0,11:30 AM,11:30 AM,0.0
20176,2024-09-28,CNB,09:15 AM,09:15 AM,0.0,09:20 AM,09:20 AM,0.0
20176,2024-09-28,PRYJ,11:25 AM,11:25 AM,0.0,11:30 AM,11:30 AM,0.0
20176,2024-09-29,CNB,09:15 AM,09:15 AM,0.0,09:20 AM,09:20 AM,0.0
20176,2024-09-29,PRYJ,11:25 AM,11:25 AM,0.0,11:30 AM,11:30 AM,0.0
20176,2024-09-30,CNB,09:15 AM,09:15 AM,0.0,09:20 AM,09:20 AM,0.0
20176,2024-09-30,PRYJ,11:25 AM,11:25 AM,0.0,11:30 AM,11:30 AM,0.0
22823,2024-09-02,DDU,12:35 AM,12:36 AM,0.0,12:45 AM,12:46 AM,0.0
22823,2024-09-02,PRYJ,02:33 AM,02:36 AM,3.0,02:35 AM,02:38 AM,3.0
22823,2024-09-02,CNB,04:40 AM,04:56 AM,16.0,04:45 AM,05:01 AM,16.0
22823,2024-09-03,DDU,12:35 AM,12:37 AM,2.0,12:45 AM,12:47 AM,2.0
22823,2024-09-03,PRYJ,02:33 AM,02:53 AM,20.0,02:35 AM,02:55 AM,20.0
22823,2024-09-03,CNB,04:40 AM,04:40 AM,0.0,04:45 AM,04:45 AM,0.0
22823,2024-09-05,DDU,12:35 AM,12:39 AM,4.0,12:45 AM,12:49 AM,4.0
22823,2024-09-05,PRYJ,02:33 AM,02:33 AM,0.0,02:35 AM,02:35 AM,0.0
22823,2024-09-05,CNB,04:40 AM,04:40 AM,0.0,04:45 AM,04:45 AM,0.0
22823,2024-09-06,DDU,12:35 AM,12:35 AM,0.0,12:45 AM,12:45 AM,0.0
22823,2024-09-06,PRYJ,02:33 AM,02:33 AM,0.0,02:35 AM,02:35 AM,0.0
22823,2024-09-06,CNB,04:40 AM,04:40 AM,0.0,04:45 AM,04:45 AM,0.0
22823,2024-09-09,DDU,12:35 AM,12:41 AM,6.0,12:45 AM,12:51 AM,6.0
22823,2024-09-09,PRYJ,02:33 AM,02:41 AM,8.0,02:35 AM,02:43 AM,8.0
22823,2024-09-09,CNB,04:40 AM,04:47 AM,7.0,04:45 AM,04:52 AM,7.0
22823,2024-09-10,DDU,12:35 AM,12:35 AM,0.0,12:45 AM,12:45 AM,0.0
22823,2024-09-10,PRYJ,02:33 AM,02:38 AM,5.0,02:35 AM,02:40 AM,5.0
22823,2024-09-10,CNB,04:40 AM,04:46 AM,6.0,04:45 AM,04:51 AM,6.0
22823,2024-09-12,DDU,12:35 AM,12:38 AM,3.0,12:45 AM,12:48 AM,3.0
22823,2024-09-12,PRYJ,02:33 AM,02:38 AM,5.0,02:35 AM,02:40 AM,5.0
22823,2024-09-12,CNB,04:40 AM,04:42 AM,2.0,04:45 AM,04:47 AM,2.0
22823,2024-09-13,DDU,12:35 AM,12:37 AM,2.0,12:45 AM,12:47 AM,2.0
22823,2024-09-13,PRYJ,02:33 AM,02:45 AM,12.0,02:35 AM,02:47 AM,12.0
22823,2024-09-13,CNB,04:40 AM,04:54 AM,14.0,04:45 AM,04:59 AM,14.0
22823,2024-09-16,DDU,12:35 AM,01:15 AM,40.0,12:45 AM,01:25 AM,40.0
22823,2024-09-16,PRYJ,02:33 AM,03:19 AM,46.0,02:35 AM,03:21 AM,46.0
22823,2024-09-16,CNB,04:40 AM,05:32 AM,52.0,04:45 AM,05:37 AM,52.0
22823,2024-09-17,DDU,12:35 AM,12:36 AM,0.0,12:45 AM,12:46 AM,0.0
22823,2024-09-17,PRYJ,02:33 AM,02:33 AM,0.0,02:35 AM,02:35 AM,0.0
22823,2024-09-17,CNB,04:40 AM,04:56 AM,16.0,04:45 AM,05:01 AM,16.0
22823,2024-09-19,DDU,12:35 AM,12:35 AM,0.0,12:45 AM,12:45 AM,0.0
22823,2024-09-19,PRYJ,02:33 AM,02:33 AM,0.0,02:35 AM,02:35 AM,0.0
22823,2024-09-19,CNB,04:40 AM,04:40 AM,0.0,04:45 AM,04:45 AM,0.0
22823,2024-09-20,DDU,12:35 AM,12:35 AM,0.0,12:45 AM,12:45 AM,0.0
22823,2024-09-20,PRYJ,02:33 AM,02:33 AM,0.0,02:35 AM,02:35 AM,0.0
22823,2024-09-20,CNB,04:40 AM,04:40 AM,0.0,04:45 AM,04:45 AM,0.0
22823,2024-09-23,DDU,12:35 AM,01:24 AM,49.0,12:45 AM,01:34 AM,49.0
22823,2024-09-23,PRYJ,02:33 AM,03:20 AM,47.0,02:35 AM,03:22 AM,47.0
22823,2024-09-23,CNB,04:40 AM,05:26 AM,46.0,04:45 AM,05:31 AM,46.0
22823,2024-09-24,DDU,12:35 AM,01:22 AM,47.0,12:45 AM,01:32 AM,47.0
22823,2024-09-24,PRYJ,02:33 AM,03:22 AM,49.0,02:35 AM,03:24 AM,49.0
22823,2024-09-24,CNB,04:40 AM,05:36 AM,56.0,04:45 AM,05:41 AM,56.0
22823,2024-09-26,DDU,12:35 AM,01:44 AM,69.0,12:45 AM,01:54 AM,69.0
22823,2024-09-26,PRYJ,02:33 AM,03:53 AM,80.0,02:35 AM,03:55 AM,80.0
22823,2024-09-26,CNB,04:40 AM,06:05 AM,85.0,04:45 AM,06:10 AM,85.0
22823,2024-09-27,DDU,12:35 AM,12:35 AM,0.0,12:45 AM,12:45 AM,0.0
22823,2024-09-27,PRYJ,02:33 AM,02:34 AM,0.0,02:35 AM,02:36 AM,0.0
22823,2024-09-27,CNB,04:40 AM,04:46 AM,6.0,04:45 AM,04:51 AM,6.0
22823,2024-09-30,DDU,12:35 AM,02:04 AM,89.0,12:45 AM,02:14 AM,89.0
22823,2024-09-30,PRYJ,02:33 AM,04:22 AM,109.0,02:35 AM,04:24 AM,109.0
22823,2024-09-30,CNB,04:40 AM,06:33 AM,113.0,04:45 AM,06:38 AM,113.0
20501,2024-09-02,DDU,01:25 AM,01:25 AM,0.0,01:35 AM,01:35 AM,0.0
20501,2024-09-02,CNB,05:30 AM,05:30 AM,0.0,05:35 AM,05:35 AM,0.0
20501,2024-09-09,DDU,01:25 AM,01:25 AM,0.0,01:35 AM,01:35 AM,0.0
20501,2024-09-09,CNB,05:30 AM,05:30 AM,0.0,05:35 AM,05:35 AM,0.0
20501,2024-09-16,DDU,01:25 AM,01:29 AM,4.0,01:35 AM,01:39 AM,4.0
20501,2024-09-16,CNB,05:30 AM,06:08 AM,38.0,05:35 AM,06:13 AM,38.0
20501,2024-09-23,DDU,01:25 AM,01:27 AM,2.0,01:35 AM,01:37 AM,2.0
20501,2024-09-23,CNB,05:30 AM,05:44 AM,14.0,05:35 AM,05:49 AM,14.0
20501,2024-09-30,DDU,01:25 AM,01:32 AM,7.0,01:35 AM,01:42 AM,7.0
20501,2024-09-30,CNB,05:30 AM,05:41 AM,11.0,05:35 AM,05:46 AM,11.0
9343,2024-09-26,DDU,02:40 PM,02:40 PM,0.0,02:50 PM,02:50 PM,0.0
9343,2024-09-26,BXR,03:55 PM,03:55 PM,0.0,03:57 PM,03:57 PM,0.0
9418,2024-09-03,BXR,01:14 AM,01:32 AM,18.0,01:16 AM,01:34 AM,18.0
9418,2024-09-03,DDU,03:05 AM,03:06 AM,0.0,03:15 AM,03:16 AM,0.0
9418,2024-09-03,CNB,01:50 PM,02:48 PM,58.0,01:55 PM,02:53 PM,58.0
9418,2024-09-10,BXR,01:14 AM,03:45 AM,151.0,01:16 AM,03:47 AM,151.0
9418,2024-09-10,DDU,03:05 AM,05:46 AM,161.0,03:15 AM,05:56 AM,161.0
9418,2024-09-10,CNB,01:50 PM,09:46 PM,476.0,01:55 PM,09:51 PM,476.0
22436,2024-09-01,CNB,10:08 AM,10:13 AM,5.0,10:10 AM,10:15 AM,5.0
22436,2024-09-01,PRYJ,12:08 PM,12:19 PM,11.0,12:10 PM,12:21 PM,11.0
22436,2024-09-02,CNB,10:08 AM,10:11 AM,3.0,10:10 AM,10:13 AM,3.0
22436,2024-09-02,PRYJ,12:08 PM,12:08 PM,0.0,12:10 PM,12:10 PM,0.0
22436,2024-09-03,CNB,10:08 AM,10:11 AM,3.0,10:10 AM,10:13 AM,3.0
22436,2024-09-03,PRYJ,12:08 PM,12:08 PM,0.0,12:10 PM,12:10 PM,0.0
22436,2024-09-04,CNB,10:08 AM,10:09 AM,0.0,10:10 AM,10:11 AM,0.0
22436,2024-09-04,PRYJ,12:08 PM,12:08 PM,0.0,12:10 PM,12:10 PM,0.0
22436,2024-09-06,CNB,10:08 AM,10:12 AM,4.0,10:10 AM,10:14 AM,4.0
22436,2024-09-06,PRYJ,12:08 PM,12:09 PM,0.0,12:10 PM,12:11 PM,0.0
22436,2024-09-07,CNB,10:08 AM,10:20 AM,12.0,10:10 AM,10:22 AM,12.0
22436,2024-09-07,PRYJ,12:08 PM,12:10 PM,2.0,12:10 PM,12:12 PM,2.0
22436,2024-09-08,CNB,10:08 AM,10:10 AM,2.0,10:10 AM,10:12 AM,2.0
22436,2024-09-08,PRYJ,12:08 PM,12:08 PM,0.0,12:10 PM,12:10 PM,0.0
22436,2024-09-09,CNB,10:08 AM,10:08 AM,0.0,10:10 AM,10:10 AM,0.0
22436,2024-09-09,PRYJ,12:08 PM,05:19 PM,311.0,12:10 PM,05:21 PM,311.0
22436,2024-09-10,CNB,10:08 AM,10:15 AM,7.0,10:10 AM,10:17 AM,7.0
22436,2024-09-10,PRYJ,12:08 PM,12:12 PM,4.0,12:10 PM,12:14 PM,4.0
22436,2024-09-11,CNB,10:08 AM,10:14 AM,6.0,10:10 AM,10:16 AM,6.0
22436,2024-09-11,PRYJ,12:08 PM,12:12 PM,4.0,12:10 PM,12:14 PM,4.0
22436,2024-09-13,CNB,10:08 AM,10:22 AM,14.0,10:10 AM,10:24 AM,14.0
22436,2024-09-13,PRYJ,12:08 PM,12:15 PM,7.0,12:10 PM,12:17 PM,7.0
22436,2024-09-14,CNB,10:08 AM,10:11 AM,3.0,10:10 AM,10:13 AM,3.0
22436,2024-09-14,PRYJ,12:08 PM,12:10 PM,2.0,12:10 PM,12:12 PM,2.0
22436,2024-09-15,CNB,10:08 AM,10:31 AM,23.0,10:10 AM,10:33 AM,23.0
22436,2024-09-15,PRYJ,12:08 PM,12:25 PM,17.0,12:10 PM,12:27 PM,17.0
22436,2024-09-16,CNB,10:08 AM,10:09 AM,0.0,10:10 AM,10:11 AM,0.0
22436,2024-09-16,PRYJ,12:08 PM,12:08 PM,0.0,12:10 PM,12:10 PM,0.0
22436,2024-09-17,CNB,10:08 AM,10:09 AM,0.0,10:10 AM,10:11 AM,0.0
22436,2024-09-17,PRYJ,12:08 PM,12:10 PM,2.0,12:10 PM,12:12 PM,2.0
22436,2024-09-18,CNB,10:08 AM,10:21 AM,13.0,10:10 AM,10:23 AM,13.0
22436,2024-09-18,PRYJ,12:08 PM,12:21 PM,13.0,12:10 PM,12:23 PM,13.0
22436,2024-09-21,CNB,10:08 AM,10:13 AM,5.0,10:10 AM,10:15 AM,5.0
22436,2024-09-21,PRYJ,12:08 PM,12:09 PM,0.0,12:10 PM,12:11 PM,0.0
22436,2024-09-22,CNB,10:08 AM,10:14 AM,6.0,10:10 AM,10:16 AM,6.0
22436,2024-09-22,PRYJ,12:08 PM,12:25 PM,17.0,12:10 PM,12:27 PM,17.0
22436,2024-09-23,CNB,10:08 AM,10:18 AM,10.0,10:10 AM,10:20 AM,10.0
22436,2024-09-23,PRYJ,12:08 PM,12:10 PM,2.0,12:10 PM,12:12 PM,2.0
22436,2024-09-24,CNB,10:08 AM,10:22 AM,14.0,10:10 AM,10:24 AM,14.0
22436,2024-09-24,PRYJ,12:08 PM,12:12 PM,4.0,12:10 PM,12:14 PM,4.0
22436,2024-09-25,CNB,10:08 AM,10:16 AM,8.0,10:10 AM,10:18 AM,8.0
22436,2024-09-25,PRYJ,12:08 PM,12:11 PM,3.0,12:10 PM,12:13 PM,3.0
22436,2024-09-27,CNB,10:08 AM,10:12 AM,4.0,10:10 AM,10:14 AM,4.0
22436,2024-09-27,PRYJ,12:08 PM,12:09 PM,0.0,12:10 PM,12:11 PM,0.0
22436,2024-09-28,CNB,10:08 AM,10:13 AM,5.0,10:10 AM,10:15 AM,5.0
22436,2024-09-28,PRYJ,12:08 PM,12:18 PM,10.0,12:10 PM,12:20 PM,10.0
22436,2024-09-29,CNB,10:08 AM,10:18 AM,10.0,10:10 AM,10:20 AM,10.0
22436,2024-09-29,PRYJ,12:08 PM,12:15 PM,7.0,12:10 PM,12:17 PM,7.0
22436,2024-09-30,CNB,10:08 AM,10:11 AM,3.0,10:10 AM,10:13 AM,3.0
22436,2024-09-30,PRYJ,12:08 PM,12:08 PM,0.0,12:10 PM,12:10 PM,0.0
20921,2024-09-07,CNB,12:45 PM,12:45 PM,0.0,12:50 PM,12:50 PM,0.0
20921,2024-09-14,CNB,12:45 PM,12:45 PM,0.0,12:50 PM,12:50 PM,0.0
20921,2024-09-21,CNB,12:45 PM,12:45 PM,0.0,12:50 PM,12:50 PM,0.0
20921,2024-09-28,CNB,12:45 PM,12:45 PM,0.0,12:50 PM,12:50 PM,0.0
12560,2024-09-01,CNB,01:00 AM,01:00 AM,0.0,01:05 AM,01:05 AM,0.0
12560,2024-09-01,PRYJ,03:45 AM,03:45 AM,0.0,03:55 AM,03:55 AM,0.0
12560,2024-09-02,CNB,01:00 AM,01:12 AM,12.0,01:05 AM,01:17 AM,12.0
12560,2024-09-02,PRYJ,03:45 AM,03:49 AM,4.0,03:55 AM,03:59 AM,4.0
12560,2024-09-03,CNB,01:00 AM,01:01 AM,0.0,01:05 AM,01:06 AM,0.0
12560,2024-09-03,PRYJ,03:45 AM,03:45 AM,0.0,03:55 AM,03:55 AM,0.0
12560,2024-09-04,CNB,01:00 AM,01:17 AM,17.0,01:05 AM,01:22 AM,17.0
12560,2024-09-04,PRYJ,03:45 AM,03:45 AM,0.0,03:55 AM,03:55 AM,0.0
12560,2024-09-06,CNB,01:00 AM,01:00 AM,0.0,01:05 AM,01:05 AM,0.0
12560,2024-09-06,PRYJ,03:45 AM,03:45 AM,0.0,03:55 AM,03:55 AM,0.0
12560,2024-09-07,CNB,01:00 AM,01:30 AM,30.0,01:05 AM,01:35 AM,30.0
12560,2024-09-07,PRYJ,03:45 AM,04:03 AM,18.0,03:55 AM,04:13 AM,18.0
12560,2024-09-08,CNB,01:00 AM,03:03 AM,123.0,01:05 AM,03:08 AM,123.0
12560,2024-09-08,PRYJ,03:45 AM,05:04 AM,79.0,03:55 AM,05:14 AM,79.0
12560,2024-09-09,CNB,01:00 AM,01:40 AM,40.0,01:05 AM,01:45 AM,40.0
12560,2024-09-09,PRYJ,03:45 AM,04:19 AM,34.0,03:55 AM,04:29 AM,34.0
12560,2024-09-10,CNB,01:00 AM,01:19 AM,19.0,01:05 AM,01:24 AM,19.0
12560,2024-09-10,PRYJ,03:45 AM,03:47 AM,2.0,03:55 AM,03:57 AM,2.0
12560,2024-09-12,CNB,01:00 AM,01:00 AM,0.0,01:05 AM,01:05 AM,0.0
12560,2024-09-12,PRYJ,03:45 AM,03:45 AM,0.0,03:55 AM,03:55 AM,0.0
12560,2024-09-13,CNB,01:00 AM,01:51 AM,51.0,01:05 AM,01:56 AM,51.0
12560,2024-09-13,PRYJ,03:45 AM,03:45 AM,0.0,03:55 AM,03:55 AM,0.0
12560,2024-09-14,CNB,01:00 AM,01:46 AM,46.0,01:05 AM,01:51 AM,46.0
12560,2024-09-14,PRYJ,03:45 AM,03:45 AM,0.0,03:55 AM,03:55 AM,0.0
12560,2024-09-15,CNB,01:00 AM,01:58 AM,58.0,01:05 AM,02:03 AM,58.0
12560,2024-09-15,PRYJ,03:45 AM,04:36 AM,51.0,03:55 AM,04:46 AM,51.0
12560,2024-09-16,CNB,01:00 AM,01:25 AM,25.0,01:05 AM,01:30 AM,25.0
12560,2024-09-16,PRYJ,03:45 AM,03:45 AM,0.0,03:55 AM,03:55 AM,0.0
12560,2024-09-17,CNB,01:00 AM,02:05 AM,65.0,01:05 AM,02:10 AM,65.0
12560,2024-09-17,PRYJ,03:45 AM,04:24 AM,39.0,03:55 AM,04:34 AM,39.0
12560,2024-09-18,CNB,01:00 AM,01:38 AM,38.0,01:05 AM,01:43 AM,38.0
12560,2024-09-18,PRYJ,03:45 AM,03:51 AM,6.0,03:55 AM,04:01 AM,6.0
12560,2024-09-19,CNB,01:00 AM,01:33 AM,33.0,01:05 AM,01:38 AM,33.0
12560,2024-09-19,PRYJ,03:45 AM,03:46 AM,0.0,03:55 AM,03:56 AM,0.0
12560,2024-09-20,CNB,01:00 AM,03:03 AM,123.0,01:05 AM,03:08 AM,123.0
12560,2024-09-20,PRYJ,03:45 AM,05:18 AM,93.0,03:55 AM,05:28 AM,93.0
12560,2024-09-21,CNB,01:00 AM,01:09 AM,9.0,01:05 AM,01:14 AM,9.0
12560,2024-09-21,PRYJ,03:45 AM,03:45 AM,0.0,03:55 AM,03:55 AM,0.0
12560,2024-09-22,CNB,01:00 AM,01:45 AM,45.0,01:05 AM,01:50 AM,45.0
12560,2024-09-22,PRYJ,03:45 AM,03:57 AM,12.0,03:55 AM,04:07 AM,12.0
12560,2024-09-23,CNB,01:00 AM,01:16 AM,16.0,01:05 AM,01:21 AM,16.0
12560,2024-09-23,PRYJ,03:45 AM,03:50 AM,5.0,03:55 AM,04:00 AM,5.0
12560,2024-09-24,CNB,01:00 AM,01:03 AM,3.0,01:05 AM,01:08 AM,3.0
12560,2024-09-24,PRYJ,03:45 AM,03:45 AM,0.0,03:55 AM,03:55 AM,0.0
12560,2024-09-25,CNB,01:00 AM,01:26 AM,26.0,01:05 AM,01:31 AM,26.0
12560,2024-09-25,PRYJ,03:45 AM,03:47 AM,2.0,03:55 AM,03:57 AM,2.0
12560,2024-09-26,CNB,01:00 AM,01:19 AM,19.0,01:05 AM,01:24 AM,19.0
12560,2024-09-26,PRYJ,03:45 AM,03:46 AM,0.0,03:55 AM,03:56 AM,0.0
12560,2024-09-27,CNB,01:00 AM,01:00 AM,0.0,01:05 AM,01:05 AM,0.0
12560,2024-09-27,PRYJ,03:45 AM,03:45 AM,0.0,03:55 AM,03:55 AM,0.0
12560,2024-09-28,CNB,01:00 AM,01:28 AM,28.0,01:05 AM,01:33 AM,28.0
12560,2024-09-28,PRYJ,03:45 AM,03:45 AM,0.0,03:55 AM,03:55 AM,0.0
12560,2024-09-29,CNB,01:00 AM,02:38 AM,98.0,01:05 AM,02:43 AM,98.0
12560,2024-09-29,PRYJ,03:45 AM,04:55 AM,70.0,03:55 AM,05:05 AM,70.0
12560,2024-09-30,CNB,01:00 AM,01:00 AM,0.0,01:05 AM,01:05 AM,0.0
12560,2024-09-30,PRYJ,03:45 AM,03:45 AM,0.0,03:55 AM,03:55 AM,0.0
20407,2024-09-05,DDU,01:35 AM,01:43 AM,8.0,01:45 AM,01:53 AM,8.0
20407,2024-09-05,PRYJ,03:35 AM,03:43 AM,8.0,03:37 AM,03:45 AM,8.0
20407,2024-09-05,CNB,05:40 AM,05:59 AM,19.0,05:45 AM,06:04 AM,19.0
20407,2024-09-12,DDU,01:35 AM,01:47 AM,12.0,01:45 AM,01:57 AM,12.0
20407,2024-09-12,PRYJ,03:35 AM,03:45 AM,10.0,03:37 AM,03:47 AM,10.0
20407,2024-09-12,CNB,05:40 AM,05:54 AM,14.0,05:45 AM,05:59 AM,14.0
20407,2024-09-19,DDU,01:35 AM,01:35 AM,0.0,01:45 AM,01:45 AM,0.0
20407,2024-09-19,PRYJ,03:35 AM,03:35 AM,0.0,03:37 AM,03:37 AM,0.0
20407,2024-09-19,CNB,05:40 AM,05:40 AM,0.0,05:45 AM,05:45 AM,0.0
20407,2024-09-26,DDU,01:35 AM,01:35 AM,0.0,01:45 AM,01:45 AM,0.0
20407,2024-09-26,PRYJ,03:35 AM,03:35 AM,0.0,03:37 AM,03:37 AM,0.0
20407,2024-09-26,CNB,05:40 AM,05:40 AM,0.0,05:45 AM,05:45 AM,0.0
3204,2024-09-01,DDU,08:15 AM,08:26 AM,11.0,08:15 AM,08:26 AM,11.0
3204,2024-09-01,BXR,12:00 PM,12:39 PM,39.0,12:05 PM,12:44 PM,39.0
3204,2024-09-02,DDU,08:15 AM,08:15 AM,0.0,08:15 AM,08:15 AM,0.0
3204,2024-09-02,BXR,12:00 PM,01:55 PM,115.0,12:05 PM,02:00 PM,115.0
3204,2024-09-03,DDU,08:15 AM,08:15 AM,0.0,08:15 AM,08:15 AM,0.0
3204,2024-09-03,BXR,12:00 PM,12:00 PM,0.0,12:05 PM,12:05 PM,0.0
3204,2024-09-04,DDU,08:15 AM,08:15 AM,0.0,08:15 AM,08:15 AM,0.0
3204,2024-09-04,BXR,12:00 PM,12:49 PM,49.0,12:05 PM,12:54 PM,49.0
3204,2024-09-05,DDU,08:15 AM,08:15 AM,0.0,08:15 AM,08:15 AM,0.0
3204,2024-09-05,BXR,12:00 PM,12:44 PM,44.0,12:05 PM,12:49 PM,44.0
3204,2024-09-06,DDU,08:15 AM,08:17 AM,2.0,08:15 AM,08:17 AM,2.0
3204,2024-09-06,BXR,12:00 PM,01:13 PM,73.0,12:05 PM,01:18 PM,73.0
3204,2024-09-07,DDU,08:15 AM,08:15 AM,0.0,08:15 AM,08:15 AM,0.0
3204,2024-09-07,BXR,12:00 PM,12:30 PM,30.0,12:05 PM,12:35 PM,30.0
3204,2024-09-08,DDU,08:15 AM,08:33 AM,18.0,08:15 AM,08:33 AM,18.0
3204,2024-09-08,BXR,12:00 PM,01:36 PM,96.0,12:05 PM,01:41 PM,96.0
3204,2024-09-09,DDU,08:15 AM,08:18 AM,3.0,08:15 AM,08:18 AM,3.0
3204,2024-09-09,BXR,12:00 PM,12:22 PM,22.0,12:05 PM,12:27 PM,22.0
3204,2024-09-10,DDU,08:15 AM,08:15 AM,0.0,08:15 AM,08:15 AM,0.0
3204,2024-09-10,BXR,12:00 PM,12:26 PM,26.0,12:05 PM,12:31 PM,26.0
3204,2024-09-11,DDU,08:15 AM,08:15 AM,0.0,08:15 AM,08:15 AM,0.0
3204,2024-09-11,BXR,12:00 PM,12:14 PM,14.0,12:05 PM,12:19 PM,14.0
3204,2024-09-12,DDU,08:15 AM,08:17 AM,2.0,08:15 AM,08:17 AM,2.0
3204,2024-09-12,BXR,12:00 PM,12:51 PM,51.0,12:05 PM,12:56 PM,51.0
3204,2024-09-13,DDU,08:15 AM,08:15 AM,0.0,08:15 AM,08:15 AM,0.0
3204,2024-09-13,BXR,12:00 PM,01:04 PM,64.0,12:05 PM,01:09 PM,64.0
3204,2024-09-14,DDU,08:15 AM,08:15 AM,0.0,08:15 AM,08:15 AM,0.0
3204,2024-09-14,BXR,12:00 PM,12:00 PM,0.0,12:05 PM,12:05 PM,0.0
3204,2024-09-15,DDU,08:15 AM,08:15 AM,0.0,08:15 AM,08:15 AM,0.0
3204,2024-09-15,BXR,12:00 PM,12:47 PM,47.0,12:05 PM,12:52 PM,47.0
3204,2024-09-16,DDU,08:15 AM,08:26 AM,11.0,08:15 AM,08:26 AM,11.0
3204,2024-09-16,BXR,12:00 PM,12:34 PM,34.0,12:05 PM,12:39 PM,34.0
3204,2024-09-17,DDU,08:15 AM,08:15 AM,0.0,08:15 AM,08:15 AM,0.0
3204,2024-09-17,BXR,12:00 PM,12:38 PM,38.0,12:05 PM,12:43 PM,38.0
3204,2024-09-18,DDU,08:15 AM,08:17 AM,2.0,08:15 AM,08:17 AM,2.0
3204,2024-09-18,BXR,12:00 PM,12:08 PM,8.0,12:05 PM,12:13 PM,8.0
3204,2024-09-19,DDU,08:15 AM,08:34 AM,19.0,08:15 AM,08:34 AM,19.0
3204,2024-09-19,BXR,12:00 PM,12:15 PM,15.0,12:05 PM,12:20 PM,15.0
3204,2024-09-20,DDU,08:15 AM,08:16 AM,0.0,08:15 AM,08:16 AM,0.0
3204,2024-09-20,BXR,12:00 PM,12:00 PM,0.0,12:05 PM,12:05 PM,0.0
3204,2024-09-21,DDU,08:15 AM,08:16 AM,0.0,08:15 AM,08:16 AM,0.0
3204,2024-09-21,BXR,12:00 PM,12:02 PM,2.0,12:05 PM,12:07 PM,2.0
3204,2024-09-22,DDU,08:15 AM,08:33 AM,18.0,08:15 AM,08:33 AM,18.0
3204,2024-09-22,BXR,12:00 PM,12:00 PM,0.0,12:05 PM,12:05 PM,0.0
3204,2024-09-23,DDU,08:15 AM,08:23 AM,8.0,08:15 AM,08:23 AM,8.0
3204,2024-09-23,BXR,12:00 PM,12:56 PM,56.0,12:05 PM,01:01 PM,56.0
3204,2024-09-24,DDU,08:15 AM,08:16 AM,0.0,08:15 AM,08:16 AM,0.0
3204,2024-09-24,BXR,12:00 PM,12:30 PM,30.0,12:05 PM,12:35 PM,30.0
3204,2024-09-25,DDU,08:15 AM,08:15 AM,0.0,08:15 AM,08:15 AM,0.0
3204,2024-09-25,BXR,12:00 PM,12:09 PM,9.0,12:05 PM,12:14 PM,9.0
3204,2024-09-26,DDU,08:15 AM,08:27 AM,12.0,08:15 AM,08:27 AM,12.0
3204,2024-09-26,BXR,12:00 PM,12:35 PM,35.0,12:05 PM,12:40 PM,35.0
3204,2024-09-27,DDU,08:15 AM,08:21 AM,6.0,08:15 AM,08:21 AM,6.0
3204,2024-09-27,BXR,12:00 PM,12:00 PM,0.0,12:05 PM,12:05 PM,0.0
3204,2024-09-28,DDU,08:15 AM,08:34 AM,19.0,08:15 AM,08:34 AM,19.0
3204,2024-09-28,BXR,12:00 PM,12:05 PM,5.0,12:05 PM,12:10 PM,5.0
3204,2024-09-29,DDU,08:15 AM,08:46 AM,31.0,08:15 AM,08:46 AM,31.0
3204,2024-09-29,BXR,12:00 PM,01:05 PM,65.0,12:05 PM,01:10 PM,65.0
3204,2024-09-30,DDU,08:15 AM,08:22 AM,7.0,08:15 AM,08:22 AM,7.0
3204,2024-09-30,BXR,12:00 PM,12:09 PM,9.0,12:05 PM,12:14 PM,9.0
12876,2024-09-01,CNB,01:20 PM,01:34 PM,14.0,01:30 PM,01:44 PM,14.0
12876,2024-09-01,DDU,10:40 PM,10:40 PM,0.0,10:50 PM,10:50 PM,0.0
12876,2024-09-03,CNB,01:20 PM,01:24 PM,4.0,01:30 PM,01:34 PM,4.0
12876,2024-09-03,DDU,10:40 PM,10:46 PM,6.0,10:50 PM,10:56 PM,6.0
12876,2024-09-06,CNB,01:20 PM,01:21 PM,0.0,01:30 PM,01:31 PM,0.0
12876,2024-09-06,DDU,10:40 PM,11:48 PM,68.0,10:50 PM,11:58 PM,68.0
12876,2024-09-08,CNB,01:20 PM,01:21 PM,0.0,01:30 PM,01:31 PM,0.0
12876,2024-09-08,DDU,10:40 PM,10:44 PM,4.0,10:50 PM,10:54 PM,4.0
12876,2024-09-10,CNB,01:20 PM,01:42 PM,22.0,01:30 PM,01:52 PM,22.0
12876,2024-09-10,DDU,10:40 PM,10:40 PM,0.0,10:50 PM,10:50 PM,0.0
12876,2024-09-13,CNB,01:20 PM,01:23 PM,3.0,01:30 PM,01:33 PM,3.0
12876,2024-09-13,DDU,10:40 PM,01:55 AM,195.0,10:50 PM,02:05 AM,195.0
12876,2024-09-15,CNB,01:20 PM,01:22 PM,2.0,01:30 PM,01:32 PM,2.0
12876,2024-09-15,DDU,10:40 PM,10:43 PM,3.0,10:50 PM,10:53 PM,3.0
12876,2024-09-17,CNB,01:20 PM,01:30 PM,10.0,01:30 PM,01:40 PM,10.0
12876,2024-09-17,DDU,10:40 PM,10:43 PM,3.0,10:50 PM,10:53 PM,3.0
12876,2024-09-20,CNB,01:20 PM,01:20 PM,0.0,01:30 PM,01:30 PM,0.0
12876,2024-09-20,DDU,10:40 PM,10:40 PM,0.0,10:50 PM,10:50 PM,0.0
12876,2024-09-22,CNB,01:20 PM,01:30 PM,10.0,01:30 PM,01:40 PM,10.0
12876,2024-09-22,DDU,10:40 PM,10:40 PM,0.0,10:50 PM,10:50 PM,0.0
12876,2024-09-24,CNB,01:20 PM,01:21 PM,0.0,01:30 PM,01:31 PM,0.0
12876,2024-09-24,DDU,10:40 PM,11:24 PM,44.0,10:50 PM,11:34 PM,44.0
12876,2024-09-27,CNB,01:20 PM,01:23 PM,3.0,01:30 PM,01:33 PM,3.0
12876,2024-09-27,DDU,10:40 PM,12:41 AM,121.0,10:50 PM,12:51 AM,121.0
12876,2024-09-29,CNB,01:20 PM,01:25 PM,5.0,01:30 PM,01:35 PM,5.0
12876,2024-09-29,DDU,10:40 PM,10:40 PM,0.0,10:50 PM,10:50 PM,0.0
12322,2024-09-01,DDU,10:55 PM,10:55 PM,0.0,11:05 PM,11:05 PM,0.0
12322,2024-09-02,DDU,10:55 PM,10:59 PM,4.0,11:05 PM,11:09 PM,4.0
12322,2024-09-03,DDU,10:55 PM,11:05 PM,10.0,11:05 PM,11:15 PM,10.0
12322,2024-09-04,DDU,10:55 PM,10:55 PM,0.0,11:05 PM,11:05 PM,0.0
12322,2024-09-05,DDU,10:55 PM,10:55 PM,0.0,11:05 PM,11:05 PM,0.0
12322,2024-09-06,DDU,10:55 PM,10:56 PM,0.0,11:05 PM,11:06 PM,0.0
12322,2024-09-07,DDU,10:55 PM,11:42 PM,47.0,11:05 PM,11:52 PM,47.0
12322,2024-09-08,DDU,10:55 PM,11:09 PM,14.0,11:05 PM,11:19 PM,14.0
12322,2024-09-10,DDU,10:55 PM,10:55 PM,0.0,11:05 PM,11:05 PM,0.0
12322,2024-09-11,DDU,10:55 PM,10:55 PM,0.0,11:05 PM,11:05 PM,0.0
12322,2024-09-12,DDU,10:55 PM,10:55 PM,0.0,11:05 PM,11:05 PM,0.0
12322,2024-09-13,DDU,10:55 PM,01:37 AM,162.0,11:05 PM,01:47 AM,162.0
12322,2024-09-14,DDU,10:55 PM,10:55 PM,0.0,11:05 PM,11:05 PM,0.0
12322,2024-09-15,DDU,10:55 PM,10:55 PM,0.0,11:05 PM,11:05 PM,0.0
12322,2024-09-16,DDU,10:55 PM,10:55 PM,0.0,11:05 PM,11:05 PM,0.0
12322,2024-09-17,DDU,10:55 PM,10:55 PM,0.0,11:05 PM,11:05 PM,0.0
12322,2024-09-18,DDU,10:55 PM,10:55 PM,0.0,11:05 PM,11:05 PM,0.0
12322,2024-09-19,DDU,10:55 PM,10:55 PM,0.0,11:05 PM,11:05 PM,0.0
12322,2024-09-20,DDU,10:55 PM,10:55 PM,0.0,11:05 PM,11:05 PM,0.0
12322,2024-09-21,DDU,10:55 PM,10:55 PM,0.0,11:05 PM,11:05 PM,0.0
12322,2024-09-22,DDU,10:55 PM,10:55 PM,0.0,11:05 PM,11:05 PM,0.0
12322,2024-09-23,DDU,10:55 PM,10:55 PM,0.0,11:05 PM,11:05 PM,0.0
12322,2024-09-24,DDU,10:55 PM,01:36 AM,161.0,11:05 PM,01:46 AM,161.0
12322,2024-09-25,DDU,10:55 PM,12:46 AM,111.0,11:05 PM,12:56 AM,111.0
12322,2024-09-26,DDU,10:55 PM,10:55 PM,0.0,11:05 PM,11:05 PM,0.0
12322,2024-09-27,DDU,10:55 PM,10:55 PM,0.0,11:05 PM,11:05 PM,0.0
12322,2024-09-28,DDU,10:55 PM,12:30 AM,95.0,11:05 PM,12:40 AM,95.0
12322,2024-09-29,DDU,10:55 PM,10:57 PM,2.0,11:05 PM,11:07 PM,2.0
12322,2024-09-30,DDU,10:55 PM,10:56 PM,0.0,11:05 PM,11:06 PM,0.0
15558,2024-09-03,CNB,08:10 PM,08:10 PM,0.0,08:15 PM,08:15 PM,0.0
15558,2024-09-06,CNB,08:10 PM,08:34 PM,24.0,08:15 PM,08:39 PM,24.0
15558,2024-09-10,CNB,08:10 PM,08:22 PM,12.0,08:15 PM,08:27 PM,12.0
15558,2024-09-13,CNB,08:10 PM,08:26 PM,16.0,08:15 PM,08:31 PM,16.0
15558,2024-09-17,CNB,08:10 PM,08:52 PM,42.0,08:15 PM,08:57 PM,42.0
15558,2024-09-20,CNB,08:10 PM,08:20 PM,10.0,08:15 PM,08:25 PM,10.0
15558,2024-09-24,CNB,08:10 PM,08:12 PM,2.0,08:15 PM,08:17 PM,2.0
15558,2024-09-27,CNB,08:10 PM,08:36 PM,26.0,08:15 PM,08:41 PM,26.0
12356,2024-09-01,DDU,05:40 PM,05:40 PM,0.0,05:50 PM,05:50 PM,0.0
12356,2024-09-01,BXR,06:52 PM,06:52 PM,0.0,06:54 PM,06:54 PM,0.0
12356,2024-09-04,DDU,05:40 PM,05:40 PM,0.0,05:50 PM,05:50 PM,0.0
12356,2024-09-04,BXR,06:52 PM,06:52 PM,0.0,06:54 PM,06:54 PM,0.0
12356,2024-09-08,DDU,05:40 PM,07:36 PM,116.0,05:50 PM,07:46 PM,116.0
12356,2024-09-08,BXR,06:52 PM,08:51 PM,119.0,06:54 PM,08:53 PM,119.0
12356,2024-09-11,DDU,05:40 PM,10:07 PM,267.0,05:50 PM,10:17 PM,267.0
12356,2024-09-11,BXR,06:52 PM,11:36 PM,284.0,06:54 PM,11:38 PM,284.0
12356,2024-09-15,DDU,05:40 PM,05:40 PM,0.0,05:50 PM,05:50 PM,0.0
12356,2024-09-15,BXR,06:52 PM,06:52 PM,0.0,06:54 PM,06:54 PM,0.0
12356,2024-09-18,DDU,05:40 PM,07:20 PM,100.0,05:50 PM,07:30 PM,100.0
12356,2024-09-18,BXR,06:52 PM,06:52 PM,0.0,06:54 PM,06:54 PM,0.0
12356,2024-09-22,DDU,05:40 PM,05:40 PM,0.0,05:50 PM,05:50 PM,0.0
12356,2024-09-22,BXR,06:52 PM,06:52 PM,0.0,06:54 PM,06:54 PM,0.0
12356,2024-09-25,DDU,05:40 PM,05:40 PM,0.0,05:50 PM,05:50 PM,0.0
12356,2024-09-25,BXR,06:52 PM,06:52 PM,0.0,06:54 PM,06:54 PM,0.0
12356,2024-09-29,DDU,05:40 PM,05:40 PM,0.0,05:50 PM,05:50 PM,0.0
12356,2024-09-29,BXR,06:52 PM,06:52 PM,0.0,06:54 PM,06:54 PM,0.0
12357,2024-09-03,DDU,09:05 PM,09:52 PM,47.0,09:15 PM,10:02 PM,47.0
12357,2024-09-07,DDU,09:05 PM,09:25 PM,20.0,09:15 PM,09:35 PM,20.0
12357,2024-09-10,DDU,09:05 PM,09:24 PM,19.0,09:15 PM,09:34 PM,19.0
12357,2024-09-14,DDU,09:05 PM,09:05 PM,0.0,09:15 PM,09:15 PM,0.0
12357,2024-09-17,DDU,09:05 PM,09:10 PM,5.0,09:15 PM,09:20 PM,5.0
12357,2024-09-21,DDU,09:05 PM,09:25 PM,20.0,09:15 PM,09:35 PM,20.0
12357,2024-09-24,DDU,09:05 PM,09:06 PM,0.0,09:15 PM,09:16 PM,0.0
12357,2024-09-28,DDU,09:05 PM,09:27 PM,22.0,09:15 PM,09:37 PM,22.0
19314,2024-09-04,BXR,12:53 PM,01:02 PM,9.0,12:55 PM,01:04 PM,9.0
19314,2024-09-04,DDU,03:00 PM,03:02 PM,2.0,03:10 PM,03:12 PM,2.0
19314,2024-09-04,CNB,12:30 AM,12:30 AM,0.0,12:35 AM,12:35 AM,0.0
19314,2024-09-06,BXR,12:53 PM,01:08 PM,15.0,12:55 PM,01:10 PM,15.0
19314,2024-09-06,DDU,03:00 PM,03:04 PM,4.0,03:10 PM,03:14 PM,4.0
19314,2024-09-06,CNB,12:30 AM,12:30 AM,0.0,12:35 AM,12:35 AM,0.0
19314,2024-09-11,BXR,12:53 PM,12:53 PM,0.0,12:55 PM,12:55 PM,0.0
19314,2024-09-11,DDU,03:00 PM,03:03 PM,3.0,03:10 PM,03:13 PM,3.0
19314,2024-09-11,CNB,12:30 AM,01:53 AM,83.0,12:35 AM,01:58 AM,83.0
19314,2024-09-13,BXR,12:53 PM,01:08 PM,15.0,12:55 PM,01:10 PM,15.0
19314,2024-09-13,DDU,03:00 PM,03:00 PM,0.0,03:10 PM,03:10 PM,0.0
19314,2024-09-13,CNB,12:30 AM,12:30 AM,0.0,12:35 AM,12:35 AM,0.0
19314,2024-09-18,BXR,12:53 PM,01:10 PM,17.0,12:55 PM,01:12 PM,17.0
19314,2024-09-18,DDU,03:00 PM,03:00 PM,0.0,03:10 PM,03:10 PM,0.0
19314,2024-09-18,CNB,12:30 AM,12:30 AM,0.0,12:35 AM,12:35 AM,0.0
19314,2024-09-20,BXR,12:53 PM,01:02 PM,9.0,12:55 PM,01:04 PM,9.0
19314,2024-09-20,DDU,03:00 PM,03:00 PM,0.0,03:10 PM,03:10 PM,0.0
19314,2024-09-20,CNB,12:30 AM,12:31 AM,0.0,12:35 AM,12:36 AM,0.0
19314,2024-09-25,BXR,12:53 PM,01:07 PM,14.0,12:55 PM,01:09 PM,14.0
19314,2024-09-25,DDU,03:00 PM,03:01 PM,0.0,03:10 PM,03:11 PM,0.0
19314,2024-09-25,CNB,12:30 AM,12:30 AM,0.0,12:35 AM,12:35 AM,0.0
19314,2024-09-27,BXR,12:53 PM,12:53 PM,0.0,12:55 PM,12:55 PM,0.0
19314,2024-09-27,DDU,03:00 PM,03:00 PM,0.0,03:10 PM,03:10 PM,0.0
19314,2024-09-27,CNB,12:30 AM,01:05 AM,35.0,12:35 AM,01:10 AM,35.0
12329,2024-09-03,DDU,10:30 PM,10:30 PM,0.0,10:40 PM,10:40 PM,0.0
12329,2024-09-03,CNB,03:05 AM,03:34 AM,29.0,03:10 AM,03:39 AM,29.0
12329,2024-09-10,DDU,10:30 PM,10:37 PM,7.0,10:40 PM,10:47 PM,7.0
12329,2024-09-10,CNB,03:05 AM,03:05 AM,0.0,03:10 AM,03:10 AM,0.0
12329,2024-09-17,DDU,10:30 PM,10:30 PM,0.0,10:40 PM,10:40 PM,0.0
12329,2024-09-17,CNB,03:05 AM,03:05 AM,0.0,03:10 AM,03:10 AM,0.0
12329,2024-09-24,DDU,10:30 PM,10:31 PM,0.0,10:40 PM,10:41 PM,0.0
12329,2024-09-24,CNB,03:05 AM,03:07 AM,2.0,03:10 AM,03:12 AM,2.0
17609,2024-09-14,BXR,08:28 AM,08:39 AM,11.0,08:30 AM,08:41 AM,11.0
17609,2024-09-14,DDU,10:20 AM,10:20 AM,0.0,10:30 AM,10:30 AM,0.0
17609,2024-09-21,BXR,08:28 AM,08:40 AM,12.0,08:30 AM,08:42 AM,12.0
17609,2024-09-21,DDU,10:20 AM,10:20 AM,0.0,10:30 AM,10:30 AM,0.0
17609,2024-09-28,BXR,08:28 AM,08:43 AM,15.0,08:30 AM,08:45 AM,15.0
17609,2024-09-28,DDU,10:20 AM,10:20 AM,0.0,10:30 AM,10:30 AM,0.0
22972,2024-09-04,DDU,02:54 AM,02:54 AM,0.0,03:04 AM,03:04 AM,0.0
15706,2024-09-03,CNB,09:40 PM,09:45 PM,5.0,09:45 PM,09:50 PM,5.0
15706,2024-09-06,CNB,09:40 PM,09:59 PM,19.0,09:45 PM,10:04 PM,19.0
15706,2024-09-10,CNB,09:40 PM,10:51 PM,71.0,09:45 PM,10:56 PM,71.0
15706,2024-09-13,CNB,09:40 PM,09:45 PM,5.0,09:45 PM,09:50 PM,5.0
15706,2024-09-17,CNB,09:40 PM,09:45 PM,5.0,09:45 PM,09:50 PM,5.0
15706,2024-09-20,CNB,09:40 PM,09:41 PM,0.0,09:45 PM,09:46 PM,0.0
15706,2024-09-24,CNB,09:40 PM,09:46 PM,6.0,09:45 PM,09:51 PM,6.0
15706,2024-09-27,CNB,09:40 PM,09:40 PM,0.0,09:45 PM,09:45 PM,0.0
12577,2024-09-03,BXR,09:50 PM,09:50 PM,0.0,09:52 PM,09:52 PM,0.0
12577,2024-09-03,DDU,11:45 PM,12:44 AM,59.0,11:55 PM,12:54 AM,59.0
12577,2024-09-10,BXR,09:50 PM,11:22 PM,92.0,09:52 PM,11:24 PM,92.0
12577,2024-09-10,DDU,11:45 PM,12:41 AM,56.0,11:55 PM,12:51 AM,56.0
12577,2024-09-17,BXR,09:50 PM,10:40 PM,50.0,09:52 PM,10:42 PM,50.0
12577,2024-09-17,DDU,11:45 PM,11:46 PM,0.0,11:55 PM,11:56 PM,0.0
12577,2024-09-24,BXR,09:50 PM,09:50 PM,0.0,09:52 PM,09:52 PM,0.0
12577,2024-09-24,DDU,11:45 PM,11:45 PM,0.0,11:55 PM,11:55 PM,0.0
15125,2024-09-01,DDU,07:30 AM,07:30 AM,0.0,07:40 AM,07:40 AM,0.0
15125,2024-09-01,BXR,08:52 AM,09:00 AM,8.0,08:54 AM,09:02 AM,8.0
15125,2024-09-02,DDU,07:30 AM,07:30 AM,0.0,07:40 AM,07:40 AM,0.0
15125,2024-09-02,BXR,08:52 AM,09:01 AM,9.0,08:54 AM,09:03 AM,9.0
15125,2024-09-03,DDU,07:30 AM,07:30 AM,0.0,07:40 AM,07:40 AM,0.0
15125,2024-09-03,BXR,08:52 AM,08:52 AM,0.0,08:54 AM,08:54 AM,0.0
15125,2024-09-04,DDU,07:30 AM,07:30 AM,0.0,07:40 AM,07:40 AM,0.0
15125,2024-09-04,BXR,08:52 AM,08:54 AM,2.0,08:54 AM,08:56 AM,2.0
15125,2024-09-05,DDU,07:30 AM,07:32 AM,2.0,07:40 AM,07:42 AM,2.0
15125,2024-09-05,BXR,08:52 AM,09:03 AM,11.0,08:54 AM,09:05 AM,11.0
15125,2024-09-07,DDU,07:30 AM,07:30 AM,0.0,07:40 AM,07:40 AM,0.0
15125,2024-09-07,BXR,08:52 AM,08:53 AM,0.0,08:54 AM,08:55 AM,0.0
15125,2024-09-08,DDU,07:30 AM,07:30 AM,0.0,07:40 AM,07:40 AM,0.0
15125,2024-09-08,BXR,08:52 AM,08:57 AM,5.0,08:54 AM,08:59 AM,5.0
15125,2024-09-09,DDU,07:30 AM,07:30 AM,0.0,07:40 AM,07:40 AM,0.0
15125,2024-09-09,BXR,08:52 AM,08:53 AM,0.0,08:54 AM,08:55 AM,0.0
15125,2024-09-10,DDU,07:30 AM,07:30 AM,0.0,07:40 AM,07:40 AM,0.0
15125,2024-09-10,BXR,08:52 AM,08:52 AM,0.0,08:54 AM,08:54 AM,0.0
15125,2024-09-11,DDU,07:30 AM,07:30 AM,0.0,07:40 AM,07:40 AM,0.0
15125,2024-09-11,BXR,08:52 AM,09:04 AM,12.0,08:54 AM,09:06 AM,12.0
15125,2024-09-12,DDU,07:30 AM,07:30 AM,0.0,07:40 AM,07:40 AM,0.0
15125,2024-09-12,BXR,08:52 AM,08:53 AM,0.0,08:54 AM,08:55 AM,0.0
15125,2024-09-13,DDU,07:30 AM,07:30 AM,0.0,07:40 AM,07:40 AM,0.0
15125,2024-09-13,BXR,08:52 AM,08:57 AM,5.0,08:54 AM,08:59 AM,5.0
15125,2024-09-14,DDU,07:30 AM,07:30 AM,0.0,07:40 AM,07:40 AM,0.0
15125,2024-09-14,BXR,08:52 AM,08:52 AM,0.0,08:54 AM,08:54 AM,0.0
15125,2024-09-15,DDU,07:30 AM,07:30 AM,0.0,07:40 AM,07:40 AM,0.0
15125,2024-09-15,BXR,08:52 AM,08:53 AM,0.0,08:54 AM,08:55 AM,0.0
15125,2024-09-16,DDU,07:30 AM,07:35 AM,5.0,07:40 AM,07:45 AM,5.0
15125,2024-09-16,BXR,08:52 AM,09:01 AM,9.0,08:54 AM,09:03 AM,9.0
15125,2024-09-17,DDU,07:30 AM,07:45 AM,15.0,07:40 AM,07:55 AM,15.0
15125,2024-09-17,BXR,08:52 AM,09:32 AM,40.0,08:54 AM,09:34 AM,40.0
15125,2024-09-18,DDU,07:30 AM,07:30 AM,0.0,07:40 AM,07:40 AM,0.0
15125,2024-09-18,BXR,08:52 AM,08:59 AM,7.0,08:54 AM,09:01 AM,7.0
15125,2024-09-19,DDU,07:30 AM,07:30 AM,0.0,07:40 AM,07:40 AM,0.0
15125,2024-09-19,BXR,08:52 AM,09:11 AM,19.0,08:54 AM,09:13 AM,19.0
15125,2024-09-20,DDU,07:30 AM,07:33 AM,3.0,07:40 AM,07:43 AM,3.0
15125,2024-09-20,BXR,08:52 AM,09:04 AM,12.0,08:54 AM,09:06 AM,12.0
15125,2024-09-21,DDU,07:30 AM,07:30 AM,0.0,07:40 AM,07:40 AM,0.0
15125,2024-09-21,BXR,08:52 AM,09:03 AM,11.0,08:54 AM,09:05 AM,11.0
15125,2024-09-22,DDU,07:30 AM,07:30 AM,0.0,07:40 AM,07:40 AM,0.0
15125,2024-09-22,BXR,08:52 AM,08:56 AM,4.0,08:54 AM,08:58 AM,4.0
15125,2024-09-23,DDU,07:30 AM,07:30 AM,0.0,07:40 AM,07:40 AM,0.0
15125,2024-09-23,BXR,08:52 AM,09:00 AM,8.0,08:54 AM,09:02 AM,8.0
15125,2024-09-24,DDU,07:30 AM,07:30 AM,0.0,07:40 AM,07:40 AM,0.0
15125,2024-09-24,BXR,08:52 AM,08:56 AM,4.0,08:54 AM,08:58 AM,4.0
15125,2024-09-26,DDU,07:30 AM,07:30 AM,0.0,07:40 AM,07:40 AM,0.0
15125,2024-09-26,BXR,08:52 AM,09:00 AM,8.0,08:54 AM,09:02 AM,8.0
15125,2024-09-27,DDU,07:30 AM,07:36 AM,6.0,07:40 AM,07:46 AM,6.0
15125,2024-09-27,BXR,08:52 AM,08:57 AM,5.0,08:54 AM,08:59 AM,5.0
15125,2024-09-29,DDU,07:30 AM,07:36 AM,6.0,07:40 AM,07:46 AM,6.0
15125,2024-09-29,BXR,08:52 AM,09:01 AM,9.0,08:54 AM,09:03 AM,9.0
5831,2024-09-29,BXR,06:35 AM,12:07 PM,332.0,06:37 AM,12:09 PM,332.0
5831,2024-09-29,DDU,09:05 AM,03:09 PM,364.0,09:15 AM,03:19 PM,364.0
5831,2024-09-29,PRYJ,12:40 PM,06:04 PM,324.0,12:40 PM,06:04 PM,324.0
15648,2024-09-03,BXR,03:38 PM,03:38 PM,0.0,03:42 PM,03:42 PM,0.0
15648,2024-09-03,DDU,05:35 PM,05:35 PM,0.0,05:45 PM,05:45 PM,0.0
15648,2024-09-10,BXR,03:38 PM,03:38 PM,0.0,03:42 PM,03:42 PM,0.0
15648,2024-09-10,DDU,05:35 PM,05:35 PM,0.0,05:45 PM,05:45 PM,0.0
15648,2024-09-17,BXR,03:38 PM,04:04 PM,26.0,03:42 PM,04:08 PM,26.0
15648,2024-09-17,DDU,05:35 PM,05:42 PM,7.0,05:45 PM,05:52 PM,7.0
15648,2024-09-24,BXR,03:38 PM,09:26 PM,348.0,03:42 PM,09:30 PM,348.0
15648,2024-09-24,DDU,05:35 PM,10:57 PM,322.0,05:45 PM,11:07 PM,322.0
1701,2024-09-18,DDU,05:10 AM,07:08 AM,118.0,05:20 AM,07:18 AM,118.0
1701,2024-09-23,DDU,05:10 AM,06:11 AM,61.0,05:20 AM,06:21 AM,61.0
1701,2024-09-28,DDU,05:10 AM,07:24 AM,134.0,05:20 AM,07:34 AM,134.0
14262,2024-09-10,DDU,07:15 AM,07:15 AM,0.0,07:25 AM,07:25 AM,0.0
14262,2024-09-12,DDU,07:15 AM,09:45 AM,150.0,07:25 AM,09:55 AM,150.0
14262,2024-09-17,DDU,07:15 AM,07:15 AM,0.0,07:25 AM,07:25 AM,0.0
14262,2024-09-24,DDU,07:15 AM,07:15 AM,0.0,07:25 AM,07:25 AM,0.0
14262,2024-09-26,DDU,07:15 AM,07:18 AM,3.0,07:25 AM,07:28 AM,3.0
19321,2024-09-07,CNB,03:55 AM,03:58 AM,3.0,04:00 AM,04:03 AM,3.0
19321,2024-09-07,DDU,12:30 PM,12:43 PM,13.0,12:40 PM,12:53 PM,13.0
19321,2024-09-14,CNB,03:55 AM,04:00 AM,5.0,04:00 AM,04:05 AM,5.0
19321,2024-09-14,DDU,12:30 PM,01:51 PM,81.0,12:40 PM,02:01 PM,81.0
19321,2024-09-21,CNB,03:55 AM,03:55 AM,0.0,04:00 AM,04:00 AM,0.0
19321,2024-09-21,DDU,12:30 PM,12:30 PM,0.0,12:40 PM,12:40 PM,0.0
19321,2024-09-28,CNB,03:55 AM,03:55 AM,0.0,04:00 AM,04:00 AM,0.0
19321,2024-09-28,DDU,12:30 PM,12:30 PM,0.0,12:40 PM,12:40 PM,0.0
12816,2024-09-02,CNB,01:20 PM,01:48 PM,28.0,01:25 PM,01:53 PM,28.0
12816,2024-09-02,PRYJ,03:55 PM,04:58 PM,63.0,04:05 PM,05:08 PM,63.0
12816,2024-09-02,DDU,06:30 PM,08:10 PM,100.0,06:40 PM,08:20 PM,100.0
12816,2024-09-04,CNB,01:20 PM,01:31 PM,11.0,01:25 PM,01:36 PM,11.0
12816,2024-09-04,PRYJ,03:55 PM,05:33 PM,98.0,04:05 PM,05:43 PM,98.0
12816,2024-09-04,DDU,06:30 PM,07:59 PM,89.0,06:40 PM,08:09 PM,89.0
12816,2024-09-05,CNB,01:20 PM,01:36 PM,16.0,01:25 PM,01:41 PM,16.0
12816,2024-09-05,PRYJ,03:55 PM,04:35 PM,40.0,04:05 PM,04:45 PM,40.0
12816,2024-09-05,DDU,06:30 PM,08:06 PM,96.0,06:40 PM,08:16 PM,96.0
12816,2024-09-07,CNB,01:20 PM,01:45 PM,25.0,01:25 PM,01:50 PM,25.0
12816,2024-09-07,PRYJ,03:55 PM,04:49 PM,54.0,04:05 PM,04:59 PM,54.0
12816,2024-09-07,DDU,06:30 PM,07:45 PM,75.0,06:40 PM,07:55 PM,75.0
12816,2024-09-09,CNB,01:20 PM,02:36 PM,76.0,01:25 PM,02:41 PM,76.0
12816,2024-09-09,PRYJ,03:55 PM,05:23 PM,88.0,04:05 PM,05:33 PM,88.0
12816,2024-09-09,DDU,06:30 PM,07:47 PM,77.0,06:40 PM,07:57 PM,77.0
12816,2024-09-11,CNB,01:20 PM,01:24 PM,4.0,01:25 PM,01:29 PM,4.0
12816,2024-09-11,PRYJ,03:55 PM,05:29 PM,94.0,04:05 PM,05:39 PM,94.0
12816,2024-09-11,DDU,06:30 PM,08:25 PM,115.0,06:40 PM,08:35 PM,115.0
12816,2024-09-12,CNB,01:20 PM,01:46 PM,26.0,01:25 PM,01:51 PM,26.0
12816,2024-09-12,PRYJ,03:55 PM,04:36 PM,41.0,04:05 PM,04:46 PM,41.0
12816,2024-09-12,DDU,06:30 PM,07:34 PM,64.0,06:40 PM,07:44 PM,64.0
12816,2024-09-14,CNB,01:20 PM,01:35 PM,15.0,01:25 PM,01:40 PM,15.0
12816,2024-09-14,PRYJ,03:55 PM,05:02 PM,67.0,04:05 PM,05:12 PM,67.0
12816,2024-09-14,DDU,06:30 PM,07:35 PM,65.0,06:40 PM,07:45 PM,65.0
12816,2024-09-16,CNB,01:20 PM,01:27 PM,7.0,01:25 PM,01:32 PM,7.0
12816,2024-09-16,PRYJ,03:55 PM,05:08 PM,73.0,04:05 PM,05:18 PM,73.0
12816,2024-09-16,DDU,06:30 PM,08:03 PM,93.0,06:40 PM,08:13 PM,93.0
12816,2024-09-18,CNB,01:20 PM,01:49 PM,29.0,01:25 PM,01:54 PM,29.0
12816,2024-09-18,PRYJ,03:55 PM,04:17 PM,22.0,04:05 PM,04:27 PM,22.0
12816,2024-09-18,DDU,06:30 PM,07:46 PM,76.0,06:40 PM,07:56 PM,76.0
12816,2024-09-19,CNB,01:20 PM,01:27 PM,7.0,01:25 PM,01:32 PM,7.0
12816,2024-09-19,PRYJ,03:55 PM,05:24 PM,89.0,04:05 PM,05:34 PM,89.0
12816,2024-09-19,DDU,06:30 PM,09:22 PM,172.0,06:40 PM,09:32 PM,172.0
12816,2024-09-21,CNB,01:20 PM,01:23 PM,3.0,01:25 PM,01:28 PM,3.0
12816,2024-09-21,PRYJ,03:55 PM,05:48 PM,113.0,04:05 PM,05:58 PM,113.0
12816,2024-09-21,DDU,06:30 PM,08:50 PM,140.0,06:40 PM,09:00 PM,140.0
12816,2024-09-23,CNB,01:20 PM,01:34 PM,14.0,01:25 PM,01:39 PM,14.0
12816,2024-09-23,PRYJ,03:55 PM,05:08 PM,73.0,04:05 PM,05:18 PM,73.0
12816,2024-09-23,DDU,06:30 PM,08:15 PM,105.0,06:40 PM,08:25 PM,105.0
12816,2024-09-25,CNB,01:20 PM,01:27 PM,7.0,01:25 PM,01:32 PM,7.0
12816,2024-09-25,PRYJ,03:55 PM,05:49 PM,114.0,04:05 PM,05:59 PM,114.0
12816,2024-09-25,DDU,06:30 PM,08:52 PM,142.0,06:40 PM,09:02 PM,142.0
12816,2024-09-26,CNB,01:20 PM,01:23 PM,3.0,01:25 PM,01:28 PM,3.0
12816,2024-09-26,PRYJ,03:55 PM,04:50 PM,55.0,04:05 PM,05:00 PM,55.0
12816,2024-09-26,DDU,06:30 PM,07:04 PM,34.0,06:40 PM,07:14 PM,34.0
12816,2024-09-28,CNB,01:20 PM,01:33 PM,13.0,01:25 PM,01:38 PM,13.0
12816,2024-09-28,PRYJ,03:55 PM,04:35 PM,40.0,04:05 PM,04:45 PM,40.0
12816,2024-09-28,DDU,06:30 PM,07:44 PM,74.0,06:40 PM,07:54 PM,74.0
12816,2024-09-30,CNB,01:20 PM,01:49 PM,29.0,01:25 PM,01:54 PM,29.0
12816,2024-09-30,PRYJ,03:55 PM,05:05 PM,70.0,04:05 PM,05:15 PM,70.0
12816,2024-09-30,DDU,06:30 PM,08:35 PM,125.0,06:40 PM,08:45 PM,125.0
12559,2024-09-01,PRYJ,12:30 AM,12:32 AM,2.0,12:35 AM,12:37 AM,2.0
12559,2024-09-01,CNB,02:45 AM,02:45 AM,0.0,02:50 AM,02:50 AM,0.0
12559,2024-09-02,PRYJ,12:30 AM,12:30 AM,0.0,12:35 AM,12:35 AM,0.0
12559,2024-09-02,CNB,02:45 AM,03:03 AM,18.0,02:50 AM,03:08 AM,18.0
12559,2024-09-03,PRYJ,12:30 AM,12:33 AM,3.0,12:35 AM,12:38 AM,3.0
12559,2024-09-03,CNB,02:45 AM,02:49 AM,4.0,02:50 AM,02:54 AM,4.0
12559,2024-09-05,PRYJ,12:30 AM,12:40 AM,10.0,12:35 AM,12:45 AM,10.0
12559,2024-09-05,CNB,02:45 AM,03:09 AM,24.0,02:50 AM,03:14 AM,24.0
12559,2024-09-06,PRYJ,12:30 AM,12:30 AM,0.0,12:35 AM,12:35 AM,0.0
12559,2024-09-06,CNB,02:45 AM,02:52 AM,7.0,02:50 AM,02:57 AM,7.0
12559,2024-09-07,PRYJ,12:30 AM,12:32 AM,2.0,12:35 AM,12:37 AM,2.0
12559,2024-09-07,CNB,02:45 AM,02:53 AM,8.0,02:50 AM,02:58 AM,8.0
12559,2024-09-08,PRYJ,12:30 AM,12:31 AM,0.0,12:35 AM,12:36 AM,0.0
12559,2024-09-08,CNB,02:45 AM,02:53 AM,8.0,02:50 AM,02:58 AM,8.0
12559,2024-09-09,PRYJ,12:30 AM,12:31 AM,0.0,12:35 AM,12:36 AM,0.0
12559,2024-09-09,CNB,02:45 AM,02:53 AM,8.0,02:50 AM,02:58 AM,8.0
12559,2024-09-10,PRYJ,12:30 AM,12:36 AM,6.0,12:35 AM,12:41 AM,6.0
12559,2024-09-10,CNB,02:45 AM,02:47 AM,2.0,02:50 AM,02:52 AM,2.0
12559,2024-09-11,PRYJ,12:30 AM,12:43 AM,13.0,12:35 AM,12:48 AM,13.0
12559,2024-09-11,CNB,02:45 AM,03:10 AM,25.0,02:50 AM,03:15 AM,25.0
12559,2024-09-13,PRYJ,12:30 AM,12:34 AM,4.0,12:35 AM,12:39 AM,4.0
12559,2024-09-13,CNB,02:45 AM,02:50 AM,5.0,02:50 AM,02:55 AM,5.0
12559,2024-09-14,PRYJ,12:30 AM,12:33 AM,3.0,12:35 AM,12:38 AM,3.0
12559,2024-09-14,CNB,02:45 AM,02:51 AM,6.0,02:50 AM,02:56 AM,6.0
12559,2024-09-15,PRYJ,12:30 AM,12:31 AM,0.0,12:35 AM,12:36 AM,0.0
12559,2024-09-15,CNB,02:45 AM,02:46 AM,0.0,02:50 AM,02:51 AM,0.0
12559,2024-09-17,PRYJ,12:30 AM,12:39 AM,9.0,12:35 AM,12:44 AM,9.0
12559,2024-09-17,CNB,02:45 AM,04:42 AM,117.0,02:50 AM,04:47 AM,117.0
12559,2024-09-18,PRYJ,12:30 AM,12:31 AM,0.0,12:35 AM,12:36 AM,0.0
12559,2024-09-18,CNB,02:45 AM,02:50 AM,5.0,02:50 AM,02:55 AM,5.0
12559,2024-09-19,PRYJ,12:30 AM,12:30 AM,0.0,12:35 AM,12:35 AM,0.0
12559,2024-09-19,CNB,02:45 AM,02:45 AM,0.0,02:50 AM,02:50 AM,0.0
12559,2024-09-20,PRYJ,12:30 AM,12:31 AM,0.0,12:35 AM,12:36 AM,0.0
12559,2024-09-20,CNB,02:45 AM,02:46 AM,0.0,02:50 AM,02:51 AM,0.0
12559,2024-09-21,PRYJ,12:30 AM,12:30 AM,0.0,12:35 AM,12:35 AM,0.0
12559,2024-09-21,CNB,02:45 AM,02:47 AM,2.0,02:50 AM,02:52 AM,2.0
12559,2024-09-22,PRYJ,12:30 AM,12:33 AM,3.0,12:35 AM,12:38 AM,3.0
12559,2024-09-22,CNB,02:45 AM,02:45 AM,0.0,02:50 AM,02:50 AM,0.0
12559,2024-09-23,PRYJ,12:30 AM,12:31 AM,0.0,12:35 AM,12:36 AM,0.0
12559,2024-09-23,CNB,02:45 AM,02:46 AM,0.0,02:50 AM,02:51 AM,0.0
12559,2024-09-24,PRYJ,12:30 AM,12:31 AM,0.0,12:35 AM,12:36 AM,0.0
12559,2024-09-24,CNB,02:45 AM,02:46 AM,0.0,02:50 AM,02:51 AM,0.0
12559,2024-09-25,PRYJ,12:30 AM,12:47 AM,17.0,12:35 AM,12:52 AM,17.0
12559,2024-09-25,CNB,02:45 AM,03:02 AM,17.0,02:50 AM,03:07 AM,17.0
12559,2024-09-26,PRYJ,12:30 AM,12:30 AM,0.0,12:35 AM,12:35 AM,0.0
12559,2024-09-26,CNB,02:45 AM,02:49 AM,4.0,02:50 AM,02:54 AM,4.0
12559,2024-09-27,PRYJ,12:30 AM,12:31 AM,0.0,12:35 AM,12:36 AM,0.0
12559,2024-09-27,CNB,02:45 AM,03:00 AM,15.0,02:50 AM,03:05 AM,15.0
12559,2024-09-28,PRYJ,12:30 AM,12:31 AM,0.0,12:35 AM,12:36 AM,0.0
12559,2024-09-28,CNB,02:45 AM,02:51 AM,6.0,02:50 AM,02:56 AM,6.0
12559,2024-09-29,PRYJ,12:30 AM,12:30 AM,0.0,12:35 AM,12:35 AM,0.0
12559,2024-09-29,CNB,02:45 AM,02:56 AM,11.0,02:50 AM,03:01 AM,11.0
12559,2024-09-30,PRYJ,12:30 AM,12:33 AM,3.0,12:35 AM,12:38 AM,3.0
12559,2024-09-30,CNB,02:45 AM,03:14 AM,29.0,02:50 AM,03:19 AM,29.0
22449,2024-09-04,DDU,01:50 AM,01:50 AM,0.0,02:00 AM,02:00 AM,0.0
22449,2024-09-04,PRYJ,04:00 AM,04:00 AM,0.0,04:05 AM,04:05 AM,0.0
22449,2024-09-04,CNB,06:25 AM,06:25 AM,0.0,06:30 AM,06:30 AM,0.0
22449,2024-09-07,DDU,01:50 AM,01:50 AM,0.0,02:00 AM,02:00 AM,0.0
22449,2024-09-07,PRYJ,04:00 AM,04:00 AM,0.0,04:05 AM,04:05 AM,0.0
22449,2024-09-07,CNB,06:25 AM,06:25 AM,0.0,06:30 AM,06:30 AM,0.0
22449,2024-09-11,DDU,01:50 AM,01:52 AM,2.0,02:00 AM,02:02 AM,2.0
22449,2024-09-11,PRYJ,04:00 AM,04:11 AM,11.0,04:05 AM,04:16 AM,11.0
22449,2024-09-11,CNB,06:25 AM,06:42 AM,17.0,06:30 AM,06:47 AM,17.0
22449,2024-09-14,DDU,01:50 AM,01:50 AM,0.0,02:00 AM,02:00 AM,0.0
22449,2024-09-14,PRYJ,04:00 AM,04:00 AM,0.0,04:05 AM,04:05 AM,0.0
22449,2024-09-14,CNB,06:25 AM,06:25 AM,0.0,06:30 AM,06:30 AM,0.0
22449,2024-09-18,DDU,01:50 AM,01:50 AM,0.0,02:00 AM,02:00 AM,0.0
22449,2024-09-18,PRYJ,04:00 AM,04:00 AM,0.0,04:05 AM,04:05 AM,0.0
22449,2024-09-18,CNB,06:25 AM,06:25 AM,0.0,06:30 AM,06:30 AM,0.0
22449,2024-09-21,DDU,01:50 AM,03:23 AM,93.0,02:00 AM,03:33 AM,93.0
22449,2024-09-21,PRYJ,04:00 AM,05:58 AM,118.0,04:05 AM,06:03 AM,118.0
22449,2024-09-21,CNB,06:25 AM,08:30 AM,125.0,06:30 AM,08:35 AM,125.0
22449,2024-09-25,DDU,01:50 AM,01:53 AM,3.0,02:00 AM,02:03 AM,3.0
22449,2024-09-25,PRYJ,04:00 AM,04:00 AM,0.0,04:05 AM,04:05 AM,0.0
22449,2024-09-25,CNB,06:25 AM,06:29 AM,4.0,06:30 AM,06:34 AM,4.0
22449,2024-09-28,DDU,01:50 AM,03:24 AM,94.0,02:00 AM,03:34 AM,94.0
22449,2024-09-28,PRYJ,04:00 AM,05:52 AM,112.0,04:05 AM,05:57 AM,112.0
22449,2024-09-28,CNB,06:25 AM,08:15 AM,110.0,06:30 AM,08:20 AM,110.0
12177,2024-09-13,DDU,04:40 AM,04:40 AM,0.0,04:50 AM,04:50 AM,0.0
12177,2024-09-20,DDU,04:40 AM,04:40 AM,0.0,04:50 AM,04:50 AM,0.0
12177,2024-09-27,DDU,04:40 AM,04:50 AM,10.0,04:50 AM,05:00 AM,10.0
22183,2024-09-04,PRYJ,03:50 AM,03:52 AM,2.0,04:20 AM,04:22 AM,2.0
22183,2024-09-07,PRYJ,03:50 AM,05:52 AM,122.0,04:20 AM,06:22 AM,122.0
22183,2024-09-11,PRYJ,03:50 AM,03:50 AM,0.0,04:20 AM,04:20 AM,0.0
22183,2024-09-14,PRYJ,03:50 AM,03:50 AM,0.0,04:20 AM,04:20 AM,0.0
22183,2024-09-18,PRYJ,03:50 AM,03:54 AM,4.0,04:20 AM,04:24 AM,4.0
22183,2024-09-21,PRYJ,03:50 AM,03:51 AM,0.0,04:20 AM,04:21 AM,0.0
22183,2024-09-25,PRYJ,03:50 AM,03:50 AM,0.0,04:20 AM,04:20 AM,0.0
22183,2024-09-28,PRYJ,03:50 AM,03:57 AM,7.0,04:20 AM,04:27 AM,7.0
19037,2024-09-01,CNB,01:35 AM,01:35 AM,0.0,01:45 AM,01:45 AM,0.0
19037,2024-09-02,CNB,01:35 AM,01:35 AM,0.0,01:45 AM,01:45 AM,0.0
19037,2024-09-03,CNB,01:35 AM,01:35 AM,0.0,01:45 AM,01:45 AM,0.0
19037,2024-09-04,CNB,01:35 AM,01:35 AM,0.0,01:45 AM,01:45 AM,0.0
19037,2024-09-05,CNB,01:35 AM,01:40 AM,5.0,01:45 AM,01:50 AM,5.0
19037,2024-09-06,CNB,01:35 AM,01:38 AM,3.0,01:45 AM,01:48 AM,3.0
19037,2024-09-07,CNB,01:35 AM,01:35 AM,0.0,01:45 AM,01:45 AM,0.0
19037,2024-09-08,CNB,01:35 AM,01:47 AM,12.0,01:45 AM,01:57 AM,12.0
19037,2024-09-09,CNB,01:35 AM,01:40 AM,5.0,01:45 AM,01:50 AM,5.0
19037,2024-09-10,CNB,01:35 AM,01:40 AM,5.0,01:45 AM,01:50 AM,5.0
19037,2024-09-11,CNB,01:35 AM,01:35 AM,0.0,01:45 AM,01:45 AM,0.0
19037,2024-09-12,CNB,01:35 AM,01:35 AM,0.0,01:45 AM,01:45 AM,0.0
19037,2024-09-13,CNB,01:35 AM,03:22 AM,107.0,01:45 AM,03:32 AM,107.0
19037,2024-09-14,CNB,01:35 AM,01:35 AM,0.0,01:45 AM,01:45 AM,0.0
19037,2024-09-15,CNB,01:35 AM,01:36 AM,0.0,01:45 AM,01:46 AM,0.0
19037,2024-09-16,CNB,01:35 AM,02:14 AM,39.0,01:45 AM,02:24 AM,39.0
19037,2024-09-17,CNB,01:35 AM,01:39 AM,4.0,01:45 AM,01:49 AM,4.0
19037,2024-09-18,CNB,01:35 AM,01:36 AM,0.0,01:45 AM,01:46 AM,0.0
19037,2024-09-19,CNB,01:35 AM,01:40 AM,5.0,01:45 AM,01:50 AM,5.0
19037,2024-09-20,CNB,01:35 AM,01:35 AM,0.0,01:45 AM,01:45 AM,0.0
19037,2024-09-21,CNB,01:35 AM,01:35 AM,0.0,01:45 AM,01:45 AM,0.0
19037,2024-09-22,CNB,01:35 AM,01:35 AM,0.0,01:45 AM,01:45 AM,0.0
19037,2024-09-23,CNB,01:35 AM,01:35 AM,0.0,01:45 AM,01:45 AM,0.0
19037,2024-09-24,CNB,01:35 AM,01:43 AM,8.0,01:45 AM,01:53 AM,8.0
19037,2024-09-25,CNB,01:35 AM,01:35 AM,0.0,01:45 AM,01:45 AM,0.0
19037,2024-09-26,CNB,01:35 AM,01:35 AM,0.0,01:45 AM,01:45 AM,0.0
19037,2024-09-27,CNB,01:35 AM,01:35 AM,0.0,01:45 AM,01:45 AM,0.0
19037,2024-09-28,CNB,01:35 AM,01:35 AM,0.0,01:45 AM,01:45 AM,0.0
19037,2024-09-29,CNB,01:35 AM,01:35 AM,0.0,01:45 AM,01:45 AM,0.0
19037,2024-09-30,CNB,01:35 AM,01:35 AM,0.0,01:45 AM,01:45 AM,0.0
12417,2024-09-01,PRYJ,10:10 PM,10:11 PM,0.0,10:10 PM,10:11 PM,0.0
12417,2024-09-01,CNB,12:25 AM,12:33 AM,8.0,12:30 AM,12:38 AM,8.0
12417,2024-09-02,PRYJ,10:10 PM,10:10 PM,0.0,10:10 PM,10:10 PM,0.0
12417,2024-09-02,CNB,12:25 AM,12:37 AM,12.0,12:30 AM,12:42 AM,12.0
12417,2024-09-03,PRYJ,10:10 PM,10:10 PM,0.0,10:10 PM,10:10 PM,0.0
12417,2024-09-03,CNB,12:25 AM,12:28 AM,3.0,12:30 AM,12:33 AM,3.0
12417,2024-09-04,PRYJ,10:10 PM,10:11 PM,0.0,10:10 PM,10:11 PM,0.0
12417,2024-09-04,CNB,12:25 AM,12:25 AM,0.0,12:30 AM,12:30 AM,0.0
12417,2024-09-05,PRYJ,10:10 PM,10:10 PM,0.0,10:10 PM,10:10 PM,0.0
12417,2024-09-05,CNB,12:25 AM,12:34 AM,9.0,12:30 AM,12:39 AM,9.0
12417,2024-09-06,PRYJ,10:10 PM,10:10 PM,0.0,10:10 PM,10:10 PM,0.0
12417,2024-09-06,CNB,12:25 AM,12:30 AM,5.0,12:30 AM,12:35 AM,5.0
12417,2024-09-09,PRYJ,10:10 PM,10:10 PM,0.0,10:10 PM,10:10 PM,0.0
12417,2024-09-09,CNB,12:25 AM,12:26 AM,0.0,12:30 AM,12:31 AM,0.0
12417,2024-09-12,PRYJ,10:10 PM,10:10 PM,0.0,10:10 PM,10:10 PM,0.0
12417,2024-09-12,CNB,12:25 AM,12:40 AM,15.0,12:30 AM,12:45 AM,15.0
12417,2024-09-13,PRYJ,10:10 PM,10:10 PM,0.0,10:10 PM,10:10 PM,0.0
12417,2024-09-13,CNB,12:25 AM,12:37 AM,12.0,12:30 AM,12:42 AM,12.0
12417,2024-09-14,PRYJ,10:10 PM,10:10 PM,0.0,10:10 PM,10:10 PM,0.0
12417,2024-09-14,CNB,12:25 AM,12:37 AM,12.0,12:30 AM,12:42 AM,12.0
12417,2024-09-16,PRYJ,10:10 PM,10:11 PM,0.0,10:10 PM,10:11 PM,0.0
12417,2024-09-16,CNB,12:25 AM,12:29 AM,4.0,12:30 AM,12:34 AM,4.0
12417,2024-09-18,PRYJ,10:10 PM,10:10 PM,0.0,10:10 PM,10:10 PM,0.0
12417,2024-09-18,CNB,12:25 AM,01:04 AM,39.0,12:30 AM,01:09 AM,39.0
12417,2024-09-19,PRYJ,10:10 PM,10:11 PM,0.0,10:10 PM,10:11 PM,0.0
12417,2024-09-19,CNB,12:25 AM,12:47 AM,22.0,12:30 AM,12:52 AM,22.0
12417,2024-09-20,PRYJ,10:10 PM,10:11 PM,0.0,10:10 PM,10:11 PM,0.0
12417,2024-09-20,CNB,12:25 AM,12:26 AM,0.0,12:30 AM,12:31 AM,0.0
12417,2024-09-22,PRYJ,10:10 PM,10:10 PM,0.0,10:10 PM,10:10 PM,0.0
12417,2024-09-22,CNB,12:25 AM,12:34 AM,9.0,12:30 AM,12:39 AM,9.0
12417,2024-09-23,PRYJ,10:10 PM,10:10 PM,0.0,10:10 PM,10:10 PM,0.0
12417,2024-09-23,CNB,12:25 AM,12:39 AM,14.0,12:30 AM,12:44 AM,14.0
12417,2024-09-25,PRYJ,10:10 PM,10:12 PM,2.0,10:10 PM,10:12 PM,2.0
12417,2024-09-25,CNB,12:25 AM,12:32 AM,7.0,12:30 AM,12:37 AM,7.0
12417,2024-09-26,PRYJ,10:10 PM,10:12 PM,2.0,10:10 PM,10:12 PM,2.0
12417,2024-09-26,CNB,12:25 AM,12:31 AM,6.0,12:30 AM,12:36 AM,6.0
12417,2024-09-27,PRYJ,10:10 PM,10:10 PM,0.0,10:10 PM,10:10 PM,0.0
12417,2024-09-27,CNB,12:25 AM,12:43 AM,18.0,12:30 AM,12:48 AM,18.0
12417,2024-09-28,PRYJ,10:10 PM,10:11 PM,0.0,10:10 PM,10:11 PM,0.0
12417,2024-09-28,CNB,12:25 AM,12:31 AM,6.0,12:30 AM,12:36 AM,6.0
12417,2024-09-29,PRYJ,10:10 PM,10:10 PM,0.0,10:10 PM,10:10 PM,0.0
12417,2024-09-29,CNB,12:25 AM,01:02 AM,37.0,12:30 AM,01:07 AM,37.0
12417,2024-09-30,PRYJ,10:10 PM,10:11 PM,0.0,10:10 PM,10:11 PM,0.0
12417,2024-09-30,CNB,12:25 AM,12:38 AM,13.0,12:30 AM,12:43 AM,13.0
15073,2024-09-03,PRYJ,02:20 AM,02:26 AM,6.0,02:50 AM,02:56 AM,6.0
15073,2024-09-05,PRYJ,02:20 AM,02:20 AM,0.0,02:50 AM,02:50 AM,0.0
15073,2024-09-07,PRYJ,02:20 AM,02:20 AM,0.0,02:50 AM,02:50 AM,0.0
15073,2024-09-10,PRYJ,02:20 AM,02:21 AM,0.0,02:50 AM,02:51 AM,0.0
15073,2024-09-12,PRYJ,02:20 AM,02:21 AM,0.0,02:50 AM,02:51 AM,0.0
15073,2024-09-14,PRYJ,02:20 AM,02:25 AM,5.0,02:50 AM,02:55 AM,5.0
15073,2024-09-17,PRYJ,02:20 AM,02:20 AM,0.0,02:50 AM,02:50 AM,0.0
15073,2024-09-19,PRYJ,02:20 AM,02:21 AM,0.0,02:50 AM,02:51 AM,0.0
15073,2024-09-21,PRYJ,02:20 AM,02:20 AM,0.0,02:50 AM,02:50 AM,0.0
15073,2024-09-24,PRYJ,02:20 AM,02:20 AM,0.0,02:50 AM,02:50 AM,0.0
15073,2024-09-26,PRYJ,02:20 AM,03:08 AM,48.0,02:50 AM,03:38 AM,48.0
15073,2024-09-28,PRYJ,02:20 AM,02:20 AM,0.0,02:50 AM,02:50 AM,0.0
12150,2024-09-01,BXR,12:32 AM,12:44 AM,12.0,12:34 AM,12:46 AM,12.0
12150,2024-09-01,DDU,02:38 AM,02:38 AM,0.0,02:48 AM,02:48 AM,0.0
12150,2024-09-02,BXR,12:32 AM,12:47 AM,15.0,12:34 AM,12:49 AM,15.0
12150,2024-09-02,DDU,02:38 AM,02:38 AM,0.0,02:48 AM,02:48 AM,0.0
12150,2024-09-03,BXR,12:32 AM,01:00 AM,28.0,12:34 AM,01:02 AM,28.0
12150,2024-09-03,DDU,02:38 AM,02:39 AM,0.0,02:48 AM,02:49 AM,0.0
12150,2024-09-04,BXR,12:32 AM,12:59 AM,27.0,12:34 AM,01:01 AM,27.0
12150,2024-09-04,DDU,02:38 AM,02:40 AM,2.0,02:48 AM,02:50 AM,2.0
12150,2024-09-05,BXR,12:32 AM,12:55 AM,23.0,12:34 AM,12:57 AM,23.0
12150,2024-09-05,DDU,02:38 AM,02:38 AM,0.0,02:48 AM,02:48 AM,0.0
12150,2024-09-06,BXR,12:32 AM,12:32 AM,0.0,12:34 AM,12:34 AM,0.0
12150,2024-09-06,DDU,02:38 AM,02:38 AM,0.0,02:48 AM,02:48 AM,0.0
12150,2024-09-07,BXR,12:32 AM,12:54 AM,22.0,12:34 AM,12:56 AM,22.0
12150,2024-09-07,DDU,02:38 AM,02:40 AM,2.0,02:48 AM,02:50 AM,2.0
12150,2024-09-08,BXR,12:32 AM,12:58 AM,26.0,12:34 AM,01:00 AM,26.0
12150,2024-09-08,DDU,02:38 AM,02:39 AM,0.0,02:48 AM,02:49 AM,0.0
12150,2024-09-09,BXR,12:32 AM,01:48 AM,76.0,12:34 AM,01:50 AM,76.0
12150,2024-09-09,DDU,02:38 AM,03:02 AM,24.0,02:48 AM,03:12 AM,24.0
12150,2024-09-10,BXR,12:32 AM,12:32 AM,0.0,12:34 AM,12:34 AM,0.0
12150,2024-09-10,DDU,02:38 AM,02:45 AM,7.0,02:48 AM,02:55 AM,7.0
12150,2024-09-11,BXR,12:32 AM,12:32 AM,0.0,12:34 AM,12:34 AM,0.0
12150,2024-09-11,DDU,02:38 AM,02:38 AM,0.0,02:48 AM,02:48 AM,0.0
12150,2024-09-12,BXR,12:32 AM,12:59 AM,27.0,12:34 AM,01:01 AM,27.0
12150,2024-09-12,DDU,02:38 AM,02:40 AM,2.0,02:48 AM,02:50 AM,2.0
12150,2024-09-13,BXR,12:32 AM,01:00 AM,28.0,12:34 AM,01:02 AM,28.0
12150,2024-09-13,DDU,02:38 AM,02:38 AM,0.0,02:48 AM,02:48 AM,0.0
12150,2024-09-14,BXR,12:32 AM,12:43 AM,11.0,12:34 AM,12:45 AM,11.0
12150,2024-09-14,DDU,02:38 AM,02:43 AM,5.0,02:48 AM,02:53 AM,5.0
12150,2024-09-15,BXR,12:32 AM,12:59 AM,27.0,12:34 AM,01:01 AM,27.0
12150,2024-09-15,DDU,02:38 AM,02:38 AM,0.0,02:48 AM,02:48 AM,0.0
12150,2024-09-16,BXR,12:32 AM,12:47 AM,15.0,12:34 AM,12:49 AM,15.0
12150,2024-09-16,DDU,02:38 AM,02:38 AM,0.0,02:48 AM,02:48 AM,0.0
12150,2024-09-17,BXR,12:32 AM,12:53 AM,21.0,12:34 AM,12:55 AM,21.0
12150,2024-09-17,DDU,02:38 AM,02:38 AM,0.0,02:48 AM,02:48 AM,0.0
12150,2024-09-18,BXR,12:32 AM,12:53 AM,21.0,12:34 AM,12:55 AM,21.0
12150,2024-09-18,DDU,02:38 AM,02:38 AM,0.0,02:48 AM,02:48 AM,0.0
12150,2024-09-19,BXR,12:32 AM,12:56 AM,24.0,12:34 AM,12:58 AM,24.0
12150,2024-09-19,DDU,02:38 AM,02:39 AM,0.0,02:48 AM,02:49 AM,0.0
12150,2024-09-20,BXR,12:32 AM,01:09 AM,37.0,12:34 AM,01:11 AM,37.0
12150,2024-09-20,DDU,02:38 AM,02:40 AM,2.0,02:48 AM,02:50 AM,2.0
12150,2024-09-21,BXR,12:32 AM,02:04 AM,92.0,12:34 AM,02:06 AM,92.0
12150,2024-09-21,DDU,02:38 AM,03:50 AM,72.0,02:48 AM,04:00 AM,72.0
12150,2024-09-22,BXR,12:32 AM,12:50 AM,18.0,12:34 AM,12:52 AM,18.0
12150,2024-09-22,DDU,02:38 AM,02:38 AM,0.0,02:48 AM,02:48 AM,0.0
12150,2024-09-23,BXR,12:32 AM,12:45 AM,13.0,12:34 AM,12:47 AM,13.0
12150,2024-09-23,DDU,02:38 AM,02:38 AM,0.0,02:48 AM,02:48 AM,0.0
12150,2024-09-24,BXR,12:32 AM,01:04 AM,32.0,12:34 AM,01:06 AM,32.0
12150,2024-09-24,DDU,02:38 AM,02:39 AM,0.0,02:48 AM,02:49 AM,0.0
12150,2024-09-25,BXR,12:32 AM,01:05 AM,33.0,12:34 AM,01:07 AM,33.0
12150,2024-09-25,DDU,02:38 AM,02:38 AM,0.0,02:48 AM,02:48 AM,0.0
12150,2024-09-26,BXR,12:32 AM,12:45 AM,13.0,12:34 AM,12:47 AM,13.0
12150,2024-09-26,DDU,02:38 AM,02:38 AM,0.0,02:48 AM,02:48 AM,0.0
12150,2024-09-27,BXR,12:32 AM,12:57 AM,25.0,12:34 AM,12:59 AM,25.0
12150,2024-09-27,DDU,02:38 AM,02:38 AM,0.0,02:48 AM,02:48 AM,0.0
12150,2024-09-28,BXR,12:32 AM,12:50 AM,18.0,12:34 AM,12:52 AM,18.0
12150,2024-09-28,DDU,02:38 AM,02:38 AM,0.0,02:48 AM,02:48 AM,0.0
12150,2024-09-29,BXR,12:32 AM,12:32 AM,0.0,12:34 AM,12:34 AM,0.0
12150,2024-09-29,DDU,02:38 AM,02:39 AM,0.0,02:48 AM,02:49 AM,0.0
12150,2024-09-30,BXR,12:32 AM,12:42 AM,10.0,12:34 AM,12:44 AM,10.0
12150,2024-09-30,DDU,02:38 AM,02:39 AM,0.0,02:48 AM,02:49 AM,0.0
20942,2024-09-01,PRYJ,12:45 AM,12:45 AM,0.0,12:55 AM,12:55 AM,0.0
20942,2024-09-01,CNB,03:35 AM,03:35 AM,0.0,03:40 AM,03:40 AM,0.0
20942,2024-09-03,PRYJ,12:45 AM,12:45 AM,0.0,12:55 AM,12:55 AM,0.0
20942,2024-09-03,CNB,03:35 AM,03:35 AM,0.0,03:40 AM,03:40 AM,0.0
20942,2024-09-08,PRYJ,12:45 AM,01:01 AM,16.0,12:55 AM,01:11 AM,16.0
20942,2024-09-08,CNB,03:35 AM,03:38 AM,3.0,03:40 AM,03:43 AM,3.0
20942,2024-09-10,PRYJ,12:45 AM,12:49 AM,4.0,12:55 AM,12:59 AM,4.0
20942,2024-09-10,CNB,03:35 AM,03:47 AM,12.0,03:40 AM,03:52 AM,12.0
20942,2024-09-15,PRYJ,12:45 AM,01:32 AM,47.0,12:55 AM,01:42 AM,47.0
20942,2024-09-15,CNB,03:35 AM,04:10 AM,35.0,03:40 AM,04:15 AM,35.0
20942,2024-09-17,PRYJ,12:45 AM,01:21 AM,36.0,12:55 AM,01:31 AM,36.0
20942,2024-09-17,CNB,03:35 AM,06:27 AM,172.0,03:40 AM,06:32 AM,172.0
20942,2024-09-22,PRYJ,12:45 AM,01:23 AM,38.0,12:55 AM,01:33 AM,38.0
20942,2024-09-22,CNB,03:35 AM,03:53 AM,18.0,03:40 AM,03:58 AM,18.0
20942,2024-09-24,PRYJ,12:45 AM,01:14 AM,29.0,12:55 AM,01:24 AM,29.0
20942,2024-09-24,CNB,03:35 AM,03:59 AM,24.0,03:40 AM,04:04 AM,24.0
22318,2024-09-04,DDU,06:40 AM,06:40 AM,0.0,06:50 AM,06:50 AM,0.0
22318,2024-09-11,DDU,06:40 AM,06:40 AM,0.0,06:50 AM,06:50 AM,0.0
22318,2024-09-18,DDU,06:40 AM,06:40 AM,0.0,06:50 AM,06:50 AM,0.0
22318,2024-09-25,DDU,06:40 AM,06:40 AM,0.0,06:50 AM,06:50 AM,0.0
1667,2024-09-16,DDU,05:10 AM,08:42 AM,212.0,05:20 AM,08:52 AM,212.0
1667,2024-09-21,DDU,05:10 AM,05:43 AM,33.0,05:20 AM,05:53 AM,33.0
1667,2024-09-26,DDU,05:10 AM,07:23 AM,133.0,05:20 AM,07:33 AM,133.0
12004,2024-09-01,CNB,11:23 AM,11:23 AM,0.0,11:28 AM,11:28 AM,0.0
12004,2024-09-02,CNB,11:23 AM,11:23 AM,0.0,11:28 AM,11:28 AM,0.0
12004,2024-09-03,CNB,11:23 AM,11:25 AM,2.0,11:28 AM,11:30 AM,2.0
12004,2024-09-04,CNB,11:23 AM,11:25 AM,2.0,11:28 AM,11:30 AM,2.0
12004,2024-09-05,CNB,11:23 AM,11:23 AM,0.0,11:28 AM,11:28 AM,0.0
12004,2024-09-06,CNB,11:23 AM,11:24 AM,0.0,11:28 AM,11:29 AM,0.0
12004,2024-09-07,CNB,11:23 AM,11:23 AM,0.0,11:28 AM,11:28 AM,0.0
12004,2024-09-08,CNB,11:23 AM,11:23 AM,0.0,11:28 AM,11:28 AM,0.0
12004,2024-09-09,CNB,11:23 AM,02:08 PM,165.0,11:28 AM,02:13 PM,165.0
12004,2024-09-10,CNB,11:23 AM,11:23 AM,0.0,11:28 AM,11:28 AM,0.0
12004,2024-09-11,CNB,11:23 AM,11:24 AM,0.0,11:28 AM,11:29 AM,0.0
12004,2024-09-12,CNB,11:23 AM,11:23 AM,0.0,11:28 AM,11:28 AM,0.0
12004,2024-09-13,CNB,11:23 AM,11:31 AM,8.0,11:28 AM,11:36 AM,8.0
12004,2024-09-14,CNB,11:23 AM,11:34 AM,11.0,11:28 AM,11:39 AM,11.0
12004,2024-09-15,CNB,11:23 AM,11:23 AM,0.0,11:28 AM,11:28 AM,0.0
12004,2024-09-16,CNB,11:23 AM,11:23 AM,0.0,11:28 AM,11:28 AM,0.0
12004,2024-09-17,CNB,11:23 AM,11:29 AM,6.0,11:28 AM,11:34 AM,6.0
12004,2024-09-18,CNB,11:23 AM,11:30 AM,7.0,11:28 AM,11:35 AM,7.0
12004,2024-09-19,CNB,11:23 AM,11:24 AM,0.0,11:28 AM,11:29 AM,0.0
12004,2024-09-20,CNB,11:23 AM,11:23 AM,0.0,11:28 AM,11:28 AM,0.0
12004,2024-09-21,CNB,11:23 AM,11:30 AM,7.0,11:28 AM,11:35 AM,7.0
12004,2024-09-22,CNB,11:23 AM,01:53 PM,150.0,11:28 AM,01:58 PM,150.0
12004,2024-09-23,CNB,11:23 AM,11:42 AM,19.0,11:28 AM,11:47 AM,19.0
12004,2024-09-24,CNB,11:23 AM,11:24 AM,0.0,11:28 AM,11:29 AM,0.0
12004,2024-09-25,CNB,11:23 AM,11:24 AM,0.0,11:28 AM,11:29 AM,0.0
12004,2024-09-26,CNB,11:23 AM,11:24 AM,0.0,11:28 AM,11:29 AM,0.0
12004,2024-09-27,CNB,11:23 AM,11:24 AM,0.0,11:28 AM,11:29 AM,0.0
12004,2024-09-28,CNB,11:23 AM,11:25 AM,2.0,11:28 AM,11:30 AM,2.0
12004,2024-09-29,CNB,11:23 AM,11:25 AM,2.0,11:28 AM,11:30 AM,2.0
12004,2024-09-30,CNB,11:23 AM,11:23 AM,0.0,11:28 AM,11:28 AM,0.0
19167,2024-09-02,CNB,11:25 PM,11:25 PM,0.0,11:30 PM,11:30 PM,0.0
19167,2024-09-03,CNB,11:25 PM,11:25 PM,0.0,11:30 PM,11:30 PM,0.0
19167,2024-09-05,CNB,11:25 PM,11:35 PM,10.0,11:30 PM,11:40 PM,10.0
19167,2024-09-07,CNB,11:25 PM,11:25 PM,0.0,11:30 PM,11:30 PM,0.0
19167,2024-09-10,CNB,11:25 PM,11:25 PM,0.0,11:30 PM,11:30 PM,0.0
19167,2024-09-12,CNB,11:25 PM,11:31 PM,6.0,11:30 PM,11:36 PM,6.0
19167,2024-09-16,CNB,11:25 PM,11:25 PM,0.0,11:30 PM,11:30 PM,0.0
19167,2024-09-17,CNB,11:25 PM,11:25 PM,0.0,11:30 PM,11:30 PM,0.0
19167,2024-09-19,CNB,11:25 PM,11:26 PM,0.0,11:30 PM,11:31 PM,0.0
19167,2024-09-21,CNB,11:25 PM,11:25 PM,0.0,11:30 PM,11:30 PM,0.0
19167,2024-09-23,CNB,11:25 PM,11:25 PM,0.0,11:30 PM,11:30 PM,0.0
19167,2024-09-24,CNB,11:25 PM,12:28 AM,63.0,11:30 PM,12:33 AM,63.0
19167,2024-09-28,CNB,11:25 PM,11:25 PM,0.0,11:30 PM,11:30 PM,0.0
19167,2024-09-30,CNB,11:25 PM,11:25 PM,0.0,11:30 PM,11:30 PM,0.0
12451,2024-09-02,CNB,11:55 PM,11:55 PM,0.0,11:55 PM,11:55 PM,0.0
12451,2024-09-04,CNB,11:55 PM,12:09 AM,14.0,11:55 PM,12:09 AM,14.0
12451,2024-09-06,CNB,11:55 PM,11:56 PM,0.0,11:55 PM,11:56 PM,0.0
12451,2024-09-09,CNB,11:55 PM,02:19 AM,144.0,11:55 PM,02:19 AM,144.0
12451,2024-09-11,CNB,11:55 PM,11:55 PM,0.0,11:55 PM,11:55 PM,0.0
12451,2024-09-12,CNB,11:55 PM,11:56 PM,0.0,11:55 PM,11:56 PM,0.0
12451,2024-09-15,CNB,11:55 PM,11:55 PM,0.0,11:55 PM,11:55 PM,0.0
12451,2024-09-16,CNB,11:55 PM,11:55 PM,0.0,11:55 PM,11:55 PM,0.0
12451,2024-09-17,CNB,11:55 PM,11:55 PM,0.0,11:55 PM,11:55 PM,0.0
12451,2024-09-18,CNB,11:55 PM,11:55 PM,0.0,11:55 PM,11:55 PM,0.0
12451,2024-09-19,CNB,11:55 PM,11:56 PM,0.0,11:55 PM,11:56 PM,0.0
12451,2024-09-20,CNB,11:55 PM,11:56 PM,0.0,11:55 PM,11:56 PM,0.0
12451,2024-09-21,CNB,11:55 PM,11:55 PM,0.0,11:55 PM,11:55 PM,0.0
12451,2024-09-22,CNB,11:55 PM,11:55 PM,0.0,11:55 PM,11:55 PM,0.0
12451,2024-09-23,CNB,11:55 PM,11:55 PM,0.0,11:55 PM,11:55 PM,0.0
12451,2024-09-25,CNB,11:55 PM,11:55 PM,0.0,11:55 PM,11:55 PM,0.0
12451,2024-09-26,CNB,11:55 PM,11:55 PM,0.0,11:55 PM,11:55 PM,0.0
12451,2024-09-27,CNB,11:55 PM,11:55 PM,0.0,11:55 PM,11:55 PM,0.0
12451,2024-09-28,CNB,11:55 PM,11:55 PM,0.0,11:55 PM,11:55 PM,0.0
12451,2024-09-30,CNB,11:55 PM,11:55 PM,0.0,11:55 PM,11:55 PM,0.0
5293,2024-09-03,BXR,03:08 PM,04:00 PM,52.0,03:10 PM,04:02 PM,52.0
5293,2024-09-03,DDU,06:20 PM,06:20 PM,0.0,06:30 PM,06:30 PM,0.0
5293,2024-09-10,BXR,03:08 PM,04:48 PM,100.0,03:10 PM,04:50 PM,100.0
5293,2024-09-10,DDU,06:20 PM,06:21 PM,0.0,06:30 PM,06:31 PM,0.0
12372,2024-09-05,DDU,06:20 AM,07:39 AM,79.0,06:30 AM,07:49 AM,79.0
12372,2024-09-12,DDU,06:20 AM,12:48 PM,388.0,06:30 AM,12:58 PM,388.0
12372,2024-09-19,DDU,06:20 AM,06:20 AM,0.0,06:30 AM,06:30 AM,0.0
12372,2024-09-26,DDU,06:20 AM,09:09 AM,169.0,06:30 AM,09:19 AM,169.0
9033,2024-09-02,DDU,07:38 PM,07:38 PM,0.0,07:48 PM,07:48 PM,0.0
9033,2024-09-02,BXR,08:56 PM,08:56 PM,0.0,08:58 PM,08:58 PM,0.0
9033,2024-09-09,DDU,07:38 PM,07:38 PM,0.0,07:48 PM,07:48 PM,0.0
9033,2024-09-09,BXR,08:56 PM,08:56 PM,0.0,08:58 PM,08:58 PM,0.0
9033,2024-09-11,DDU,07:38 PM,09:46 PM,128.0,07:48 PM,09:56 PM,128.0
9033,2024-09-11,BXR,08:56 PM,08:56 PM,0.0,08:58 PM,08:58 PM,0.0
9033,2024-09-30,DDU,07:38 PM,07:38 PM,0.0,07:48 PM,07:48 PM,0.0
9033,2024-09-30,BXR,08:56 PM,08:56 PM,0.0,08:58 PM,08:58 PM,0.0
19436,2024-09-14,BXR,02:18 AM,03:13 AM,55.0,02:20 AM,03:15 AM,55.0
19436,2024-09-14,DDU,04:50 AM,04:50 AM,0.0,05:00 AM,05:00 AM,0.0
19436,2024-09-21,BXR,02:18 AM,02:18 AM,0.0,02:20 AM,02:20 AM,0.0
19436,2024-09-21,DDU,04:50 AM,04:50 AM,0.0,05:00 AM,05:00 AM,0.0
19436,2024-09-28,BXR,02:18 AM,02:18 AM,0.0,02:20 AM,02:20 AM,0.0
19436,2024-09-28,DDU,04:50 AM,04:50 AM,0.0,05:00 AM,05:00 AM,0.0
12817,2024-09-01,DDU,02:00 AM,02:00 AM,0.0,02:10 AM,02:10 AM,0.0
12817,2024-09-01,PRYJ,04:20 AM,04:26 AM,6.0,04:25 AM,04:31 AM,6.0
12817,2024-09-01,CNB,06:35 AM,06:55 AM,20.0,06:40 AM,07:00 AM,20.0
12817,2024-09-04,DDU,02:00 AM,02:00 AM,0.0,02:10 AM,02:10 AM,0.0
12817,2024-09-04,PRYJ,04:20 AM,04:20 AM,0.0,04:25 AM,04:25 AM,0.0
12817,2024-09-04,CNB,06:35 AM,06:35 AM,0.0,06:40 AM,06:40 AM,0.0
12817,2024-09-06,DDU,02:00 AM,02:11 AM,11.0,02:10 AM,02:21 AM,11.0
12817,2024-09-06,PRYJ,04:20 AM,04:50 AM,30.0,04:25 AM,04:55 AM,30.0
12817,2024-09-06,CNB,06:35 AM,07:12 AM,37.0,06:40 AM,07:17 AM,37.0
12817,2024-09-08,DDU,02:00 AM,02:00 AM,0.0,02:10 AM,02:10 AM,0.0
12817,2024-09-08,PRYJ,04:20 AM,04:20 AM,0.0,04:25 AM,04:25 AM,0.0
12817,2024-09-08,CNB,06:35 AM,06:35 AM,0.0,06:40 AM,06:40 AM,0.0
12817,2024-09-11,DDU,02:00 AM,02:02 AM,2.0,02:10 AM,02:12 AM,2.0
12817,2024-09-11,PRYJ,04:20 AM,04:21 AM,0.0,04:25 AM,04:26 AM,0.0
12817,2024-09-11,CNB,06:35 AM,07:01 AM,26.0,06:40 AM,07:06 AM,26.0
12817,2024-09-13,DDU,02:00 AM,02:00 AM,0.0,02:10 AM,02:10 AM,0.0
12817,2024-09-13,PRYJ,04:20 AM,04:20 AM,0.0,04:25 AM,04:25 AM,0.0
12817,2024-09-13,CNB,06:35 AM,06:35 AM,0.0,06:40 AM,06:40 AM,0.0
12817,2024-09-15,DDU,02:00 AM,02:03 AM,3.0,02:10 AM,02:13 AM,3.0
12817,2024-09-15,PRYJ,04:20 AM,04:20 AM,0.0,04:25 AM,04:25 AM,0.0
12817,2024-09-15,CNB,06:35 AM,06:35 AM,0.0,06:40 AM,06:40 AM,0.0
12817,2024-09-18,DDU,02:00 AM,02:05 AM,5.0,02:10 AM,02:15 AM,5.0
12817,2024-09-18,PRYJ,04:20 AM,04:37 AM,17.0,04:25 AM,04:42 AM,17.0
12817,2024-09-18,CNB,06:35 AM,07:00 AM,25.0,06:40 AM,07:05 AM,25.0
12817,2024-09-20,DDU,02:00 AM,02:02 AM,2.0,02:10 AM,02:12 AM,2.0
12817,2024-09-20,PRYJ,04:20 AM,04:35 AM,15.0,04:25 AM,04:40 AM,15.0
12817,2024-09-20,CNB,06:35 AM,08:30 AM,115.0,06:40 AM,08:35 AM,115.0
12817,2024-09-22,DDU,02:00 AM,02:00 AM,0.0,02:10 AM,02:10 AM,0.0
12817,2024-09-22,PRYJ,04:20 AM,04:20 AM,0.0,04:25 AM,04:25 AM,0.0
12817,2024-09-22,CNB,06:35 AM,06:35 AM,0.0,06:40 AM,06:40 AM,0.0
12817,2024-09-25,DDU,02:00 AM,02:00 AM,0.0,02:10 AM,02:10 AM,0.0
12817,2024-09-25,PRYJ,04:20 AM,04:20 AM,0.0,04:25 AM,04:25 AM,0.0
12817,2024-09-25,CNB,06:35 AM,06:35 AM,0.0,06:40 AM,06:40 AM,0.0
12817,2024-09-27,DDU,02:00 AM,02:00 AM,0.0,02:10 AM,02:10 AM,0.0
12817,2024-09-27,PRYJ,04:20 AM,04:20 AM,0.0,04:25 AM,04:25 AM,0.0
12817,2024-09-27,CNB,06:35 AM,06:35 AM,0.0,06:40 AM,06:40 AM,0.0
12817,2024-09-29,DDU,02:00 AM,02:00 AM,0.0,02:10 AM,02:10 AM,0.0
12817,2024-09-29,PRYJ,04:20 AM,04:20 AM,0.0,04:25 AM,04:25 AM,0.0
12817,2024-09-29,CNB,06:35 AM,06:35 AM,0.0,06:40 AM,06:40 AM,0.0
9190,2024-09-03,CNB,06:30 PM,11:59 PM,329.0,06:40 PM,12:09 AM,329.0
9190,2024-09-24,CNB,06:30 PM,10:30 PM,240.0,06:40 PM,10:40 PM,240.0
12546,2024-09-07,DDU,07:38 PM,07:38 PM,0.0,07:48 PM,07:48 PM,0.0
12546,2024-09-14,DDU,07:38 PM,07:38 PM,0.0,07:48 PM,07:48 PM,0.0
12546,2024-09-21,DDU,07:38 PM,07:38 PM,0.0,07:48 PM,07:48 PM,0.0
12546,2024-09-28,DDU,07:38 PM,07:38 PM,0.0,07:48 PM,07:48 PM,0.0
19166,2024-09-02,CNB,01:00 AM,01:40 AM,40.0,01:05 AM,01:45 AM,40.0
19166,2024-09-04,CNB,01:00 AM,01:57 AM,57.0,01:05 AM,02:02 AM,57.0
19166,2024-09-07,CNB,01:00 AM,01:07 AM,7.0,01:05 AM,01:12 AM,7.0
19166,2024-09-09,CNB,01:00 AM,01:34 AM,34.0,01:05 AM,01:39 AM,34.0
19166,2024-09-11,CNB,01:00 AM,01:00 AM,0.0,01:05 AM,01:05 AM,0.0
19166,2024-09-14,CNB,01:00 AM,01:02 AM,2.0,01:05 AM,01:07 AM,2.0
19166,2024-09-16,CNB,01:00 AM,01:00 AM,0.0,01:05 AM,01:05 AM,0.0
19166,2024-09-18,CNB,01:00 AM,04:31 AM,211.0,01:05 AM,04:36 AM,211.0
19166,2024-09-21,CNB,01:00 AM,01:01 AM,0.0,01:05 AM,01:06 AM,0.0
19166,2024-09-23,CNB,01:00 AM,01:00 AM,0.0,01:05 AM,01:05 AM,0.0
19166,2024-09-25,CNB,01:00 AM,01:00 AM,0.0,01:05 AM,01:05 AM,0.0
19166,2024-09-28,CNB,01:00 AM,01:11 AM,11.0,01:05 AM,01:16 AM,11.0
19166,2024-09-30,CNB,01:00 AM,03:52 AM,172.0,01:05 AM,03:57 AM,172.0
3575,2024-09-06,DDU,06:10 PM,06:51 PM,41.0,06:20 PM,07:01 PM,41.0
3575,2024-09-06,PRYJ,09:20 PM,09:20 PM,0.0,09:25 PM,09:25 PM,0.0
3575,2024-09-06,CNB,12:20 AM,12:20 AM,0.0,12:25 AM,12:25 AM,0.0
3575,2024-09-13,DDU,06:10 PM,07:13 PM,63.0,06:20 PM,07:23 PM,63.0
3575,2024-09-13,PRYJ,09:20 PM,10:48 PM,88.0,09:25 PM,10:53 PM,88.0
3575,2024-09-13,CNB,12:20 AM,12:20 AM,0.0,12:25 AM,12:25 AM,0.0
3575,2024-09-20,DDU,06:10 PM,06:35 PM,25.0,06:20 PM,06:45 PM,25.0
3575,2024-09-20,PRYJ,09:20 PM,10:37 PM,77.0,09:25 PM,10:42 PM,77.0
3575,2024-09-20,CNB,12:20 AM,12:20 AM,0.0,12:25 AM,12:25 AM,0.0
3575,2024-09-27,DDU,06:10 PM,07:48 PM,98.0,06:20 PM,07:58 PM,98.0
3575,2024-09-27,PRYJ,09:20 PM,10:48 PM,88.0,09:25 PM,10:53 PM,88.0
3575,2024-09-27,CNB,12:20 AM,12:20 AM,0.0,12:25 AM,12:25 AM,0.0
19054,2024-09-01,CNB,12:50 PM,01:41 PM,51.0,12:55 PM,01:46 PM,51.0
19054,2024-09-08,CNB,12:50 PM,12:50 PM,0.0,12:55 PM,12:55 PM,0.0
19054,2024-09-15,CNB,12:50 PM,01:27 PM,37.0,12:55 PM,01:32 PM,37.0
19054,2024-09-22,CNB,12:50 PM,01:01 PM,11.0,12:55 PM,01:06 PM,11.0
19054,2024-09-29,CNB,12:50 PM,12:50 PM,0.0,12:55 PM,12:55 PM,0.0
82355,2024-09-01,DDU,04:00 PM,04:00 PM,0.0,04:10 PM,04:10 PM,0.0
82355,2024-09-04,DDU,04:00 PM,04:01 PM,0.0,04:10 PM,04:11 PM,0.0
82355,2024-09-08,DDU,04:00 PM,04:02 PM,2.0,04:10 PM,04:12 PM,2.0
82355,2024-09-11,DDU,04:00 PM,04:45 PM,45.0,04:10 PM,04:55 PM,45.0
82355,2024-09-15,DDU,04:00 PM,04:01 PM,0.0,04:10 PM,04:11 PM,0.0
82355,2024-09-18,DDU,04:00 PM,04:00 PM,0.0,04:10 PM,04:10 PM,0.0
82355,2024-09-22,DDU,04:00 PM,04:01 PM,0.0,04:10 PM,04:11 PM,0.0
82355,2024-09-25,DDU,04:00 PM,04:00 PM,0.0,04:10 PM,04:10 PM,0.0
82355,2024-09-29,DDU,04:00 PM,04:00 PM,0.0,04:10 PM,04:10 PM,0.0
11107,2024-09-01,PRYJ,06:55 AM,09:06 AM,131.0,07:15 AM,09:26 AM,131.0
11107,2024-09-02,PRYJ,06:55 AM,06:55 AM,0.0,07:15 AM,07:15 AM,0.0
11107,2024-09-03,PRYJ,06:55 AM,07:00 AM,5.0,07:15 AM,07:20 AM,5.0
11107,2024-09-04,PRYJ,06:55 AM,07:59 AM,64.0,07:15 AM,08:19 AM,64.0
11107,2024-09-05,PRYJ,06:55 AM,09:11 AM,136.0,07:15 AM,09:31 AM,136.0
11107,2024-09-06,PRYJ,06:55 AM,08:59 AM,124.0,07:15 AM,09:19 AM,124.0
11107,2024-09-07,PRYJ,06:55 AM,07:51 AM,56.0,07:15 AM,08:11 AM,56.0
11107,2024-09-08,PRYJ,06:55 AM,07:13 AM,18.0,07:15 AM,07:33 AM,18.0
11107,2024-09-09,PRYJ,06:55 AM,06:56 AM,0.0,07:15 AM,07:16 AM,0.0
11107,2024-09-10,PRYJ,06:55 AM,07:15 AM,20.0,07:15 AM,07:35 AM,20.0
11107,2024-09-11,PRYJ,06:55 AM,07:50 AM,55.0,07:15 AM,08:10 AM,55.0
11107,2024-09-12,PRYJ,06:55 AM,07:12 AM,17.0,07:15 AM,07:32 AM,17.0
11107,2024-09-13,PRYJ,06:55 AM,07:00 AM,5.0,07:15 AM,07:20 AM,5.0
11107,2024-09-14,PRYJ,06:55 AM,07:43 AM,48.0,07:15 AM,08:03 AM,48.0
11107,2024-09-15,PRYJ,06:55 AM,07:00 AM,5.0,07:15 AM,07:20 AM,5.0
11107,2024-09-16,PRYJ,06:55 AM,06:55 AM,0.0,07:15 AM,07:15 AM,0.0
11107,2024-09-17,PRYJ,06:55 AM,06:55 AM,0.0,07:15 AM,07:15 AM,0.0
11107,2024-09-18,PRYJ,06:55 AM,06:55 AM,0.0,07:15 AM,07:15 AM,0.0
11107,2024-09-19,PRYJ,06:55 AM,06:55 AM,0.0,07:15 AM,07:15 AM,0.0
11107,2024-09-20,PRYJ,06:55 AM,07:14 AM,19.0,07:15 AM,07:34 AM,19.0
11107,2024-09-21,PRYJ,06:55 AM,08:36 AM,101.0,07:15 AM,08:56 AM,101.0
11107,2024-09-22,PRYJ,06:55 AM,06:55 AM,0.0,07:15 AM,07:15 AM,0.0
11107,2024-09-23,PRYJ,06:55 AM,06:55 AM,0.0,07:15 AM,07:15 AM,0.0
11107,2024-09-24,PRYJ,06:55 AM,06:55 AM,0.0,07:15 AM,07:15 AM,0.0
11107,2024-09-26,PRYJ,06:55 AM,06:55 AM,0.0,07:15 AM,07:15 AM,0.0
11107,2024-09-27,PRYJ,06:55 AM,06:55 AM,0.0,07:15 AM,07:15 AM,0.0
11107,2024-09-28,PRYJ,06:55 AM,08:30 AM,95.0,07:15 AM,08:50 AM,95.0
11107,2024-09-29,PRYJ,06:55 AM,06:56 AM,0.0,07:15 AM,07:16 AM,0.0
11107,2024-09-30,PRYJ,06:55 AM,06:55 AM,0.0,07:15 AM,07:15 AM,0.0
1668,2024-09-19,DDU,06:35 PM,07:15 PM,40.0,06:45 PM,07:25 PM,40.0
1668,2024-09-24,DDU,06:35 PM,08:20 PM,105.0,06:45 PM,08:30 PM,105.0
1668,2024-09-29,DDU,06:35 PM,06:43 PM,8.0,06:45 PM,06:53 PM,8.0
20922,2024-09-01,CNB,07:15 PM,07:41 PM,26.0,07:20 PM,07:46 PM,26.0
20922,2024-09-08,CNB,07:15 PM,07:42 PM,27.0,07:20 PM,07:47 PM,27.0
20922,2024-09-29,CNB,07:15 PM,07:27 PM,12.0,07:20 PM,07:32 PM,12.0
3007,2024-09-01,BXR,05:10 AM,05:10 AM,0.0,05:12 AM,05:12 AM,0.0
3007,2024-09-01,DDU,07:05 AM,07:05 AM,0.0,07:15 AM,07:15 AM,0.0
3007,2024-09-01,PRYJ,10:30 AM,10:30 AM,0.0,10:35 AM,10:35 AM,0.0
3007,2024-09-08,BXR,05:10 AM,05:10 AM,0.0,05:12 AM,05:12 AM,0.0
3007,2024-09-08,DDU,07:05 AM,07:05 AM,0.0,07:15 AM,07:15 AM,0.0
3007,2024-09-08,PRYJ,10:30 AM,10:30 AM,0.0,10:35 AM,10:35 AM,0.0
3007,2024-09-15,BXR,05:10 AM,07:00 AM,110.0,05:12 AM,07:02 AM,110.0
3007,2024-09-15,DDU,07:05 AM,09:40 AM,155.0,07:15 AM,09:50 AM,155.0
3007,2024-09-15,PRYJ,10:30 AM,10:30 AM,0.0,10:35 AM,10:35 AM,0.0
3007,2024-09-22,BXR,05:10 AM,05:10 AM,0.0,05:12 AM,05:12 AM,0.0
3007,2024-09-22,DDU,07:05 AM,07:05 AM,0.0,07:15 AM,07:15 AM,0.0
3007,2024-09-22,PRYJ,10:30 AM,10:30 AM,0.0,10:35 AM,10:35 AM,0.0
3007,2024-09-29,BXR,05:10 AM,05:10 AM,0.0,05:12 AM,05:12 AM,0.0
3007,2024-09-29,DDU,07:05 AM,07:05 AM,0.0,07:15 AM,07:15 AM,0.0
3007,2024-09-29,PRYJ,10:30 AM,10:30 AM,0.0,10:35 AM,10:35 AM,0.0
12210,2024-09-02,CNB,04:35 AM,04:35 AM,0.0,04:35 AM,04:35 AM,0.0
12210,2024-09-09,CNB,04:35 AM,04:35 AM,0.0,04:35 AM,04:35 AM,0.0
12210,2024-09-16,CNB,04:35 AM,04:35 AM,0.0,04:35 AM,04:35 AM,0.0
12210,2024-09-23,CNB,04:35 AM,04:35 AM,0.0,04:35 AM,04:35 AM,0.0
12591,2024-09-07,CNB,01:12 PM,05:44 PM,272.0,01:17 PM,05:49 PM,272.0
12591,2024-09-14,CNB,01:12 PM,01:23 PM,11.0,01:17 PM,01:28 PM,11.0
12591,2024-09-21,CNB,01:12 PM,01:45 PM,33.0,01:17 PM,01:50 PM,33.0
12591,2024-09-28,CNB,01:12 PM,02:24 PM,72.0,01:17 PM,02:29 PM,72.0
22531,2024-09-06,CNB,03:00 PM,04:12 PM,72.0,03:05 PM,04:17 PM,72.0
22531,2024-09-09,CNB,03:00 PM,04:26 PM,86.0,03:05 PM,04:31 PM,86.0
22531,2024-09-11,CNB,03:00 PM,04:10 PM,70.0,03:05 PM,04:15 PM,70.0
22531,2024-09-13,CNB,03:00 PM,03:17 PM,17.0,03:05 PM,03:22 PM,17.0
22531,2024-09-16,CNB,03:00 PM,04:14 PM,74.0,03:05 PM,04:19 PM,74.0
22531,2024-09-18,CNB,03:00 PM,03:41 PM,41.0,03:05 PM,03:46 PM,41.0
22531,2024-09-20,CNB,03:00 PM,04:01 PM,61.0,03:05 PM,04:06 PM,61.0
22531,2024-09-23,CNB,03:00 PM,04:21 PM,81.0,03:05 PM,04:26 PM,81.0
22531,2024-09-25,CNB,03:00 PM,03:59 PM,59.0,03:05 PM,04:04 PM,59.0
22531,2024-09-27,CNB,03:00 PM,03:26 PM,26.0,03:05 PM,03:31 PM,26.0
22531,2024-09-30,CNB,03:00 PM,04:08 PM,68.0,03:05 PM,04:13 PM,68.0
1445,2024-09-10,DDU,06:05 AM,06:05 AM,0.0,06:07 AM,06:07 AM,0.0
1445,2024-09-10,BXR,08:00 AM,08:00 AM,0.0,08:02 AM,08:02 AM,0.0
9093,2024-09-06,CNB,05:48 AM,05:48 AM,0.0,05:58 AM,05:58 AM,0.0
12225,2024-09-01,CNB,12:40 AM,12:40 AM,0.0,12:45 AM,12:45 AM,0.0
12225,2024-09-02,CNB,12:40 AM,01:47 AM,67.0,12:45 AM,01:52 AM,67.0
12225,2024-09-03,CNB,12:40 AM,12:41 AM,0.0,12:45 AM,12:46 AM,0.0
12225,2024-09-04,CNB,12:40 AM,03:08 AM,148.0,12:45 AM,03:13 AM,148.0
12225,2024-09-05,CNB,12:40 AM,03:04 AM,144.0,12:45 AM,03:09 AM,144.0
12225,2024-09-06,CNB,12:40 AM,12:40 AM,0.0,12:45 AM,12:45 AM,0.0
12225,2024-09-07,CNB,12:40 AM,01:55 AM,75.0,12:45 AM,02:00 AM,75.0
12225,2024-09-08,CNB,12:40 AM,01:00 AM,20.0,12:45 AM,01:05 AM,20.0
12225,2024-09-09,CNB,12:40 AM,01:14 AM,34.0,12:45 AM,01:19 AM,34.0
12225,2024-09-10,CNB,12:40 AM,01:31 AM,51.0,12:45 AM,01:36 AM,51.0
12225,2024-09-11,CNB,12:40 AM,02:02 AM,82.0,12:45 AM,02:07 AM,82.0
12225,2024-09-12,CNB,12:40 AM,02:19 AM,99.0,12:45 AM,02:24 AM,99.0
12225,2024-09-13,CNB,12:40 AM,01:41 AM,61.0,12:45 AM,01:46 AM,61.0
12225,2024-09-14,CNB,12:40 AM,12:40 AM,0.0,12:45 AM,12:45 AM,0.0
12225,2024-09-15,CNB,12:40 AM,01:57 AM,77.0,12:45 AM,02:02 AM,77.0
12225,2024-09-16,CNB,12:40 AM,01:47 AM,67.0,12:45 AM,01:52 AM,67.0
12225,2024-09-17,CNB,12:40 AM,02:08 AM,88.0,12:45 AM,02:13 AM,88.0
12225,2024-09-18,CNB,12:40 AM,01:49 AM,69.0,12:45 AM,01:54 AM,69.0
12225,2024-09-19,CNB,12:40 AM,02:01 AM,81.0,12:45 AM,02:06 AM,81.0
12225,2024-09-20,CNB,12:40 AM,03:01 AM,141.0,12:45 AM,03:06 AM,141.0
12225,2024-09-21,CNB,12:40 AM,02:28 AM,108.0,12:45 AM,02:33 AM,108.0
12225,2024-09-22,CNB,12:40 AM,02:28 AM,108.0,12:45 AM,02:33 AM,108.0
12225,2024-09-23,CNB,12:40 AM,09:59 AM,559.0,12:45 AM,10:04 AM,559.0
12225,2024-09-24,CNB,12:40 AM,10:40 AM,600.0,12:45 AM,10:45 AM,600.0
12225,2024-09-25,CNB,12:40 AM,04:09 PM,929.0,12:45 AM,04:14 PM,929.0
12225,2024-09-26,CNB,12:40 AM,01:26 PM,766.0,12:45 AM,01:31 PM,766.0
12225,2024-09-27,CNB,12:40 AM,11:16 PM,1356.0,12:45 AM,11:21 PM,1356.0
12225,2024-09-28,CNB,12:40 AM,11:25 PM,1365.0,12:45 AM,11:30 PM,1365.0
12225,2024-09-29,CNB,12:40 AM,05:28 AM,1728.0,12:45 AM,05:33 AM,1728.0
12225,2024-09-30,CNB,12:40 AM,12:40 AM,0.0,12:45 AM,12:45 AM,0.0
9025,2024-09-02,DDU,07:50 AM,07:50 AM,0.0,08:00 AM,08:00 AM,0.0
9025,2024-09-02,BXR,08:55 AM,08:55 AM,0.0,08:57 AM,08:57 AM,0.0
9025,2024-09-09,DDU,07:50 AM,07:50 AM,0.0,08:00 AM,08:00 AM,0.0
9025,2024-09-09,BXR,08:55 AM,08:55 AM,0.0,08:57 AM,08:57 AM,0.0
9025,2024-09-30,DDU,07:50 AM,02:22 PM,392.0,08:00 AM,02:32 PM,392.0
9025,2024-09-30,BXR,08:55 AM,04:23 PM,448.0,08:57 AM,04:25 PM,448.0
12389,2024-09-01,DDU,08:20 AM,08:22 AM,2.0,08:30 AM,08:32 AM,2.0
12389,2024-09-08,DDU,08:20 AM,08:21 AM,0.0,08:30 AM,08:31 AM,0.0
12389,2024-09-15,DDU,08:20 AM,08:27 AM,7.0,08:30 AM,08:37 AM,7.0
12389,2024-09-22,DDU,08:20 AM,08:20 AM,0.0,08:30 AM,08:30 AM,0.0
12389,2024-09-29,DDU,08:20 AM,08:29 AM,9.0,08:30 AM,08:39 AM,9.0
12174,2024-09-03,CNB,07:50 AM,07:51 AM,0.0,07:55 AM,07:56 AM,0.0
12174,2024-09-05,CNB,07:50 AM,08:07 AM,17.0,07:55 AM,08:12 AM,17.0
12174,2024-09-10,CNB,07:50 AM,07:57 AM,7.0,07:55 AM,08:02 AM,7.0
12174,2024-09-12,CNB,07:50 AM,07:55 AM,5.0,07:55 AM,08:00 AM,5.0
12174,2024-09-17,CNB,07:50 AM,07:51 AM,0.0,07:55 AM,07:56 AM,0.0
12174,2024-09-19,CNB,07:50 AM,07:50 AM,0.0,07:55 AM,07:55 AM,0.0
12174,2024-09-24,CNB,07:50 AM,07:54 AM,4.0,07:55 AM,07:59 AM,4.0
12174,2024-09-26,CNB,07:50 AM,07:55 AM,5.0,07:55 AM,08:00 AM,5.0
9183,2024-09-04,CNB,02:20 AM,04:01 AM,101.0,02:25 AM,04:06 AM,101.0
9183,2024-09-11,CNB,02:20 AM,03:30 AM,70.0,02:25 AM,03:35 AM,70.0
9183,2024-09-18,CNB,02:20 AM,04:09 AM,109.0,02:25 AM,04:14 AM,109.0
9183,2024-09-25,CNB,02:20 AM,03:49 AM,89.0,02:25 AM,03:54 AM,89.0
9448,2024-09-06,DDU,02:50 AM,03:24 AM,34.0,03:00 AM,03:34 AM,34.0
9448,2024-09-06,CNB,07:50 AM,08:18 AM,28.0,07:55 AM,08:23 AM,28.0
11123,2024-09-01,CNB,06:50 PM,06:55 PM,5.0,07:00 PM,07:05 PM,5.0
11123,2024-09-02,CNB,06:50 PM,06:55 PM,5.0,07:00 PM,07:05 PM,5.0
11123,2024-09-03,CNB,06:50 PM,06:52 PM,2.0,07:00 PM,07:02 PM,2.0
11123,2024-09-04,CNB,06:50 PM,06:55 PM,5.0,07:00 PM,07:05 PM,5.0
11123,2024-09-05,CNB,06:50 PM,06:55 PM,5.0,07:00 PM,07:05 PM,5.0
11123,2024-09-06,CNB,06:50 PM,07:29 PM,39.0,07:00 PM,07:39 PM,39.0
11123,2024-09-07,CNB,06:50 PM,06:55 PM,5.0,07:00 PM,07:05 PM,5.0
11123,2024-09-08,CNB,06:50 PM,06:55 PM,5.0,07:00 PM,07:05 PM,5.0
11123,2024-09-09,CNB,06:50 PM,06:58 PM,8.0,07:00 PM,07:08 PM,8.0
11123,2024-09-10,CNB,06:50 PM,06:51 PM,0.0,07:00 PM,07:01 PM,0.0
11123,2024-09-11,CNB,06:50 PM,06:59 PM,9.0,07:00 PM,07:09 PM,9.0
11123,2024-09-12,CNB,06:50 PM,06:55 PM,5.0,07:00 PM,07:05 PM,5.0
11123,2024-09-13,CNB,06:50 PM,07:03 PM,13.0,07:00 PM,07:13 PM,13.0
11123,2024-09-14,CNB,06:50 PM,07:18 PM,28.0,07:00 PM,07:28 PM,28.0
11123,2024-09-15,CNB,06:50 PM,06:52 PM,2.0,07:00 PM,07:02 PM,2.0
11123,2024-09-16,CNB,06:50 PM,08:23 PM,93.0,07:00 PM,08:33 PM,93.0
11123,2024-09-17,CNB,06:50 PM,06:52 PM,2.0,07:00 PM,07:02 PM,2.0
11123,2024-09-18,CNB,06:50 PM,07:04 PM,14.0,07:00 PM,07:14 PM,14.0
11123,2024-09-19,CNB,06:50 PM,06:56 PM,6.0,07:00 PM,07:06 PM,6.0
11123,2024-09-20,CNB,06:50 PM,06:52 PM,2.0,07:00 PM,07:02 PM,2.0
11123,2024-09-21,CNB,06:50 PM,07:00 PM,10.0,07:00 PM,07:10 PM,10.0
11123,2024-09-22,CNB,06:50 PM,06:57 PM,7.0,07:00 PM,07:07 PM,7.0
11123,2024-09-23,CNB,06:50 PM,06:53 PM,3.0,07:00 PM,07:03 PM,3.0
11123,2024-09-24,CNB,06:50 PM,06:51 PM,0.0,07:00 PM,07:01 PM,0.0
11123,2024-09-25,CNB,06:50 PM,07:28 PM,38.0,07:00 PM,07:38 PM,38.0
11123,2024-09-26,CNB,06:50 PM,06:51 PM,0.0,07:00 PM,07:01 PM,0.0
11123,2024-09-27,CNB,06:50 PM,07:11 PM,21.0,07:00 PM,07:21 PM,21.0
11123,2024-09-28,CNB,06:50 PM,07:05 PM,15.0,07:00 PM,07:15 PM,15.0
11123,2024-09-29,CNB,06:50 PM,06:54 PM,4.0,07:00 PM,07:04 PM,4.0
11123,2024-09-30,CNB,06:50 PM,06:52 PM,2.0,07:00 PM,07:02 PM,2.0
13010,2024-09-01,DDU,05:10 PM,11:59 PM,409.0,05:20 PM,12:09 AM,409.0
13010,2024-09-02,DDU,05:10 PM,05:54 PM,44.0,05:20 PM,06:04 PM,44.0
13010,2024-09-03,DDU,05:10 PM,06:52 PM,102.0,05:20 PM,07:02 PM,102.0
13010,2024-09-04,DDU,05:10 PM,07:45 PM,155.0,05:20 PM,07:55 PM,155.0
13010,2024-09-05,DDU,05:10 PM,06:50 PM,100.0,05:20 PM,07:00 PM,100.0
13010,2024-09-06,DDU,05:10 PM,06:32 PM,82.0,05:20 PM,06:42 PM,82.0
13010,2024-09-07,DDU,05:10 PM,11:45 PM,395.0,05:20 PM,11:55 PM,395.0
13010,2024-09-08,DDU,05:10 PM,06:18 PM,68.0,05:20 PM,06:28 PM,68.0
13010,2024-09-09,DDU,05:10 PM,07:49 PM,159.0,05:20 PM,07:59 PM,159.0
13010,2024-09-10,DDU,05:10 PM,07:36 PM,146.0,05:20 PM,07:46 PM,146.0
13010,2024-09-11,DDU,05:10 PM,10:44 PM,334.0,05:20 PM,10:54 PM,334.0
13010,2024-09-12,DDU,05:10 PM,05:10 PM,0.0,05:20 PM,05:20 PM,0.0
13010,2024-09-13,DDU,05:10 PM,07:49 PM,159.0,05:20 PM,07:59 PM,159.0
13010,2024-09-14,DDU,05:10 PM,07:09 PM,119.0,05:20 PM,07:19 PM,119.0
13010,2024-09-15,DDU,05:10 PM,05:40 PM,30.0,05:20 PM,05:50 PM,30.0
13010,2024-09-16,DDU,05:10 PM,05:10 PM,0.0,05:20 PM,05:20 PM,0.0
13010,2024-09-17,DDU,05:10 PM,06:22 PM,72.0,05:20 PM,06:32 PM,72.0
13010,2024-09-18,DDU,05:10 PM,06:19 PM,69.0,05:20 PM,06:29 PM,69.0
13010,2024-09-19,DDU,05:10 PM,07:52 PM,162.0,05:20 PM,08:02 PM,162.0
13010,2024-09-20,DDU,05:10 PM,07:23 PM,133.0,05:20 PM,07:33 PM,133.0
13010,2024-09-21,DDU,05:10 PM,06:29 PM,79.0,05:20 PM,06:39 PM,79.0
13010,2024-09-22,DDU,05:10 PM,05:12 PM,2.0,05:20 PM,05:22 PM,2.0
13010,2024-09-23,DDU,05:10 PM,07:03 PM,113.0,05:20 PM,07:13 PM,113.0
13010,2024-09-24,DDU,05:10 PM,09:55 PM,285.0,05:20 PM,10:05 PM,285.0
13010,2024-09-25,DDU,05:10 PM,06:32 PM,82.0,05:20 PM,06:42 PM,82.0
13010,2024-09-26,DDU,05:10 PM,07:31 PM,141.0,05:20 PM,07:41 PM,141.0
13010,2024-09-27,DDU,05:10 PM,06:41 PM,91.0,05:20 PM,06:51 PM,91.0
13010,2024-09-28,DDU,05:10 PM,05:10 PM,0.0,05:20 PM,05:20 PM,0.0
13010,2024-09-29,DDU,05:10 PM,06:16 PM,66.0,05:20 PM,06:26 PM,66.0
13010,2024-09-30,DDU,05:10 PM,06:38 PM,88.0,05:20 PM,06:48 PM,88.0
5557,2024-09-03,BXR,02:40 AM,04:02 AM,82.0,02:42 AM,04:04 AM,82.0
5557,2024-09-03,DDU,05:00 AM,05:37 AM,37.0,05:10 AM,05:47 AM,37.0
5557,2024-09-10,BXR,02:40 AM,02:40 AM,0.0,02:42 AM,02:42 AM,0.0
5557,2024-09-10,DDU,05:00 AM,06:17 AM,77.0,05:10 AM,06:27 AM,77.0
5557,2024-09-17,BXR,02:40 AM,04:20 AM,100.0,02:42 AM,04:22 AM,100.0
5557,2024-09-17,DDU,05:00 AM,06:16 AM,76.0,05:10 AM,06:26 AM,76.0
5557,2024-09-24,BXR,02:40 AM,02:40 AM,0.0,02:42 AM,02:42 AM,0.0
5557,2024-09-24,DDU,05:00 AM,05:26 AM,26.0,05:10 AM,05:36 AM,26.0
9062,2024-09-20,PRYJ,02:10 PM,03:40 PM,90.0,02:20 PM,03:50 PM,90.0
9062,2024-09-27,PRYJ,02:10 PM,06:47 PM,277.0,02:20 PM,06:57 PM,277.0
14864,2024-09-01,CNB,11:40 PM,11:40 PM,0.0,11:45 PM,11:45 PM,0.0
14864,2024-09-03,CNB,11:40 PM,11:40 PM,0.0,11:45 PM,11:45 PM,0.0
14864,2024-09-06,CNB,11:40 PM,12:05 AM,25.0,11:45 PM,12:10 AM,25.0
14864,2024-09-08,CNB,11:40 PM,11:42 PM,2.0,11:45 PM,11:47 PM,2.0
14864,2024-09-10,CNB,11:40 PM,11:40 PM,0.0,11:45 PM,11:45 PM,0.0
14864,2024-09-13,CNB,11:40 PM,11:41 PM,0.0,11:45 PM,11:46 PM,0.0
14864,2024-09-15,CNB,11:40 PM,11:40 PM,0.0,11:45 PM,11:45 PM,0.0
14864,2024-09-17,CNB,11:40 PM,11:44 PM,4.0,11:45 PM,11:49 PM,4.0
14864,2024-09-20,CNB,11:40 PM,11:40 PM,0.0,11:45 PM,11:45 PM,0.0
14864,2024-09-22,CNB,11:40 PM,11:41 PM,0.0,11:45 PM,11:46 PM,0.0
14864,2024-09-24,CNB,11:40 PM,11:41 PM,0.0,11:45 PM,11:46 PM,0.0
14864,2024-09-27,CNB,11:40 PM,11:40 PM,0.0,11:45 PM,11:45 PM,0.0
14864,2024-09-29,CNB,11:40 PM,11:51 PM,11.0,11:45 PM,11:56 PM,11.0
15074,2024-09-02,PRYJ,10:00 PM,10:07 PM,7.0,10:20 PM,10:27 PM,7.0
15074,2024-09-04,PRYJ,10:00 PM,10:00 PM,0.0,10:20 PM,10:20 PM,0.0
15074,2024-09-06,PRYJ,10:00 PM,10:00 PM,0.0,10:20 PM,10:20 PM,0.0
15074,2024-09-09,PRYJ,10:00 PM,10:23 PM,23.0,10:20 PM,10:43 PM,23.0
15074,2024-09-11,PRYJ,10:00 PM,10:29 PM,29.0,10:20 PM,10:49 PM,29.0
15074,2024-09-13,PRYJ,10:00 PM,10:07 PM,7.0,10:20 PM,10:27 PM,7.0
15074,2024-09-16,PRYJ,10:00 PM,10:00 PM,0.0,10:20 PM,10:20 PM,0.0
15074,2024-09-18,PRYJ,10:00 PM,10:26 PM,26.0,10:20 PM,10:46 PM,26.0
15074,2024-09-20,PRYJ,10:00 PM,10:00 PM,0.0,10:20 PM,10:20 PM,0.0
15074,2024-09-23,PRYJ,10:00 PM,10:07 PM,7.0,10:20 PM,10:27 PM,7.0
15074,2024-09-25,PRYJ,10:00 PM,10:02 PM,2.0,10:20 PM,10:22 PM,2.0
15074,2024-09-27,PRYJ,10:00 PM,10:00 PM,0.0,10:20 PM,10:20 PM,0.0
15074,2024-09-30,PRYJ,10:00 PM,10:20 PM,20.0,10:20 PM,10:40 PM,20.0
12945,2024-09-02,PRYJ,11:40 AM,11:40 AM,0.0,11:50 AM,11:50 AM,0.0
12945,2024-09-09,PRYJ,11:40 AM,11:40 AM,0.0,11:50 AM,11:50 AM,0.0
12945,2024-09-16,PRYJ,11:40 AM,11:40 AM,0.0,11:50 AM,11:50 AM,0.0
12945,2024-09-23,PRYJ,11:40 AM,11:40 AM,0.0,11:50 AM,11:50 AM,0.0
12945,2024-09-30,PRYJ,11:40 AM,01:38 PM,118.0,11:50 AM,01:48 PM,118.0
12350,2024-09-03,CNB,05:20 AM,05:32 AM,12.0,05:25 AM,05:37 AM,12.0
12350,2024-09-03,PRYJ,07:50 AM,07:51 AM,0.0,07:55 AM,07:56 AM,0.0
12350,2024-09-03,DDU,10:50 AM,10:50 AM,0.0,11:00 AM,11:00 AM,0.0
12350,2024-09-10,CNB,05:20 AM,05:20 AM,0.0,05:25 AM,05:25 AM,0.0
12350,2024-09-10,PRYJ,07:50 AM,07:50 AM,0.0,07:55 AM,07:55 AM,0.0
12350,2024-09-10,DDU,10:50 AM,10:50 AM,0.0,11:00 AM,11:00 AM,0.0
12350,2024-09-24,CNB,05:20 AM,05:20 AM,0.0,05:25 AM,05:25 AM,0.0
12350,2024-09-24,PRYJ,07:50 AM,07:50 AM,0.0,07:55 AM,07:55 AM,0.0
12350,2024-09-24,DDU,10:50 AM,10:50 AM,0.0,11:00 AM,11:00 AM,0.0
19322,2024-09-02,DDU,03:00 PM,03:00 PM,0.0,03:10 PM,03:10 PM,0.0
19322,2024-09-02,CNB,12:30 AM,12:40 AM,10.0,12:35 AM,12:45 AM,10.0
19322,2024-09-09,DDU,03:00 PM,03:00 PM,0.0,03:10 PM,03:10 PM,0.0
19322,2024-09-09,CNB,12:30 AM,12:30 AM,0.0,12:35 AM,12:35 AM,0.0
19322,2024-09-16,DDU,03:00 PM,03:00 PM,0.0,03:10 PM,03:10 PM,0.0
19322,2024-09-16,CNB,12:30 AM,12:30 AM,0.0,12:35 AM,12:35 AM,0.0
19322,2024-09-23,DDU,03:00 PM,03:04 PM,4.0,03:10 PM,03:14 PM,4.0
19322,2024-09-23,CNB,12:30 AM,12:30 AM,0.0,12:35 AM,12:35 AM,0.0
19322,2024-09-30,DDU,03:00 PM,03:00 PM,0.0,03:10 PM,03:10 PM,0.0
19322,2024-09-30,CNB,12:30 AM,12:30 AM,0.0,12:35 AM,12:35 AM,0.0
22550,2024-09-01,PRYJ,03:15 PM,03:15 PM,0.0,03:15 PM,03:15 PM,0.0
22550,2024-09-02,PRYJ,03:15 PM,03:18 PM,3.0,03:15 PM,03:18 PM,3.0
22550,2024-09-03,PRYJ,03:15 PM,03:16 PM,0.0,03:15 PM,03:16 PM,0.0
22550,2024-09-04,PRYJ,03:15 PM,05:15 PM,120.0,03:15 PM,05:15 PM,120.0
22550,2024-09-05,PRYJ,03:15 PM,03:15 PM,0.0,03:15 PM,03:15 PM,0.0
22550,2024-09-08,PRYJ,03:15 PM,03:15 PM,0.0,03:15 PM,03:15 PM,0.0
22550,2024-09-09,PRYJ,03:15 PM,03:16 PM,0.0,03:15 PM,03:16 PM,0.0
22550,2024-09-10,PRYJ,03:15 PM,03:35 PM,20.0,03:15 PM,03:35 PM,20.0
22550,2024-09-11,PRYJ,03:15 PM,03:16 PM,0.0,03:15 PM,03:16 PM,0.0
22550,2024-09-12,PRYJ,03:15 PM,03:17 PM,2.0,03:15 PM,03:17 PM,2.0
22550,2024-09-13,PRYJ,03:15 PM,03:15 PM,0.0,03:15 PM,03:15 PM,0.0
22550,2024-09-15,PRYJ,03:15 PM,03:15 PM,0.0,03:15 PM,03:15 PM,0.0
22550,2024-09-16,PRYJ,03:15 PM,03:15 PM,0.0,03:15 PM,03:15 PM,0.0
22550,2024-09-17,PRYJ,03:15 PM,03:16 PM,0.0,03:15 PM,03:16 PM,0.0
22550,2024-09-18,PRYJ,03:15 PM,03:16 PM,0.0,03:15 PM,03:16 PM,0.0
22550,2024-09-19,PRYJ,03:15 PM,03:15 PM,0.0,03:15 PM,03:15 PM,0.0
22550,2024-09-20,PRYJ,03:15 PM,03:15 PM,0.0,03:15 PM,03:15 PM,0.0
22550,2024-09-22,PRYJ,03:15 PM,03:15 PM,0.0,03:15 PM,03:15 PM,0.0
22550,2024-09-23,PRYJ,03:15 PM,03:16 PM,0.0,03:15 PM,03:16 PM,0.0
22550,2024-09-24,PRYJ,03:15 PM,03:15 PM,0.0,03:15 PM,03:15 PM,0.0
22550,2024-09-25,PRYJ,03:15 PM,03:15 PM,0.0,03:15 PM,03:15 PM,0.0
22550,2024-09-26,PRYJ,03:15 PM,03:15 PM,0.0,03:15 PM,03:15 PM,0.0
22550,2024-09-27,PRYJ,03:15 PM,03:15 PM,0.0,03:15 PM,03:15 PM,0.0
22550,2024-09-30,PRYJ,03:15 PM,03:15 PM,0.0,03:15 PM,03:15 PM,0.0
22913,2024-09-01,DDU,07:38 PM,07:38 PM,0.0,07:48 PM,07:48 PM,0.0
22913,2024-09-08,DDU,07:38 PM,07:38 PM,0.0,07:48 PM,07:48 PM,0.0
22913,2024-09-15,DDU,07:38 PM,07:38 PM,0.0,07:48 PM,07:48 PM,0.0
22913,2024-09-22,DDU,07:38 PM,07:38 PM,0.0,07:48 PM,07:48 PM,0.0
22913,2024-09-29,DDU,07:38 PM,07:38 PM,0.0,07:48 PM,07:48 PM,0.0
20404,2024-09-02,CNB,01:30 AM,01:30 AM,0.0,01:35 AM,01:35 AM,0.0
20404,2024-09-02,PRYJ,04:45 AM,04:45 AM,0.0,04:45 AM,04:45 AM,0.0
20404,2024-09-05,CNB,01:30 AM,02:00 AM,30.0,01:35 AM,02:05 AM,30.0
20404,2024-09-05,PRYJ,04:45 AM,04:56 AM,11.0,04:45 AM,04:56 AM,11.0
20404,2024-09-07,CNB,01:30 AM,01:46 AM,16.0,01:35 AM,01:51 AM,16.0
20404,2024-09-07,PRYJ,04:45 AM,04:45 AM,0.0,04:45 AM,04:45 AM,0.0
20404,2024-09-09,CNB,01:30 AM,02:25 AM,55.0,01:35 AM,02:30 AM,55.0
20404,2024-09-09,PRYJ,04:45 AM,05:17 AM,32.0,04:45 AM,05:17 AM,32.0
20404,2024-09-12,CNB,01:30 AM,01:30 AM,0.0,01:35 AM,01:35 AM,0.0
20404,2024-09-12,PRYJ,04:45 AM,04:45 AM,0.0,04:45 AM,04:45 AM,0.0
20404,2024-09-14,CNB,01:30 AM,01:30 AM,0.0,01:35 AM,01:35 AM,0.0
20404,2024-09-14,PRYJ,04:45 AM,04:45 AM,0.0,04:45 AM,04:45 AM,0.0
20404,2024-09-16,CNB,01:30 AM,01:30 AM,0.0,01:35 AM,01:35 AM,0.0
20404,2024-09-16,PRYJ,04:45 AM,04:45 AM,0.0,04:45 AM,04:45 AM,0.0
20404,2024-09-19,CNB,01:30 AM,01:30 AM,0.0,01:35 AM,01:35 AM,0.0
20404,2024-09-19,PRYJ,04:45 AM,04:45 AM,0.0,04:45 AM,04:45 AM,0.0
20404,2024-09-21,CNB,01:30 AM,01:30 AM,0.0,01:35 AM,01:35 AM,0.0
20404,2024-09-21,PRYJ,04:45 AM,04:45 AM,0.0,04:45 AM,04:45 AM,0.0
20404,2024-09-23,CNB,01:30 AM,01:30 AM,0.0,01:35 AM,01:35 AM,0.0
20404,2024-09-23,PRYJ,04:45 AM,04:45 AM,0.0,04:45 AM,04:45 AM,0.0
20404,2024-09-26,CNB,01:30 AM,01:30 AM,0.0,01:35 AM,01:35 AM,0.0
20404,2024-09-26,PRYJ,04:45 AM,04:45 AM,0.0,04:45 AM,04:45 AM,0.0
20404,2024-09-28,CNB,01:30 AM,01:30 AM,0.0,01:35 AM,01:35 AM,0.0
20404,2024-09-28,PRYJ,04:45 AM,04:45 AM,0.0,04:45 AM,04:45 AM,0.0
20404,2024-09-30,CNB,01:30 AM,01:30 AM,0.0,01:35 AM,01:35 AM,0.0
20404,2024-09-30,PRYJ,04:45 AM,04:45 AM,0.0,04:45 AM,04:45 AM,0.0
12592,2024-09-02,CNB,07:55 AM,07:59 AM,4.0,08:05 AM,08:09 AM,4.0
12592,2024-09-09,CNB,07:55 AM,08:02 AM,7.0,08:05 AM,08:12 AM,7.0
12592,2024-09-16,CNB,07:55 AM,09:37 AM,102.0,08:05 AM,09:47 AM,102.0
12592,2024-09-23,CNB,07:55 AM,07:56 AM,0.0,08:05 AM,08:06 AM,0.0
12592,2024-09-30,CNB,07:55 AM,07:55 AM,0.0,08:05 AM,08:05 AM,0.0
15657,2024-09-01,CNB,05:30 AM,05:46 AM,16.0,05:35 AM,05:51 AM,16.0
15657,2024-09-01,PRYJ,08:00 AM,08:15 AM,15.0,08:05 AM,08:20 AM,15.0
15657,2024-09-01,DDU,11:00 AM,11:00 AM,0.0,11:10 AM,11:10 AM,0.0
15657,2024-09-01,BXR,12:22 PM,01:22 PM,60.0,12:24 PM,01:24 PM,60.0
15657,2024-09-02,CNB,05:30 AM,05:40 AM,10.0,05:35 AM,05:45 AM,10.0
15657,2024-09-02,PRYJ,08:00 AM,08:08 AM,8.0,08:05 AM,08:13 AM,8.0
15657,2024-09-02,DDU,11:00 AM,11:00 AM,0.0,11:10 AM,11:10 AM,0.0
15657,2024-09-02,BXR,12:22 PM,12:24 PM,2.0,12:24 PM,12:26 PM,2.0
15657,2024-09-03,CNB,05:30 AM,06:06 AM,36.0,05:35 AM,06:11 AM,36.0
15657,2024-09-03,PRYJ,08:00 AM,08:26 AM,26.0,08:05 AM,08:31 AM,26.0
15657,2024-09-03,DDU,11:00 AM,11:00 AM,0.0,11:10 AM,11:10 AM,0.0
15657,2024-09-03,BXR,12:22 PM,12:22 PM,0.0,12:24 PM,12:24 PM,0.0
15657,2024-09-05,CNB,05:30 AM,05:56 AM,26.0,05:35 AM,06:01 AM,26.0
15657,2024-09-05,PRYJ,08:00 AM,08:26 AM,26.0,08:05 AM,08:31 AM,26.0
15657,2024-09-05,DDU,11:00 AM,11:00 AM,0.0,11:10 AM,11:10 AM,0.0
15657,2024-09-05,BXR,12:22 PM,12:22 PM,0.0,12:24 PM,12:24 PM,0.0
15657,2024-09-06,CNB,05:30 AM,05:57 AM,27.0,05:35 AM,06:02 AM,27.0
15657,2024-09-06,PRYJ,08:00 AM,08:42 AM,42.0,08:05 AM,08:47 AM,42.0
15657,2024-09-06,DDU,11:00 AM,11:00 AM,0.0,11:10 AM,11:10 AM,0.0
15657,2024-09-06,BXR,12:22 PM,12:23 PM,0.0,12:24 PM,12:25 PM,0.0
15657,2024-09-07,CNB,05:30 AM,05:56 AM,26.0,05:35 AM,06:01 AM,26.0
15657,2024-09-07,PRYJ,08:00 AM,08:22 AM,22.0,08:05 AM,08:27 AM,22.0
15657,2024-09-07,DDU,11:00 AM,11:00 AM,0.0,11:10 AM,11:10 AM,0.0
15657,2024-09-07,BXR,12:22 PM,01:45 PM,83.0,12:24 PM,01:47 PM,83.0
15657,2024-09-08,CNB,05:30 AM,06:34 AM,64.0,05:35 AM,06:39 AM,64.0
15657,2024-09-08,PRYJ,08:00 AM,08:52 AM,52.0,08:05 AM,08:57 AM,52.0
15657,2024-09-08,DDU,11:00 AM,11:32 AM,32.0,11:10 AM,11:42 AM,32.0
15657,2024-09-08,BXR,12:22 PM,12:56 PM,34.0,12:24 PM,12:58 PM,34.0
15657,2024-09-09,CNB,05:30 AM,05:53 AM,23.0,05:35 AM,05:58 AM,23.0
15657,2024-09-09,PRYJ,08:00 AM,08:26 AM,26.0,08:05 AM,08:31 AM,26.0
15657,2024-09-09,DDU,11:00 AM,11:00 AM,0.0,11:10 AM,11:10 AM,0.0
15657,2024-09-09,BXR,12:22 PM,12:56 PM,34.0,12:24 PM,12:58 PM,34.0
15657,2024-09-10,CNB,05:30 AM,06:18 AM,48.0,05:35 AM,06:23 AM,48.0
15657,2024-09-10,PRYJ,08:00 AM,09:05 AM,65.0,08:05 AM,09:10 AM,65.0
15657,2024-09-10,DDU,11:00 AM,11:25 AM,25.0,11:10 AM,11:35 AM,25.0
15657,2024-09-10,BXR,12:22 PM,12:47 PM,25.0,12:24 PM,12:49 PM,25.0
15657,2024-09-12,CNB,05:30 AM,06:12 AM,42.0,05:35 AM,06:17 AM,42.0
15657,2024-09-12,PRYJ,08:00 AM,08:38 AM,38.0,08:05 AM,08:43 AM,38.0
15657,2024-09-12,DDU,11:00 AM,11:06 AM,6.0,11:10 AM,11:16 AM,6.0
15657,2024-09-12,BXR,12:22 PM,12:38 PM,16.0,12:24 PM,12:40 PM,16.0
15657,2024-09-14,CNB,05:30 AM,05:57 AM,27.0,05:35 AM,06:02 AM,27.0
15657,2024-09-14,PRYJ,08:00 AM,08:30 AM,30.0,08:05 AM,08:35 AM,30.0
15657,2024-09-14,DDU,11:00 AM,11:00 AM,0.0,11:10 AM,11:10 AM,0.0
15657,2024-09-14,BXR,12:22 PM,12:30 PM,8.0,12:24 PM,12:32 PM,8.0
15657,2024-09-15,CNB,05:30 AM,05:39 AM,9.0,05:35 AM,05:44 AM,9.0
15657,2024-09-15,PRYJ,08:00 AM,08:24 AM,24.0,08:05 AM,08:29 AM,24.0
15657,2024-09-15,DDU,11:00 AM,11:00 AM,0.0,11:10 AM,11:10 AM,0.0
15657,2024-09-15,BXR,12:22 PM,12:28 PM,6.0,12:24 PM,12:30 PM,6.0
15657,2024-09-16,CNB,05:30 AM,05:41 AM,11.0,05:35 AM,05:46 AM,11.0
15657,2024-09-16,PRYJ,08:00 AM,08:37 AM,37.0,08:05 AM,08:42 AM,37.0
15657,2024-09-16,DDU,11:00 AM,11:00 AM,0.0,11:10 AM,11:10 AM,0.0
15657,2024-09-16,BXR,12:22 PM,12:22 PM,0.0,12:24 PM,12:24 PM,0.0
15657,2024-09-17,CNB,05:30 AM,06:23 AM,53.0,05:35 AM,06:28 AM,53.0
15657,2024-09-17,PRYJ,08:00 AM,08:54 AM,54.0,08:05 AM,08:59 AM,54.0
15657,2024-09-17,DDU,11:00 AM,11:23 AM,23.0,11:10 AM,11:33 AM,23.0
15657,2024-09-17,BXR,12:22 PM,12:22 PM,0.0,12:24 PM,12:24 PM,0.0
15657,2024-09-18,CNB,05:30 AM,06:31 AM,61.0,05:35 AM,06:36 AM,61.0
15657,2024-09-18,PRYJ,08:00 AM,08:59 AM,59.0,08:05 AM,09:04 AM,59.0
15657,2024-09-18,DDU,11:00 AM,12:16 PM,76.0,11:10 AM,12:26 PM,76.0
15657,2024-09-18,BXR,12:22 PM,02:45 PM,143.0,12:24 PM,02:47 PM,143.0
15657,2024-09-19,CNB,05:30 AM,05:51 AM,21.0,05:35 AM,05:56 AM,21.0
15657,2024-09-19,PRYJ,08:00 AM,08:18 AM,18.0,08:05 AM,08:23 AM,18.0
15657,2024-09-19,DDU,11:00 AM,11:09 AM,9.0,11:10 AM,11:19 AM,9.0
15657,2024-09-19,BXR,12:22 PM,12:22 PM,0.0,12:24 PM,12:24 PM,0.0
15657,2024-09-20,CNB,05:30 AM,05:59 AM,29.0,05:35 AM,06:04 AM,29.0
15657,2024-09-20,PRYJ,08:00 AM,08:25 AM,25.0,08:05 AM,08:30 AM,25.0
15657,2024-09-20,DDU,11:00 AM,11:00 AM,0.0,11:10 AM,11:10 AM,0.0
15657,2024-09-20,BXR,12:22 PM,12:22 PM,0.0,12:24 PM,12:24 PM,0.0
15657,2024-09-21,CNB,05:30 AM,05:32 AM,2.0,05:35 AM,05:37 AM,2.0
15657,2024-09-21,PRYJ,08:00 AM,08:19 AM,19.0,08:05 AM,08:24 AM,19.0
15657,2024-09-21,DDU,11:00 AM,11:03 AM,3.0,11:10 AM,11:13 AM,3.0
15657,2024-09-21,BXR,12:22 PM,12:38 PM,16.0,12:24 PM,12:40 PM,16.0
15657,2024-09-22,CNB,05:30 AM,06:04 AM,34.0,05:35 AM,06:09 AM,34.0
15657,2024-09-22,PRYJ,08:00 AM,08:38 AM,38.0,08:05 AM,08:43 AM,38.0
15657,2024-09-22,DDU,11:00 AM,11:15 AM,15.0,11:10 AM,11:25 AM,15.0
15657,2024-09-22,BXR,12:22 PM,12:35 PM,13.0,12:24 PM,12:37 PM,13.0
15657,2024-09-23,CNB,05:30 AM,06:13 AM,43.0,05:35 AM,06:18 AM,43.0
15657,2024-09-23,PRYJ,08:00 AM,08:32 AM,32.0,08:05 AM,08:37 AM,32.0
15657,2024-09-23,DDU,11:00 AM,11:00 AM,0.0,11:10 AM,11:10 AM,0.0
15657,2024-09-23,BXR,12:22 PM,12:24 PM,2.0,12:24 PM,12:26 PM,2.0
15657,2024-09-24,CNB,05:30 AM,05:52 AM,22.0,05:35 AM,05:57 AM,22.0
15657,2024-09-24,PRYJ,08:00 AM,08:20 AM,20.0,08:05 AM,08:25 AM,20.0
15657,2024-09-24,DDU,11:00 AM,11:20 AM,20.0,11:10 AM,11:30 AM,20.0
15657,2024-09-24,BXR,12:22 PM,12:47 PM,25.0,12:24 PM,12:49 PM,25.0
15657,2024-09-25,CNB,05:30 AM,05:40 AM,10.0,05:35 AM,05:45 AM,10.0
15657,2024-09-25,PRYJ,08:00 AM,08:07 AM,7.0,08:05 AM,08:12 AM,7.0
15657,2024-09-25,DDU,11:00 AM,11:01 AM,0.0,11:10 AM,11:11 AM,0.0
15657,2024-09-25,BXR,12:22 PM,12:22 PM,0.0,12:24 PM,12:24 PM,0.0
15657,2024-09-26,CNB,05:30 AM,06:06 AM,36.0,05:35 AM,06:11 AM,36.0
15657,2024-09-26,PRYJ,08:00 AM,08:30 AM,30.0,08:05 AM,08:35 AM,30.0
15657,2024-09-26,DDU,11:00 AM,11:02 AM,2.0,11:10 AM,11:12 AM,2.0
15657,2024-09-26,BXR,12:22 PM,12:28 PM,6.0,12:24 PM,12:30 PM,6.0
15657,2024-09-27,CNB,05:30 AM,06:21 AM,51.0,05:35 AM,06:26 AM,51.0
15657,2024-09-27,PRYJ,08:00 AM,08:48 AM,48.0,08:05 AM,08:53 AM,48.0
15657,2024-09-27,DDU,11:00 AM,11:01 AM,0.0,11:10 AM,11:11 AM,0.0
15657,2024-09-27,BXR,12:22 PM,12:22 PM,0.0,12:24 PM,12:24 PM,0.0
15657,2024-09-28,CNB,05:30 AM,06:04 AM,34.0,05:35 AM,06:09 AM,34.0
15657,2024-09-28,PRYJ,08:00 AM,08:22 AM,22.0,08:05 AM,08:27 AM,22.0
15657,2024-09-28,DDU,11:00 AM,11:01 AM,0.0,11:10 AM,11:11 AM,0.0
15657,2024-09-28,BXR,12:22 PM,12:27 PM,5.0,12:24 PM,12:29 PM,5.0
15657,2024-09-29,CNB,05:30 AM,05:30 AM,0.0,05:35 AM,05:35 AM,0.0
15657,2024-09-29,PRYJ,08:00 AM,08:00 AM,0.0,08:05 AM,08:05 AM,0.0
15657,2024-09-29,DDU,11:00 AM,11:00 AM,0.0,11:10 AM,11:10 AM,0.0
15657,2024-09-29,BXR,12:22 PM,12:22 PM,0.0,12:24 PM,12:24 PM,0.0
15657,2024-09-30,CNB,05:30 AM,05:59 AM,29.0,05:35 AM,06:04 AM,29.0
15657,2024-09-30,PRYJ,08:00 AM,08:26 AM,26.0,08:05 AM,08:31 AM,26.0
15657,2024-09-30,DDU,11:00 AM,11:01 AM,0.0,11:10 AM,11:11 AM,0.0
15657,2024-09-30,BXR,12:22 PM,12:45 PM,23.0,12:24 PM,12:47 PM,23.0
9196,2024-09-01,CNB,07:00 AM,02:17 PM,437.0,07:10 AM,02:27 PM,437.0
9196,2024-09-08,CNB,07:00 AM,10:02 AM,182.0,07:10 AM,10:12 AM,182.0
9196,2024-09-15,CNB,07:00 AM,10:16 AM,196.0,07:10 AM,10:26 AM,196.0
9196,2024-09-22,CNB,07:00 AM,10:51 AM,231.0,07:10 AM,11:01 AM,231.0
9196,2024-09-29,CNB,07:00 AM,10:34 AM,214.0,07:10 AM,10:44 AM,214.0
14116,2024-09-01,PRYJ,03:20 PM,03:21 PM,0.0,03:20 PM,03:21 PM,0.0
14116,2024-09-02,PRYJ,03:20 PM,03:21 PM,0.0,03:20 PM,03:21 PM,0.0
14116,2024-09-03,PRYJ,03:20 PM,03:20 PM,0.0,03:20 PM,03:20 PM,0.0
14116,2024-09-04,PRYJ,03:20 PM,03:24 PM,4.0,03:20 PM,03:24 PM,4.0
14116,2024-09-05,PRYJ,03:20 PM,03:24 PM,4.0,03:20 PM,03:24 PM,4.0
14116,2024-09-06,PRYJ,03:20 PM,03:21 PM,0.0,03:20 PM,03:21 PM,0.0
14116,2024-09-07,PRYJ,03:20 PM,03:21 PM,0.0,03:20 PM,03:21 PM,0.0
14116,2024-09-08,PRYJ,03:20 PM,03:23 PM,3.0,03:20 PM,03:23 PM,3.0
14116,2024-09-09,PRYJ,03:20 PM,03:21 PM,0.0,03:20 PM,03:21 PM,0.0
14116,2024-09-10,PRYJ,03:20 PM,03:21 PM,0.0,03:20 PM,03:21 PM,0.0
14116,2024-09-11,PRYJ,03:20 PM,03:20 PM,0.0,03:20 PM,03:20 PM,0.0
14116,2024-09-12,PRYJ,03:20 PM,03:20 PM,0.0,03:20 PM,03:20 PM,0.0
14116,2024-09-13,PRYJ,03:20 PM,03:21 PM,0.0,03:20 PM,03:21 PM,0.0
14116,2024-09-14,PRYJ,03:20 PM,03:20 PM,0.0,03:20 PM,03:20 PM,0.0
14116,2024-09-15,PRYJ,03:20 PM,03:20 PM,0.0,03:20 PM,03:20 PM,0.0
14116,2024-09-16,PRYJ,03:20 PM,03:21 PM,0.0,03:20 PM,03:21 PM,0.0
14116,2024-09-17,PRYJ,03:20 PM,03:22 PM,2.0,03:20 PM,03:22 PM,2.0
14116,2024-09-18,PRYJ,03:20 PM,03:20 PM,0.0,03:20 PM,03:20 PM,0.0
14116,2024-09-19,PRYJ,03:20 PM,03:20 PM,0.0,03:20 PM,03:20 PM,0.0
14116,2024-09-20,PRYJ,03:20 PM,03:20 PM,0.0,03:20 PM,03:20 PM,0.0
14116,2024-09-21,PRYJ,03:20 PM,03:20 PM,0.0,03:20 PM,03:20 PM,0.0
14116,2024-09-22,PRYJ,03:20 PM,03:20 PM,0.0,03:20 PM,03:20 PM,0.0
14116,2024-09-23,PRYJ,03:20 PM,03:20 PM,0.0,03:20 PM,03:20 PM,0.0
14116,2024-09-24,PRYJ,03:20 PM,03:20 PM,0.0,03:20 PM,03:20 PM,0.0
14116,2024-09-25,PRYJ,03:20 PM,03:20 PM,0.0,03:20 PM,03:20 PM,0.0
14116,2024-09-26,PRYJ,03:20 PM,03:20 PM,0.0,03:20 PM,03:20 PM,0.0
14116,2024-09-27,PRYJ,03:20 PM,03:21 PM,0.0,03:20 PM,03:21 PM,0.0
14116,2024-09-28,PRYJ,03:20 PM,03:20 PM,0.0,03:20 PM,03:20 PM,0.0
14116,2024-09-29,PRYJ,03:20 PM,03:20 PM,0.0,03:20 PM,03:20 PM,0.0
14116,2024-09-30,PRYJ,03:20 PM,03:20 PM,0.0,03:20 PM,03:20 PM,0.0
9525,2024-09-04,PRYJ,08:35 AM,08:43 AM,8.0,08:40 AM,08:48 AM,8.0
9525,2024-09-11,PRYJ,08:35 AM,01:54 PM,319.0,08:40 AM,01:59 PM,319.0
9525,2024-09-18,PRYJ,08:35 AM,10:45 AM,130.0,08:40 AM,10:50 AM,130.0
9525,2024-09-25,PRYJ,08:35 AM,10:41 AM,126.0,08:40 AM,10:46 AM,126.0
2525,2024-09-06,BXR,07:10 PM,12:43 AM,333.0,07:12 PM,12:45 AM,333.0
2525,2024-09-06,DDU,09:05 PM,02:41 AM,336.0,09:15 PM,02:51 AM,336.0
2525,2024-09-06,PRYJ,11:35 PM,06:11 AM,396.0,11:45 PM,06:21 AM,396.0
2525,2024-09-06,CNB,02:30 AM,02:30 AM,0.0,02:35 AM,02:35 AM,0.0
2525,2024-09-13,BXR,07:10 PM,10:50 PM,220.0,07:12 PM,10:52 PM,220.0
2525,2024-09-13,DDU,09:05 PM,12:21 AM,196.0,09:15 PM,12:31 AM,196.0
2525,2024-09-13,PRYJ,11:35 PM,04:58 AM,323.0,11:45 PM,05:08 AM,323.0
2525,2024-09-13,CNB,02:30 AM,02:30 AM,0.0,02:35 AM,02:35 AM,0.0
2525,2024-09-20,BXR,07:10 PM,11:43 PM,273.0,07:12 PM,11:45 PM,273.0
2525,2024-09-20,DDU,09:05 PM,02:53 AM,348.0,09:15 PM,03:03 AM,348.0
2525,2024-09-20,PRYJ,11:35 PM,05:39 AM,364.0,11:45 PM,05:49 AM,364.0
2525,2024-09-20,CNB,02:30 AM,02:30 AM,0.0,02:35 AM,02:35 AM,0.0
2525,2024-09-27,BXR,07:10 PM,07:10 PM,0.0,07:12 PM,07:12 PM,0.0
2525,2024-09-27,DDU,09:05 PM,09:05 PM,0.0,09:15 PM,09:15 PM,0.0
2525,2024-09-27,PRYJ,11:35 PM,11:35 PM,0.0,11:45 PM,11:45 PM,0.0
2525,2024-09-27,CNB,02:30 AM,02:30 AM,0.0,02:35 AM,02:35 AM,0.0
22308,2024-09-01,CNB,01:05 PM,01:05 PM,0.0,01:15 PM,01:15 PM,0.0
22308,2024-09-01,PRYJ,03:40 PM,03:40 PM,0.0,03:45 PM,03:45 PM,0.0
22308,2024-09-01,DDU,06:18 PM,06:18 PM,0.0,06:28 PM,06:28 PM,0.0
22308,2024-09-07,CNB,01:05 PM,01:07 PM,2.0,01:15 PM,01:17 PM,2.0
22308,2024-09-07,PRYJ,03:40 PM,04:55 PM,75.0,03:45 PM,05:00 PM,75.0
22308,2024-09-07,DDU,06:18 PM,07:18 PM,60.0,06:28 PM,07:28 PM,60.0
22308,2024-09-08,CNB,01:05 PM,02:38 PM,93.0,01:15 PM,02:48 PM,93.0
22308,2024-09-08,PRYJ,03:40 PM,05:30 PM,110.0,03:45 PM,05:35 PM,110.0
22308,2024-09-08,DDU,06:18 PM,08:19 PM,121.0,06:28 PM,08:29 PM,121.0
22308,2024-09-11,CNB,01:05 PM,01:05 PM,0.0,01:15 PM,01:15 PM,0.0
22308,2024-09-11,PRYJ,03:40 PM,03:40 PM,0.0,03:45 PM,03:45 PM,0.0
22308,2024-09-11,DDU,06:18 PM,06:18 PM,0.0,06:28 PM,06:28 PM,0.0
22308,2024-09-14,CNB,01:05 PM,01:16 PM,11.0,01:15 PM,01:26 PM,11.0
22308,2024-09-14,PRYJ,03:40 PM,04:45 PM,65.0,03:45 PM,04:50 PM,65.0
22308,2024-09-14,DDU,06:18 PM,08:02 PM,104.0,06:28 PM,08:12 PM,104.0
22308,2024-09-15,CNB,01:05 PM,01:19 PM,14.0,01:15 PM,01:29 PM,14.0
22308,2024-09-15,PRYJ,03:40 PM,05:21 PM,101.0,03:45 PM,05:26 PM,101.0
22308,2024-09-15,DDU,06:18 PM,06:18 PM,0.0,06:28 PM,06:28 PM,0.0
22308,2024-09-18,CNB,01:05 PM,01:15 PM,10.0,01:15 PM,01:25 PM,10.0
22308,2024-09-18,PRYJ,03:40 PM,04:48 PM,68.0,03:45 PM,04:53 PM,68.0
22308,2024-09-18,DDU,06:18 PM,07:40 PM,82.0,06:28 PM,07:50 PM,82.0
22308,2024-09-21,CNB,01:05 PM,01:05 PM,0.0,01:15 PM,01:15 PM,0.0
22308,2024-09-21,PRYJ,03:40 PM,03:40 PM,0.0,03:45 PM,03:45 PM,0.0
22308,2024-09-21,DDU,06:18 PM,06:18 PM,0.0,06:28 PM,06:28 PM,0.0
22308,2024-09-22,CNB,01:05 PM,01:05 PM,0.0,01:15 PM,01:15 PM,0.0
22308,2024-09-22,PRYJ,03:40 PM,03:40 PM,0.0,03:45 PM,03:45 PM,0.0
22308,2024-09-22,DDU,06:18 PM,06:18 PM,0.0,06:28 PM,06:28 PM,0.0
22308,2024-09-25,CNB,01:05 PM,01:11 PM,6.0,01:15 PM,01:21 PM,6.0
22308,2024-09-25,PRYJ,03:40 PM,06:00 PM,140.0,03:45 PM,06:05 PM,140.0
22308,2024-09-25,DDU,06:18 PM,08:32 PM,134.0,06:28 PM,08:42 PM,134.0
22308,2024-09-28,CNB,01:05 PM,01:05 PM,0.0,01:15 PM,01:15 PM,0.0
22308,2024-09-28,PRYJ,03:40 PM,03:40 PM,0.0,03:45 PM,03:45 PM,0.0
22308,2024-09-28,DDU,06:18 PM,06:18 PM,0.0,06:28 PM,06:28 PM,0.0
22308,2024-09-29,CNB,01:05 PM,01:19 PM,14.0,01:15 PM,01:29 PM,14.0
22308,2024-09-29,PRYJ,03:40 PM,03:40 PM,0.0,03:45 PM,03:45 PM,0.0
22308,2024-09-29,DDU,06:18 PM,06:18 PM,0.0,06:28 PM,06:28 PM,0.0
12539,2024-09-04,PRYJ,04:45 AM,04:45 AM,0.0,05:05 AM,05:05 AM,0.0
12539,2024-09-11,PRYJ,04:45 AM,04:45 AM,0.0,05:05 AM,05:05 AM,0.0
12539,2024-09-18,PRYJ,04:45 AM,04:45 AM,0.0,05:05 AM,05:05 AM,0.0
12539,2024-09-25,PRYJ,04:45 AM,04:45 AM,0.0,05:05 AM,05:05 AM,0.0
12318,2024-09-03,DDU,02:15 AM,02:15 AM,0.0,02:25 AM,02:25 AM,0.0
12318,2024-09-06,DDU,02:15 AM,02:15 AM,0.0,02:25 AM,02:25 AM,0.0
12318,2024-09-10,DDU,02:15 AM,02:15 AM,0.0,02:25 AM,02:25 AM,0.0
12318,2024-09-13,DDU,02:15 AM,03:09 AM,54.0,02:25 AM,03:19 AM,54.0
12318,2024-09-17,DDU,02:15 AM,02:20 AM,5.0,02:25 AM,02:30 AM,5.0
12318,2024-09-20,DDU,02:15 AM,02:22 AM,7.0,02:25 AM,02:32 AM,7.0
12318,2024-09-24,DDU,02:15 AM,02:58 AM,43.0,02:25 AM,03:08 AM,43.0
12318,2024-09-27,DDU,02:15 AM,02:15 AM,0.0,02:25 AM,02:25 AM,0.0
18609,2024-09-04,DDU,06:05 AM,06:07 AM,2.0,06:15 AM,06:17 AM,2.0
18609,2024-09-04,PRYJ,10:00 AM,10:00 AM,0.0,10:25 AM,10:25 AM,0.0
18609,2024-09-11,DDU,06:05 AM,09:26 AM,201.0,06:15 AM,09:36 AM,201.0
18609,2024-09-11,PRYJ,10:00 AM,10:00 AM,0.0,10:25 AM,10:25 AM,0.0
18609,2024-09-18,DDU,06:05 AM,06:12 AM,7.0,06:15 AM,06:22 AM,7.0
18609,2024-09-18,PRYJ,10:00 AM,10:00 AM,0.0,10:25 AM,10:25 AM,0.0
18609,2024-09-25,DDU,06:05 AM,06:05 AM,0.0,06:15 AM,06:15 AM,0.0
18609,2024-09-25,PRYJ,10:00 AM,10:00 AM,0.0,10:25 AM,10:25 AM,0.0
1026,2024-09-01,PRYJ,09:35 PM,09:35 PM,0.0,09:50 PM,09:50 PM,0.0
1026,2024-09-04,PRYJ,09:35 PM,09:35 PM,0.0,09:50 PM,09:50 PM,0.0
1026,2024-09-06,PRYJ,09:35 PM,09:35 PM,0.0,09:50 PM,09:50 PM,0.0
1026,2024-09-08,PRYJ,09:35 PM,09:35 PM,0.0,09:50 PM,09:50 PM,0.0
1026,2024-09-11,PRYJ,09:35 PM,09:35 PM,0.0,09:50 PM,09:50 PM,0.0
1026,2024-09-13,PRYJ,09:35 PM,09:35 PM,0.0,09:50 PM,09:50 PM,0.0
1026,2024-09-15,PRYJ,09:35 PM,09:35 PM,0.0,09:50 PM,09:50 PM,0.0
1026,2024-09-18,PRYJ,09:35 PM,09:35 PM,0.0,09:50 PM,09:50 PM,0.0
1026,2024-09-20,PRYJ,09:35 PM,09:35 PM,0.0,09:50 PM,09:50 PM,0.0
1026,2024-09-22,PRYJ,09:35 PM,09:35 PM,0.0,09:50 PM,09:50 PM,0.0
1026,2024-09-25,PRYJ,09:35 PM,09:35 PM,0.0,09:50 PM,09:50 PM,0.0
1026,2024-09-27,PRYJ,09:35 PM,09:35 PM,0.0,09:50 PM,09:50 PM,0.0
1026,2024-09-29,PRYJ,09:35 PM,09:35 PM,0.0,09:50 PM,09:50 PM,0.0
15065,2024-09-01,CNB,03:55 PM,06:45 PM,170.0,04:00 PM,06:50 PM,170.0
15065,2024-09-02,CNB,03:55 PM,04:04 PM,9.0,04:00 PM,04:09 PM,9.0
15065,2024-09-03,CNB,03:55 PM,03:56 PM,0.0,04:00 PM,04:01 PM,0.0
15065,2024-09-05,CNB,03:55 PM,04:01 PM,6.0,04:00 PM,04:06 PM,6.0
15065,2024-09-06,CNB,03:55 PM,04:24 PM,29.0,04:00 PM,04:29 PM,29.0
15065,2024-09-08,CNB,03:55 PM,03:56 PM,0.0,04:00 PM,04:01 PM,0.0
15065,2024-09-09,CNB,03:55 PM,04:15 PM,20.0,04:00 PM,04:20 PM,20.0
15065,2024-09-10,CNB,03:55 PM,03:55 PM,0.0,04:00 PM,04:00 PM,0.0
15065,2024-09-12,CNB,03:55 PM,03:56 PM,0.0,04:00 PM,04:01 PM,0.0
15065,2024-09-13,CNB,03:55 PM,03:55 PM,0.0,04:00 PM,04:00 PM,0.0
15065,2024-09-15,CNB,03:55 PM,03:57 PM,2.0,04:00 PM,04:02 PM,2.0
15065,2024-09-16,CNB,03:55 PM,04:03 PM,8.0,04:00 PM,04:08 PM,8.0
15065,2024-09-17,CNB,03:55 PM,04:03 PM,8.0,04:00 PM,04:08 PM,8.0
15065,2024-09-19,CNB,03:55 PM,04:26 PM,31.0,04:00 PM,04:31 PM,31.0
15065,2024-09-20,CNB,03:55 PM,03:55 PM,0.0,04:00 PM,04:00 PM,0.0
15065,2024-09-22,CNB,03:55 PM,03:57 PM,2.0,04:00 PM,04:02 PM,2.0
15065,2024-09-23,CNB,03:55 PM,03:58 PM,3.0,04:00 PM,04:03 PM,3.0
15065,2024-09-24,CNB,03:55 PM,04:00 PM,5.0,04:00 PM,04:05 PM,5.0
15065,2024-09-26,CNB,03:55 PM,04:01 PM,6.0,04:00 PM,04:06 PM,6.0
15065,2024-09-27,CNB,03:55 PM,03:55 PM,0.0,04:00 PM,04:00 PM,0.0
15065,2024-09-29,CNB,03:55 PM,03:55 PM,0.0,04:00 PM,04:00 PM,0.0
15065,2024-09-30,CNB,03:55 PM,04:13 PM,18.0,04:00 PM,04:18 PM,18.0
15067,2024-09-04,CNB,03:55 PM,03:55 PM,0.0,04:00 PM,04:00 PM,0.0
15067,2024-09-11,CNB,03:55 PM,04:04 PM,9.0,04:00 PM,04:09 PM,9.0
15067,2024-09-18,CNB,03:55 PM,03:58 PM,3.0,04:00 PM,04:03 PM,3.0
15067,2024-09-25,CNB,03:55 PM,03:59 PM,4.0,04:00 PM,04:04 PM,4.0
4200,2024-09-05,DDU,03:15 PM,05:09 PM,114.0,03:25 PM,05:19 PM,114.0
12144,2024-09-03,CNB,08:25 AM,08:43 AM,18.0,08:30 AM,08:48 AM,18.0
12144,2024-09-10,CNB,08:25 AM,09:32 AM,67.0,08:30 AM,09:37 AM,67.0
12144,2024-09-17,CNB,08:25 AM,08:58 AM,33.0,08:30 AM,09:03 AM,33.0
12144,2024-09-24,CNB,08:25 AM,08:32 AM,7.0,08:30 AM,08:37 AM,7.0
13484,2024-09-01,CNB,06:20 AM,08:01 AM,101.0,06:30 AM,08:11 AM,101.0
13484,2024-09-01,DDU,06:10 PM,06:10 PM,0.0,06:20 PM,06:20 PM,0.0
13484,2024-09-01,BXR,08:05 PM,08:05 PM,0.0,08:10 PM,08:10 PM,0.0
13484,2024-09-03,CNB,06:20 AM,06:41 AM,21.0,06:30 AM,06:51 AM,21.0
13484,2024-09-03,DDU,06:10 PM,06:10 PM,0.0,06:20 PM,06:20 PM,0.0
13484,2024-09-03,BXR,08:05 PM,08:05 PM,0.0,08:10 PM,08:10 PM,0.0
13484,2024-09-05,CNB,06:20 AM,06:20 AM,0.0,06:30 AM,06:30 AM,0.0
13484,2024-09-05,DDU,06:10 PM,06:10 PM,0.0,06:20 PM,06:20 PM,0.0
13484,2024-09-05,BXR,08:05 PM,08:05 PM,0.0,08:10 PM,08:10 PM,0.0
13484,2024-09-06,CNB,06:20 AM,06:20 AM,0.0,06:30 AM,06:30 AM,0.0
13484,2024-09-06,DDU,06:10 PM,07:26 PM,76.0,06:20 PM,07:36 PM,76.0
13484,2024-09-06,BXR,08:05 PM,09:15 PM,70.0,08:10 PM,09:20 PM,70.0
13484,2024-09-08,CNB,06:20 AM,06:20 AM,0.0,06:30 AM,06:30 AM,0.0
13484,2024-09-08,DDU,06:10 PM,06:10 PM,0.0,06:20 PM,06:20 PM,0.0
13484,2024-09-08,BXR,08:05 PM,08:05 PM,0.0,08:10 PM,08:10 PM,0.0
13484,2024-09-10,CNB,06:20 AM,06:44 AM,24.0,06:30 AM,06:54 AM,24.0
13484,2024-09-10,DDU,06:10 PM,06:26 PM,16.0,06:20 PM,06:36 PM,16.0
13484,2024-09-10,BXR,08:05 PM,08:05 PM,0.0,08:10 PM,08:10 PM,0.0
13484,2024-09-12,CNB,06:20 AM,06:36 AM,16.0,06:30 AM,06:46 AM,16.0
13484,2024-09-12,DDU,06:10 PM,06:12 PM,2.0,06:20 PM,06:22 PM,2.0
13484,2024-09-12,BXR,08:05 PM,08:05 PM,0.0,08:10 PM,08:10 PM,0.0
13484,2024-09-13,CNB,06:20 AM,06:20 AM,0.0,06:30 AM,06:30 AM,0.0
13484,2024-09-13,DDU,06:10 PM,06:10 PM,0.0,06:20 PM,06:20 PM,0.0
13484,2024-09-13,BXR,08:05 PM,08:05 PM,0.0,08:10 PM,08:10 PM,0.0
13484,2024-09-15,CNB,06:20 AM,06:20 AM,0.0,06:30 AM,06:30 AM,0.0
13484,2024-09-15,DDU,06:10 PM,06:10 PM,0.0,06:20 PM,06:20 PM,0.0
13484,2024-09-15,BXR,08:05 PM,08:05 PM,0.0,08:10 PM,08:10 PM,0.0
13484,2024-09-17,CNB,06:20 AM,06:43 AM,23.0,06:30 AM,06:53 AM,23.0
13484,2024-09-17,DDU,06:10 PM,06:10 PM,0.0,06:20 PM,06:20 PM,0.0
13484,2024-09-17,BXR,08:05 PM,08:05 PM,0.0,08:10 PM,08:10 PM,0.0
13484,2024-09-19,CNB,06:20 AM,06:39 AM,19.0,06:30 AM,06:49 AM,19.0
13484,2024-09-19,DDU,06:10 PM,06:10 PM,0.0,06:20 PM,06:20 PM,0.0
13484,2024-09-19,BXR,08:05 PM,08:05 PM,0.0,08:10 PM,08:10 PM,0.0
13484,2024-09-20,CNB,06:20 AM,06:21 AM,0.0,06:30 AM,06:31 AM,0.0
13484,2024-09-20,DDU,06:10 PM,06:40 PM,30.0,06:20 PM,06:50 PM,30.0
13484,2024-09-20,BXR,08:05 PM,08:22 PM,17.0,08:10 PM,08:27 PM,17.0
13484,2024-09-22,CNB,06:20 AM,06:20 AM,0.0,06:30 AM,06:30 AM,0.0
13484,2024-09-22,DDU,06:10 PM,06:11 PM,0.0,06:20 PM,06:21 PM,0.0
13484,2024-09-22,BXR,08:05 PM,08:05 PM,0.0,08:10 PM,08:10 PM,0.0
13484,2024-09-24,CNB,06:20 AM,06:21 AM,0.0,06:30 AM,06:31 AM,0.0
13484,2024-09-24,DDU,06:10 PM,06:40 PM,30.0,06:20 PM,06:50 PM,30.0
13484,2024-09-24,BXR,08:05 PM,08:53 PM,48.0,08:10 PM,08:58 PM,48.0
13484,2024-09-26,CNB,06:20 AM,06:21 AM,0.0,06:30 AM,06:31 AM,0.0
13484,2024-09-26,DDU,06:10 PM,06:10 PM,0.0,06:20 PM,06:20 PM,0.0
13484,2024-09-26,BXR,08:05 PM,08:05 PM,0.0,08:10 PM,08:10 PM,0.0
13484,2024-09-27,CNB,06:20 AM,06:20 AM,0.0,06:30 AM,06:30 AM,0.0
13484,2024-09-27,DDU,06:10 PM,06:10 PM,0.0,06:20 PM,06:20 PM,0.0
13484,2024-09-27,BXR,08:05 PM,08:30 PM,25.0,08:10 PM,08:35 PM,25.0
13484,2024-09-29,CNB,06:20 AM,06:39 AM,19.0,06:30 AM,06:49 AM,19.0
13484,2024-09-29,DDU,06:10 PM,06:26 PM,16.0,06:20 PM,06:36 PM,16.0
13484,2024-09-29,BXR,08:05 PM,08:20 PM,15.0,08:10 PM,08:25 PM,15.0
22534,2024-09-04,CNB,11:30 AM,11:30 AM,0.0,11:35 AM,11:35 AM,0.0
22534,2024-09-11,CNB,11:30 AM,11:30 AM,0.0,11:35 AM,11:35 AM,0.0
22534,2024-09-18,CNB,11:30 AM,11:30 AM,0.0,11:35 AM,11:35 AM,0.0
22433,2024-09-03,PRYJ,08:25 PM,08:30 PM,5.0,08:30 PM,08:35 PM,5.0
22433,2024-09-03,CNB,10:55 PM,11:31 PM,36.0,11:00 PM,11:36 PM,36.0
22433,2024-09-07,PRYJ,08:25 PM,08:27 PM,2.0,08:30 PM,08:32 PM,2.0
22433,2024-09-07,CNB,10:55 PM,11:17 PM,22.0,11:00 PM,11:22 PM,22.0
22433,2024-09-10,PRYJ,08:25 PM,08:25 PM,0.0,08:30 PM,08:30 PM,0.0
22433,2024-09-10,CNB,10:55 PM,11:32 PM,37.0,11:00 PM,11:37 PM,37.0
22433,2024-09-14,PRYJ,08:25 PM,08:26 PM,0.0,08:30 PM,08:31 PM,0.0
22433,2024-09-14,CNB,10:55 PM,10:56 PM,0.0,11:00 PM,11:01 PM,0.0
22433,2024-09-17,PRYJ,08:25 PM,08:25 PM,0.0,08:30 PM,08:30 PM,0.0
22433,2024-09-17,CNB,10:55 PM,10:55 PM,0.0,11:00 PM,11:00 PM,0.0
22433,2024-09-21,PRYJ,08:25 PM,10:52 PM,147.0,08:30 PM,10:57 PM,147.0
22433,2024-09-21,CNB,10:55 PM,01:43 AM,168.0,11:00 PM,01:48 AM,168.0
22433,2024-09-24,PRYJ,08:25 PM,09:37 PM,72.0,08:30 PM,09:42 PM,72.0
22433,2024-09-24,CNB,10:55 PM,10:55 PM,0.0,11:00 PM,11:00 PM,0.0
22433,2024-09-28,PRYJ,08:25 PM,10:27 PM,122.0,08:30 PM,10:32 PM,122.0
22433,2024-09-28,CNB,10:55 PM,01:23 AM,148.0,11:00 PM,01:28 AM,148.0
20887,2024-09-01,DDU,12:15 PM,12:15 PM,0.0,12:20 PM,12:20 PM,0.0
20887,2024-09-02,DDU,12:15 PM,12:15 PM,0.0,12:20 PM,12:20 PM,0.0
20887,2024-09-03,DDU,12:15 PM,12:28 PM,13.0,12:20 PM,12:33 PM,13.0
20887,2024-09-04,DDU,12:15 PM,12:27 PM,12.0,12:20 PM,12:32 PM,12.0
20887,2024-09-06,DDU,12:15 PM,12:23 PM,8.0,12:20 PM,12:28 PM,8.0
20887,2024-09-08,DDU,12:15 PM,12:15 PM,0.0,12:20 PM,12:20 PM,0.0
20887,2024-09-09,DDU,12:15 PM,12:15 PM,0.0,12:20 PM,12:20 PM,0.0
20887,2024-09-10,DDU,12:15 PM,12:36 PM,21.0,12:20 PM,12:41 PM,21.0
20887,2024-09-11,DDU,12:15 PM,12:15 PM,0.0,12:20 PM,12:20 PM,0.0
20887,2024-09-13,DDU,12:15 PM,12:15 PM,0.0,12:20 PM,12:20 PM,0.0
20887,2024-09-14,DDU,12:15 PM,12:15 PM,0.0,12:20 PM,12:20 PM,0.0
20887,2024-09-15,DDU,12:15 PM,12:15 PM,0.0,12:20 PM,12:20 PM,0.0
20887,2024-09-16,DDU,12:15 PM,12:32 PM,17.0,12:20 PM,12:37 PM,17.0
20887,2024-09-17,DDU,12:15 PM,12:15 PM,0.0,12:20 PM,12:20 PM,0.0
20887,2024-09-18,DDU,12:15 PM,12:15 PM,0.0,12:20 PM,12:20 PM,0.0
20887,2024-09-20,DDU,12:15 PM,12:15 PM,0.0,12:20 PM,12:20 PM,0.0
20887,2024-09-22,DDU,12:15 PM,12:16 PM,0.0,12:20 PM,12:21 PM,0.0
20887,2024-09-23,DDU,12:15 PM,12:15 PM,0.0,12:20 PM,12:20 PM,0.0
20887,2024-09-24,DDU,12:15 PM,12:27 PM,12.0,12:20 PM,12:32 PM,12.0
20887,2024-09-25,DDU,12:15 PM,12:15 PM,0.0,12:20 PM,12:20 PM,0.0
20887,2024-09-27,DDU,12:15 PM,12:15 PM,0.0,12:20 PM,12:20 PM,0.0
20887,2024-09-28,DDU,12:15 PM,12:15 PM,0.0,12:20 PM,12:20 PM,0.0
20887,2024-09-29,DDU,12:15 PM,12:15 PM,0.0,12:20 PM,12:20 PM,0.0
20887,2024-09-30,DDU,12:15 PM,12:15 PM,0.0,12:20 PM,12:20 PM,0.0
12561,2024-09-01,PRYJ,07:10 AM,07:11 AM,0.0,07:20 AM,07:21 AM,0.0
12561,2024-09-01,CNB,09:35 AM,09:54 AM,19.0,09:40 AM,09:59 AM,19.0
12561,2024-09-02,PRYJ,07:10 AM,07:10 AM,0.0,07:20 AM,07:20 AM,0.0
12561,2024-09-02,CNB,09:35 AM,09:44 AM,9.0,09:40 AM,09:49 AM,9.0
12561,2024-09-03,PRYJ,07:10 AM,07:11 AM,0.0,07:20 AM,07:21 AM,0.0
12561,2024-09-03,CNB,09:35 AM,09:53 AM,18.0,09:40 AM,09:58 AM,18.0
12561,2024-09-04,PRYJ,07:10 AM,07:38 AM,28.0,07:20 AM,07:48 AM,28.0
12561,2024-09-04,CNB,09:35 AM,10:03 AM,28.0,09:40 AM,10:08 AM,28.0
12561,2024-09-05,PRYJ,07:10 AM,07:10 AM,0.0,07:20 AM,07:20 AM,0.0
12561,2024-09-05,CNB,09:35 AM,09:35 AM,0.0,09:40 AM,09:40 AM,0.0
12561,2024-09-06,PRYJ,07:10 AM,07:11 AM,0.0,07:20 AM,07:21 AM,0.0
12561,2024-09-06,CNB,09:35 AM,09:57 AM,22.0,09:40 AM,10:02 AM,22.0
12561,2024-09-07,PRYJ,07:10 AM,07:10 AM,0.0,07:20 AM,07:20 AM,0.0
12561,2024-09-07,CNB,09:35 AM,09:44 AM,9.0,09:40 AM,09:49 AM,9.0
12561,2024-09-08,PRYJ,07:10 AM,07:10 AM,0.0,07:20 AM,07:20 AM,0.0
12561,2024-09-08,CNB,09:35 AM,09:53 AM,18.0,09:40 AM,09:58 AM,18.0
12561,2024-09-09,PRYJ,07:10 AM,07:10 AM,0.0,07:20 AM,07:20 AM,0.0
12561,2024-09-09,CNB,09:35 AM,09:55 AM,20.0,09:40 AM,10:00 AM,20.0
12561,2024-09-10,PRYJ,07:10 AM,07:15 AM,5.0,07:20 AM,07:25 AM,5.0
12561,2024-09-10,CNB,09:35 AM,10:01 AM,26.0,09:40 AM,10:06 AM,26.0
12561,2024-09-11,PRYJ,07:10 AM,07:10 AM,0.0,07:20 AM,07:20 AM,0.0
12561,2024-09-11,CNB,09:35 AM,09:55 AM,20.0,09:40 AM,10:00 AM,20.0
12561,2024-09-12,PRYJ,07:10 AM,07:10 AM,0.0,07:20 AM,07:20 AM,0.0
12561,2024-09-12,CNB,09:35 AM,09:35 AM,0.0,09:40 AM,09:40 AM,0.0
12561,2024-09-13,PRYJ,07:10 AM,07:11 AM,0.0,07:20 AM,07:21 AM,0.0
12561,2024-09-13,CNB,09:35 AM,09:50 AM,15.0,09:40 AM,09:55 AM,15.0
12561,2024-09-14,PRYJ,07:10 AM,07:10 AM,0.0,07:20 AM,07:20 AM,0.0
12561,2024-09-14,CNB,09:35 AM,09:47 AM,12.0,09:40 AM,09:52 AM,12.0
12561,2024-09-15,PRYJ,07:10 AM,09:29 AM,139.0,07:20 AM,09:39 AM,139.0
12561,2024-09-15,CNB,09:35 AM,12:14 PM,159.0,09:40 AM,12:19 PM,159.0
12561,2024-09-16,PRYJ,07:10 AM,07:12 AM,2.0,07:20 AM,07:22 AM,2.0
12561,2024-09-16,CNB,09:35 AM,09:48 AM,13.0,09:40 AM,09:53 AM,13.0
12561,2024-09-17,PRYJ,07:10 AM,07:13 AM,3.0,07:20 AM,07:23 AM,3.0
12561,2024-09-17,CNB,09:35 AM,10:08 AM,33.0,09:40 AM,10:13 AM,33.0
12561,2024-09-18,PRYJ,07:10 AM,11:04 AM,234.0,07:20 AM,11:14 AM,234.0
12561,2024-09-18,CNB,09:35 AM,01:42 PM,247.0,09:40 AM,01:47 PM,247.0
12561,2024-09-19,PRYJ,07:10 AM,07:13 AM,3.0,07:20 AM,07:23 AM,3.0
12561,2024-09-19,CNB,09:35 AM,09:52 AM,17.0,09:40 AM,09:57 AM,17.0
12561,2024-09-20,PRYJ,07:10 AM,07:11 AM,0.0,07:20 AM,07:21 AM,0.0
12561,2024-09-20,CNB,09:35 AM,10:04 AM,29.0,09:40 AM,10:09 AM,29.0
12561,2024-09-21,PRYJ,07:10 AM,07:11 AM,0.0,07:20 AM,07:21 AM,0.0
12561,2024-09-21,CNB,09:35 AM,10:02 AM,27.0,09:40 AM,10:07 AM,27.0
12561,2024-09-22,PRYJ,07:10 AM,07:41 AM,31.0,07:20 AM,07:51 AM,31.0
12561,2024-09-22,CNB,09:35 AM,10:00 AM,25.0,09:40 AM,10:05 AM,25.0
12561,2024-09-23,PRYJ,07:10 AM,07:10 AM,0.0,07:20 AM,07:20 AM,0.0
12561,2024-09-23,CNB,09:35 AM,09:50 AM,15.0,09:40 AM,09:55 AM,15.0
12561,2024-09-24,PRYJ,07:10 AM,07:11 AM,0.0,07:20 AM,07:21 AM,0.0
12561,2024-09-24,CNB,09:35 AM,10:11 AM,36.0,09:40 AM,10:16 AM,36.0
12561,2024-09-25,PRYJ,07:10 AM,07:11 AM,0.0,07:20 AM,07:21 AM,0.0
12561,2024-09-25,CNB,09:35 AM,12:58 PM,203.0,09:40 AM,01:03 PM,203.0
12561,2024-09-26,PRYJ,07:10 AM,07:22 AM,12.0,07:20 AM,07:32 AM,12.0
12561,2024-09-26,CNB,09:35 AM,10:10 AM,35.0,09:40 AM,10:15 AM,35.0
12561,2024-09-27,PRYJ,07:10 AM,07:40 AM,30.0,07:20 AM,07:50 AM,30.0
12561,2024-09-27,CNB,09:35 AM,10:08 AM,33.0,09:40 AM,10:13 AM,33.0
12561,2024-09-28,PRYJ,07:10 AM,09:16 AM,126.0,07:20 AM,09:26 AM,126.0
12561,2024-09-28,CNB,09:35 AM,12:36 PM,181.0,09:40 AM,12:41 PM,181.0
12561,2024-09-29,PRYJ,07:10 AM,07:13 AM,3.0,07:20 AM,07:23 AM,3.0
12561,2024-09-29,CNB,09:35 AM,09:51 AM,16.0,09:40 AM,09:56 AM,16.0
12561,2024-09-30,PRYJ,07:10 AM,07:11 AM,0.0,07:20 AM,07:21 AM,0.0
12561,2024-09-30,CNB,09:35 AM,09:41 AM,6.0,09:40 AM,09:46 AM,6.0
12319,2024-09-04,DDU,10:30 PM,11:16 PM,46.0,10:40 PM,11:26 PM,46.0
12319,2024-09-04,PRYJ,12:45 AM,01:34 AM,49.0,12:50 AM,01:39 AM,49.0
12319,2024-09-04,CNB,02:50 AM,04:15 AM,85.0,02:55 AM,04:20 AM,85.0
12319,2024-09-11,DDU,10:30 PM,10:33 PM,3.0,10:40 PM,10:43 PM,3.0
12319,2024-09-11,PRYJ,12:45 AM,01:11 AM,26.0,12:50 AM,01:16 AM,26.0
12319,2024-09-11,CNB,02:50 AM,03:37 AM,47.0,02:55 AM,03:42 AM,47.0
12319,2024-09-18,DDU,10:30 PM,10:30 PM,0.0,10:40 PM,10:40 PM,0.0
12319,2024-09-18,PRYJ,12:45 AM,12:54 AM,9.0,12:50 AM,12:59 AM,9.0
12319,2024-09-18,CNB,02:50 AM,03:19 AM,29.0,02:55 AM,03:24 AM,29.0
12319,2024-09-25,DDU,10:30 PM,10:49 PM,19.0,10:40 PM,10:59 PM,19.0
12319,2024-09-25,PRYJ,12:45 AM,01:08 AM,23.0,12:50 AM,01:13 AM,23.0
12319,2024-09-25,CNB,02:50 AM,03:30 AM,40.0,02:55 AM,03:35 AM,40.0
22307,2024-09-02,DDU,09:45 AM,09:46 AM,0.0,09:55 AM,09:56 AM,0.0
22307,2024-09-02,PRYJ,12:15 PM,12:15 PM,0.0,12:20 PM,12:20 PM,0.0
22307,2024-09-02,CNB,02:50 PM,03:14 PM,24.0,02:55 PM,03:19 PM,24.0
22307,2024-09-05,DDU,09:45 AM,09:49 AM,4.0,09:55 AM,09:59 AM,4.0
22307,2024-09-05,PRYJ,12:15 PM,12:15 PM,0.0,12:20 PM,12:20 PM,0.0
22307,2024-09-05,CNB,02:50 PM,02:59 PM,9.0,02:55 PM,03:04 PM,9.0
22307,2024-09-06,DDU,09:45 AM,09:46 AM,0.0,09:55 AM,09:56 AM,0.0
22307,2024-09-06,PRYJ,12:15 PM,12:19 PM,4.0,12:20 PM,12:24 PM,4.0
22307,2024-09-06,CNB,02:50 PM,03:05 PM,15.0,02:55 PM,03:10 PM,15.0
22307,2024-09-09,DDU,09:45 AM,10:00 AM,15.0,09:55 AM,10:10 AM,15.0
22307,2024-09-09,PRYJ,12:15 PM,12:21 PM,6.0,12:20 PM,12:26 PM,6.0
22307,2024-09-09,CNB,02:50 PM,02:58 PM,8.0,02:55 PM,03:03 PM,8.0
22307,2024-09-12,DDU,09:45 AM,09:49 AM,4.0,09:55 AM,09:59 AM,4.0
22307,2024-09-12,PRYJ,12:15 PM,12:21 PM,6.0,12:20 PM,12:26 PM,6.0
22307,2024-09-12,CNB,02:50 PM,03:02 PM,12.0,02:55 PM,03:07 PM,12.0
22307,2024-09-13,DDU,09:45 AM,09:45 AM,0.0,09:55 AM,09:55 AM,0.0
22307,2024-09-13,PRYJ,12:15 PM,12:15 PM,0.0,12:20 PM,12:20 PM,0.0
22307,2024-09-13,CNB,02:50 PM,02:50 PM,0.0,02:55 PM,02:55 PM,0.0
22307,2024-09-16,DDU,09:45 AM,10:36 AM,51.0,09:55 AM,10:46 AM,51.0
22307,2024-09-16,PRYJ,12:15 PM,01:48 PM,93.0,12:20 PM,01:53 PM,93.0
22307,2024-09-16,CNB,02:50 PM,04:49 PM,119.0,02:55 PM,04:54 PM,119.0
22307,2024-09-19,DDU,09:45 AM,09:46 AM,0.0,09:55 AM,09:56 AM,0.0
22307,2024-09-19,PRYJ,12:15 PM,12:19 PM,4.0,12:20 PM,12:24 PM,4.0
22307,2024-09-19,CNB,02:50 PM,03:11 PM,21.0,02:55 PM,03:16 PM,21.0
22307,2024-09-20,DDU,09:45 AM,09:58 AM,13.0,09:55 AM,10:08 AM,13.0
22307,2024-09-20,PRYJ,12:15 PM,12:21 PM,6.0,12:20 PM,12:26 PM,6.0
22307,2024-09-20,CNB,02:50 PM,03:02 PM,12.0,02:55 PM,03:07 PM,12.0
22307,2024-09-23,DDU,09:45 AM,09:47 AM,2.0,09:55 AM,09:57 AM,2.0
22307,2024-09-23,PRYJ,12:15 PM,12:30 PM,15.0,12:20 PM,12:35 PM,15.0
22307,2024-09-23,CNB,02:50 PM,03:49 PM,59.0,02:55 PM,03:54 PM,59.0
22307,2024-09-26,DDU,09:45 AM,09:45 AM,0.0,09:55 AM,09:55 AM,0.0
22307,2024-09-26,PRYJ,12:15 PM,12:18 PM,3.0,12:20 PM,12:23 PM,3.0
22307,2024-09-26,CNB,02:50 PM,03:01 PM,11.0,02:55 PM,03:06 PM,11.0
22307,2024-09-27,DDU,09:45 AM,09:45 AM,0.0,09:55 AM,09:55 AM,0.0
22307,2024-09-27,PRYJ,12:15 PM,12:16 PM,0.0,12:20 PM,12:21 PM,0.0
22307,2024-09-27,CNB,02:50 PM,03:08 PM,18.0,02:55 PM,03:13 PM,18.0
11038,2024-09-07,PRYJ,12:10 AM,12:10 AM,0.0,12:30 AM,12:30 AM,0.0
11038,2024-09-14,PRYJ,12:10 AM,12:10 AM,0.0,12:30 AM,12:30 AM,0.0
11038,2024-09-21,PRYJ,12:10 AM,12:10 AM,0.0,12:30 AM,12:30 AM,0.0
11038,2024-09-28,PRYJ,12:10 AM,12:10 AM,0.0,12:30 AM,12:30 AM,0.0
12259,2024-09-01,DDU,01:25 AM,01:28 AM,3.0,01:35 AM,01:38 AM,3.0
12259,2024-09-01,CNB,05:30 AM,05:32 AM,2.0,05:35 AM,05:37 AM,2.0
12259,2024-09-02,DDU,01:25 AM,01:26 AM,0.0,01:35 AM,01:36 AM,0.0
12259,2024-09-02,CNB,05:30 AM,05:32 AM,2.0,05:35 AM,05:37 AM,2.0
12259,2024-09-04,DDU,01:25 AM,01:29 AM,4.0,01:35 AM,01:39 AM,4.0
12259,2024-09-04,CNB,05:30 AM,05:35 AM,5.0,05:35 AM,05:40 AM,5.0
12259,2024-09-05,DDU,01:25 AM,01:29 AM,4.0,01:35 AM,01:39 AM,4.0
12259,2024-09-05,CNB,05:30 AM,05:50 AM,20.0,05:35 AM,05:55 AM,20.0
12259,2024-09-08,DDU,01:25 AM,01:29 AM,4.0,01:35 AM,01:39 AM,4.0
12259,2024-09-08,CNB,05:30 AM,05:34 AM,4.0,05:35 AM,05:39 AM,4.0
12259,2024-09-09,DDU,01:25 AM,01:36 AM,11.0,01:35 AM,01:46 AM,11.0
12259,2024-09-09,CNB,05:30 AM,05:44 AM,14.0,05:35 AM,05:49 AM,14.0
12259,2024-09-11,DDU,01:25 AM,01:26 AM,0.0,01:35 AM,01:36 AM,0.0
12259,2024-09-11,CNB,05:30 AM,05:32 AM,2.0,05:35 AM,05:37 AM,2.0
12259,2024-09-12,DDU,01:25 AM,01:29 AM,4.0,01:35 AM,01:39 AM,4.0
12259,2024-09-12,CNB,05:30 AM,05:38 AM,8.0,05:35 AM,05:43 AM,8.0
12259,2024-09-15,DDU,01:25 AM,01:49 AM,24.0,01:35 AM,01:59 AM,24.0
12259,2024-09-15,CNB,05:30 AM,06:08 AM,38.0,05:35 AM,06:13 AM,38.0
12259,2024-09-16,DDU,01:25 AM,01:33 AM,8.0,01:35 AM,01:43 AM,8.0
12259,2024-09-16,CNB,05:30 AM,05:50 AM,20.0,05:35 AM,05:55 AM,20.0
12259,2024-09-18,DDU,01:25 AM,01:26 AM,0.0,01:35 AM,01:36 AM,0.0
12259,2024-09-18,CNB,05:30 AM,05:41 AM,11.0,05:35 AM,05:46 AM,11.0
12259,2024-09-19,DDU,01:25 AM,01:29 AM,4.0,01:35 AM,01:39 AM,4.0
12259,2024-09-19,CNB,05:30 AM,06:10 AM,40.0,05:35 AM,06:15 AM,40.0
12259,2024-09-22,DDU,01:25 AM,01:29 AM,4.0,01:35 AM,01:39 AM,4.0
12259,2024-09-22,CNB,05:30 AM,05:30 AM,0.0,05:35 AM,05:35 AM,0.0
12259,2024-09-23,DDU,01:25 AM,01:33 AM,8.0,01:35 AM,01:43 AM,8.0
12259,2024-09-23,CNB,05:30 AM,05:38 AM,8.0,05:35 AM,05:43 AM,8.0
12259,2024-09-25,DDU,01:25 AM,01:27 AM,2.0,01:35 AM,01:37 AM,2.0
12259,2024-09-25,CNB,05:30 AM,05:47 AM,17.0,05:35 AM,05:52 AM,17.0
12259,2024-09-26,DDU,01:25 AM,01:26 AM,0.0,01:35 AM,01:36 AM,0.0
12259,2024-09-26,CNB,05:30 AM,05:36 AM,6.0,05:35 AM,05:41 AM,6.0
12259,2024-09-30,DDU,01:25 AM,01:25 AM,0.0,01:35 AM,01:35 AM,0.0
12259,2024-09-30,CNB,05:30 AM,05:30 AM,0.0,05:35 AM,05:35 AM,0.0
15636,2024-09-02,BXR,06:35 AM,06:35 AM,0.0,06:37 AM,06:37 AM,0.0
15636,2024-09-02,DDU,09:05 AM,09:05 AM,0.0,09:15 AM,09:15 AM,0.0
15636,2024-09-02,CNB,07:20 PM,07:20 PM,0.0,07:25 PM,07:25 PM,0.0
15636,2024-09-09,BXR,06:35 AM,06:35 AM,0.0,06:37 AM,06:37 AM,0.0
15636,2024-09-09,DDU,09:05 AM,09:05 AM,0.0,09:15 AM,09:15 AM,0.0
15636,2024-09-09,CNB,07:20 PM,07:20 PM,0.0,07:25 PM,07:25 PM,0.0
15636,2024-09-16,BXR,06:35 AM,06:35 AM,0.0,06:37 AM,06:37 AM,0.0
15636,2024-09-16,DDU,09:05 AM,09:05 AM,0.0,09:15 AM,09:15 AM,0.0
15636,2024-09-16,CNB,07:20 PM,07:20 PM,0.0,07:25 PM,07:25 PM,0.0
15636,2024-09-23,BXR,06:35 AM,06:35 AM,0.0,06:37 AM,06:37 AM,0.0
15636,2024-09-23,DDU,09:05 AM,09:05 AM,0.0,09:15 AM,09:15 AM,0.0
15636,2024-09-23,CNB,07:20 PM,07:20 PM,0.0,07:25 PM,07:25 PM,0.0
15636,2024-09-30,BXR,06:35 AM,06:35 AM,0.0,06:37 AM,06:37 AM,0.0
15636,2024-09-30,DDU,09:05 AM,09:28 AM,23.0,09:15 AM,09:38 AM,23.0
15636,2024-09-30,CNB,07:20 PM,07:20 PM,0.0,07:25 PM,07:25 PM,0.0
12418,2024-09-01,CNB,03:50 AM,03:50 AM,0.0,03:55 AM,03:55 AM,0.0
12418,2024-09-01,PRYJ,07:00 AM,07:00 AM,0.0,07:00 AM,07:00 AM,0.0
12418,2024-09-02,CNB,03:50 AM,04:03 AM,13.0,03:55 AM,04:08 AM,13.0
12418,2024-09-02,PRYJ,07:00 AM,07:00 AM,0.0,07:00 AM,07:00 AM,0.0
12418,2024-09-03,CNB,03:50 AM,04:06 AM,16.0,03:55 AM,04:11 AM,16.0
12418,2024-09-03,PRYJ,07:00 AM,07:00 AM,0.0,07:00 AM,07:00 AM,0.0
12418,2024-09-04,CNB,03:50 AM,04:23 AM,33.0,03:55 AM,04:28 AM,33.0
12418,2024-09-04,PRYJ,07:00 AM,07:00 AM,0.0,07:00 AM,07:00 AM,0.0
12418,2024-09-05,CNB,03:50 AM,03:50 AM,0.0,03:55 AM,03:55 AM,0.0
12418,2024-09-05,PRYJ,07:00 AM,07:00 AM,0.0,07:00 AM,07:00 AM,0.0
12418,2024-09-06,CNB,03:50 AM,03:50 AM,0.0,03:55 AM,03:55 AM,0.0
12418,2024-09-06,PRYJ,07:00 AM,07:00 AM,0.0,07:00 AM,07:00 AM,0.0
12418,2024-09-07,CNB,03:50 AM,04:16 AM,26.0,03:55 AM,04:21 AM,26.0
12418,2024-09-07,PRYJ,07:00 AM,07:00 AM,0.0,07:00 AM,07:00 AM,0.0
12418,2024-09-08,CNB,03:50 AM,04:25 AM,35.0,03:55 AM,04:30 AM,35.0
12418,2024-09-08,PRYJ,07:00 AM,07:00 AM,0.0,07:00 AM,07:00 AM,0.0
12418,2024-09-09,CNB,03:50 AM,03:50 AM,0.0,03:55 AM,03:55 AM,0.0
12418,2024-09-09,PRYJ,07:00 AM,07:00 AM,0.0,07:00 AM,07:00 AM,0.0
12418,2024-09-10,CNB,03:50 AM,04:33 AM,43.0,03:55 AM,04:38 AM,43.0
12418,2024-09-10,PRYJ,07:00 AM,07:07 AM,7.0,07:00 AM,07:07 AM,7.0
12418,2024-09-11,CNB,03:50 AM,04:26 AM,36.0,03:55 AM,04:31 AM,36.0
12418,2024-09-11,PRYJ,07:00 AM,07:00 AM,0.0,07:00 AM,07:00 AM,0.0
12418,2024-09-12,CNB,03:50 AM,04:52 AM,62.0,03:55 AM,04:57 AM,62.0
12418,2024-09-12,PRYJ,07:00 AM,07:00 AM,0.0,07:00 AM,07:00 AM,0.0
12418,2024-09-13,CNB,03:50 AM,04:34 AM,44.0,03:55 AM,04:39 AM,44.0
12418,2024-09-13,PRYJ,07:00 AM,07:00 AM,0.0,07:00 AM,07:00 AM,0.0
12418,2024-09-14,CNB,03:50 AM,04:38 AM,48.0,03:55 AM,04:43 AM,48.0
12418,2024-09-14,PRYJ,07:00 AM,07:00 AM,0.0,07:00 AM,07:00 AM,0.0
12418,2024-09-15,CNB,03:50 AM,04:16 AM,26.0,03:55 AM,04:21 AM,26.0
12418,2024-09-15,PRYJ,07:00 AM,07:00 AM,0.0,07:00 AM,07:00 AM,0.0
12418,2024-09-16,CNB,03:50 AM,04:16 AM,26.0,03:55 AM,04:21 AM,26.0
12418,2024-09-16,PRYJ,07:00 AM,07:00 AM,0.0,07:00 AM,07:00 AM,0.0
12418,2024-09-17,CNB,03:50 AM,04:42 AM,52.0,03:55 AM,04:47 AM,52.0
12418,2024-09-17,PRYJ,07:00 AM,07:15 AM,15.0,07:00 AM,07:15 AM,15.0
12418,2024-09-18,CNB,03:50 AM,04:24 AM,34.0,03:55 AM,04:29 AM,34.0
12418,2024-09-18,PRYJ,07:00 AM,07:00 AM,0.0,07:00 AM,07:00 AM,0.0
12418,2024-09-19,CNB,03:50 AM,04:21 AM,31.0,03:55 AM,04:26 AM,31.0
12418,2024-09-19,PRYJ,07:00 AM,07:00 AM,0.0,07:00 AM,07:00 AM,0.0
12418,2024-09-20,CNB,03:50 AM,04:27 AM,37.0,03:55 AM,04:32 AM,37.0
12418,2024-09-20,PRYJ,07:00 AM,07:00 AM,0.0,07:00 AM,07:00 AM,0.0
12418,2024-09-21,CNB,03:50 AM,04:08 AM,18.0,03:55 AM,04:13 AM,18.0
12418,2024-09-21,PRYJ,07:00 AM,07:00 AM,0.0,07:00 AM,07:00 AM,0.0
12418,2024-09-24,CNB,03:50 AM,04:26 AM,36.0,03:55 AM,04:31 AM,36.0
12418,2024-09-24,PRYJ,07:00 AM,07:08 AM,8.0,07:00 AM,07:08 AM,8.0
12418,2024-09-25,CNB,03:50 AM,04:13 AM,23.0,03:55 AM,04:18 AM,23.0
12418,2024-09-25,PRYJ,07:00 AM,07:00 AM,0.0,07:00 AM,07:00 AM,0.0
12418,2024-09-26,CNB,03:50 AM,04:05 AM,15.0,03:55 AM,04:10 AM,15.0
12418,2024-09-26,PRYJ,07:00 AM,07:00 AM,0.0,07:00 AM,07:00 AM,0.0
12418,2024-09-27,CNB,03:50 AM,04:18 AM,28.0,03:55 AM,04:23 AM,28.0
12418,2024-09-27,PRYJ,07:00 AM,07:00 AM,0.0,07:00 AM,07:00 AM,0.0
12418,2024-09-28,CNB,03:50 AM,04:04 AM,14.0,03:55 AM,04:09 AM,14.0
12418,2024-09-28,PRYJ,07:00 AM,07:00 AM,0.0,07:00 AM,07:00 AM,0.0
12418,2024-09-29,CNB,03:50 AM,04:05 AM,15.0,03:55 AM,04:10 AM,15.0
12418,2024-09-29,PRYJ,07:00 AM,07:00 AM,0.0,07:00 AM,07:00 AM,0.0
12418,2024-09-30,CNB,03:50 AM,03:50 AM,0.0,03:55 AM,03:55 AM,0.0
12418,2024-09-30,PRYJ,07:00 AM,07:00 AM,0.0,07:00 AM,07:00 AM,0.0
12302,2024-09-01,CNB,09:32 PM,09:33 PM,0.0,09:37 PM,09:38 PM,0.0
12302,2024-09-01,PRYJ,11:43 PM,11:43 PM,0.0,11:45 PM,11:45 PM,0.0
12302,2024-09-01,DDU,01:37 AM,01:37 AM,0.0,01:47 AM,01:47 AM,0.0
12302,2024-09-02,CNB,09:32 PM,09:54 PM,22.0,09:37 PM,09:59 PM,22.0
12302,2024-09-02,PRYJ,11:43 PM,11:53 PM,10.0,11:45 PM,11:55 PM,10.0
12302,2024-09-02,DDU,01:37 AM,01:40 AM,3.0,01:47 AM,01:50 AM,3.0
12302,2024-09-03,CNB,09:32 PM,09:35 PM,3.0,09:37 PM,09:40 PM,3.0
12302,2024-09-03,PRYJ,11:43 PM,11:43 PM,0.0,11:45 PM,11:45 PM,0.0
12302,2024-09-03,DDU,01:37 AM,01:38 AM,0.0,01:47 AM,01:48 AM,0.0
12302,2024-09-04,CNB,09:32 PM,09:53 PM,21.0,09:37 PM,09:58 PM,21.0
12302,2024-09-04,PRYJ,11:43 PM,11:43 PM,0.0,11:45 PM,11:45 PM,0.0
12302,2024-09-04,DDU,01:37 AM,01:37 AM,0.0,01:47 AM,01:47 AM,0.0
12302,2024-09-05,CNB,09:32 PM,09:33 PM,0.0,09:37 PM,09:38 PM,0.0
12302,2024-09-05,PRYJ,11:43 PM,11:43 PM,0.0,11:45 PM,11:45 PM,0.0
12302,2024-09-05,DDU,01:37 AM,01:37 AM,0.0,01:47 AM,01:47 AM,0.0
12302,2024-09-07,CNB,09:32 PM,09:48 PM,16.0,09:37 PM,09:53 PM,16.0
12302,2024-09-07,PRYJ,11:43 PM,11:55 PM,12.0,11:45 PM,11:57 PM,12.0
12302,2024-09-07,DDU,01:37 AM,01:47 AM,10.0,01:47 AM,01:57 AM,10.0
12302,2024-09-08,CNB,09:32 PM,09:47 PM,15.0,09:37 PM,09:52 PM,15.0
12302,2024-09-08,PRYJ,11:43 PM,11:48 PM,5.0,11:45 PM,11:50 PM,5.0
12302,2024-09-08,DDU,01:37 AM,01:44 AM,7.0,01:47 AM,01:54 AM,7.0
12302,2024-09-09,CNB,09:32 PM,09:33 PM,0.0,09:37 PM,09:38 PM,0.0
12302,2024-09-09,PRYJ,11:43 PM,11:44 PM,0.0,11:45 PM,11:46 PM,0.0
12302,2024-09-09,DDU,01:37 AM,01:38 AM,0.0,01:47 AM,01:48 AM,0.0
12302,2024-09-10,CNB,09:32 PM,09:34 PM,2.0,09:37 PM,09:39 PM,2.0
12302,2024-09-10,PRYJ,11:43 PM,11:43 PM,0.0,11:45 PM,11:45 PM,0.0
12302,2024-09-10,DDU,01:37 AM,01:39 AM,2.0,01:47 AM,01:49 AM,2.0
12302,2024-09-11,CNB,09:32 PM,09:45 PM,13.0,09:37 PM,09:50 PM,13.0
12302,2024-09-11,PRYJ,11:43 PM,11:51 PM,8.0,11:45 PM,11:53 PM,8.0
12302,2024-09-11,DDU,01:37 AM,01:39 AM,2.0,01:47 AM,01:49 AM,2.0
12302,2024-09-12,CNB,09:32 PM,09:34 PM,2.0,09:37 PM,09:39 PM,2.0
12302,2024-09-12,PRYJ,11:43 PM,11:45 PM,2.0,11:45 PM,11:47 PM,2.0
12302,2024-09-12,DDU,01:37 AM,01:39 AM,2.0,01:47 AM,01:49 AM,2.0
12302,2024-09-14,CNB,09:32 PM,10:05 PM,33.0,09:37 PM,10:10 PM,33.0
12302,2024-09-14,PRYJ,11:43 PM,12:12 AM,29.0,11:45 PM,12:14 AM,29.0
12302,2024-09-14,DDU,01:37 AM,02:15 AM,38.0,01:47 AM,02:25 AM,38.0
12302,2024-09-15,CNB,09:32 PM,09:43 PM,11.0,09:37 PM,09:48 PM,11.0
12302,2024-09-15,PRYJ,11:43 PM,11:45 PM,2.0,11:45 PM,11:47 PM,2.0
12302,2024-09-15,DDU,01:37 AM,01:38 AM,0.0,01:47 AM,01:48 AM,0.0
12302,2024-09-16,CNB,09:32 PM,09:50 PM,18.0,09:37 PM,09:55 PM,18.0
12302,2024-09-16,PRYJ,11:43 PM,11:49 PM,6.0,11:45 PM,11:51 PM,6.0
12302,2024-09-16,DDU,01:37 AM,01:40 AM,3.0,01:47 AM,01:50 AM,3.0
12302,2024-09-17,CNB,09:32 PM,09:49 PM,17.0,09:37 PM,09:54 PM,17.0
12302,2024-09-17,PRYJ,11:43 PM,12:07 AM,24.0,11:45 PM,12:09 AM,24.0
12302,2024-09-17,DDU,01:37 AM,01:56 AM,19.0,01:47 AM,02:06 AM,19.0
12302,2024-09-19,CNB,09:32 PM,09:47 PM,15.0,09:37 PM,09:52 PM,15.0
12302,2024-09-19,PRYJ,11:43 PM,11:52 PM,9.0,11:45 PM,11:54 PM,9.0
12302,2024-09-19,DDU,01:37 AM,01:58 AM,21.0,01:47 AM,02:08 AM,21.0
12302,2024-09-21,CNB,09:32 PM,09:33 PM,0.0,09:37 PM,09:38 PM,0.0
12302,2024-09-21,PRYJ,11:43 PM,11:43 PM,0.0,11:45 PM,11:45 PM,0.0
12302,2024-09-21,DDU,01:37 AM,01:37 AM,0.0,01:47 AM,01:47 AM,0.0
12302,2024-09-22,CNB,09:32 PM,09:47 PM,15.0,09:37 PM,09:52 PM,15.0
12302,2024-09-22,PRYJ,11:43 PM,11:59 PM,16.0,11:45 PM,12:01 AM,16.0
12302,2024-09-22,DDU,01:37 AM,01:44 AM,7.0,01:47 AM,01:54 AM,7.0
12302,2024-09-23,CNB,09:32 PM,09:57 PM,25.0,09:37 PM,10:02 PM,25.0
12302,2024-09-23,PRYJ,11:43 PM,12:03 AM,20.0,11:45 PM,12:05 AM,20.0
12302,2024-09-23,DDU,01:37 AM,01:47 AM,10.0,01:47 AM,01:57 AM,10.0
12302,2024-09-24,CNB,09:32 PM,09:55 PM,23.0,09:37 PM,10:00 PM,23.0
12302,2024-09-24,PRYJ,11:43 PM,11:54 PM,11.0,11:45 PM,11:56 PM,11.0
12302,2024-09-24,DDU,01:37 AM,01:40 AM,3.0,01:47 AM,01:50 AM,3.0
12302,2024-09-25,CNB,09:32 PM,10:19 PM,47.0,09:37 PM,10:24 PM,47.0
12302,2024-09-25,PRYJ,11:43 PM,12:29 AM,46.0,11:45 PM,12:31 AM,46.0
12302,2024-09-25,DDU,01:37 AM,01:37 AM,0.0,01:47 AM,01:47 AM,0.0
12302,2024-09-26,CNB,09:32 PM,10:02 PM,30.0,09:37 PM,10:07 PM,30.0
12302,2024-09-26,PRYJ,11:43 PM,12:09 AM,26.0,11:45 PM,12:11 AM,26.0
12302,2024-09-26,DDU,01:37 AM,01:50 AM,13.0,01:47 AM,02:00 AM,13.0
12302,2024-09-28,CNB,09:32 PM,09:37 PM,5.0,09:37 PM,09:42 PM,5.0
12302,2024-09-28,PRYJ,11:43 PM,11:46 PM,3.0,11:45 PM,11:48 PM,3.0
12302,2024-09-28,DDU,01:37 AM,01:37 AM,0.0,01:47 AM,01:47 AM,0.0
12302,2024-09-29,CNB,09:32 PM,09:45 PM,13.0,09:37 PM,09:50 PM,13.0
12302,2024-09-29,PRYJ,11:43 PM,11:46 PM,3.0,11:45 PM,11:48 PM,3.0
12302,2024-09-29,DDU,01:37 AM,01:39 AM,2.0,01:47 AM,01:49 AM,2.0
12302,2024-09-30,CNB,09:32 PM,10:22 PM,50.0,09:37 PM,10:27 PM,50.0
12302,2024-09-30,PRYJ,11:43 PM,12:27 AM,44.0,11:45 PM,12:29 AM,44.0
12302,2024-09-30,DDU,01:37 AM,02:11 AM,34.0,01:47 AM,02:21 AM,34.0
9817,2024-09-14,DDU,03:15 PM,03:15 PM,0.0,03:25 PM,03:25 PM,0.0
9817,2024-09-14,BXR,04:25 PM,04:25 PM,0.0,04:27 PM,04:27 PM,0.0
9817,2024-09-21,DDU,03:15 PM,04:54 PM,99.0,03:25 PM,05:04 PM,99.0
9817,2024-09-21,BXR,04:25 PM,06:23 PM,118.0,04:27 PM,06:25 PM,118.0
9817,2024-09-28,DDU,03:15 PM,03:15 PM,0.0,03:25 PM,03:25 PM,0.0
9817,2024-09-28,BXR,04:25 PM,04:25 PM,0.0,04:27 PM,04:27 PM,0.0
11046,2024-09-02,DDU,05:00 PM,05:05 PM,5.0,05:10 PM,05:15 PM,5.0
11046,2024-09-09,DDU,05:00 PM,05:02 PM,2.0,05:10 PM,05:12 PM,2.0
11046,2024-09-16,DDU,05:00 PM,05:01 PM,0.0,05:10 PM,05:11 PM,0.0
11046,2024-09-23,DDU,05:00 PM,05:00 PM,0.0,05:10 PM,05:10 PM,0.0
11046,2024-09-30,DDU,05:00 PM,05:00 PM,0.0,05:10 PM,05:10 PM,0.0
12103,2024-09-03,CNB,11:30 AM,11:34 AM,4.0,11:35 AM,11:39 AM,4.0
12103,2024-09-10,CNB,11:30 AM,11:44 AM,14.0,11:35 AM,11:49 AM,14.0
12103,2024-09-17,CNB,11:30 AM,11:43 AM,13.0,11:35 AM,11:48 AM,13.0
12103,2024-09-24,CNB,11:30 AM,11:36 AM,6.0,11:35 AM,11:41 AM,6.0
22345,2024-09-01,BXR,07:21 AM,07:21 AM,0.0,07:23 AM,07:23 AM,0.0
22345,2024-09-01,DDU,08:40 AM,08:40 AM,0.0,08:45 AM,08:45 AM,0.0
22345,2024-09-02,BXR,07:21 AM,07:26 AM,5.0,07:23 AM,07:28 AM,5.0
22345,2024-09-02,DDU,08:40 AM,08:40 AM,0.0,08:45 AM,08:45 AM,0.0
22345,2024-09-03,BXR,07:21 AM,07:21 AM,0.0,07:23 AM,07:23 AM,0.0
22345,2024-09-03,DDU,08:40 AM,08:40 AM,0.0,08:45 AM,08:45 AM,0.0
22345,2024-09-04,BXR,07:21 AM,07:21 AM,0.0,07:23 AM,07:23 AM,0.0
22345,2024-09-04,DDU,08:40 AM,08:40 AM,0.0,08:45 AM,08:45 AM,0.0
22345,2024-09-05,BXR,07:21 AM,07:21 AM,0.0,07:23 AM,07:23 AM,0.0
22345,2024-09-05,DDU,08:40 AM,08:40 AM,0.0,08:45 AM,08:45 AM,0.0
22345,2024-09-07,BXR,07:21 AM,07:21 AM,0.0,07:23 AM,07:23 AM,0.0
22345,2024-09-07,DDU,08:40 AM,08:40 AM,0.0,08:45 AM,08:45 AM,0.0
22345,2024-09-08,BXR,07:21 AM,07:29 AM,8.0,07:23 AM,07:31 AM,8.0
22345,2024-09-08,DDU,08:40 AM,08:41 AM,0.0,08:45 AM,08:46 AM,0.0
22345,2024-09-09,BXR,07:21 AM,07:21 AM,0.0,07:23 AM,07:23 AM,0.0
22345,2024-09-09,DDU,08:40 AM,08:40 AM,0.0,08:45 AM,08:45 AM,0.0
22345,2024-09-10,BXR,07:21 AM,07:21 AM,0.0,07:23 AM,07:23 AM,0.0
22345,2024-09-10,DDU,08:40 AM,08:40 AM,0.0,08:45 AM,08:45 AM,0.0
22345,2024-09-11,BXR,07:21 AM,07:21 AM,0.0,07:23 AM,07:23 AM,0.0
22345,2024-09-11,DDU,08:40 AM,08:43 AM,3.0,08:45 AM,08:48 AM,3.0
22345,2024-09-12,BXR,07:21 AM,07:21 AM,0.0,07:23 AM,07:23 AM,0.0
22345,2024-09-12,DDU,08:40 AM,08:40 AM,0.0,08:45 AM,08:45 AM,0.0
22345,2024-09-14,BXR,07:21 AM,07:33 AM,12.0,07:23 AM,07:35 AM,12.0
22345,2024-09-14,DDU,08:40 AM,08:40 AM,0.0,08:45 AM,08:45 AM,0.0
22345,2024-09-15,BXR,07:21 AM,07:21 AM,0.0,07:23 AM,07:23 AM,0.0
22345,2024-09-15,DDU,08:40 AM,08:46 AM,6.0,08:45 AM,08:51 AM,6.0
22345,2024-09-16,BXR,07:21 AM,07:40 AM,19.0,07:23 AM,07:42 AM,19.0
22345,2024-09-16,DDU,08:40 AM,08:40 AM,0.0,08:45 AM,08:45 AM,0.0
22345,2024-09-17,BXR,07:21 AM,07:23 AM,2.0,07:23 AM,07:25 AM,2.0
22345,2024-09-17,DDU,08:40 AM,08:45 AM,5.0,08:45 AM,08:50 AM,5.0
22345,2024-09-18,BXR,07:21 AM,07:21 AM,0.0,07:23 AM,07:23 AM,0.0
22345,2024-09-18,DDU,08:40 AM,08:40 AM,0.0,08:45 AM,08:45 AM,0.0
22345,2024-09-19,BXR,07:21 AM,07:21 AM,0.0,07:23 AM,07:23 AM,0.0
22345,2024-09-19,DDU,08:40 AM,08:40 AM,0.0,08:45 AM,08:45 AM,0.0
22345,2024-09-21,BXR,07:21 AM,07:21 AM,0.0,07:23 AM,07:23 AM,0.0
22345,2024-09-21,DDU,08:40 AM,08:40 AM,0.0,08:45 AM,08:45 AM,0.0
22345,2024-09-22,BXR,07:21 AM,07:21 AM,0.0,07:23 AM,07:23 AM,0.0
22345,2024-09-22,DDU,08:40 AM,08:40 AM,0.0,08:45 AM,08:45 AM,0.0
22345,2024-09-23,BXR,07:21 AM,07:21 AM,0.0,07:23 AM,07:23 AM,0.0
22345,2024-09-23,DDU,08:40 AM,08:40 AM,0.0,08:45 AM,08:45 AM,0.0
22345,2024-09-24,BXR,07:21 AM,07:21 AM,0.0,07:23 AM,07:23 AM,0.0
22345,2024-09-24,DDU,08:40 AM,08:42 AM,2.0,08:45 AM,08:47 AM,2.0
22345,2024-09-25,BXR,07:21 AM,07:24 AM,3.0,07:23 AM,07:26 AM,3.0
22345,2024-09-25,DDU,08:40 AM,08:40 AM,0.0,08:45 AM,08:45 AM,0.0
22345,2024-09-26,BXR,07:21 AM,07:26 AM,5.0,07:23 AM,07:28 AM,5.0
22345,2024-09-26,DDU,08:40 AM,08:40 AM,0.0,08:45 AM,08:45 AM,0.0
22345,2024-09-28,BXR,07:21 AM,07:21 AM,0.0,07:23 AM,07:23 AM,0.0
22345,2024-09-28,DDU,08:40 AM,08:41 AM,0.0,08:45 AM,08:46 AM,0.0
22345,2024-09-29,BXR,07:21 AM,07:21 AM,0.0,07:23 AM,07:23 AM,0.0
22345,2024-09-29,DDU,08:40 AM,08:41 AM,0.0,08:45 AM,08:46 AM,0.0
22345,2024-09-30,BXR,07:21 AM,07:21 AM,0.0,07:23 AM,07:23 AM,0.0
22345,2024-09-30,DDU,08:40 AM,08:40 AM,0.0,08:45 AM,08:45 AM,0.0
22103,2024-09-02,PRYJ,11:15 AM,05:34 PM,379.0,11:40 AM,05:59 PM,379.0
22103,2024-09-09,PRYJ,11:15 AM,12:37 PM,82.0,11:40 AM,01:02 PM,82.0
22103,2024-09-16,PRYJ,11:15 AM,11:24 AM,9.0,11:40 AM,11:49 AM,9.0
22103,2024-09-23,PRYJ,11:15 AM,11:15 AM,0.0,11:40 AM,11:40 AM,0.0
22103,2024-09-30,PRYJ,11:15 AM,11:15 AM,0.0,11:40 AM,11:40 AM,0.0
12944,2024-09-13,CNB,08:00 AM,08:00 AM,0.0,08:00 AM,08:00 AM,0.0
12944,2024-09-20,CNB,08:00 AM,08:00 AM,0.0,08:00 AM,08:00 AM,0.0
12944,2024-09-27,CNB,08:00 AM,08:00 AM,0.0,08:00 AM,08:00 AM,0.0
11080,2024-09-07,CNB,03:55 PM,03:55 PM,0.0,04:00 PM,04:00 PM,0.0
11080,2024-09-14,CNB,03:55 PM,03:56 PM,0.0,04:00 PM,04:01 PM,0.0
11080,2024-09-21,CNB,03:55 PM,04:35 PM,40.0,04:00 PM,04:40 PM,40.0
11080,2024-09-28,CNB,03:55 PM,03:59 PM,4.0,04:00 PM,04:04 PM,4.0
15083,2024-09-02,CNB,09:25 AM,09:25 AM,0.0,09:35 AM,09:35 AM,0.0
15083,2024-09-03,CNB,09:25 AM,09:25 AM,0.0,09:35 AM,09:35 AM,0.0
15083,2024-09-04,CNB,09:25 AM,09:25 AM,0.0,09:35 AM,09:35 AM,0.0
15083,2024-09-05,CNB,09:25 AM,09:30 AM,5.0,09:35 AM,09:40 AM,5.0
15083,2024-09-06,CNB,09:25 AM,09:25 AM,0.0,09:35 AM,09:35 AM,0.0
15083,2024-09-07,CNB,09:25 AM,09:25 AM,0.0,09:35 AM,09:35 AM,0.0
15083,2024-09-08,CNB,09:25 AM,09:25 AM,0.0,09:35 AM,09:35 AM,0.0
15083,2024-09-09,CNB,09:25 AM,09:25 AM,0.0,09:35 AM,09:35 AM,0.0
15083,2024-09-11,CNB,09:25 AM,09:25 AM,0.0,09:35 AM,09:35 AM,0.0
15083,2024-09-12,CNB,09:25 AM,09:38 AM,13.0,09:35 AM,09:48 AM,13.0
15083,2024-09-13,CNB,09:25 AM,09:25 AM,0.0,09:35 AM,09:35 AM,0.0
15083,2024-09-14,CNB,09:25 AM,09:28 AM,3.0,09:35 AM,09:38 AM,3.0
15083,2024-09-15,CNB,09:25 AM,09:25 AM,0.0,09:35 AM,09:35 AM,0.0
15083,2024-09-16,CNB,09:25 AM,09:25 AM,0.0,09:35 AM,09:35 AM,0.0
15083,2024-09-17,CNB,09:25 AM,09:25 AM,0.0,09:35 AM,09:35 AM,0.0
15083,2024-09-18,CNB,09:25 AM,09:36 AM,11.0,09:35 AM,09:46 AM,11.0
15083,2024-09-19,CNB,09:25 AM,09:25 AM,0.0,09:35 AM,09:35 AM,0.0
15083,2024-09-20,CNB,09:25 AM,09:25 AM,0.0,09:35 AM,09:35 AM,0.0
15083,2024-09-21,CNB,09:25 AM,09:25 AM,0.0,09:35 AM,09:35 AM,0.0
15083,2024-09-24,CNB,09:25 AM,09:26 AM,0.0,09:35 AM,09:36 AM,0.0
15083,2024-09-25,CNB,09:25 AM,09:25 AM,0.0,09:35 AM,09:35 AM,0.0
15083,2024-09-26,CNB,09:25 AM,09:27 AM,2.0,09:35 AM,09:37 AM,2.0
15083,2024-09-27,CNB,09:25 AM,10:17 AM,52.0,09:35 AM,10:27 AM,52.0
15083,2024-09-28,CNB,09:25 AM,09:25 AM,0.0,09:35 AM,09:35 AM,0.0
15083,2024-09-29,CNB,09:25 AM,09:25 AM,0.0,09:35 AM,09:35 AM,0.0
15083,2024-09-30,CNB,09:25 AM,09:56 AM,31.0,09:35 AM,10:06 AM,31.0
12820,2024-09-03,CNB,01:35 PM,01:59 PM,24.0,01:45 PM,02:09 PM,24.0
12820,2024-09-03,DDU,06:58 PM,07:00 PM,2.0,07:08 PM,07:10 PM,2.0
12820,2024-09-06,CNB,01:35 PM,01:49 PM,14.0,01:45 PM,01:59 PM,14.0
12820,2024-09-06,DDU,06:58 PM,07:01 PM,3.0,07:08 PM,07:11 PM,3.0
12820,2024-09-10,CNB,01:35 PM,01:56 PM,21.0,01:45 PM,02:06 PM,21.0
12820,2024-09-10,DDU,06:58 PM,07:03 PM,5.0,07:08 PM,07:13 PM,5.0
12820,2024-09-13,CNB,01:35 PM,01:47 PM,12.0,01:45 PM,01:57 PM,12.0
12820,2024-09-13,DDU,06:58 PM,06:59 PM,0.0,07:08 PM,07:09 PM,0.0
12820,2024-09-17,CNB,01:35 PM,02:10 PM,35.0,01:45 PM,02:20 PM,35.0
12820,2024-09-17,DDU,06:58 PM,07:49 PM,51.0,07:08 PM,07:59 PM,51.0
12820,2024-09-20,CNB,01:35 PM,01:38 PM,3.0,01:45 PM,01:48 PM,3.0
12820,2024-09-20,DDU,06:58 PM,09:05 PM,127.0,07:08 PM,09:15 PM,127.0
12820,2024-09-24,CNB,01:35 PM,02:10 PM,35.0,01:45 PM,02:20 PM,35.0
12820,2024-09-24,DDU,06:58 PM,06:58 PM,0.0,07:08 PM,07:08 PM,0.0
12820,2024-09-27,CNB,01:35 PM,02:05 PM,30.0,01:45 PM,02:15 PM,30.0
12820,2024-09-27,DDU,06:58 PM,07:00 PM,2.0,07:08 PM,07:10 PM,2.0
19669,2024-09-04,CNB,07:10 AM,07:10 AM,0.0,07:15 AM,07:15 AM,0.0
19669,2024-09-04,DDU,04:45 PM,04:45 PM,0.0,04:55 PM,04:55 PM,0.0
19669,2024-09-04,BXR,06:04 PM,06:04 PM,0.0,06:06 PM,06:06 PM,0.0
19669,2024-09-11,CNB,07:10 AM,07:10 AM,0.0,07:15 AM,07:15 AM,0.0
19669,2024-09-11,DDU,04:45 PM,04:45 PM,0.0,04:55 PM,04:55 PM,0.0
19669,2024-09-11,BXR,06:04 PM,06:04 PM,0.0,06:06 PM,06:06 PM,0.0
19669,2024-09-18,CNB,07:10 AM,07:13 AM,3.0,07:15 AM,07:18 AM,3.0
19669,2024-09-18,DDU,04:45 PM,04:45 PM,0.0,04:55 PM,04:55 PM,0.0
19669,2024-09-18,BXR,06:04 PM,06:04 PM,0.0,06:06 PM,06:06 PM,0.0
19669,2024-09-25,CNB,07:10 AM,07:10 AM,0.0,07:15 AM,07:15 AM,0.0
19669,2024-09-25,DDU,04:45 PM,04:45 PM,0.0,04:55 PM,04:55 PM,0.0
19669,2024-09-25,BXR,06:04 PM,06:04 PM,0.0,06:06 PM,06:06 PM,0.0
12520,2024-09-05,DDU,05:00 PM,05:00 PM,0.0,05:10 PM,05:10 PM,0.0
12520,2024-09-12,DDU,05:00 PM,05:02 PM,2.0,05:10 PM,05:12 PM,2.0
12520,2024-09-19,DDU,05:00 PM,05:00 PM,0.0,05:10 PM,05:10 PM,0.0
12520,2024-09-26,DDU,05:00 PM,07:07 PM,127.0,05:10 PM,07:17 PM,127.0
2393,2024-09-01,BXR,09:45 PM,10:13 PM,28.0,09:47 PM,10:15 PM,28.0
2393,2024-09-01,DDU,11:45 PM,11:45 PM,0.0,11:55 PM,11:55 PM,0.0
2393,2024-09-01,PRYJ,02:05 AM,02:07 AM,2.0,02:10 AM,02:12 AM,2.0
2393,2024-09-02,BXR,09:45 PM,10:20 PM,35.0,09:47 PM,10:22 PM,35.0
2393,2024-09-02,DDU,11:45 PM,11:48 PM,3.0,11:55 PM,11:58 PM,3.0
2393,2024-09-02,PRYJ,02:05 AM,02:23 AM,18.0,02:10 AM,02:28 AM,18.0
2393,2024-09-03,BXR,09:45 PM,10:26 PM,41.0,09:47 PM,10:28 PM,41.0
2393,2024-09-03,DDU,11:45 PM,11:46 PM,0.0,11:55 PM,11:56 PM,0.0
2393,2024-09-03,PRYJ,02:05 AM,04:54 AM,169.0,02:10 AM,04:59 AM,169.0
2393,2024-09-04,BXR,09:45 PM,11:45 PM,120.0,09:47 PM,11:47 PM,120.0
2393,2024-09-04,DDU,11:45 PM,01:53 AM,128.0,11:55 PM,02:03 AM,128.0
2393,2024-09-04,PRYJ,02:05 AM,04:50 AM,165.0,02:10 AM,04:55 AM,165.0
2393,2024-09-06,BXR,09:45 PM,11:21 PM,96.0,09:47 PM,11:23 PM,96.0
2393,2024-09-06,DDU,11:45 PM,01:54 AM,129.0,11:55 PM,02:04 AM,129.0
2393,2024-09-06,PRYJ,02:05 AM,05:13 AM,188.0,02:10 AM,05:18 AM,188.0
2393,2024-09-07,BXR,09:45 PM,11:04 PM,79.0,09:47 PM,11:06 PM,79.0
2393,2024-09-07,DDU,11:45 PM,12:55 AM,70.0,11:55 PM,01:05 AM,70.0
2393,2024-09-07,PRYJ,02:05 AM,04:50 AM,165.0,02:10 AM,04:55 AM,165.0
2393,2024-09-08,BXR,09:45 PM,11:17 PM,92.0,09:47 PM,11:19 PM,92.0
2393,2024-09-08,DDU,11:45 PM,12:43 AM,58.0,11:55 PM,12:53 AM,58.0
2393,2024-09-08,PRYJ,02:05 AM,04:06 AM,121.0,02:10 AM,04:11 AM,121.0
2393,2024-09-09,BXR,09:45 PM,11:51 PM,126.0,09:47 PM,11:53 PM,126.0
2393,2024-09-09,DDU,11:45 PM,01:43 AM,118.0,11:55 PM,01:53 AM,118.0
2393,2024-09-09,PRYJ,02:05 AM,04:43 AM,158.0,02:10 AM,04:48 AM,158.0
2393,2024-09-10,BXR,09:45 PM,10:34 PM,49.0,09:47 PM,10:36 PM,49.0
2393,2024-09-10,DDU,11:45 PM,12:00 AM,15.0,11:55 PM,12:10 AM,15.0
2393,2024-09-10,PRYJ,02:05 AM,02:12 AM,7.0,02:10 AM,02:17 AM,7.0
2393,2024-09-11,BXR,09:45 PM,10:55 PM,70.0,09:47 PM,10:57 PM,70.0
2393,2024-09-11,DDU,11:45 PM,12:04 AM,19.0,11:55 PM,12:14 AM,19.0
2393,2024-09-11,PRYJ,02:05 AM,02:18 AM,13.0,02:10 AM,02:23 AM,13.0
2393,2024-09-13,BXR,09:45 PM,11:36 PM,111.0,09:47 PM,11:38 PM,111.0
2393,2024-09-13,DDU,11:45 PM,01:44 AM,119.0,11:55 PM,01:54 AM,119.0
2393,2024-09-13,PRYJ,02:05 AM,05:03 AM,178.0,02:10 AM,05:08 AM,178.0
2393,2024-09-14,BXR,09:45 PM,09:45 PM,0.0,09:47 PM,09:47 PM,0.0
2393,2024-09-14,DDU,11:45 PM,11:56 PM,11.0,11:55 PM,12:06 AM,11.0
2393,2024-09-14,PRYJ,02:05 AM,03:00 AM,55.0,02:10 AM,03:05 AM,55.0
2393,2024-09-15,BXR,09:45 PM,10:48 PM,63.0,09:47 PM,10:50 PM,63.0
2393,2024-09-15,DDU,11:45 PM,01:32 AM,107.0,11:55 PM,01:42 AM,107.0
2393,2024-09-15,PRYJ,02:05 AM,04:19 AM,134.0,02:10 AM,04:24 AM,134.0
2393,2024-09-16,BXR,09:45 PM,10:56 PM,71.0,09:47 PM,10:58 PM,71.0
2393,2024-09-16,DDU,11:45 PM,12:31 AM,46.0,11:55 PM,12:41 AM,46.0
2393,2024-09-16,PRYJ,02:05 AM,04:08 AM,123.0,02:10 AM,04:13 AM,123.0
2393,2024-09-17,BXR,09:45 PM,10:50 PM,65.0,09:47 PM,10:52 PM,65.0
2393,2024-09-17,DDU,11:45 PM,12:04 AM,19.0,11:55 PM,12:14 AM,19.0
2393,2024-09-17,PRYJ,02:05 AM,04:22 AM,137.0,02:10 AM,04:27 AM,137.0
2393,2024-09-18,BXR,09:45 PM,10:42 PM,57.0,09:47 PM,10:44 PM,57.0
2393,2024-09-18,DDU,11:45 PM,11:47 PM,2.0,11:55 PM,11:57 PM,2.0
2393,2024-09-18,PRYJ,02:05 AM,02:14 AM,9.0,02:10 AM,02:19 AM,9.0
2393,2024-09-20,BXR,09:45 PM,11:00 PM,75.0,09:47 PM,11:02 PM,75.0
2393,2024-09-20,DDU,11:45 PM,12:20 AM,35.0,11:55 PM,12:30 AM,35.0
2393,2024-09-20,PRYJ,02:05 AM,02:41 AM,36.0,02:10 AM,02:46 AM,36.0
2393,2024-09-21,BXR,09:45 PM,10:46 PM,61.0,09:47 PM,10:48 PM,61.0
2393,2024-09-21,DDU,11:45 PM,03:16 AM,211.0,11:55 PM,03:26 AM,211.0
2393,2024-09-21,PRYJ,02:05 AM,06:42 AM,277.0,02:10 AM,06:47 AM,277.0
2393,2024-09-22,BXR,09:45 PM,10:07 PM,22.0,09:47 PM,10:09 PM,22.0
2393,2024-09-22,DDU,11:45 PM,11:45 PM,0.0,11:55 PM,11:55 PM,0.0
2393,2024-09-22,PRYJ,02:05 AM,02:17 AM,12.0,02:10 AM,02:22 AM,12.0
2393,2024-09-23,BXR,09:45 PM,10:10 PM,25.0,09:47 PM,10:12 PM,25.0
2393,2024-09-23,DDU,11:45 PM,11:46 PM,0.0,11:55 PM,11:56 PM,0.0
2393,2024-09-23,PRYJ,02:05 AM,02:09 AM,4.0,02:10 AM,02:14 AM,4.0
2393,2024-09-24,BXR,09:45 PM,10:19 PM,34.0,09:47 PM,10:21 PM,34.0
2393,2024-09-24,DDU,11:45 PM,11:47 PM,2.0,11:55 PM,11:57 PM,2.0
2393,2024-09-24,PRYJ,02:05 AM,02:14 AM,9.0,02:10 AM,02:19 AM,9.0
2393,2024-09-25,BXR,09:45 PM,10:37 PM,52.0,09:47 PM,10:39 PM,52.0
2393,2024-09-25,DDU,11:45 PM,12:12 AM,27.0,11:55 PM,12:22 AM,27.0
2393,2024-09-25,PRYJ,02:05 AM,02:14 AM,9.0,02:10 AM,02:19 AM,9.0
2393,2024-09-27,BXR,09:45 PM,09:59 PM,14.0,09:47 PM,10:01 PM,14.0
2393,2024-09-27,DDU,11:45 PM,11:46 PM,0.0,11:55 PM,11:56 PM,0.0
2393,2024-09-27,PRYJ,02:05 AM,02:22 AM,17.0,02:10 AM,02:27 AM,17.0
2393,2024-09-28,BXR,09:45 PM,10:34 PM,49.0,09:47 PM,10:36 PM,49.0
2393,2024-09-28,DDU,11:45 PM,11:47 PM,2.0,11:55 PM,11:57 PM,2.0
2393,2024-09-28,PRYJ,02:05 AM,04:17 AM,132.0,02:10 AM,04:22 AM,132.0
2393,2024-09-29,BXR,09:45 PM,11:34 PM,109.0,09:47 PM,11:36 PM,109.0
2393,2024-09-29,DDU,11:45 PM,01:11 AM,86.0,11:55 PM,01:21 AM,86.0
2393,2024-09-29,PRYJ,02:05 AM,04:53 AM,168.0,02:10 AM,04:58 AM,168.0
2393,2024-09-30,BXR,09:45 PM,10:32 PM,47.0,09:47 PM,10:34 PM,47.0
2393,2024-09-30,DDU,11:45 PM,12:00 AM,15.0,11:55 PM,12:10 AM,15.0
2393,2024-09-30,PRYJ,02:05 AM,02:30 AM,25.0,02:10 AM,02:35 AM,25.0
9064,2024-09-01,BXR,12:45 PM,01:15 PM,30.0,12:47 PM,01:17 PM,30.0
9064,2024-09-01,DDU,02:35 PM,03:43 PM,68.0,02:45 PM,03:53 PM,68.0
9064,2024-09-02,BXR,12:45 PM,12:45 PM,0.0,12:47 PM,12:47 PM,0.0
9064,2024-09-02,DDU,02:35 PM,03:59 PM,84.0,02:45 PM,04:09 PM,84.0
9064,2024-09-05,BXR,12:45 PM,02:28 PM,103.0,12:47 PM,02:30 PM,103.0
9064,2024-09-05,DDU,02:35 PM,04:00 PM,85.0,02:45 PM,04:10 PM,85.0
9064,2024-09-08,BXR,12:45 PM,01:52 PM,67.0,12:47 PM,01:54 PM,67.0
9064,2024-09-08,DDU,02:35 PM,03:54 PM,79.0,02:45 PM,04:04 PM,79.0
9064,2024-09-09,BXR,12:45 PM,02:51 PM,126.0,12:47 PM,02:53 PM,126.0
9064,2024-09-09,DDU,02:35 PM,05:06 PM,151.0,02:45 PM,05:16 PM,151.0
9064,2024-09-12,BXR,12:45 PM,12:45 PM,0.0,12:47 PM,12:47 PM,0.0
9064,2024-09-12,DDU,02:35 PM,04:06 PM,91.0,02:45 PM,04:16 PM,91.0
9064,2024-09-15,BXR,12:45 PM,12:45 PM,0.0,12:47 PM,12:47 PM,0.0
9064,2024-09-15,DDU,02:35 PM,04:07 PM,92.0,02:45 PM,04:17 PM,92.0
9064,2024-09-16,BXR,12:45 PM,12:45 PM,0.0,12:47 PM,12:47 PM,0.0
9064,2024-09-16,DDU,02:35 PM,04:01 PM,86.0,02:45 PM,04:11 PM,86.0
9064,2024-09-29,BXR,12:45 PM,12:45 PM,0.0,12:47 PM,12:47 PM,0.0
9064,2024-09-29,DDU,02:35 PM,03:42 PM,67.0,02:45 PM,03:52 PM,67.0
9064,2024-09-30,BXR,12:45 PM,12:45 PM,0.0,12:47 PM,12:47 PM,0.0
9064,2024-09-30,DDU,02:35 PM,04:34 PM,119.0,02:45 PM,04:44 PM,119.0
12328,2024-09-04,DDU,02:10 PM,02:10 PM,0.0,02:20 PM,02:20 PM,0.0
12328,2024-09-04,BXR,03:38 PM,03:38 PM,0.0,03:40 PM,03:40 PM,0.0
12328,2024-09-07,DDU,02:10 PM,03:12 PM,62.0,02:20 PM,03:22 PM,62.0
12328,2024-09-07,BXR,03:38 PM,04:29 PM,51.0,03:40 PM,04:31 PM,51.0
12328,2024-09-11,DDU,02:10 PM,02:10 PM,0.0,02:20 PM,02:20 PM,0.0
12328,2024-09-11,BXR,03:38 PM,03:38 PM,0.0,03:40 PM,03:40 PM,0.0
12328,2024-09-14,DDU,02:10 PM,08:38 AM,1108.0,02:20 PM,08:48 AM,1108.0
12328,2024-09-14,BXR,03:38 PM,10:07 AM,1109.0,03:40 PM,10:09 AM,1109.0
12328,2024-09-18,DDU,02:10 PM,02:10 PM,0.0,02:20 PM,02:20 PM,0.0
12328,2024-09-18,BXR,03:38 PM,04:29 PM,51.0,03:40 PM,04:31 PM,51.0
12328,2024-09-21,DDU,02:10 PM,02:10 PM,0.0,02:20 PM,02:20 PM,0.0
12328,2024-09-21,BXR,03:38 PM,03:38 PM,0.0,03:40 PM,03:40 PM,0.0
14006,2024-09-01,CNB,12:15 AM,12:36 AM,21.0,12:20 AM,12:41 AM,21.0
14006,2024-09-01,PRYJ,03:15 AM,03:15 AM,0.0,03:20 AM,03:20 AM,0.0
14006,2024-09-02,CNB,12:15 AM,12:31 AM,16.0,12:20 AM,12:36 AM,16.0
14006,2024-09-02,PRYJ,03:15 AM,03:20 AM,5.0,03:20 AM,03:25 AM,5.0
14006,2024-09-03,CNB,12:15 AM,12:15 AM,0.0,12:20 AM,12:20 AM,0.0
14006,2024-09-03,PRYJ,03:15 AM,03:15 AM,0.0,03:20 AM,03:20 AM,0.0
14006,2024-09-04,CNB,12:15 AM,12:42 AM,27.0,12:20 AM,12:47 AM,27.0
14006,2024-09-04,PRYJ,03:15 AM,03:16 AM,0.0,03:20 AM,03:21 AM,0.0
14006,2024-09-05,CNB,12:15 AM,12:17 AM,2.0,12:20 AM,12:22 AM,2.0
14006,2024-09-05,PRYJ,03:15 AM,03:15 AM,0.0,03:20 AM,03:20 AM,0.0
14006,2024-09-06,CNB,12:15 AM,12:33 AM,18.0,12:20 AM,12:38 AM,18.0
14006,2024-09-06,PRYJ,03:15 AM,03:15 AM,0.0,03:20 AM,03:20 AM,0.0
14006,2024-09-07,CNB,12:15 AM,12:49 AM,34.0,12:20 AM,12:54 AM,34.0
14006,2024-09-07,PRYJ,03:15 AM,03:16 AM,0.0,03:20 AM,03:21 AM,0.0
14006,2024-09-08,CNB,12:15 AM,12:23 AM,8.0,12:20 AM,12:28 AM,8.0
14006,2024-09-08,PRYJ,03:15 AM,03:16 AM,0.0,03:20 AM,03:21 AM,0.0
14006,2024-09-09,CNB,12:15 AM,01:01 AM,46.0,12:20 AM,01:06 AM,46.0
14006,2024-09-09,PRYJ,03:15 AM,03:22 AM,7.0,03:20 AM,03:27 AM,7.0
14006,2024-09-10,CNB,12:15 AM,12:21 AM,6.0,12:20 AM,12:26 AM,6.0
14006,2024-09-10,PRYJ,03:15 AM,03:17 AM,2.0,03:20 AM,03:22 AM,2.0
14006,2024-09-11,CNB,12:15 AM,12:34 AM,19.0,12:20 AM,12:39 AM,19.0
14006,2024-09-11,PRYJ,03:15 AM,03:21 AM,6.0,03:20 AM,03:26 AM,6.0
14006,2024-09-12,CNB,12:15 AM,12:52 AM,37.0,12:20 AM,12:57 AM,37.0
14006,2024-09-12,PRYJ,03:15 AM,03:16 AM,0.0,03:20 AM,03:21 AM,0.0
14006,2024-09-13,CNB,12:15 AM,12:36 AM,21.0,12:20 AM,12:41 AM,21.0
14006,2024-09-13,PRYJ,03:15 AM,03:16 AM,0.0,03:20 AM,03:21 AM,0.0
14006,2024-09-14,CNB,12:15 AM,12:31 AM,16.0,12:20 AM,12:36 AM,16.0
14006,2024-09-14,PRYJ,03:15 AM,03:16 AM,0.0,03:20 AM,03:21 AM,0.0
14006,2024-09-15,CNB,12:15 AM,12:22 AM,7.0,12:20 AM,12:27 AM,7.0
14006,2024-09-15,PRYJ,03:15 AM,03:15 AM,0.0,03:20 AM,03:20 AM,0.0
14006,2024-09-16,CNB,12:15 AM,12:52 AM,37.0,12:20 AM,12:57 AM,37.0
14006,2024-09-16,PRYJ,03:15 AM,04:35 AM,80.0,03:20 AM,04:40 AM,80.0
14006,2024-09-17,CNB,12:15 AM,01:15 AM,60.0,12:20 AM,01:20 AM,60.0
14006,2024-09-17,PRYJ,03:15 AM,03:49 AM,34.0,03:20 AM,03:54 AM,34.0
14006,2024-09-18,CNB,12:15 AM,12:42 AM,27.0,12:20 AM,12:47 AM,27.0
14006,2024-09-18,PRYJ,03:15 AM,03:22 AM,7.0,03:20 AM,03:27 AM,7.0
14006,2024-09-19,CNB,12:15 AM,12:23 AM,8.0,12:20 AM,12:28 AM,8.0
14006,2024-09-19,PRYJ,03:15 AM,03:15 AM,0.0,03:20 AM,03:20 AM,0.0
14006,2024-09-20,CNB,12:15 AM,12:45 AM,30.0,12:20 AM,12:50 AM,30.0
14006,2024-09-20,PRYJ,03:15 AM,03:15 AM,0.0,03:20 AM,03:20 AM,0.0
14006,2024-09-21,CNB,12:15 AM,12:33 AM,18.0,12:20 AM,12:38 AM,18.0
14006,2024-09-21,PRYJ,03:15 AM,03:19 AM,4.0,03:20 AM,03:24 AM,4.0
14006,2024-09-22,CNB,12:15 AM,01:03 AM,48.0,12:20 AM,01:08 AM,48.0
14006,2024-09-22,PRYJ,03:15 AM,03:26 AM,11.0,03:20 AM,03:31 AM,11.0
14006,2024-09-23,CNB,12:15 AM,12:20 AM,5.0,12:20 AM,12:25 AM,5.0
14006,2024-09-23,PRYJ,03:15 AM,03:15 AM,0.0,03:20 AM,03:20 AM,0.0
14006,2024-09-24,CNB,12:15 AM,12:26 AM,11.0,12:20 AM,12:31 AM,11.0
14006,2024-09-24,PRYJ,03:15 AM,03:15 AM,0.0,03:20 AM,03:20 AM,0.0
14006,2024-09-25,CNB,12:15 AM,12:47 AM,32.0,12:20 AM,12:52 AM,32.0
14006,2024-09-25,PRYJ,03:15 AM,03:24 AM,9.0,03:20 AM,03:29 AM,9.0
14006,2024-09-26,CNB,12:15 AM,12:28 AM,13.0,12:20 AM,12:33 AM,13.0
14006,2024-09-26,PRYJ,03:15 AM,03:16 AM,0.0,03:20 AM,03:21 AM,0.0
14006,2024-09-27,CNB,12:15 AM,12:17 AM,2.0,12:20 AM,12:22 AM,2.0
14006,2024-09-27,PRYJ,03:15 AM,03:17 AM,2.0,03:20 AM,03:22 AM,2.0
14006,2024-09-28,CNB,12:15 AM,12:33 AM,18.0,12:20 AM,12:38 AM,18.0
14006,2024-09-28,PRYJ,03:15 AM,03:18 AM,3.0,03:20 AM,03:23 AM,3.0
14006,2024-09-29,CNB,12:15 AM,12:28 AM,13.0,12:20 AM,12:33 AM,13.0
14006,2024-09-29,PRYJ,03:15 AM,03:15 AM,0.0,03:20 AM,03:20 AM,0.0
14006,2024-09-30,CNB,12:15 AM,12:17 AM,2.0,12:20 AM,12:22 AM,2.0
14006,2024-09-30,PRYJ,03:15 AM,03:15 AM,0.0,03:20 AM,03:20 AM,0.0
11802,2024-09-01,PRYJ,06:05 AM,06:05 AM,0.0,06:05 AM,06:05 AM,0.0
11802,2024-09-02,PRYJ,06:05 AM,06:05 AM,0.0,06:05 AM,06:05 AM,0.0
11802,2024-09-03,PRYJ,06:05 AM,06:05 AM,0.0,06:05 AM,06:05 AM,0.0
11802,2024-09-04,PRYJ,06:05 AM,06:05 AM,0.0,06:05 AM,06:05 AM,0.0
11802,2024-09-05,PRYJ,06:05 AM,06:05 AM,0.0,06:05 AM,06:05 AM,0.0
11802,2024-09-06,PRYJ,06:05 AM,06:05 AM,0.0,06:05 AM,06:05 AM,0.0
11802,2024-09-07,PRYJ,06:05 AM,06:05 AM,0.0,06:05 AM,06:05 AM,0.0
11802,2024-09-08,PRYJ,06:05 AM,06:05 AM,0.0,06:05 AM,06:05 AM,0.0
11802,2024-09-09,PRYJ,06:05 AM,06:05 AM,0.0,06:05 AM,06:05 AM,0.0
11802,2024-09-10,PRYJ,06:05 AM,06:05 AM,0.0,06:05 AM,06:05 AM,0.0
11802,2024-09-11,PRYJ,06:05 AM,06:05 AM,0.0,06:05 AM,06:05 AM,0.0
11802,2024-09-12,PRYJ,06:05 AM,06:05 AM,0.0,06:05 AM,06:05 AM,0.0
11802,2024-09-13,PRYJ,06:05 AM,06:05 AM,0.0,06:05 AM,06:05 AM,0.0
11802,2024-09-14,PRYJ,06:05 AM,06:05 AM,0.0,06:05 AM,06:05 AM,0.0
11802,2024-09-15,PRYJ,06:05 AM,06:05 AM,0.0,06:05 AM,06:05 AM,0.0
11802,2024-09-16,PRYJ,06:05 AM,06:05 AM,0.0,06:05 AM,06:05 AM,0.0
11802,2024-09-17,PRYJ,06:05 AM,06:05 AM,0.0,06:05 AM,06:05 AM,0.0
11802,2024-09-18,PRYJ,06:05 AM,06:05 AM,0.0,06:05 AM,06:05 AM,0.0
11802,2024-09-19,PRYJ,06:05 AM,06:06 AM,0.0,06:05 AM,06:06 AM,0.0
11802,2024-09-20,PRYJ,06:05 AM,06:06 AM,0.0,06:05 AM,06:06 AM,0.0
11802,2024-09-21,PRYJ,06:05 AM,06:06 AM,0.0,06:05 AM,06:06 AM,0.0
11802,2024-09-22,PRYJ,06:05 AM,06:05 AM,0.0,06:05 AM,06:05 AM,0.0
11802,2024-09-23,PRYJ,06:05 AM,06:05 AM,0.0,06:05 AM,06:05 AM,0.0
11802,2024-09-24,PRYJ,06:05 AM,06:06 AM,0.0,06:05 AM,06:06 AM,0.0
11802,2024-09-25,PRYJ,06:05 AM,06:05 AM,0.0,06:05 AM,06:05 AM,0.0
11802,2024-09-26,PRYJ,06:05 AM,06:05 AM,0.0,06:05 AM,06:05 AM,0.0
11802,2024-09-27,PRYJ,06:05 AM,06:06 AM,0.0,06:05 AM,06:06 AM,0.0
11802,2024-09-28,PRYJ,06:05 AM,06:05 AM,0.0,06:05 AM,06:05 AM,0.0
11802,2024-09-29,PRYJ,06:05 AM,06:06 AM,0.0,06:05 AM,06:06 AM,0.0
11802,2024-09-30,PRYJ,06:05 AM,06:05 AM,0.0,06:05 AM,06:05 AM,0.0
3414,2024-09-09,CNB,04:00 PM,01:27 AM,567.0,04:05 PM,01:32 AM,567.0
3414,2024-09-09,PRYJ,06:05 PM,05:05 AM,660.0,06:10 PM,05:10 AM,660.0
3414,2024-09-09,DDU,08:20 PM,07:39 AM,679.0,08:30 PM,07:49 AM,679.0
3414,2024-09-09,BXR,09:30 PM,09:30 PM,0.0,09:32 PM,09:32 PM,0.0
3414,2024-09-13,CNB,04:00 PM,03:16 AM,676.0,04:05 PM,03:21 AM,676.0
3414,2024-09-13,PRYJ,06:05 PM,06:46 AM,761.0,06:10 PM,06:51 AM,761.0
3414,2024-09-13,DDU,08:20 PM,09:39 AM,799.0,08:30 PM,09:49 AM,799.0
3414,2024-09-13,BXR,09:30 PM,09:30 PM,0.0,09:32 PM,09:32 PM,0.0
3414,2024-09-16,CNB,04:00 PM,02:42 AM,642.0,04:05 PM,02:47 AM,642.0
3414,2024-09-16,PRYJ,06:05 PM,05:53 AM,708.0,06:10 PM,05:58 AM,708.0
3414,2024-09-16,DDU,08:20 PM,09:20 AM,780.0,08:30 PM,09:30 AM,780.0
3414,2024-09-16,BXR,09:30 PM,10:47 AM,797.0,09:32 PM,10:49 AM,797.0
3414,2024-09-20,CNB,04:00 PM,02:10 AM,610.0,04:05 PM,02:15 AM,610.0
3414,2024-09-20,PRYJ,06:05 PM,06:08 AM,723.0,06:10 PM,06:13 AM,723.0
3414,2024-09-20,DDU,08:20 PM,09:11 AM,771.0,08:30 PM,09:21 AM,771.0
3414,2024-09-20,BXR,09:30 PM,10:57 AM,807.0,09:32 PM,10:59 AM,807.0
3414,2024-09-23,CNB,04:00 PM,05:10 AM,790.0,04:05 PM,05:15 AM,790.0
3414,2024-09-23,PRYJ,06:05 PM,08:12 AM,847.0,06:10 PM,08:17 AM,847.0
3414,2024-09-23,DDU,08:20 PM,11:21 AM,901.0,08:30 PM,11:31 AM,901.0
3414,2024-09-23,BXR,09:30 PM,01:15 PM,945.0,09:32 PM,01:17 PM,945.0
3414,2024-09-27,CNB,04:00 PM,02:55 AM,655.0,04:05 PM,03:00 AM,655.0
3414,2024-09-27,PRYJ,06:05 PM,05:33 AM,688.0,06:10 PM,05:38 AM,688.0
3414,2024-09-27,DDU,08:20 PM,07:42 AM,682.0,08:30 PM,07:52 AM,682.0
3414,2024-09-27,BXR,09:30 PM,09:42 AM,732.0,09:32 PM,09:44 AM,732.0
3414,2024-09-30,CNB,04:00 PM,03:05 AM,665.0,04:05 PM,03:10 AM,665.0
3414,2024-09-30,PRYJ,06:05 PM,06:24 AM,739.0,06:10 PM,06:29 AM,739.0
3414,2024-09-30,DDU,08:20 PM,09:15 AM,775.0,08:30 PM,09:25 AM,775.0
3414,2024-09-30,BXR,09:30 PM,11:09 AM,819.0,09:32 PM,11:11 AM,819.0
12281,2024-09-04,DDU,08:55 PM,09:11 PM,16.0,09:05 PM,09:21 PM,16.0
12281,2024-09-04,CNB,12:50 AM,01:22 AM,32.0,12:55 AM,01:27 AM,32.0
12281,2024-09-11,DDU,08:55 PM,09:04 PM,9.0,09:05 PM,09:14 PM,9.0
12281,2024-09-11,CNB,12:50 AM,01:39 AM,49.0,12:55 AM,01:44 AM,49.0
12281,2024-09-18,DDU,08:55 PM,08:58 PM,3.0,09:05 PM,09:08 PM,3.0
12281,2024-09-18,CNB,12:50 AM,02:05 AM,75.0,12:55 AM,02:10 AM,75.0
12281,2024-09-25,DDU,08:55 PM,10:05 PM,70.0,09:05 PM,10:15 PM,70.0
12281,2024-09-25,CNB,12:50 AM,02:13 AM,83.0,12:55 AM,02:18 AM,83.0
13009,2024-09-01,DDU,09:15 AM,09:15 AM,0.0,09:25 AM,09:25 AM,0.0
13009,2024-09-02,DDU,09:15 AM,09:25 AM,10.0,09:25 AM,09:35 AM,10.0
13009,2024-09-03,DDU,09:15 AM,09:16 AM,0.0,09:25 AM,09:26 AM,0.0
13009,2024-09-04,DDU,09:15 AM,09:15 AM,0.0,09:25 AM,09:25 AM,0.0
13009,2024-09-05,DDU,09:15 AM,09:15 AM,0.0,09:25 AM,09:25 AM,0.0
13009,2024-09-06,DDU,09:15 AM,09:16 AM,0.0,09:25 AM,09:26 AM,0.0
13009,2024-09-07,DDU,09:15 AM,09:24 AM,9.0,09:25 AM,09:34 AM,9.0
13009,2024-09-08,DDU,09:15 AM,09:15 AM,0.0,09:25 AM,09:25 AM,0.0
13009,2024-09-09,DDU,09:15 AM,09:16 AM,0.0,09:25 AM,09:26 AM,0.0
13009,2024-09-10,DDU,09:15 AM,09:15 AM,0.0,09:25 AM,09:25 AM,0.0
13009,2024-09-11,DDU,09:15 AM,09:16 AM,0.0,09:25 AM,09:26 AM,0.0
13009,2024-09-12,DDU,09:15 AM,09:17 AM,2.0,09:25 AM,09:27 AM,2.0
13009,2024-09-13,DDU,09:15 AM,09:42 AM,27.0,09:25 AM,09:52 AM,27.0
13009,2024-09-14,DDU,09:15 AM,09:16 AM,0.0,09:25 AM,09:26 AM,0.0
13009,2024-09-15,DDU,09:15 AM,09:16 AM,0.0,09:25 AM,09:26 AM,0.0
13009,2024-09-16,DDU,09:15 AM,10:23 AM,68.0,09:25 AM,10:33 AM,68.0
13009,2024-09-17,DDU,09:15 AM,09:15 AM,0.0,09:25 AM,09:25 AM,0.0
13009,2024-09-18,DDU,09:15 AM,09:15 AM,0.0,09:25 AM,09:25 AM,0.0
13009,2024-09-19,DDU,09:15 AM,09:19 AM,4.0,09:25 AM,09:29 AM,4.0
13009,2024-09-20,DDU,09:15 AM,09:15 AM,0.0,09:25 AM,09:25 AM,0.0
13009,2024-09-21,DDU,09:15 AM,09:16 AM,0.0,09:25 AM,09:26 AM,0.0
13009,2024-09-22,DDU,09:15 AM,09:15 AM,0.0,09:25 AM,09:25 AM,0.0
13009,2024-09-23,DDU,09:15 AM,09:29 AM,14.0,09:25 AM,09:39 AM,14.0
13009,2024-09-24,DDU,09:15 AM,09:15 AM,0.0,09:25 AM,09:25 AM,0.0
13009,2024-09-25,DDU,09:15 AM,09:15 AM,0.0,09:25 AM,09:25 AM,0.0
13009,2024-09-26,DDU,09:15 AM,09:15 AM,0.0,09:25 AM,09:25 AM,0.0
13009,2024-09-27,DDU,09:15 AM,09:15 AM,0.0,09:25 AM,09:25 AM,0.0
13009,2024-09-28,DDU,09:15 AM,09:15 AM,0.0,09:25 AM,09:25 AM,0.0
13009,2024-09-29,DDU,09:15 AM,09:15 AM,0.0,09:25 AM,09:25 AM,0.0
13009,2024-09-30,DDU,09:15 AM,09:15 AM,0.0,09:25 AM,09:25 AM,0.0
11427,2024-09-06,DDU,06:40 AM,06:53 AM,13.0,06:50 AM,07:03 AM,13.0
11427,2024-09-13,DDU,06:40 AM,06:40 AM,0.0,06:50 AM,06:50 AM,0.0
11427,2024-09-20,DDU,06:40 AM,06:40 AM,0.0,06:50 AM,06:50 AM,0.0
11427,2024-09-27,DDU,06:40 AM,06:40 AM,0.0,06:50 AM,06:50 AM,0.0
5558,2024-09-05,DDU,07:15 AM,02:42 PM,447.0,07:25 AM,02:52 PM,447.0
5558,2024-09-05,BXR,08:28 AM,08:28 AM,0.0,08:30 AM,08:30 AM,0.0
5558,2024-09-12,DDU,07:15 AM,08:38 PM,803.0,07:25 AM,08:48 PM,803.0
5558,2024-09-12,BXR,08:28 AM,10:10 PM,822.0,08:30 AM,10:12 PM,822.0
5558,2024-09-19,DDU,07:15 AM,05:17 PM,602.0,07:25 AM,05:27 PM,602.0
5558,2024-09-19,BXR,08:28 AM,08:28 AM,0.0,08:30 AM,08:30 AM,0.0
5558,2024-09-26,DDU,07:15 AM,09:04 PM,829.0,07:25 AM,09:14 PM,829.0
5558,2024-09-26,BXR,08:28 AM,08:28 AM,0.0,08:30 AM,08:30 AM,0.0
20801,2024-09-01,BXR,07:30 PM,08:15 PM,45.0,07:32 PM,08:17 PM,45.0
20801,2024-09-01,DDU,09:54 PM,09:55 PM,0.0,10:04 PM,10:05 PM,0.0
20801,2024-09-01,PRYJ,01:15 AM,01:28 AM,13.0,01:20 AM,01:33 AM,13.0
20801,2024-09-01,CNB,04:00 AM,04:19 AM,19.0,04:05 AM,04:24 AM,19.0
20801,2024-09-02,BXR,07:30 PM,07:53 PM,23.0,07:32 PM,07:55 PM,23.0
20801,2024-09-02,DDU,09:54 PM,09:55 PM,0.0,10:04 PM,10:05 PM,0.0
20801,2024-09-02,PRYJ,01:15 AM,01:15 AM,0.0,01:20 AM,01:20 AM,0.0
20801,2024-09-02,CNB,04:00 AM,04:00 AM,0.0,04:05 AM,04:05 AM,0.0
20801,2024-09-03,BXR,07:30 PM,07:38 PM,8.0,07:32 PM,07:40 PM,8.0
20801,2024-09-03,DDU,09:54 PM,09:55 PM,0.0,10:04 PM,10:05 PM,0.0
20801,2024-09-03,PRYJ,01:15 AM,01:40 AM,25.0,01:20 AM,01:45 AM,25.0
20801,2024-09-03,CNB,04:00 AM,04:13 AM,13.0,04:05 AM,04:18 AM,13.0
20801,2024-09-04,BXR,07:30 PM,07:30 PM,0.0,07:32 PM,07:32 PM,0.0
20801,2024-09-04,DDU,09:54 PM,09:54 PM,0.0,10:04 PM,10:04 PM,0.0
20801,2024-09-04,PRYJ,01:15 AM,01:15 AM,0.0,01:20 AM,01:20 AM,0.0
20801,2024-09-04,CNB,04:00 AM,04:00 AM,0.0,04:05 AM,04:05 AM,0.0
20801,2024-09-05,BXR,07:30 PM,08:31 PM,61.0,07:32 PM,08:33 PM,61.0
20801,2024-09-05,DDU,09:54 PM,09:54 PM,0.0,10:04 PM,10:04 PM,0.0
20801,2024-09-05,PRYJ,01:15 AM,01:15 AM,0.0,01:20 AM,01:20 AM,0.0
20801,2024-09-05,CNB,04:00 AM,04:00 AM,0.0,04:05 AM,04:05 AM,0.0
20801,2024-09-06,BXR,07:30 PM,08:33 PM,63.0,07:32 PM,08:35 PM,63.0
20801,2024-09-06,DDU,09:54 PM,09:54 PM,0.0,10:04 PM,10:04 PM,0.0
20801,2024-09-06,PRYJ,01:15 AM,01:15 AM,0.0,01:20 AM,01:20 AM,0.0
20801,2024-09-06,CNB,04:00 AM,04:11 AM,11.0,04:05 AM,04:16 AM,11.0
20801,2024-09-07,BXR,07:30 PM,07:58 PM,28.0,07:32 PM,08:00 PM,28.0
20801,2024-09-07,DDU,09:54 PM,09:54 PM,0.0,10:04 PM,10:04 PM,0.0
20801,2024-09-07,PRYJ,01:15 AM,01:17 AM,2.0,01:20 AM,01:22 AM,2.0
20801,2024-09-07,CNB,04:00 AM,04:02 AM,2.0,04:05 AM,04:07 AM,2.0
20801,2024-09-08,BXR,07:30 PM,08:14 PM,44.0,07:32 PM,08:16 PM,44.0
20801,2024-09-08,DDU,09:54 PM,09:54 PM,0.0,10:04 PM,10:04 PM,0.0
20801,2024-09-08,PRYJ,01:15 AM,01:37 AM,22.0,01:20 AM,01:42 AM,22.0
20801,2024-09-08,CNB,04:00 AM,04:14 AM,14.0,04:05 AM,04:19 AM,14.0
20801,2024-09-09,BXR,07:30 PM,08:23 PM,53.0,07:32 PM,08:25 PM,53.0
20801,2024-09-09,DDU,09:54 PM,09:56 PM,2.0,10:04 PM,10:06 PM,2.0
20801,2024-09-09,PRYJ,01:15 AM,01:23 AM,8.0,01:20 AM,01:28 AM,8.0
20801,2024-09-09,CNB,04:00 AM,04:02 AM,2.0,04:05 AM,04:07 AM,2.0
20801,2024-09-10,BXR,07:30 PM,07:30 PM,0.0,07:32 PM,07:32 PM,0.0
20801,2024-09-10,DDU,09:54 PM,09:55 PM,0.0,10:04 PM,10:05 PM,0.0
20801,2024-09-10,PRYJ,01:15 AM,01:15 AM,0.0,01:20 AM,01:20 AM,0.0
20801,2024-09-10,CNB,04:00 AM,04:16 AM,16.0,04:05 AM,04:21 AM,16.0
20801,2024-09-11,BXR,07:30 PM,08:01 PM,31.0,07:32 PM,08:03 PM,31.0
20801,2024-09-11,DDU,09:54 PM,09:55 PM,0.0,10:04 PM,10:05 PM,0.0
20801,2024-09-11,PRYJ,01:15 AM,01:41 AM,26.0,01:20 AM,01:46 AM,26.0
20801,2024-09-11,CNB,04:00 AM,04:22 AM,22.0,04:05 AM,04:27 AM,22.0
20801,2024-09-12,BXR,07:30 PM,08:30 PM,60.0,07:32 PM,08:32 PM,60.0
20801,2024-09-12,DDU,09:54 PM,09:55 PM,0.0,10:04 PM,10:05 PM,0.0
20801,2024-09-12,PRYJ,01:15 AM,01:40 AM,25.0,01:20 AM,01:45 AM,25.0
20801,2024-09-12,CNB,04:00 AM,04:33 AM,33.0,04:05 AM,04:38 AM,33.0
20801,2024-09-13,BXR,07:30 PM,08:39 PM,69.0,07:32 PM,08:41 PM,69.0
20801,2024-09-13,DDU,09:54 PM,10:23 PM,29.0,10:04 PM,10:33 PM,29.0
20801,2024-09-13,PRYJ,01:15 AM,01:18 AM,3.0,01:20 AM,01:23 AM,3.0
20801,2024-09-13,CNB,04:00 AM,04:01 AM,0.0,04:05 AM,04:06 AM,0.0
20801,2024-09-14,BXR,07:30 PM,08:06 PM,36.0,07:32 PM,08:08 PM,36.0
20801,2024-09-14,DDU,09:54 PM,09:58 PM,4.0,10:04 PM,10:08 PM,4.0
20801,2024-09-14,PRYJ,01:15 AM,01:16 AM,0.0,01:20 AM,01:21 AM,0.0
20801,2024-09-14,CNB,04:00 AM,04:12 AM,12.0,04:05 AM,04:17 AM,12.0
20801,2024-09-15,BXR,07:30 PM,07:30 PM,0.0,07:32 PM,07:32 PM,0.0
20801,2024-09-15,DDU,09:54 PM,09:56 PM,2.0,10:04 PM,10:06 PM,2.0
20801,2024-09-15,PRYJ,01:15 AM,01:27 AM,12.0,01:20 AM,01:32 AM,12.0
20801,2024-09-15,CNB,04:00 AM,04:26 AM,26.0,04:05 AM,04:31 AM,26.0
20801,2024-09-16,BXR,07:30 PM,10:36 PM,186.0,07:32 PM,10:38 PM,186.0
20801,2024-09-16,DDU,09:54 PM,12:20 AM,146.0,10:04 PM,12:30 AM,146.0
20801,2024-09-16,PRYJ,01:15 AM,04:00 AM,165.0,01:20 AM,04:05 AM,165.0
20801,2024-09-16,CNB,04:00 AM,06:24 AM,144.0,04:05 AM,06:29 AM,144.0
20801,2024-09-17,BXR,07:30 PM,07:59 PM,29.0,07:32 PM,08:01 PM,29.0
20801,2024-09-17,DDU,09:54 PM,09:55 PM,0.0,10:04 PM,10:05 PM,0.0
20801,2024-09-17,PRYJ,01:15 AM,01:15 AM,0.0,01:20 AM,01:20 AM,0.0
20801,2024-09-17,CNB,04:00 AM,04:19 AM,19.0,04:05 AM,04:24 AM,19.0
20801,2024-09-18,BXR,07:30 PM,08:11 PM,41.0,07:32 PM,08:13 PM,41.0
20801,2024-09-18,DDU,09:54 PM,09:54 PM,0.0,10:04 PM,10:04 PM,0.0
20801,2024-09-18,PRYJ,01:15 AM,01:42 AM,27.0,01:20 AM,01:47 AM,27.0
20801,2024-09-18,CNB,04:00 AM,04:33 AM,33.0,04:05 AM,04:38 AM,33.0
20801,2024-09-19,BXR,07:30 PM,08:01 PM,31.0,07:32 PM,08:03 PM,31.0
20801,2024-09-19,DDU,09:54 PM,09:56 PM,2.0,10:04 PM,10:06 PM,2.0
20801,2024-09-19,PRYJ,01:15 AM,01:15 AM,0.0,01:20 AM,01:20 AM,0.0
20801,2024-09-19,CNB,04:00 AM,04:06 AM,6.0,04:05 AM,04:11 AM,6.0
20801,2024-09-20,BXR,07:30 PM,08:02 PM,32.0,07:32 PM,08:04 PM,32.0
20801,2024-09-20,DDU,09:54 PM,09:54 PM,0.0,10:04 PM,10:04 PM,0.0
20801,2024-09-20,PRYJ,01:15 AM,01:37 AM,22.0,01:20 AM,01:42 AM,22.0
20801,2024-09-20,CNB,04:00 AM,04:14 AM,14.0,04:05 AM,04:19 AM,14.0
20801,2024-09-21,BXR,07:30 PM,08:07 PM,37.0,07:32 PM,08:09 PM,37.0
20801,2024-09-21,DDU,09:54 PM,09:57 PM,3.0,10:04 PM,10:07 PM,3.0
20801,2024-09-21,PRYJ,01:15 AM,01:16 AM,0.0,01:20 AM,01:21 AM,0.0
20801,2024-09-21,CNB,04:00 AM,04:00 AM,0.0,04:05 AM,04:05 AM,0.0
20801,2024-09-22,BXR,07:30 PM,07:43 PM,13.0,07:32 PM,07:45 PM,13.0
20801,2024-09-22,DDU,09:54 PM,09:54 PM,0.0,10:04 PM,10:04 PM,0.0
20801,2024-09-22,PRYJ,01:15 AM,01:15 AM,0.0,01:20 AM,01:20 AM,0.0
20801,2024-09-22,CNB,04:00 AM,04:00 AM,0.0,04:05 AM,04:05 AM,0.0
20801,2024-09-23,BXR,07:30 PM,08:05 PM,35.0,07:32 PM,08:07 PM,35.0
20801,2024-09-23,DDU,09:54 PM,09:54 PM,0.0,10:04 PM,10:04 PM,0.0
20801,2024-09-23,PRYJ,01:15 AM,01:27 AM,12.0,01:20 AM,01:32 AM,12.0
20801,2024-09-23,CNB,04:00 AM,04:05 AM,5.0,04:05 AM,04:10 AM,5.0
20801,2024-09-24,BXR,07:30 PM,08:02 PM,32.0,07:32 PM,08:04 PM,32.0
20801,2024-09-24,DDU,09:54 PM,09:54 PM,0.0,10:04 PM,10:04 PM,0.0
20801,2024-09-24,PRYJ,01:15 AM,01:19 AM,4.0,01:20 AM,01:24 AM,4.0
20801,2024-09-24,CNB,04:00 AM,04:01 AM,0.0,04:05 AM,04:06 AM,0.0
20801,2024-09-25,BXR,07:30 PM,08:06 PM,36.0,07:32 PM,08:08 PM,36.0
20801,2024-09-25,DDU,09:54 PM,09:54 PM,0.0,10:04 PM,10:04 PM,0.0
20801,2024-09-25,PRYJ,01:15 AM,01:17 AM,2.0,01:20 AM,01:22 AM,2.0
20801,2024-09-25,CNB,04:00 AM,04:16 AM,16.0,04:05 AM,04:21 AM,16.0
20801,2024-09-26,BXR,07:30 PM,08:01 PM,31.0,07:32 PM,08:03 PM,31.0
20801,2024-09-26,DDU,09:54 PM,09:55 PM,0.0,10:04 PM,10:05 PM,0.0
20801,2024-09-26,PRYJ,01:15 AM,01:17 AM,2.0,01:20 AM,01:22 AM,2.0
20801,2024-09-26,CNB,04:00 AM,04:05 AM,5.0,04:05 AM,04:10 AM,5.0
20801,2024-09-27,BXR,07:30 PM,08:07 PM,37.0,07:32 PM,08:09 PM,37.0
20801,2024-09-27,DDU,09:54 PM,09:54 PM,0.0,10:04 PM,10:04 PM,0.0
20801,2024-09-27,PRYJ,01:15 AM,01:27 AM,12.0,01:20 AM,01:32 AM,12.0
20801,2024-09-27,CNB,04:00 AM,05:33 AM,93.0,04:05 AM,05:38 AM,93.0
20801,2024-09-28,BXR,07:30 PM,08:04 PM,34.0,07:32 PM,08:06 PM,34.0
20801,2024-09-28,DDU,09:54 PM,09:54 PM,0.0,10:04 PM,10:04 PM,0.0
20801,2024-09-28,PRYJ,01:15 AM,01:39 AM,24.0,01:20 AM,01:44 AM,24.0
20801,2024-09-28,CNB,04:00 AM,04:25 AM,25.0,04:05 AM,04:30 AM,25.0
20801,2024-09-29,BXR,07:30 PM,08:26 PM,56.0,07:32 PM,08:28 PM,56.0
20801,2024-09-29,DDU,09:54 PM,09:54 PM,0.0,10:04 PM,10:04 PM,0.0
20801,2024-09-29,PRYJ,01:15 AM,02:06 AM,51.0,01:20 AM,02:11 AM,51.0
20801,2024-09-29,CNB,04:00 AM,05:47 AM,107.0,04:05 AM,05:52 AM,107.0
20801,2024-09-30,BXR,07:30 PM,08:14 PM,44.0,07:32 PM,08:16 PM,44.0
20801,2024-09-30,DDU,09:54 PM,09:55 PM,0.0,10:04 PM,10:05 PM,0.0
20801,2024-09-30,PRYJ,01:15 AM,01:20 AM,5.0,01:20 AM,01:25 AM,5.0
20801,2024-09-30,CNB,04:00 AM,04:22 AM,22.0,04:05 AM,04:27 AM,22.0
20403,2024-09-04,PRYJ,11:10 PM,11:10 PM,0.0,11:10 PM,11:10 PM,0.0
20403,2024-09-04,CNB,01:35 AM,01:53 AM,18.0,01:40 AM,01:58 AM,18.0
20403,2024-09-06,PRYJ,11:10 PM,11:11 PM,0.0,11:10 PM,11:11 PM,0.0
20403,2024-09-06,CNB,01:35 AM,01:55 AM,20.0,01:40 AM,02:00 AM,20.0
20403,2024-09-08,PRYJ,11:10 PM,11:11 PM,0.0,11:10 PM,11:11 PM,0.0
20403,2024-09-08,CNB,01:35 AM,02:02 AM,27.0,01:40 AM,02:07 AM,27.0
20403,2024-09-11,PRYJ,11:10 PM,11:13 PM,3.0,11:10 PM,11:13 PM,3.0
20403,2024-09-11,CNB,01:35 AM,01:59 AM,24.0,01:40 AM,02:04 AM,24.0
20403,2024-09-13,PRYJ,11:10 PM,11:10 PM,0.0,11:10 PM,11:10 PM,0.0
20403,2024-09-13,CNB,01:35 AM,01:53 AM,18.0,01:40 AM,01:58 AM,18.0
20403,2024-09-15,PRYJ,11:10 PM,11:11 PM,0.0,11:10 PM,11:11 PM,0.0
20403,2024-09-15,CNB,01:35 AM,01:50 AM,15.0,01:40 AM,01:55 AM,15.0
20403,2024-09-18,PRYJ,11:10 PM,11:11 PM,0.0,11:10 PM,11:11 PM,0.0
20403,2024-09-18,CNB,01:35 AM,02:23 AM,48.0,01:40 AM,02:28 AM,48.0
20403,2024-09-22,PRYJ,11:10 PM,11:10 PM,0.0,11:10 PM,11:10 PM,0.0
20403,2024-09-22,CNB,01:35 AM,01:49 AM,14.0,01:40 AM,01:54 AM,14.0
20403,2024-09-25,PRYJ,11:10 PM,11:10 PM,0.0,11:10 PM,11:10 PM,0.0
20403,2024-09-25,CNB,01:35 AM,01:59 AM,24.0,01:40 AM,02:04 AM,24.0
20403,2024-09-27,PRYJ,11:10 PM,11:11 PM,0.0,11:10 PM,11:11 PM,0.0
20403,2024-09-27,CNB,01:35 AM,02:00 AM,25.0,01:40 AM,02:05 AM,25.0
20403,2024-09-29,PRYJ,11:10 PM,11:10 PM,0.0,11:10 PM,11:10 PM,0.0
20403,2024-09-29,CNB,01:35 AM,01:44 AM,9.0,01:40 AM,01:49 AM,9.0
9447,2024-09-04,CNB,03:20 PM,03:20 PM,0.0,03:25 PM,03:25 PM,0.0
9447,2024-09-04,DDU,09:20 PM,09:20 PM,0.0,09:30 PM,09:30 PM,0.0
9447,2024-09-18,CNB,03:20 PM,03:23 PM,3.0,03:25 PM,03:28 PM,3.0
9447,2024-09-18,DDU,09:20 PM,09:42 PM,22.0,09:30 PM,09:52 PM,22.0
9447,2024-09-25,CNB,03:20 PM,03:25 PM,5.0,03:25 PM,03:30 PM,5.0
9447,2024-09-25,DDU,09:20 PM,10:09 PM,49.0,09:30 PM,10:19 PM,49.0
12033,2024-09-02,CNB,06:00 AM,06:00 AM,0.0,06:00 AM,06:00 AM,0.0
12033,2024-09-03,CNB,06:00 AM,06:01 AM,0.0,06:00 AM,06:01 AM,0.0
12033,2024-09-04,CNB,06:00 AM,06:01 AM,0.0,06:00 AM,06:01 AM,0.0
12033,2024-09-05,CNB,06:00 AM,06:00 AM,0.0,06:00 AM,06:00 AM,0.0
12033,2024-09-06,CNB,06:00 AM,06:00 AM,0.0,06:00 AM,06:00 AM,0.0
12033,2024-09-07,CNB,06:00 AM,06:00 AM,0.0,06:00 AM,06:00 AM,0.0
12033,2024-09-10,CNB,06:00 AM,06:00 AM,0.0,06:00 AM,06:00 AM,0.0
12033,2024-09-11,CNB,06:00 AM,06:00 AM,0.0,06:00 AM,06:00 AM,0.0
12033,2024-09-12,CNB,06:00 AM,06:01 AM,0.0,06:00 AM,06:01 AM,0.0
12033,2024-09-13,CNB,06:00 AM,06:00 AM,0.0,06:00 AM,06:00 AM,0.0
12033,2024-09-14,CNB,06:00 AM,06:01 AM,0.0,06:00 AM,06:01 AM,0.0
12033,2024-09-16,CNB,06:00 AM,06:00 AM,0.0,06:00 AM,06:00 AM,0.0
12033,2024-09-17,CNB,06:00 AM,06:00 AM,0.0,06:00 AM,06:00 AM,0.0
12033,2024-09-18,CNB,06:00 AM,06:00 AM,0.0,06:00 AM,06:00 AM,0.0
12033,2024-09-19,CNB,06:00 AM,06:04 AM,4.0,06:00 AM,06:04 AM,4.0
12033,2024-09-20,CNB,06:00 AM,06:00 AM,0.0,06:00 AM,06:00 AM,0.0
12033,2024-09-21,CNB,06:00 AM,06:01 AM,0.0,06:00 AM,06:01 AM,0.0
12033,2024-09-23,CNB,06:00 AM,06:00 AM,0.0,06:00 AM,06:00 AM,0.0
12033,2024-09-24,CNB,06:00 AM,06:01 AM,0.0,06:00 AM,06:01 AM,0.0
12033,2024-09-25,CNB,06:00 AM,06:00 AM,0.0,06:00 AM,06:00 AM,0.0
12033,2024-09-26,CNB,06:00 AM,06:02 AM,2.0,06:00 AM,06:02 AM,2.0
12033,2024-09-27,CNB,06:00 AM,06:00 AM,0.0,06:00 AM,06:00 AM,0.0
12033,2024-09-28,CNB,06:00 AM,06:00 AM,0.0,06:00 AM,06:00 AM,0.0
12033,2024-09-30,CNB,06:00 AM,06:00 AM,0.0,06:00 AM,06:00 AM,0.0
12512,2024-09-01,CNB,07:55 AM,07:08 PM,673.0,08:05 AM,07:18 PM,673.0
12512,2024-09-03,CNB,07:55 AM,12:35 PM,280.0,08:05 AM,12:45 PM,280.0
12512,2024-09-04,CNB,07:55 AM,12:24 PM,269.0,08:05 AM,12:34 PM,269.0
12512,2024-09-08,CNB,07:55 AM,07:55 AM,0.0,08:05 AM,08:05 AM,0.0
12512,2024-09-10,CNB,07:55 AM,07:55 AM,0.0,08:05 AM,08:05 AM,0.0
12512,2024-09-11,CNB,07:55 AM,07:55 AM,0.0,08:05 AM,08:05 AM,0.0
12512,2024-09-15,CNB,07:55 AM,07:55 AM,0.0,08:05 AM,08:05 AM,0.0
12512,2024-09-17,CNB,07:55 AM,07:55 AM,0.0,08:05 AM,08:05 AM,0.0
12512,2024-09-18,CNB,07:55 AM,08:04 AM,9.0,08:05 AM,08:14 AM,9.0
12512,2024-09-22,CNB,07:55 AM,07:55 AM,0.0,08:05 AM,08:05 AM,0.0
14101,2024-09-01,CNB,09:05 PM,09:05 PM,0.0,09:05 PM,09:05 PM,0.0
14101,2024-09-02,CNB,09:05 PM,09:05 PM,0.0,09:05 PM,09:05 PM,0.0
14101,2024-09-03,CNB,09:05 PM,09:54 PM,49.0,09:05 PM,09:54 PM,49.0
14101,2024-09-04,CNB,09:05 PM,09:58 PM,53.0,09:05 PM,09:58 PM,53.0
14101,2024-09-05,CNB,09:05 PM,09:05 PM,0.0,09:05 PM,09:05 PM,0.0
14101,2024-09-06,CNB,09:05 PM,09:05 PM,0.0,09:05 PM,09:05 PM,0.0
14101,2024-09-07,CNB,09:05 PM,09:05 PM,0.0,09:05 PM,09:05 PM,0.0
14101,2024-09-08,CNB,09:05 PM,10:27 PM,82.0,09:05 PM,10:27 PM,82.0
14101,2024-09-09,CNB,09:05 PM,09:42 PM,37.0,09:05 PM,09:42 PM,37.0
14101,2024-09-10,CNB,09:05 PM,02:55 AM,350.0,09:05 PM,02:55 AM,350.0
14101,2024-09-11,CNB,09:05 PM,09:52 PM,47.0,09:05 PM,09:52 PM,47.0
14101,2024-09-12,CNB,09:05 PM,09:05 PM,0.0,09:05 PM,09:05 PM,0.0
14101,2024-09-13,CNB,09:05 PM,10:59 PM,114.0,09:05 PM,10:59 PM,114.0
14101,2024-09-14,CNB,09:05 PM,09:05 PM,0.0,09:05 PM,09:05 PM,0.0
14101,2024-09-15,CNB,09:05 PM,09:05 PM,0.0,09:05 PM,09:05 PM,0.0
14101,2024-09-16,CNB,09:05 PM,09:05 PM,0.0,09:05 PM,09:05 PM,0.0
14101,2024-09-17,CNB,09:05 PM,10:04 PM,59.0,09:05 PM,10:04 PM,59.0
14101,2024-09-18,CNB,09:05 PM,10:51 PM,106.0,09:05 PM,10:51 PM,106.0
14101,2024-09-19,CNB,09:05 PM,09:05 PM,0.0,09:05 PM,09:05 PM,0.0
14101,2024-09-20,CNB,09:05 PM,09:39 PM,34.0,09:05 PM,09:39 PM,34.0
14101,2024-09-21,CNB,09:05 PM,09:05 PM,0.0,09:05 PM,09:05 PM,0.0
14101,2024-09-22,CNB,09:05 PM,09:05 PM,0.0,09:05 PM,09:05 PM,0.0
14101,2024-09-23,CNB,09:05 PM,09:58 PM,53.0,09:05 PM,09:58 PM,53.0
14101,2024-09-24,CNB,09:05 PM,09:32 PM,27.0,09:05 PM,09:32 PM,27.0
14101,2024-09-25,CNB,09:05 PM,09:06 PM,0.0,09:05 PM,09:06 PM,0.0
14101,2024-09-26,CNB,09:05 PM,10:46 PM,101.0,09:05 PM,10:46 PM,101.0
14101,2024-09-27,CNB,09:05 PM,09:48 PM,43.0,09:05 PM,09:48 PM,43.0
14101,2024-09-29,CNB,09:05 PM,09:05 PM,0.0,09:05 PM,09:05 PM,0.0
14101,2024-09-30,CNB,09:05 PM,09:08 PM,3.0,09:05 PM,09:08 PM,3.0
22670,2024-09-03,BXR,06:06 PM,04:13 AM,607.0,06:08 PM,04:15 AM,607.0
22670,2024-09-03,DDU,08:00 PM,05:46 AM,586.0,08:10 PM,05:56 AM,586.0
22670,2024-09-03,PRYJ,12:10 AM,10:49 AM,639.0,12:40 AM,11:19 AM,639.0
22670,2024-09-10,BXR,06:06 PM,06:15 PM,9.0,06:08 PM,06:17 PM,9.0
22670,2024-09-10,DDU,08:00 PM,08:00 PM,0.0,08:10 PM,08:10 PM,0.0
22670,2024-09-10,PRYJ,12:10 AM,12:10 AM,0.0,12:40 AM,12:40 AM,0.0
22670,2024-09-17,BXR,06:06 PM,06:30 PM,24.0,06:08 PM,06:32 PM,24.0
22670,2024-09-17,DDU,08:00 PM,08:00 PM,0.0,08:10 PM,08:10 PM,0.0
22670,2024-09-17,PRYJ,12:10 AM,12:18 AM,8.0,12:40 AM,12:48 AM,8.0
22670,2024-09-24,BXR,06:06 PM,06:49 PM,43.0,06:08 PM,06:51 PM,43.0
22670,2024-09-24,DDU,08:00 PM,08:00 PM,0.0,08:10 PM,08:10 PM,0.0
22670,2024-09-24,PRYJ,12:10 AM,12:30 AM,20.0,12:40 AM,01:00 AM,20.0
12235,2024-09-06,BXR,11:06 PM,11:06 PM,0.0,11:08 PM,11:08 PM,0.0
12235,2024-09-06,DDU,01:25 AM,01:26 AM,0.0,01:35 AM,01:36 AM,0.0
12235,2024-09-06,PRYJ,03:23 AM,03:28 AM,5.0,03:25 AM,03:30 AM,5.0
12235,2024-09-06,CNB,05:30 AM,05:36 AM,6.0,05:35 AM,05:41 AM,6.0
12235,2024-09-13,BXR,11:06 PM,11:06 PM,0.0,11:08 PM,11:08 PM,0.0
12235,2024-09-13,DDU,01:25 AM,01:29 AM,4.0,01:35 AM,01:39 AM,4.0
12235,2024-09-13,PRYJ,03:23 AM,03:44 AM,21.0,03:25 AM,03:46 AM,21.0
12235,2024-09-13,CNB,05:30 AM,05:50 AM,20.0,05:35 AM,05:55 AM,20.0
12235,2024-09-20,BXR,11:06 PM,11:06 PM,0.0,11:08 PM,11:08 PM,0.0
12235,2024-09-20,DDU,01:25 AM,01:25 AM,0.0,01:35 AM,01:35 AM,0.0
12235,2024-09-20,PRYJ,03:23 AM,03:23 AM,0.0,03:25 AM,03:25 AM,0.0
12235,2024-09-20,CNB,05:30 AM,05:30 AM,0.0,05:35 AM,05:35 AM,0.0
12235,2024-09-27,BXR,11:06 PM,11:49 PM,43.0,11:08 PM,11:51 PM,43.0
12235,2024-09-27,DDU,01:25 AM,01:25 AM,0.0,01:35 AM,01:35 AM,0.0
12235,2024-09-27,PRYJ,03:23 AM,03:33 AM,10.0,03:25 AM,03:35 AM,10.0
12235,2024-09-27,CNB,05:30 AM,05:48 AM,18.0,05:35 AM,05:53 AM,18.0
15004,2024-09-01,PRYJ,08:15 AM,08:39 AM,24.0,08:20 AM,08:44 AM,24.0
15004,2024-09-01,CNB,11:30 AM,11:30 AM,0.0,11:35 AM,11:35 AM,0.0
15004,2024-09-02,PRYJ,08:15 AM,08:16 AM,0.0,08:20 AM,08:21 AM,0.0
15004,2024-09-02,CNB,11:30 AM,12:23 PM,53.0,11:35 AM,12:28 PM,53.0
15004,2024-09-03,PRYJ,08:15 AM,08:42 AM,27.0,08:20 AM,08:47 AM,27.0
15004,2024-09-03,CNB,11:30 AM,12:22 PM,52.0,11:35 AM,12:27 PM,52.0
15004,2024-09-04,PRYJ,08:15 AM,08:15 AM,0.0,08:20 AM,08:20 AM,0.0
15004,2024-09-04,CNB,11:30 AM,11:33 AM,3.0,11:35 AM,11:38 AM,3.0
15004,2024-09-09,PRYJ,08:15 AM,08:15 AM,0.0,08:20 AM,08:20 AM,0.0
15004,2024-09-09,CNB,11:30 AM,11:30 AM,0.0,11:35 AM,11:35 AM,0.0
15004,2024-09-13,PRYJ,08:15 AM,08:16 AM,0.0,08:20 AM,08:21 AM,0.0
15004,2024-09-13,CNB,11:30 AM,11:51 AM,21.0,11:35 AM,11:56 AM,21.0
15004,2024-09-14,PRYJ,08:15 AM,08:15 AM,0.0,08:20 AM,08:20 AM,0.0
15004,2024-09-14,CNB,11:30 AM,11:30 AM,0.0,11:35 AM,11:35 AM,0.0
15004,2024-09-15,PRYJ,08:15 AM,08:20 AM,5.0,08:20 AM,08:25 AM,5.0
15004,2024-09-15,CNB,11:30 AM,11:31 AM,0.0,11:35 AM,11:36 AM,0.0
15004,2024-09-16,PRYJ,08:15 AM,08:15 AM,0.0,08:20 AM,08:20 AM,0.0
15004,2024-09-16,CNB,11:30 AM,11:30 AM,0.0,11:35 AM,11:35 AM,0.0
15004,2024-09-18,PRYJ,08:15 AM,08:15 AM,0.0,08:20 AM,08:20 AM,0.0
15004,2024-09-18,CNB,11:30 AM,11:34 AM,4.0,11:35 AM,11:39 AM,4.0
15004,2024-09-19,PRYJ,08:15 AM,08:28 AM,13.0,08:20 AM,08:33 AM,13.0
15004,2024-09-19,CNB,11:30 AM,12:19 PM,49.0,11:35 AM,12:24 PM,49.0
15004,2024-09-20,PRYJ,08:15 AM,09:13 AM,58.0,08:20 AM,09:18 AM,58.0
15004,2024-09-20,CNB,11:30 AM,11:30 AM,0.0,11:35 AM,11:35 AM,0.0
15004,2024-09-21,PRYJ,08:15 AM,08:15 AM,0.0,08:20 AM,08:20 AM,0.0
15004,2024-09-21,CNB,11:30 AM,11:30 AM,0.0,11:35 AM,11:35 AM,0.0
15004,2024-09-22,PRYJ,08:15 AM,08:15 AM,0.0,08:20 AM,08:20 AM,0.0
15004,2024-09-22,CNB,11:30 AM,11:30 AM,0.0,11:35 AM,11:35 AM,0.0
15004,2024-09-23,PRYJ,08:15 AM,08:16 AM,0.0,08:20 AM,08:21 AM,0.0
15004,2024-09-23,CNB,11:30 AM,12:14 PM,44.0,11:35 AM,12:19 PM,44.0
15004,2024-09-26,PRYJ,08:15 AM,08:21 AM,6.0,08:20 AM,08:26 AM,6.0
15004,2024-09-26,CNB,11:30 AM,12:02 PM,32.0,11:35 AM,12:07 PM,32.0
15004,2024-09-27,PRYJ,08:15 AM,08:16 AM,0.0,08:20 AM,08:21 AM,0.0
15004,2024-09-27,CNB,11:30 AM,11:45 AM,15.0,11:35 AM,11:50 AM,15.0
15004,2024-09-29,PRYJ,08:15 AM,09:05 AM,50.0,08:20 AM,09:10 AM,50.0
15004,2024-09-29,CNB,11:30 AM,12:46 PM,76.0,11:35 AM,12:51 PM,76.0
4055,2024-09-05,PRYJ,08:35 PM,08:35 PM,0.0,08:40 PM,08:40 PM,0.0
4055,2024-09-05,CNB,11:00 PM,03:56 AM,296.0,11:05 PM,04:01 AM,296.0
4055,2024-09-12,PRYJ,08:35 PM,08:35 PM,0.0,08:40 PM,08:40 PM,0.0
4055,2024-09-12,CNB,11:00 PM,01:36 AM,156.0,11:05 PM,01:41 AM,156.0
4055,2024-09-19,PRYJ,08:35 PM,08:35 PM,0.0,08:40 PM,08:40 PM,0.0
4055,2024-09-19,CNB,11:00 PM,11:00 PM,0.0,11:05 PM,11:05 PM,0.0
4055,2024-09-26,PRYJ,08:35 PM,09:51 PM,76.0,08:40 PM,09:56 PM,76.0
4055,2024-09-26,CNB,11:00 PM,11:00 PM,0.0,11:05 PM,11:05 PM,0.0
3110,2024-09-05,CNB,08:45 AM,08:45 AM,0.0,08:55 AM,08:55 AM,0.0
3110,2024-09-05,PRYJ,10:50 AM,10:50 AM,0.0,10:55 AM,10:55 AM,0.0
3110,2024-09-05,DDU,01:15 PM,01:15 PM,0.0,01:25 PM,01:25 PM,0.0
3110,2024-09-05,BXR,03:18 PM,03:18 PM,0.0,03:20 PM,03:20 PM,0.0
3110,2024-09-12,CNB,08:45 AM,11:53 AM,188.0,08:55 AM,12:03 PM,188.0
3110,2024-09-12,PRYJ,10:50 AM,05:16 PM,386.0,10:55 AM,05:21 PM,386.0
3110,2024-09-12,DDU,01:15 PM,09:04 PM,469.0,01:25 PM,09:14 PM,469.0
3110,2024-09-12,BXR,03:18 PM,10:44 PM,446.0,03:20 PM,10:46 PM,446.0
3110,2024-09-19,CNB,08:45 AM,10:46 AM,121.0,08:55 AM,10:56 AM,121.0
3110,2024-09-19,PRYJ,10:50 AM,01:38 PM,168.0,10:55 AM,01:43 PM,168.0
3110,2024-09-19,DDU,01:15 PM,06:30 PM,315.0,01:25 PM,06:40 PM,315.0
3110,2024-09-19,BXR,03:18 PM,09:50 PM,392.0,03:20 PM,09:52 PM,392.0
3110,2024-09-26,CNB,08:45 AM,12:42 PM,237.0,08:55 AM,12:52 PM,237.0
3110,2024-09-26,PRYJ,10:50 AM,04:03 PM,313.0,10:55 AM,04:08 PM,313.0
3110,2024-09-26,DDU,01:15 PM,08:49 PM,454.0,01:25 PM,08:59 PM,454.0
3110,2024-09-26,BXR,03:18 PM,10:21 PM,423.0,03:20 PM,10:23 PM,423.0
11110,2024-09-01,CNB,06:10 PM,06:22 PM,12.0,06:15 PM,06:27 PM,12.0
11110,2024-09-02,CNB,06:10 PM,06:19 PM,9.0,06:15 PM,06:24 PM,9.0
11110,2024-09-03,CNB,06:10 PM,06:49 PM,39.0,06:15 PM,06:54 PM,39.0
11110,2024-09-04,CNB,06:10 PM,06:17 PM,7.0,06:15 PM,06:22 PM,7.0
11110,2024-09-05,CNB,06:10 PM,06:13 PM,3.0,06:15 PM,06:18 PM,3.0
11110,2024-09-06,CNB,06:10 PM,06:13 PM,3.0,06:15 PM,06:18 PM,3.0
11110,2024-09-07,CNB,06:10 PM,06:16 PM,6.0,06:15 PM,06:21 PM,6.0
11110,2024-09-08,CNB,06:10 PM,06:13 PM,3.0,06:15 PM,06:18 PM,3.0
11110,2024-09-09,CNB,06:10 PM,06:30 PM,20.0,06:15 PM,06:35 PM,20.0
11110,2024-09-10,CNB,06:10 PM,07:28 PM,78.0,06:15 PM,07:33 PM,78.0
11110,2024-09-11,CNB,06:10 PM,07:37 PM,87.0,06:15 PM,07:42 PM,87.0
11110,2024-09-12,CNB,06:10 PM,07:01 PM,51.0,06:15 PM,07:06 PM,51.0
11110,2024-09-13,CNB,06:10 PM,06:17 PM,7.0,06:15 PM,06:22 PM,7.0
11110,2024-09-14,CNB,06:10 PM,08:05 PM,115.0,06:15 PM,08:10 PM,115.0
11110,2024-09-15,CNB,06:10 PM,06:18 PM,8.0,06:15 PM,06:23 PM,8.0
11110,2024-09-16,CNB,06:10 PM,06:12 PM,2.0,06:15 PM,06:17 PM,2.0
11110,2024-09-17,CNB,06:10 PM,06:22 PM,12.0,06:15 PM,06:27 PM,12.0
11110,2024-09-18,CNB,06:10 PM,06:12 PM,2.0,06:15 PM,06:17 PM,2.0
11110,2024-09-19,CNB,06:10 PM,06:11 PM,0.0,06:15 PM,06:16 PM,0.0
11110,2024-09-20,CNB,06:10 PM,06:23 PM,13.0,06:15 PM,06:28 PM,13.0
11110,2024-09-21,CNB,06:10 PM,06:16 PM,6.0,06:15 PM,06:21 PM,6.0
11110,2024-09-22,CNB,06:10 PM,06:12 PM,2.0,06:15 PM,06:17 PM,2.0
11110,2024-09-23,CNB,06:10 PM,06:19 PM,9.0,06:15 PM,06:24 PM,9.0
11110,2024-09-24,CNB,06:10 PM,08:51 PM,161.0,06:15 PM,08:56 PM,161.0
11110,2024-09-25,CNB,06:10 PM,06:39 PM,29.0,06:15 PM,06:44 PM,29.0
11110,2024-09-26,CNB,06:10 PM,06:15 PM,5.0,06:15 PM,06:20 PM,5.0
11110,2024-09-27,CNB,06:10 PM,06:11 PM,0.0,06:15 PM,06:16 PM,0.0
11110,2024-09-28,CNB,06:10 PM,06:14 PM,4.0,06:15 PM,06:19 PM,4.0
11110,2024-09-29,CNB,06:10 PM,06:14 PM,4.0,06:15 PM,06:19 PM,4.0
11110,2024-09-30,CNB,06:10 PM,06:58 PM,48.0,06:15 PM,07:03 PM,48.0
7648,2024-09-02,BXR,09:38 AM,04:09 PM,391.0,09:40 AM,04:11 PM,391.0
7648,2024-09-02,DDU,12:20 PM,05:59 PM,339.0,12:30 PM,06:09 PM,339.0
7648,2024-09-09,BXR,09:38 AM,09:38 AM,0.0,09:40 AM,09:40 AM,0.0
7648,2024-09-09,DDU,12:20 PM,05:30 PM,310.0,12:30 PM,05:40 PM,310.0
7648,2024-09-30,BXR,09:38 AM,09:38 AM,0.0,09:40 AM,09:40 AM,0.0
7648,2024-09-30,DDU,12:20 PM,03:42 PM,202.0,12:30 PM,03:52 PM,202.0
15021,2024-09-17,DDU,10:15 AM,10:18 AM,3.0,10:25 AM,10:28 AM,3.0
12582,2024-09-01,CNB,04:25 AM,04:25 AM,0.0,04:30 AM,04:30 AM,0.0
12582,2024-09-01,PRYJ,07:15 AM,07:15 AM,0.0,07:25 AM,07:25 AM,0.0
12582,2024-09-04,CNB,04:25 AM,05:21 AM,56.0,04:30 AM,05:26 AM,56.0
12582,2024-09-04,PRYJ,07:15 AM,07:33 AM,18.0,07:25 AM,07:43 AM,18.0
12582,2024-09-05,CNB,04:25 AM,05:28 AM,63.0,04:30 AM,05:33 AM,63.0
12582,2024-09-05,PRYJ,07:15 AM,07:53 AM,38.0,07:25 AM,08:03 AM,38.0
12582,2024-09-06,CNB,04:25 AM,05:40 AM,75.0,04:30 AM,05:45 AM,75.0
12582,2024-09-06,PRYJ,07:15 AM,07:57 AM,42.0,07:25 AM,08:07 AM,42.0
12582,2024-09-08,CNB,04:25 AM,05:22 AM,57.0,04:30 AM,05:27 AM,57.0
12582,2024-09-08,PRYJ,07:15 AM,07:38 AM,23.0,07:25 AM,07:48 AM,23.0
12582,2024-09-12,CNB,04:25 AM,05:21 AM,56.0,04:30 AM,05:26 AM,56.0
12582,2024-09-12,PRYJ,07:15 AM,07:15 AM,0.0,07:25 AM,07:25 AM,0.0
12582,2024-09-13,CNB,04:25 AM,05:07 AM,42.0,04:30 AM,05:12 AM,42.0
12582,2024-09-13,PRYJ,07:15 AM,07:40 AM,25.0,07:25 AM,07:50 AM,25.0
12582,2024-09-14,CNB,04:25 AM,05:07 AM,42.0,04:30 AM,05:12 AM,42.0
12582,2024-09-14,PRYJ,07:15 AM,07:38 AM,23.0,07:25 AM,07:48 AM,23.0
12582,2024-09-15,CNB,04:25 AM,04:40 AM,15.0,04:30 AM,04:45 AM,15.0
12582,2024-09-15,PRYJ,07:15 AM,07:16 AM,0.0,07:25 AM,07:26 AM,0.0
12582,2024-09-18,CNB,04:25 AM,06:14 AM,109.0,04:30 AM,06:19 AM,109.0
12582,2024-09-18,PRYJ,07:15 AM,08:33 AM,78.0,07:25 AM,08:43 AM,78.0
12582,2024-09-19,CNB,04:25 AM,05:18 AM,53.0,04:30 AM,05:23 AM,53.0
12582,2024-09-19,PRYJ,07:15 AM,07:41 AM,26.0,07:25 AM,07:51 AM,26.0
12582,2024-09-20,CNB,04:25 AM,05:05 AM,40.0,04:30 AM,05:10 AM,40.0
12582,2024-09-20,PRYJ,07:15 AM,07:30 AM,15.0,07:25 AM,07:40 AM,15.0
12582,2024-09-21,CNB,04:25 AM,04:51 AM,26.0,04:30 AM,04:56 AM,26.0
12582,2024-09-21,PRYJ,07:15 AM,07:28 AM,13.0,07:25 AM,07:38 AM,13.0
12582,2024-09-25,CNB,04:25 AM,05:05 AM,40.0,04:30 AM,05:10 AM,40.0
12582,2024-09-25,PRYJ,07:15 AM,07:45 AM,30.0,07:25 AM,07:55 AM,30.0
12582,2024-09-27,CNB,04:25 AM,04:51 AM,26.0,04:30 AM,04:56 AM,26.0
12582,2024-09-27,PRYJ,07:15 AM,07:38 AM,23.0,07:25 AM,07:48 AM,23.0
12582,2024-09-28,CNB,04:25 AM,04:56 AM,31.0,04:30 AM,05:01 AM,31.0
12582,2024-09-28,PRYJ,07:15 AM,07:17 AM,2.0,07:25 AM,07:27 AM,2.0
12582,2024-09-29,CNB,04:25 AM,04:57 AM,32.0,04:30 AM,05:02 AM,32.0
12582,2024-09-29,PRYJ,07:15 AM,07:21 AM,6.0,07:25 AM,07:31 AM,6.0
12336,2024-09-01,DDU,07:50 AM,07:50 AM,0.0,08:00 AM,08:00 AM,0.0
12336,2024-09-01,BXR,09:32 AM,09:32 AM,0.0,09:34 AM,09:34 AM,0.0
12336,2024-09-03,DDU,07:50 AM,07:50 AM,0.0,08:00 AM,08:00 AM,0.0
12336,2024-09-03,BXR,09:32 AM,09:32 AM,0.0,09:34 AM,09:34 AM,0.0
12336,2024-09-08,DDU,07:50 AM,07:50 AM,0.0,08:00 AM,08:00 AM,0.0
12336,2024-09-08,BXR,09:32 AM,09:32 AM,0.0,09:34 AM,09:34 AM,0.0
12336,2024-09-10,DDU,07:50 AM,07:50 AM,0.0,08:00 AM,08:00 AM,0.0
12336,2024-09-10,BXR,09:32 AM,09:43 AM,11.0,09:34 AM,09:45 AM,11.0
12336,2024-09-15,DDU,07:50 AM,07:50 AM,0.0,08:00 AM,08:00 AM,0.0
12336,2024-09-15,BXR,09:32 AM,09:32 AM,0.0,09:34 AM,09:34 AM,0.0
12336,2024-09-17,DDU,07:50 AM,07:50 AM,0.0,08:00 AM,08:00 AM,0.0
12336,2024-09-17,BXR,09:32 AM,09:32 AM,0.0,09:34 AM,09:34 AM,0.0
12336,2024-09-22,DDU,07:50 AM,07:50 AM,0.0,08:00 AM,08:00 AM,0.0
12336,2024-09-22,BXR,09:32 AM,09:32 AM,0.0,09:34 AM,09:34 AM,0.0
12336,2024-09-24,DDU,07:50 AM,07:50 AM,0.0,08:00 AM,08:00 AM,0.0
12336,2024-09-24,BXR,09:32 AM,09:32 AM,0.0,09:34 AM,09:34 AM,0.0
12336,2024-09-29,DDU,07:50 AM,07:50 AM,0.0,08:00 AM,08:00 AM,0.0
12336,2024-09-29,BXR,09:32 AM,09:33 AM,0.0,09:34 AM,09:35 AM,0.0
11059,2024-09-03,PRYJ,08:10 AM,08:10 AM,0.0,08:35 AM,08:35 AM,0.0
11059,2024-09-05,PRYJ,08:10 AM,08:10 AM,0.0,08:35 AM,08:35 AM,0.0
11059,2024-09-07,PRYJ,08:10 AM,08:10 AM,0.0,08:35 AM,08:35 AM,0.0
11059,2024-09-10,PRYJ,08:10 AM,08:19 AM,9.0,08:35 AM,08:44 AM,9.0
11059,2024-09-12,PRYJ,08:10 AM,08:11 AM,0.0,08:35 AM,08:36 AM,0.0
11059,2024-09-14,PRYJ,08:10 AM,08:12 AM,2.0,08:35 AM,08:37 AM,2.0
11059,2024-09-17,PRYJ,08:10 AM,08:21 AM,11.0,08:35 AM,08:46 AM,11.0
11059,2024-09-19,PRYJ,08:10 AM,08:11 AM,0.0,08:35 AM,08:36 AM,0.0
11059,2024-09-21,PRYJ,08:10 AM,08:15 AM,5.0,08:35 AM,08:40 AM,5.0
11059,2024-09-24,PRYJ,08:10 AM,08:10 AM,0.0,08:35 AM,08:35 AM,0.0
11059,2024-09-26,PRYJ,08:10 AM,08:10 AM,0.0,08:35 AM,08:35 AM,0.0
11059,2024-09-28,PRYJ,08:10 AM,08:12 AM,2.0,08:35 AM,08:37 AM,2.0
12488,2024-09-01,CNB,02:10 PM,02:54 PM,44.0,02:15 PM,02:59 PM,44.0
12488,2024-09-01,PRYJ,04:55 PM,05:44 PM,49.0,05:00 PM,05:49 PM,49.0
12488,2024-09-01,DDU,07:50 PM,07:53 PM,3.0,08:00 PM,08:03 PM,3.0
12488,2024-09-02,CNB,02:10 PM,02:48 PM,38.0,02:15 PM,02:53 PM,38.0
12488,2024-09-02,PRYJ,04:55 PM,05:26 PM,31.0,05:00 PM,05:31 PM,31.0
12488,2024-09-02,DDU,07:50 PM,07:54 PM,4.0,08:00 PM,08:04 PM,4.0
12488,2024-09-03,CNB,02:10 PM,02:30 PM,20.0,02:15 PM,02:35 PM,20.0
12488,2024-09-03,PRYJ,04:55 PM,05:09 PM,14.0,05:00 PM,05:14 PM,14.0
12488,2024-09-03,DDU,07:50 PM,07:50 PM,0.0,08:00 PM,08:00 PM,0.0
12488,2024-09-04,CNB,02:10 PM,02:11 PM,0.0,02:15 PM,02:16 PM,0.0
12488,2024-09-04,PRYJ,04:55 PM,05:19 PM,24.0,05:00 PM,05:24 PM,24.0
12488,2024-09-04,DDU,07:50 PM,07:50 PM,0.0,08:00 PM,08:00 PM,0.0
12488,2024-09-05,CNB,02:10 PM,02:21 PM,11.0,02:15 PM,02:26 PM,11.0
12488,2024-09-05,PRYJ,04:55 PM,05:08 PM,13.0,05:00 PM,05:13 PM,13.0
12488,2024-09-05,DDU,07:50 PM,07:53 PM,3.0,08:00 PM,08:03 PM,3.0
12488,2024-09-06,CNB,02:10 PM,02:25 PM,15.0,02:15 PM,02:30 PM,15.0
12488,2024-09-06,PRYJ,04:55 PM,05:24 PM,29.0,05:00 PM,05:29 PM,29.0
12488,2024-09-06,DDU,07:50 PM,07:51 PM,0.0,08:00 PM,08:01 PM,0.0
12488,2024-09-07,CNB,02:10 PM,02:33 PM,23.0,02:15 PM,02:38 PM,23.0
12488,2024-09-07,PRYJ,04:55 PM,05:29 PM,34.0,05:00 PM,05:34 PM,34.0
12488,2024-09-07,DDU,07:50 PM,07:57 PM,7.0,08:00 PM,08:07 PM,7.0
12488,2024-09-08,CNB,02:10 PM,02:35 PM,25.0,02:15 PM,02:40 PM,25.0
12488,2024-09-08,PRYJ,04:55 PM,05:26 PM,31.0,05:00 PM,05:31 PM,31.0
12488,2024-09-08,DDU,07:50 PM,07:50 PM,0.0,08:00 PM,08:00 PM,0.0
12488,2024-09-09,CNB,02:10 PM,04:13 PM,123.0,02:15 PM,04:18 PM,123.0
12488,2024-09-09,PRYJ,04:55 PM,06:43 PM,108.0,05:00 PM,06:48 PM,108.0
12488,2024-09-09,DDU,07:50 PM,09:16 PM,86.0,08:00 PM,09:26 PM,86.0
12488,2024-09-10,CNB,02:10 PM,02:12 PM,2.0,02:15 PM,02:17 PM,2.0
12488,2024-09-10,PRYJ,04:55 PM,05:15 PM,20.0,05:00 PM,05:20 PM,20.0
12488,2024-09-10,DDU,07:50 PM,07:50 PM,0.0,08:00 PM,08:00 PM,0.0
12488,2024-09-11,CNB,02:10 PM,02:40 PM,30.0,02:15 PM,02:45 PM,30.0
12488,2024-09-11,PRYJ,04:55 PM,06:08 PM,73.0,05:00 PM,06:13 PM,73.0
12488,2024-09-11,DDU,07:50 PM,09:12 PM,82.0,08:00 PM,09:22 PM,82.0
12488,2024-09-12,CNB,02:10 PM,02:33 PM,23.0,02:15 PM,02:38 PM,23.0
12488,2024-09-12,PRYJ,04:55 PM,05:12 PM,17.0,05:00 PM,05:17 PM,17.0
12488,2024-09-12,DDU,07:50 PM,07:50 PM,0.0,08:00 PM,08:00 PM,0.0
12488,2024-09-13,CNB,02:10 PM,02:16 PM,6.0,02:15 PM,02:21 PM,6.0
12488,2024-09-13,PRYJ,04:55 PM,05:03 PM,8.0,05:00 PM,05:08 PM,8.0
12488,2024-09-13,DDU,07:50 PM,07:53 PM,3.0,08:00 PM,08:03 PM,3.0
12488,2024-09-14,CNB,02:10 PM,02:20 PM,10.0,02:15 PM,02:25 PM,10.0
12488,2024-09-14,PRYJ,04:55 PM,05:37 PM,42.0,05:00 PM,05:42 PM,42.0
12488,2024-09-14,DDU,07:50 PM,08:40 PM,50.0,08:00 PM,08:50 PM,50.0
12488,2024-09-15,CNB,02:10 PM,02:34 PM,24.0,02:15 PM,02:39 PM,24.0
12488,2024-09-15,PRYJ,04:55 PM,05:29 PM,34.0,05:00 PM,05:34 PM,34.0
12488,2024-09-15,DDU,07:50 PM,09:27 PM,97.0,08:00 PM,09:37 PM,97.0
12488,2024-09-16,CNB,02:10 PM,02:17 PM,7.0,02:15 PM,02:22 PM,7.0
12488,2024-09-16,PRYJ,04:55 PM,05:48 PM,53.0,05:00 PM,05:53 PM,53.0
12488,2024-09-16,DDU,07:50 PM,08:47 PM,57.0,08:00 PM,08:57 PM,57.0
12488,2024-09-17,CNB,02:10 PM,02:39 PM,29.0,02:15 PM,02:44 PM,29.0
12488,2024-09-17,PRYJ,04:55 PM,05:25 PM,30.0,05:00 PM,05:30 PM,30.0
12488,2024-09-17,DDU,07:50 PM,08:24 PM,34.0,08:00 PM,08:34 PM,34.0
12488,2024-09-18,CNB,02:10 PM,03:05 PM,55.0,02:15 PM,03:10 PM,55.0
12488,2024-09-18,PRYJ,04:55 PM,07:01 PM,126.0,05:00 PM,07:06 PM,126.0
12488,2024-09-18,DDU,07:50 PM,09:29 PM,99.0,08:00 PM,09:39 PM,99.0
12488,2024-09-19,CNB,02:10 PM,02:25 PM,15.0,02:15 PM,02:30 PM,15.0
12488,2024-09-19,PRYJ,04:55 PM,05:20 PM,25.0,05:00 PM,05:25 PM,25.0
12488,2024-09-19,DDU,07:50 PM,07:55 PM,5.0,08:00 PM,08:05 PM,5.0
12488,2024-09-20,CNB,02:10 PM,02:26 PM,16.0,02:15 PM,02:31 PM,16.0
12488,2024-09-20,PRYJ,04:55 PM,05:23 PM,28.0,05:00 PM,05:28 PM,28.0
12488,2024-09-20,DDU,07:50 PM,07:59 PM,9.0,08:00 PM,08:09 PM,9.0
12488,2024-09-21,CNB,02:10 PM,02:12 PM,2.0,02:15 PM,02:17 PM,2.0
12488,2024-09-21,PRYJ,04:55 PM,05:22 PM,27.0,05:00 PM,05:27 PM,27.0
12488,2024-09-21,DDU,07:50 PM,07:57 PM,7.0,08:00 PM,08:07 PM,7.0
12488,2024-09-22,CNB,02:10 PM,02:51 PM,41.0,02:15 PM,02:56 PM,41.0
12488,2024-09-22,PRYJ,04:55 PM,05:29 PM,34.0,05:00 PM,05:34 PM,34.0
12488,2024-09-22,DDU,07:50 PM,09:01 PM,71.0,08:00 PM,09:11 PM,71.0
12488,2024-09-23,CNB,02:10 PM,02:24 PM,14.0,02:15 PM,02:29 PM,14.0
12488,2024-09-23,PRYJ,04:55 PM,05:17 PM,22.0,05:00 PM,05:22 PM,22.0
12488,2024-09-23,DDU,07:50 PM,07:50 PM,0.0,08:00 PM,08:00 PM,0.0
12488,2024-09-24,CNB,02:10 PM,02:34 PM,24.0,02:15 PM,02:39 PM,24.0
12488,2024-09-24,PRYJ,04:55 PM,05:32 PM,37.0,05:00 PM,05:37 PM,37.0
12488,2024-09-24,DDU,07:50 PM,07:50 PM,0.0,08:00 PM,08:00 PM,0.0
12488,2024-09-25,CNB,02:10 PM,02:18 PM,8.0,02:15 PM,02:23 PM,8.0
12488,2024-09-25,PRYJ,04:55 PM,05:22 PM,27.0,05:00 PM,05:27 PM,27.0
12488,2024-09-25,DDU,07:50 PM,07:50 PM,0.0,08:00 PM,08:00 PM,0.0
12488,2024-09-26,CNB,02:10 PM,02:32 PM,22.0,02:15 PM,02:37 PM,22.0
12488,2024-09-26,PRYJ,04:55 PM,05:21 PM,26.0,05:00 PM,05:26 PM,26.0
12488,2024-09-26,DDU,07:50 PM,07:52 PM,2.0,08:00 PM,08:02 PM,2.0
12488,2024-09-27,CNB,02:10 PM,02:34 PM,24.0,02:15 PM,02:39 PM,24.0
12488,2024-09-27,PRYJ,04:55 PM,05:19 PM,24.0,05:00 PM,05:24 PM,24.0
12488,2024-09-27,DDU,07:50 PM,07:57 PM,7.0,08:00 PM,08:07 PM,7.0
12488,2024-09-28,CNB,02:10 PM,02:23 PM,13.0,02:15 PM,02:28 PM,13.0
12488,2024-09-28,PRYJ,04:55 PM,05:10 PM,15.0,05:00 PM,05:15 PM,15.0
12488,2024-09-28,DDU,07:50 PM,07:52 PM,2.0,08:00 PM,08:02 PM,2.0
12488,2024-09-29,CNB,02:10 PM,02:11 PM,0.0,02:15 PM,02:16 PM,0.0
12488,2024-09-29,PRYJ,04:55 PM,04:55 PM,0.0,05:00 PM,05:00 PM,0.0
12488,2024-09-29,DDU,07:50 PM,07:50 PM,0.0,08:00 PM,08:00 PM,0.0
12488,2024-09-30,CNB,02:10 PM,02:33 PM,23.0,02:15 PM,02:38 PM,23.0
12488,2024-09-30,PRYJ,04:55 PM,05:23 PM,28.0,05:00 PM,05:28 PM,28.0
12488,2024-09-30,DDU,07:50 PM,07:50 PM,0.0,08:00 PM,08:00 PM,0.0
22346,2024-09-03,DDU,08:50 PM,08:50 PM,0.0,08:55 PM,08:55 PM,0.0
22346,2024-09-03,BXR,09:54 PM,09:54 PM,0.0,09:56 PM,09:56 PM,0.0
22346,2024-09-04,DDU,08:50 PM,08:51 PM,0.0,08:55 PM,08:56 PM,0.0
22346,2024-09-04,BXR,09:54 PM,09:54 PM,0.0,09:56 PM,09:56 PM,0.0
22346,2024-09-05,DDU,08:50 PM,08:50 PM,0.0,08:55 PM,08:55 PM,0.0
22346,2024-09-05,BXR,09:54 PM,09:54 PM,0.0,09:56 PM,09:56 PM,0.0
22346,2024-09-07,DDU,08:50 PM,08:54 PM,4.0,08:55 PM,08:59 PM,4.0
22346,2024-09-07,BXR,09:54 PM,09:54 PM,0.0,09:56 PM,09:56 PM,0.0
22346,2024-09-08,DDU,08:50 PM,08:55 PM,5.0,08:55 PM,09:00 PM,5.0
22346,2024-09-08,BXR,09:54 PM,09:54 PM,0.0,09:56 PM,09:56 PM,0.0
22346,2024-09-09,DDU,08:50 PM,08:50 PM,0.0,08:55 PM,08:55 PM,0.0
22346,2024-09-09,BXR,09:54 PM,09:54 PM,0.0,09:56 PM,09:56 PM,0.0
22346,2024-09-10,DDU,08:50 PM,08:51 PM,0.0,08:55 PM,08:56 PM,0.0
22346,2024-09-10,BXR,09:54 PM,09:54 PM,0.0,09:56 PM,09:56 PM,0.0
22346,2024-09-12,DDU,08:50 PM,08:51 PM,0.0,08:55 PM,08:56 PM,0.0
22346,2024-09-12,BXR,09:54 PM,09:54 PM,0.0,09:56 PM,09:56 PM,0.0
22346,2024-09-14,DDU,08:50 PM,08:51 PM,0.0,08:55 PM,08:56 PM,0.0
22346,2024-09-14,BXR,09:54 PM,09:54 PM,0.0,09:56 PM,09:56 PM,0.0
22346,2024-09-16,DDU,08:50 PM,08:50 PM,0.0,08:55 PM,08:55 PM,0.0
22346,2024-09-16,BXR,09:54 PM,09:54 PM,0.0,09:56 PM,09:56 PM,0.0
22346,2024-09-18,DDU,08:50 PM,08:52 PM,2.0,08:55 PM,08:57 PM,2.0
22346,2024-09-18,BXR,09:54 PM,09:54 PM,0.0,09:56 PM,09:56 PM,0.0
22346,2024-09-21,DDU,08:50 PM,08:51 PM,0.0,08:55 PM,08:56 PM,0.0
22346,2024-09-21,BXR,09:54 PM,09:54 PM,0.0,09:56 PM,09:56 PM,0.0
22346,2024-09-22,DDU,08:50 PM,08:52 PM,2.0,08:55 PM,08:57 PM,2.0
22346,2024-09-22,BXR,09:54 PM,09:54 PM,0.0,09:56 PM,09:56 PM,0.0
22346,2024-09-23,DDU,08:50 PM,09:02 PM,12.0,08:55 PM,09:07 PM,12.0
22346,2024-09-23,BXR,09:54 PM,09:54 PM,0.0,09:56 PM,09:56 PM,0.0
22346,2024-09-24,DDU,08:50 PM,08:55 PM,5.0,08:55 PM,09:00 PM,5.0
22346,2024-09-24,BXR,09:54 PM,09:54 PM,0.0,09:56 PM,09:56 PM,0.0
22346,2024-09-25,DDU,08:50 PM,08:50 PM,0.0,08:55 PM,08:55 PM,0.0
22346,2024-09-25,BXR,09:54 PM,09:54 PM,0.0,09:56 PM,09:56 PM,0.0
22346,2024-09-26,DDU,08:50 PM,08:52 PM,2.0,08:55 PM,08:57 PM,2.0
22346,2024-09-26,BXR,09:54 PM,09:54 PM,0.0,09:56 PM,09:56 PM,0.0
22346,2024-09-28,DDU,08:50 PM,09:32 PM,42.0,08:55 PM,09:37 PM,42.0
22346,2024-09-28,BXR,09:54 PM,09:54 PM,0.0,09:56 PM,09:56 PM,0.0
22346,2024-09-29,DDU,08:50 PM,09:00 PM,10.0,08:55 PM,09:05 PM,10.0
22346,2024-09-29,BXR,09:54 PM,09:54 PM,0.0,09:56 PM,09:56 PM,0.0
22346,2024-09-30,DDU,08:50 PM,08:57 PM,7.0,08:55 PM,09:02 PM,7.0
22346,2024-09-30,BXR,09:54 PM,09:54 PM,0.0,09:56 PM,09:56 PM,0.0
5733,2024-09-07,CNB,08:00 PM,10:03 PM,123.0,08:10 PM,10:13 PM,123.0
5733,2024-09-14,CNB,08:00 PM,10:46 PM,166.0,08:10 PM,10:56 PM,166.0
5733,2024-09-21,CNB,08:00 PM,12:06 AM,246.0,08:10 PM,12:16 AM,246.0
5733,2024-09-28,CNB,08:00 PM,04:50 AM,530.0,08:10 PM,05:00 AM,530.0
12362,2024-09-04,DDU,10:27 AM,10:27 AM,0.0,10:37 AM,10:37 AM,0.0
12362,2024-09-04,BXR,11:38 AM,11:38 AM,0.0,11:40 AM,11:40 AM,0.0
12362,2024-09-11,DDU,10:27 AM,10:27 AM,0.0,10:37 AM,10:37 AM,0.0
12362,2024-09-11,BXR,11:38 AM,11:38 AM,0.0,11:40 AM,11:40 AM,0.0
12362,2024-09-18,DDU,10:27 AM,10:27 AM,0.0,10:37 AM,10:37 AM,0.0
12362,2024-09-18,BXR,11:38 AM,11:57 AM,19.0,11:40 AM,11:59 AM,19.0
12362,2024-09-25,DDU,10:27 AM,10:27 AM,0.0,10:37 AM,10:37 AM,0.0
12362,2024-09-25,BXR,11:38 AM,11:38 AM,0.0,11:40 AM,11:40 AM,0.0
3576,2024-09-07,PRYJ,10:10 PM,10:29 PM,19.0,10:15 PM,10:34 PM,19.0
3576,2024-09-07,DDU,02:25 AM,03:20 AM,55.0,02:35 AM,03:30 AM,55.0
3576,2024-09-14,PRYJ,10:10 PM,11:19 PM,69.0,10:15 PM,11:24 PM,69.0
3576,2024-09-14,DDU,02:25 AM,04:07 AM,102.0,02:35 AM,04:17 AM,102.0
3576,2024-09-21,PRYJ,10:10 PM,10:17 PM,7.0,10:15 PM,10:22 PM,7.0
3576,2024-09-21,DDU,02:25 AM,02:25 AM,0.0,02:35 AM,02:35 AM,0.0
3576,2024-09-28,PRYJ,10:10 PM,10:28 PM,18.0,10:15 PM,10:33 PM,18.0
3576,2024-09-28,DDU,02:25 AM,03:10 AM,45.0,02:35 AM,03:20 AM,45.0
20962,2024-09-04,PRYJ,08:00 PM,08:04 PM,4.0,08:05 PM,08:09 PM,4.0
20962,2024-09-11,PRYJ,08:00 PM,08:10 PM,10.0,08:05 PM,08:15 PM,10.0
20962,2024-09-18,PRYJ,08:00 PM,08:00 PM,0.0,08:05 PM,08:05 PM,0.0
20962,2024-09-25,PRYJ,08:00 PM,08:01 PM,0.0,08:05 PM,08:06 PM,0.0
3225,2024-09-05,BXR,10:10 PM,10:10 PM,0.0,10:12 PM,10:12 PM,0.0
3225,2024-09-05,DDU,12:10 AM,02:15 AM,125.0,12:20 AM,02:25 AM,125.0
3225,2024-09-12,BXR,10:10 PM,02:37 AM,267.0,10:12 PM,02:39 AM,267.0
3225,2024-09-12,DDU,12:10 AM,05:23 AM,313.0,12:20 AM,05:33 AM,313.0
3225,2024-09-26,BXR,10:10 PM,10:10 PM,0.0,10:12 PM,10:12 PM,0.0
3225,2024-09-26,DDU,12:10 AM,12:10 AM,0.0,12:20 AM,12:20 AM,0.0
12396,2024-09-06,CNB,01:55 PM,02:17 PM,22.0,02:05 PM,02:27 PM,22.0
12396,2024-09-06,PRYJ,04:40 PM,05:09 PM,29.0,04:50 PM,05:19 PM,29.0
12396,2024-09-06,DDU,07:25 PM,07:25 PM,0.0,07:35 PM,07:35 PM,0.0
12396,2024-09-06,BXR,08:43 PM,08:43 PM,0.0,08:45 PM,08:45 PM,0.0
12396,2024-09-13,CNB,01:55 PM,02:11 PM,16.0,02:05 PM,02:21 PM,16.0
12396,2024-09-13,PRYJ,04:40 PM,04:45 PM,5.0,04:50 PM,04:55 PM,5.0
12396,2024-09-13,DDU,07:25 PM,07:30 PM,5.0,07:35 PM,07:40 PM,5.0
12396,2024-09-13,BXR,08:43 PM,08:54 PM,11.0,08:45 PM,08:56 PM,11.0
12396,2024-09-20,CNB,01:55 PM,02:08 PM,13.0,02:05 PM,02:18 PM,13.0
12396,2024-09-20,PRYJ,04:40 PM,05:13 PM,33.0,04:50 PM,05:23 PM,33.0
12396,2024-09-20,DDU,07:25 PM,07:42 PM,17.0,07:35 PM,07:52 PM,17.0
12396,2024-09-20,BXR,08:43 PM,09:22 PM,39.0,08:45 PM,09:24 PM,39.0
12396,2024-09-27,CNB,01:55 PM,02:26 PM,31.0,02:05 PM,02:36 PM,31.0
12396,2024-09-27,PRYJ,04:40 PM,05:13 PM,33.0,04:50 PM,05:23 PM,33.0
12396,2024-09-27,DDU,07:25 PM,07:27 PM,2.0,07:35 PM,07:37 PM,2.0
12396,2024-09-27,BXR,08:43 PM,08:51 PM,8.0,08:45 PM,08:53 PM,8.0
12175,2024-09-01,DDU,04:40 AM,04:40 AM,0.0,04:50 AM,04:50 AM,0.0
12175,2024-09-04,DDU,04:40 AM,04:40 AM,0.0,04:50 AM,04:50 AM,0.0
12175,2024-09-08,DDU,04:40 AM,04:40 AM,0.0,04:50 AM,04:50 AM,0.0
12175,2024-09-11,DDU,04:40 AM,04:40 AM,0.0,04:50 AM,04:50 AM,0.0
12175,2024-09-15,DDU,04:40 AM,04:40 AM,0.0,04:50 AM,04:50 AM,0.0
12175,2024-09-18,DDU,04:40 AM,04:40 AM,0.0,04:50 AM,04:50 AM,0.0
12175,2024-09-22,DDU,04:40 AM,04:40 AM,0.0,04:50 AM,04:50 AM,0.0
12175,2024-09-25,DDU,04:40 AM,04:40 AM,0.0,04:50 AM,04:50 AM,0.0
1663,2024-09-02,DDU,06:40 AM,06:40 AM,0.0,06:50 AM,06:50 AM,0.0
1663,2024-09-02,BXR,07:58 AM,07:58 AM,0.0,08:00 AM,08:00 AM,0.0
1663,2024-09-16,DDU,06:40 AM,06:40 AM,0.0,06:50 AM,06:50 AM,0.0
1663,2024-09-16,BXR,07:58 AM,07:58 AM,0.0,08:00 AM,08:00 AM,0.0
1663,2024-09-23,DDU,06:40 AM,06:40 AM,0.0,06:50 AM,06:50 AM,0.0
1663,2024-09-23,BXR,07:58 AM,07:58 AM,0.0,08:00 AM,08:00 AM,0.0
1663,2024-09-30,DDU,06:40 AM,06:40 AM,0.0,06:50 AM,06:50 AM,0.0
1663,2024-09-30,BXR,07:58 AM,07:58 AM,0.0,08:00 AM,08:00 AM,0.0
3242,2024-09-08,DDU,08:55 PM,08:55 PM,0.0,09:05 PM,09:05 PM,0.0
3242,2024-09-08,BXR,10:07 PM,10:07 PM,0.0,10:09 PM,10:09 PM,0.0
3242,2024-09-15,DDU,08:55 PM,05:48 AM,533.0,09:05 PM,05:58 AM,533.0
3242,2024-09-15,BXR,10:07 PM,10:07 PM,0.0,10:09 PM,10:09 PM,0.0
12398,2024-09-02,CNB,05:55 PM,06:12 PM,17.0,06:00 PM,06:17 PM,17.0
12398,2024-09-02,PRYJ,08:25 PM,08:40 PM,15.0,08:30 PM,08:45 PM,15.0
12398,2024-09-02,DDU,11:20 PM,11:20 PM,0.0,11:30 PM,11:30 PM,0.0
12398,2024-09-03,CNB,05:55 PM,06:19 PM,24.0,06:00 PM,06:24 PM,24.0
12398,2024-09-03,PRYJ,08:25 PM,09:06 PM,41.0,08:30 PM,09:11 PM,41.0
12398,2024-09-03,DDU,11:20 PM,11:23 PM,3.0,11:30 PM,11:33 PM,3.0
12398,2024-09-04,CNB,05:55 PM,06:35 PM,40.0,06:00 PM,06:40 PM,40.0
12398,2024-09-04,PRYJ,08:25 PM,09:14 PM,49.0,08:30 PM,09:19 PM,49.0
12398,2024-09-04,DDU,11:20 PM,11:20 PM,0.0,11:30 PM,11:30 PM,0.0
12398,2024-09-05,CNB,05:55 PM,06:58 PM,63.0,06:00 PM,07:03 PM,63.0
12398,2024-09-05,PRYJ,08:25 PM,09:09 PM,44.0,08:30 PM,09:14 PM,44.0
12398,2024-09-05,DDU,11:20 PM,11:20 PM,0.0,11:30 PM,11:30 PM,0.0
12398,2024-09-06,CNB,05:55 PM,08:12 PM,137.0,06:00 PM,08:17 PM,137.0
12398,2024-09-06,PRYJ,08:25 PM,10:24 PM,119.0,08:30 PM,10:29 PM,119.0
12398,2024-09-06,DDU,11:20 PM,12:41 AM,81.0,11:30 PM,12:51 AM,81.0
12398,2024-09-07,CNB,05:55 PM,07:26 PM,91.0,06:00 PM,07:31 PM,91.0
12398,2024-09-07,PRYJ,08:25 PM,09:51 PM,86.0,08:30 PM,09:56 PM,86.0
12398,2024-09-07,DDU,11:20 PM,11:20 PM,0.0,11:30 PM,11:30 PM,0.0
12398,2024-09-08,CNB,05:55 PM,06:34 PM,39.0,06:00 PM,06:39 PM,39.0
12398,2024-09-08,PRYJ,08:25 PM,08:48 PM,23.0,08:30 PM,08:53 PM,23.0
12398,2024-09-08,DDU,11:20 PM,11:20 PM,0.0,11:30 PM,11:30 PM,0.0
12398,2024-09-09,CNB,05:55 PM,07:22 PM,87.0,06:00 PM,07:27 PM,87.0
12398,2024-09-09,PRYJ,08:25 PM,09:44 PM,79.0,08:30 PM,09:49 PM,79.0
12398,2024-09-09,DDU,11:20 PM,12:13 AM,53.0,11:30 PM,12:23 AM,53.0
12398,2024-09-10,CNB,05:55 PM,06:33 PM,38.0,06:00 PM,06:38 PM,38.0
12398,2024-09-10,PRYJ,08:25 PM,09:05 PM,40.0,08:30 PM,09:10 PM,40.0
12398,2024-09-10,DDU,11:20 PM,11:22 PM,2.0,11:30 PM,11:32 PM,2.0
12398,2024-09-11,CNB,05:55 PM,06:36 PM,41.0,06:00 PM,06:41 PM,41.0
12398,2024-09-11,PRYJ,08:25 PM,09:32 PM,67.0,08:30 PM,09:37 PM,67.0
12398,2024-09-11,DDU,11:20 PM,11:56 PM,36.0,11:30 PM,12:06 AM,36.0
12398,2024-09-12,CNB,05:55 PM,06:05 PM,10.0,06:00 PM,06:10 PM,10.0
12398,2024-09-12,PRYJ,08:25 PM,09:03 PM,38.0,08:30 PM,09:08 PM,38.0
12398,2024-09-12,DDU,11:20 PM,11:20 PM,0.0,11:30 PM,11:30 PM,0.0
12398,2024-09-13,CNB,05:55 PM,06:24 PM,29.0,06:00 PM,06:29 PM,29.0
12398,2024-09-13,PRYJ,08:25 PM,09:01 PM,36.0,08:30 PM,09:06 PM,36.0
12398,2024-09-13,DDU,11:20 PM,11:39 PM,19.0,11:30 PM,11:49 PM,19.0
12398,2024-09-14,CNB,05:55 PM,06:12 PM,17.0,06:00 PM,06:17 PM,17.0
12398,2024-09-14,PRYJ,08:25 PM,08:47 PM,22.0,08:30 PM,08:52 PM,22.0
12398,2024-09-14,DDU,11:20 PM,11:20 PM,0.0,11:30 PM,11:30 PM,0.0
12398,2024-09-15,CNB,05:55 PM,06:20 PM,25.0,06:00 PM,06:25 PM,25.0
12398,2024-09-15,PRYJ,08:25 PM,09:01 PM,36.0,08:30 PM,09:06 PM,36.0
12398,2024-09-15,DDU,11:20 PM,11:20 PM,0.0,11:30 PM,11:30 PM,0.0
12398,2024-09-16,CNB,05:55 PM,06:23 PM,28.0,06:00 PM,06:28 PM,28.0
12398,2024-09-16,PRYJ,08:25 PM,09:19 PM,54.0,08:30 PM,09:24 PM,54.0
12398,2024-09-16,DDU,11:20 PM,11:20 PM,0.0,11:30 PM,11:30 PM,0.0
12398,2024-09-17,CNB,05:55 PM,06:39 PM,44.0,06:00 PM,06:44 PM,44.0
12398,2024-09-17,PRYJ,08:25 PM,09:06 PM,41.0,08:30 PM,09:11 PM,41.0
12398,2024-09-17,DDU,11:20 PM,11:30 PM,10.0,11:30 PM,11:40 PM,10.0
12398,2024-09-18,CNB,05:55 PM,06:40 PM,45.0,06:00 PM,06:45 PM,45.0
12398,2024-09-18,PRYJ,08:25 PM,09:01 PM,36.0,08:30 PM,09:06 PM,36.0
12398,2024-09-18,DDU,11:20 PM,11:30 PM,10.0,11:30 PM,11:40 PM,10.0
12398,2024-09-19,CNB,05:55 PM,06:25 PM,30.0,06:00 PM,06:30 PM,30.0
12398,2024-09-19,PRYJ,08:25 PM,08:45 PM,20.0,08:30 PM,08:50 PM,20.0
12398,2024-09-19,DDU,11:20 PM,11:20 PM,0.0,11:30 PM,11:30 PM,0.0
12398,2024-09-20,CNB,05:55 PM,06:19 PM,24.0,06:00 PM,06:24 PM,24.0
12398,2024-09-20,PRYJ,08:25 PM,08:50 PM,25.0,08:30 PM,08:55 PM,25.0
12398,2024-09-20,DDU,11:20 PM,11:22 PM,2.0,11:30 PM,11:32 PM,2.0
12398,2024-09-21,CNB,05:55 PM,06:45 PM,50.0,06:00 PM,06:50 PM,50.0
12398,2024-09-21,PRYJ,08:25 PM,09:10 PM,45.0,08:30 PM,09:15 PM,45.0
12398,2024-09-21,DDU,11:20 PM,12:20 AM,60.0,11:30 PM,12:30 AM,60.0
12398,2024-09-22,CNB,05:55 PM,06:18 PM,23.0,06:00 PM,06:23 PM,23.0
12398,2024-09-22,PRYJ,08:25 PM,08:39 PM,14.0,08:30 PM,08:44 PM,14.0
12398,2024-09-22,DDU,11:20 PM,11:20 PM,0.0,11:30 PM,11:30 PM,0.0
12398,2024-09-23,CNB,05:55 PM,06:20 PM,25.0,06:00 PM,06:25 PM,25.0
12398,2024-09-23,PRYJ,08:25 PM,08:34 PM,9.0,08:30 PM,08:39 PM,9.0
12398,2024-09-23,DDU,11:20 PM,11:20 PM,0.0,11:30 PM,11:30 PM,0.0
12398,2024-09-24,CNB,05:55 PM,06:17 PM,22.0,06:00 PM,06:22 PM,22.0
12398,2024-09-24,PRYJ,08:25 PM,08:53 PM,28.0,08:30 PM,08:58 PM,28.0
12398,2024-09-24,DDU,11:20 PM,11:22 PM,2.0,11:30 PM,11:32 PM,2.0
12398,2024-09-25,CNB,05:55 PM,06:21 PM,26.0,06:00 PM,06:26 PM,26.0
12398,2024-09-25,PRYJ,08:25 PM,08:52 PM,27.0,08:30 PM,08:57 PM,27.0
12398,2024-09-25,DDU,11:20 PM,11:20 PM,0.0,11:30 PM,11:30 PM,0.0
12398,2024-09-26,CNB,05:55 PM,06:05 PM,10.0,06:00 PM,06:10 PM,10.0
12398,2024-09-26,PRYJ,08:25 PM,08:51 PM,26.0,08:30 PM,08:56 PM,26.0
12398,2024-09-26,DDU,11:20 PM,11:21 PM,0.0,11:30 PM,11:31 PM,0.0
12398,2024-09-27,CNB,05:55 PM,06:18 PM,23.0,06:00 PM,06:23 PM,23.0
12398,2024-09-27,PRYJ,08:25 PM,08:40 PM,15.0,08:30 PM,08:45 PM,15.0
12398,2024-09-27,DDU,11:20 PM,11:20 PM,0.0,11:30 PM,11:30 PM,0.0
12398,2024-09-28,CNB,05:55 PM,07:12 PM,77.0,06:00 PM,07:17 PM,77.0
12398,2024-09-28,PRYJ,08:25 PM,09:51 PM,86.0,08:30 PM,09:56 PM,86.0
12398,2024-09-28,DDU,11:20 PM,12:06 AM,46.0,11:30 PM,12:16 AM,46.0
12398,2024-09-29,CNB,05:55 PM,06:14 PM,19.0,06:00 PM,06:19 PM,19.0
12398,2024-09-29,PRYJ,08:25 PM,08:36 PM,11.0,08:30 PM,08:41 PM,11.0
12398,2024-09-29,DDU,11:20 PM,11:20 PM,0.0,11:30 PM,11:30 PM,0.0
12398,2024-09-30,CNB,05:55 PM,06:06 PM,11.0,06:00 PM,06:11 PM,11.0
12398,2024-09-30,PRYJ,08:25 PM,08:38 PM,13.0,08:30 PM,08:43 PM,13.0
12398,2024-09-30,DDU,11:20 PM,11:20 PM,0.0,11:30 PM,11:30 PM,0.0
12307,2024-09-01,DDU,09:45 AM,09:45 AM,0.0,09:55 AM,09:55 AM,0.0
12307,2024-09-01,PRYJ,12:15 PM,12:15 PM,0.0,12:20 PM,12:20 PM,0.0
12307,2024-09-01,CNB,02:50 PM,02:50 PM,0.0,02:55 PM,02:55 PM,0.0
12307,2024-09-03,DDU,09:45 AM,09:46 AM,0.0,09:55 AM,09:56 AM,0.0
12307,2024-09-03,PRYJ,12:15 PM,12:16 PM,0.0,12:20 PM,12:21 PM,0.0
12307,2024-09-03,CNB,02:50 PM,03:09 PM,19.0,02:55 PM,03:14 PM,19.0
12307,2024-09-04,DDU,09:45 AM,09:46 AM,0.0,09:55 AM,09:56 AM,0.0
12307,2024-09-04,PRYJ,12:15 PM,12:16 PM,0.0,12:20 PM,12:21 PM,0.0
12307,2024-09-04,CNB,02:50 PM,02:55 PM,5.0,02:55 PM,03:00 PM,5.0
12307,2024-09-07,DDU,09:45 AM,09:46 AM,0.0,09:55 AM,09:56 AM,0.0
12307,2024-09-07,PRYJ,12:15 PM,12:29 PM,14.0,12:20 PM,12:34 PM,14.0
12307,2024-09-07,CNB,02:50 PM,03:09 PM,19.0,02:55 PM,03:14 PM,19.0
12307,2024-09-08,DDU,09:45 AM,09:46 AM,0.0,09:55 AM,09:56 AM,0.0
12307,2024-09-08,PRYJ,12:15 PM,12:24 PM,9.0,12:20 PM,12:29 PM,9.0
12307,2024-09-08,CNB,02:50 PM,03:39 PM,49.0,02:55 PM,03:44 PM,49.0
12307,2024-09-11,DDU,09:45 AM,09:57 AM,12.0,09:55 AM,10:07 AM,12.0
12307,2024-09-11,PRYJ,12:15 PM,12:16 PM,0.0,12:20 PM,12:21 PM,0.0
12307,2024-09-11,CNB,02:50 PM,03:00 PM,10.0,02:55 PM,03:05 PM,10.0
12307,2024-09-15,DDU,09:45 AM,09:46 AM,0.0,09:55 AM,09:56 AM,0.0
12307,2024-09-15,PRYJ,12:15 PM,12:47 PM,32.0,12:20 PM,12:52 PM,32.0
12307,2024-09-15,CNB,02:50 PM,03:23 PM,33.0,02:55 PM,03:28 PM,33.0
12307,2024-09-17,DDU,09:45 AM,09:46 AM,0.0,09:55 AM,09:56 AM,0.0
12307,2024-09-17,PRYJ,12:15 PM,12:20 PM,5.0,12:20 PM,12:25 PM,5.0
12307,2024-09-17,CNB,02:50 PM,02:51 PM,0.0,02:55 PM,02:56 PM,0.0
12307,2024-09-18,DDU,09:45 AM,09:45 AM,0.0,09:55 AM,09:55 AM,0.0
12307,2024-09-18,PRYJ,12:15 PM,12:15 PM,0.0,12:20 PM,12:20 PM,0.0
12307,2024-09-18,CNB,02:50 PM,02:50 PM,0.0,02:55 PM,02:55 PM,0.0
12307,2024-09-21,DDU,09:45 AM,09:45 AM,0.0,09:55 AM,09:55 AM,0.0
12307,2024-09-21,PRYJ,12:15 PM,12:15 PM,0.0,12:20 PM,12:20 PM,0.0
12307,2024-09-21,CNB,02:50 PM,02:50 PM,0.0,02:55 PM,02:55 PM,0.0
12307,2024-09-22,DDU,09:45 AM,09:45 AM,0.0,09:55 AM,09:55 AM,0.0
12307,2024-09-22,PRYJ,12:15 PM,12:15 PM,0.0,12:20 PM,12:20 PM,0.0
12307,2024-09-22,CNB,02:50 PM,02:50 PM,0.0,02:55 PM,02:55 PM,0.0
12307,2024-09-24,DDU,09:45 AM,09:46 AM,0.0,09:55 AM,09:56 AM,0.0
12307,2024-09-24,PRYJ,12:15 PM,12:16 PM,0.0,12:20 PM,12:21 PM,0.0
12307,2024-09-24,CNB,02:50 PM,03:28 PM,38.0,02:55 PM,03:33 PM,38.0
12307,2024-09-25,DDU,09:45 AM,09:47 AM,2.0,09:55 AM,09:57 AM,2.0
12307,2024-09-25,PRYJ,12:15 PM,12:17 PM,2.0,12:20 PM,12:22 PM,2.0
12307,2024-09-25,CNB,02:50 PM,03:06 PM,16.0,02:55 PM,03:11 PM,16.0
12307,2024-09-29,DDU,09:45 AM,09:46 AM,0.0,09:55 AM,09:56 AM,0.0
12307,2024-09-29,PRYJ,12:15 PM,12:17 PM,2.0,12:20 PM,12:22 PM,2.0
12307,2024-09-29,CNB,02:50 PM,03:26 PM,36.0,02:55 PM,03:31 PM,36.0
3258,2024-09-02,CNB,12:20 PM,12:57 PM,37.0,12:30 PM,01:07 PM,37.0
3258,2024-09-02,PRYJ,01:35 PM,06:01 PM,266.0,01:40 PM,06:06 PM,266.0
3258,2024-09-02,DDU,05:10 PM,09:06 PM,236.0,05:20 PM,09:16 PM,236.0
3258,2024-09-02,BXR,06:30 PM,11:13 PM,283.0,06:32 PM,11:15 PM,283.0
3258,2024-09-09,CNB,12:20 PM,03:02 PM,162.0,12:30 PM,03:12 PM,162.0
3258,2024-09-09,PRYJ,01:35 PM,06:51 PM,316.0,01:40 PM,06:56 PM,316.0
3258,2024-09-09,DDU,05:10 PM,05:10 PM,0.0,05:20 PM,05:20 PM,0.0
3258,2024-09-09,BXR,06:30 PM,06:30 PM,0.0,06:32 PM,06:32 PM,0.0
3258,2024-09-16,CNB,12:20 PM,12:50 PM,30.0,12:30 PM,01:00 PM,30.0
3258,2024-09-16,PRYJ,01:35 PM,05:25 PM,230.0,01:40 PM,05:30 PM,230.0
3258,2024-09-16,DDU,05:10 PM,08:58 PM,228.0,05:20 PM,09:08 PM,228.0
3258,2024-09-16,BXR,06:30 PM,11:06 PM,276.0,06:32 PM,11:08 PM,276.0
3258,2024-09-23,CNB,12:20 PM,12:50 PM,30.0,12:30 PM,01:00 PM,30.0
3258,2024-09-23,PRYJ,01:35 PM,01:35 PM,0.0,01:40 PM,01:40 PM,0.0
3258,2024-09-23,DDU,05:10 PM,05:10 PM,0.0,05:20 PM,05:20 PM,0.0
3258,2024-09-23,BXR,06:30 PM,06:30 PM,0.0,06:32 PM,06:32 PM,0.0
3258,2024-09-30,CNB,12:20 PM,12:20 PM,0.0,12:30 PM,12:30 PM,0.0
3258,2024-09-30,PRYJ,01:35 PM,04:19 PM,164.0,01:40 PM,04:24 PM,164.0
3258,2024-09-30,DDU,05:10 PM,08:59 PM,229.0,05:20 PM,09:09 PM,229.0
3258,2024-09-30,BXR,06:30 PM,10:42 PM,252.0,06:32 PM,10:44 PM,252.0
14152,2024-09-01,CNB,06:20 AM,06:20 AM,0.0,06:20 AM,06:20 AM,0.0
14152,2024-09-08,CNB,06:20 AM,06:20 AM,0.0,06:20 AM,06:20 AM,0.0
14152,2024-09-15,CNB,06:20 AM,06:20 AM,0.0,06:20 AM,06:20 AM,0.0
22104,2024-09-03,PRYJ,05:00 AM,05:34 AM,34.0,05:25 AM,05:59 AM,34.0
22104,2024-09-10,PRYJ,05:00 AM,05:02 AM,2.0,05:25 AM,05:27 AM,2.0
22104,2024-09-24,PRYJ,05:00 AM,06:00 AM,60.0,05:25 AM,06:25 AM,60.0
12003,2024-09-01,CNB,04:48 PM,04:53 PM,5.0,04:53 PM,04:58 PM,5.0
12003,2024-09-02,CNB,04:48 PM,04:49 PM,0.0,04:53 PM,04:54 PM,0.0
12003,2024-09-03,CNB,04:48 PM,04:49 PM,0.0,04:53 PM,04:54 PM,0.0
12003,2024-09-04,CNB,04:48 PM,04:50 PM,2.0,04:53 PM,04:55 PM,2.0
12003,2024-09-05,CNB,04:48 PM,04:48 PM,0.0,04:53 PM,04:53 PM,0.0
12003,2024-09-06,CNB,04:48 PM,04:50 PM,2.0,04:53 PM,04:55 PM,2.0
12003,2024-09-07,CNB,04:48 PM,04:49 PM,0.0,04:53 PM,04:54 PM,0.0
12003,2024-09-08,CNB,04:48 PM,04:49 PM,0.0,04:53 PM,04:54 PM,0.0
12003,2024-09-09,CNB,04:48 PM,06:35 PM,107.0,04:53 PM,06:40 PM,107.0
12003,2024-09-10,CNB,04:48 PM,04:49 PM,0.0,04:53 PM,04:54 PM,0.0
12003,2024-09-11,CNB,04:48 PM,05:00 PM,12.0,04:53 PM,05:05 PM,12.0
12003,2024-09-12,CNB,04:48 PM,04:54 PM,6.0,04:53 PM,04:59 PM,6.0
12003,2024-09-13,CNB,04:48 PM,04:48 PM,0.0,04:53 PM,04:53 PM,0.0
12003,2024-09-14,CNB,04:48 PM,04:51 PM,3.0,04:53 PM,04:56 PM,3.0
12003,2024-09-15,CNB,04:48 PM,04:48 PM,0.0,04:53 PM,04:53 PM,0.0
12003,2024-09-16,CNB,04:48 PM,04:49 PM,0.0,04:53 PM,04:54 PM,0.0
12003,2024-09-17,CNB,04:48 PM,04:48 PM,0.0,04:53 PM,04:53 PM,0.0
12003,2024-09-18,CNB,04:48 PM,04:49 PM,0.0,04:53 PM,04:54 PM,0.0
12003,2024-09-19,CNB,04:48 PM,04:50 PM,2.0,04:53 PM,04:55 PM,2.0
12003,2024-09-20,CNB,04:48 PM,04:49 PM,0.0,04:53 PM,04:54 PM,0.0
12003,2024-09-21,CNB,04:48 PM,04:49 PM,0.0,04:53 PM,04:54 PM,0.0
12003,2024-09-22,CNB,04:48 PM,06:15 PM,87.0,04:53 PM,06:20 PM,87.0
12003,2024-09-23,CNB,04:48 PM,04:51 PM,3.0,04:53 PM,04:56 PM,3.0
12003,2024-09-24,CNB,04:48 PM,04:49 PM,0.0,04:53 PM,04:54 PM,0.0
12003,2024-09-25,CNB,04:48 PM,04:54 PM,6.0,04:53 PM,04:59 PM,6.0
12003,2024-09-26,CNB,04:48 PM,04:49 PM,0.0,04:53 PM,04:54 PM,0.0
12003,2024-09-27,CNB,04:48 PM,04:49 PM,0.0,04:53 PM,04:54 PM,0.0
12003,2024-09-28,CNB,04:48 PM,04:51 PM,3.0,04:53 PM,04:56 PM,3.0
12003,2024-09-29,CNB,04:48 PM,04:50 PM,2.0,04:53 PM,04:55 PM,2.0
12003,2024-09-30,CNB,04:48 PM,04:50 PM,2.0,04:53 PM,04:55 PM,2.0
2397,2024-09-01,DDU,05:20 PM,05:41 PM,21.0,05:30 PM,05:51 PM,21.0
2397,2024-09-01,PRYJ,07:50 PM,08:25 PM,35.0,08:00 PM,08:35 PM,35.0
2397,2024-09-01,CNB,10:20 PM,10:20 PM,0.0,10:25 PM,10:25 PM,0.0
2397,2024-09-02,DDU,05:20 PM,05:40 PM,20.0,05:30 PM,05:50 PM,20.0
2397,2024-09-02,PRYJ,07:50 PM,08:15 PM,25.0,08:00 PM,08:25 PM,25.0
2397,2024-09-02,CNB,10:20 PM,10:20 PM,0.0,10:25 PM,10:25 PM,0.0
2397,2024-09-03,DDU,05:20 PM,09:44 PM,264.0,05:30 PM,09:54 PM,264.0
2397,2024-09-03,PRYJ,07:50 PM,04:17 AM,507.0,08:00 PM,04:27 AM,507.0
2397,2024-09-03,CNB,10:20 PM,10:20 PM,0.0,10:25 PM,10:25 PM,0.0
2397,2024-09-04,DDU,05:20 PM,05:40 PM,20.0,05:30 PM,05:50 PM,20.0
2397,2024-09-04,PRYJ,07:50 PM,09:05 PM,75.0,08:00 PM,09:15 PM,75.0
2397,2024-09-04,CNB,10:20 PM,10:20 PM,0.0,10:25 PM,10:25 PM,0.0
2397,2024-09-05,DDU,05:20 PM,08:42 PM,202.0,05:30 PM,08:52 PM,202.0
2397,2024-09-05,PRYJ,07:50 PM,11:08 PM,198.0,08:00 PM,11:18 PM,198.0
2397,2024-09-05,CNB,10:20 PM,10:20 PM,0.0,10:25 PM,10:25 PM,0.0
2397,2024-09-06,DDU,05:20 PM,06:37 PM,77.0,05:30 PM,06:47 PM,77.0
2397,2024-09-06,PRYJ,07:50 PM,09:33 PM,103.0,08:00 PM,09:43 PM,103.0
2397,2024-09-06,CNB,10:20 PM,10:20 PM,0.0,10:25 PM,10:25 PM,0.0
2397,2024-09-08,DDU,05:20 PM,06:23 PM,63.0,05:30 PM,06:33 PM,63.0
2397,2024-09-08,PRYJ,07:50 PM,08:39 PM,49.0,08:00 PM,08:49 PM,49.0
2397,2024-09-08,CNB,10:20 PM,10:20 PM,0.0,10:25 PM,10:25 PM,0.0
2397,2024-09-09,DDU,05:20 PM,05:53 PM,33.0,05:30 PM,06:03 PM,33.0
2397,2024-09-09,PRYJ,07:50 PM,08:40 PM,50.0,08:00 PM,08:50 PM,50.0
2397,2024-09-09,CNB,10:20 PM,10:20 PM,0.0,10:25 PM,10:25 PM,0.0
2397,2024-09-10,DDU,05:20 PM,08:49 PM,209.0,05:30 PM,08:59 PM,209.0
2397,2024-09-10,PRYJ,07:50 PM,11:32 PM,222.0,08:00 PM,11:42 PM,222.0
2397,2024-09-10,CNB,10:20 PM,10:20 PM,0.0,10:25 PM,10:25 PM,0.0
2397,2024-09-11,DDU,05:20 PM,06:00 PM,40.0,05:30 PM,06:10 PM,40.0
2397,2024-09-11,PRYJ,07:50 PM,08:58 PM,68.0,08:00 PM,09:08 PM,68.0
2397,2024-09-11,CNB,10:20 PM,10:20 PM,0.0,10:25 PM,10:25 PM,0.0
2397,2024-09-12,DDU,05:20 PM,09:02 PM,222.0,05:30 PM,09:12 PM,222.0
2397,2024-09-12,PRYJ,07:50 PM,11:44 PM,234.0,08:00 PM,11:54 PM,234.0
2397,2024-09-12,CNB,10:20 PM,10:20 PM,0.0,10:25 PM,10:25 PM,0.0
2397,2024-09-13,DDU,05:20 PM,05:53 PM,33.0,05:30 PM,06:03 PM,33.0
2397,2024-09-13,PRYJ,07:50 PM,08:54 PM,64.0,08:00 PM,09:04 PM,64.0
2397,2024-09-13,CNB,10:20 PM,10:20 PM,0.0,10:25 PM,10:25 PM,0.0
2397,2024-09-15,DDU,05:20 PM,05:33 PM,13.0,05:30 PM,05:43 PM,13.0
2397,2024-09-15,PRYJ,07:50 PM,08:36 PM,46.0,08:00 PM,08:46 PM,46.0
2397,2024-09-15,CNB,10:20 PM,10:20 PM,0.0,10:25 PM,10:25 PM,0.0
2397,2024-09-16,DDU,05:20 PM,06:20 PM,60.0,05:30 PM,06:30 PM,60.0
2397,2024-09-16,PRYJ,07:50 PM,09:19 PM,89.0,08:00 PM,09:29 PM,89.0
2397,2024-09-16,CNB,10:20 PM,10:20 PM,0.0,10:25 PM,10:25 PM,0.0
2397,2024-09-17,DDU,05:20 PM,09:28 PM,248.0,05:30 PM,09:38 PM,248.0
2397,2024-09-17,PRYJ,07:50 PM,11:53 PM,243.0,08:00 PM,12:03 AM,243.0
2397,2024-09-17,CNB,10:20 PM,10:20 PM,0.0,10:25 PM,10:25 PM,0.0
2397,2024-09-18,DDU,05:20 PM,05:58 PM,38.0,05:30 PM,06:08 PM,38.0
2397,2024-09-18,PRYJ,07:50 PM,10:10 PM,140.0,08:00 PM,10:20 PM,140.0
2397,2024-09-18,CNB,10:20 PM,10:20 PM,0.0,10:25 PM,10:25 PM,0.0
2397,2024-09-19,DDU,05:20 PM,09:23 PM,243.0,05:30 PM,09:33 PM,243.0
2397,2024-09-19,PRYJ,07:50 PM,01:00 AM,310.0,08:00 PM,01:10 AM,310.0
2397,2024-09-19,CNB,10:20 PM,10:20 PM,0.0,10:25 PM,10:25 PM,0.0
2397,2024-09-20,DDU,05:20 PM,09:09 PM,229.0,05:30 PM,09:19 PM,229.0
2397,2024-09-20,PRYJ,07:50 PM,11:37 PM,227.0,08:00 PM,11:47 PM,227.0
2397,2024-09-20,CNB,10:20 PM,10:20 PM,0.0,10:25 PM,10:25 PM,0.0
2397,2024-09-22,DDU,05:20 PM,05:43 PM,23.0,05:30 PM,05:53 PM,23.0
2397,2024-09-22,PRYJ,07:50 PM,09:05 PM,75.0,08:00 PM,09:15 PM,75.0
2397,2024-09-22,CNB,10:20 PM,10:20 PM,0.0,10:25 PM,10:25 PM,0.0
2397,2024-09-23,DDU,05:20 PM,06:16 PM,56.0,05:30 PM,06:26 PM,56.0
2397,2024-09-23,PRYJ,07:50 PM,09:10 PM,80.0,08:00 PM,09:20 PM,80.0
2397,2024-09-23,CNB,10:20 PM,10:20 PM,0.0,10:25 PM,10:25 PM,0.0
2397,2024-09-24,DDU,05:20 PM,01:35 AM,495.0,05:30 PM,01:45 AM,495.0
2397,2024-09-24,PRYJ,07:50 PM,05:10 AM,560.0,08:00 PM,05:20 AM,560.0
2397,2024-09-24,CNB,10:20 PM,10:20 PM,0.0,10:25 PM,10:25 PM,0.0
2397,2024-09-25,DDU,05:20 PM,05:20 PM,0.0,05:30 PM,05:30 PM,0.0
2397,2024-09-25,PRYJ,07:50 PM,07:51 PM,0.0,08:00 PM,08:01 PM,0.0
2397,2024-09-25,CNB,10:20 PM,10:20 PM,0.0,10:25 PM,10:25 PM,0.0
2397,2024-09-26,DDU,05:20 PM,10:58 PM,338.0,05:30 PM,11:08 PM,338.0
2397,2024-09-26,PRYJ,07:50 PM,02:14 AM,384.0,08:00 PM,02:24 AM,384.0
2397,2024-09-26,CNB,10:20 PM,10:20 PM,0.0,10:25 PM,10:25 PM,0.0
2397,2024-09-27,DDU,05:20 PM,07:03 PM,103.0,05:30 PM,07:13 PM,103.0
2397,2024-09-27,PRYJ,07:50 PM,09:59 PM,129.0,08:00 PM,10:09 PM,129.0
2397,2024-09-27,CNB,10:20 PM,10:20 PM,0.0,10:25 PM,10:25 PM,0.0
2397,2024-09-29,DDU,05:20 PM,06:03 PM,43.0,05:30 PM,06:13 PM,43.0
2397,2024-09-29,PRYJ,07:50 PM,09:06 PM,76.0,08:00 PM,09:16 PM,76.0
2397,2024-09-29,CNB,10:20 PM,10:20 PM,0.0,10:25 PM,10:25 PM,0.0
2397,2024-09-30,DDU,05:20 PM,06:18 PM,58.0,05:30 PM,06:28 PM,58.0
2397,2024-09-30,PRYJ,07:50 PM,09:23 PM,93.0,08:00 PM,09:33 PM,93.0
2397,2024-09-30,CNB,10:20 PM,10:20 PM,0.0,10:25 PM,10:25 PM,0.0
15705,2024-09-02,CNB,06:05 AM,06:11 AM,6.0,06:10 AM,06:16 AM,6.0
15705,2024-09-05,CNB,06:05 AM,06:32 AM,27.0,06:10 AM,06:37 AM,27.0
15705,2024-09-09,CNB,06:05 AM,06:08 AM,3.0,06:10 AM,06:13 AM,3.0
15705,2024-09-12,CNB,06:05 AM,06:12 AM,7.0,06:10 AM,06:17 AM,7.0
15705,2024-09-16,CNB,06:05 AM,06:06 AM,0.0,06:10 AM,06:11 AM,0.0
15705,2024-09-19,CNB,06:05 AM,06:22 AM,17.0,06:10 AM,06:27 AM,17.0
15705,2024-09-23,CNB,06:05 AM,06:05 AM,0.0,06:10 AM,06:10 AM,0.0
15705,2024-09-26,CNB,06:05 AM,06:21 AM,16.0,06:10 AM,06:26 AM,16.0
15705,2024-09-30,CNB,06:05 AM,06:05 AM,0.0,06:10 AM,06:10 AM,0.0
19410,2024-09-02,CNB,12:15 PM,12:50 PM,35.0,12:20 PM,12:55 PM,35.0
19410,2024-09-07,CNB,12:15 PM,12:16 PM,0.0,12:20 PM,12:21 PM,0.0
19410,2024-09-09,CNB,12:15 PM,12:46 PM,31.0,12:20 PM,12:51 PM,31.0
19410,2024-09-14,CNB,12:15 PM,12:22 PM,7.0,12:20 PM,12:27 PM,7.0
19410,2024-09-16,CNB,12:15 PM,12:19 PM,4.0,12:20 PM,12:24 PM,4.0
19410,2024-09-21,CNB,12:15 PM,01:43 PM,88.0,12:20 PM,01:48 PM,88.0
19410,2024-09-23,CNB,12:15 PM,12:35 PM,20.0,12:20 PM,12:40 PM,20.0
19410,2024-09-28,CNB,12:15 PM,12:26 PM,11.0,12:20 PM,12:31 PM,11.0
19410,2024-09-30,CNB,12:15 PM,01:35 PM,80.0,12:20 PM,01:40 PM,80.0
5832,2024-09-30,PRYJ,05:40 PM,07:40 PM,120.0,05:40 PM,07:40 PM,120.0
5832,2024-09-30,DDU,09:40 PM,12:05 AM,145.0,09:50 PM,12:15 AM,145.0
5832,2024-09-30,BXR,11:00 PM,11:00 PM,0.0,11:02 PM,11:02 PM,0.0
9452,2024-09-02,CNB,01:40 AM,01:40 AM,0.0,01:45 AM,01:45 AM,0.0
9452,2024-09-09,CNB,01:40 AM,04:04 AM,144.0,01:45 AM,04:09 AM,144.0
9452,2024-09-16,CNB,01:40 AM,08:41 AM,421.0,01:45 AM,08:46 AM,421.0
9452,2024-09-23,CNB,01:40 AM,03:03 PM,803.0,01:45 AM,03:08 PM,803.0
9452,2024-09-30,CNB,01:40 AM,11:28 AM,588.0,01:45 AM,11:33 AM,588.0
3008,2024-09-03,PRYJ,06:05 PM,06:30 PM,25.0,06:10 PM,06:35 PM,25.0
3008,2024-09-03,DDU,10:20 PM,10:46 PM,26.0,10:30 PM,10:56 PM,26.0
3008,2024-09-03,BXR,11:55 PM,11:55 PM,0.0,11:57 PM,11:57 PM,0.0
3008,2024-09-10,PRYJ,06:05 PM,06:05 PM,0.0,06:10 PM,06:10 PM,0.0
3008,2024-09-10,DDU,10:20 PM,10:20 PM,0.0,10:30 PM,10:30 PM,0.0
3008,2024-09-10,BXR,11:55 PM,11:55 PM,0.0,11:57 PM,11:57 PM,0.0
3008,2024-09-17,PRYJ,06:05 PM,06:52 PM,47.0,06:10 PM,06:57 PM,47.0
3008,2024-09-17,DDU,10:20 PM,10:20 PM,0.0,10:30 PM,10:30 PM,0.0
3008,2024-09-17,BXR,11:55 PM,11:55 PM,0.0,11:57 PM,11:57 PM,0.0
3008,2024-09-24,PRYJ,06:05 PM,08:30 PM,145.0,06:10 PM,08:35 PM,145.0
3008,2024-09-24,DDU,10:20 PM,12:33 AM,133.0,10:30 PM,12:43 AM,133.0
3008,2024-09-24,BXR,11:55 PM,02:24 AM,149.0,11:57 PM,02:26 AM,149.0
3260,2024-09-12,DDU,08:55 PM,05:55 AM,540.0,09:05 PM,06:05 AM,540.0
3260,2024-09-12,BXR,10:07 PM,10:07 PM,0.0,10:09 PM,10:09 PM,0.0
7358,2024-09-26,DDU,12:05 AM,04:53 AM,288.0,12:25 AM,05:13 AM,288.0
22549,2024-09-04,PRYJ,01:35 PM,01:35 PM,0.0,01:35 PM,01:35 PM,0.0
22549,2024-09-05,PRYJ,01:35 PM,01:35 PM,0.0,01:35 PM,01:35 PM,0.0
22549,2024-09-06,PRYJ,01:35 PM,01:35 PM,0.0,01:35 PM,01:35 PM,0.0
22549,2024-09-10,PRYJ,01:35 PM,01:35 PM,0.0,01:35 PM,01:35 PM,0.0
22549,2024-09-12,PRYJ,01:35 PM,01:36 PM,0.0,01:35 PM,01:36 PM,0.0
22549,2024-09-13,PRYJ,01:35 PM,01:38 PM,3.0,01:35 PM,01:38 PM,3.0
22549,2024-09-17,PRYJ,01:35 PM,01:35 PM,0.0,01:35 PM,01:35 PM,0.0
22549,2024-09-18,PRYJ,01:35 PM,01:35 PM,0.0,01:35 PM,01:35 PM,0.0
22549,2024-09-20,PRYJ,01:35 PM,01:35 PM,0.0,01:35 PM,01:35 PM,0.0
22549,2024-09-22,PRYJ,01:35 PM,01:35 PM,0.0,01:35 PM,01:35 PM,0.0
22549,2024-09-23,PRYJ,01:35 PM,01:37 PM,2.0,01:35 PM,01:37 PM,2.0
22549,2024-09-24,PRYJ,01:35 PM,01:39 PM,4.0,01:35 PM,01:39 PM,4.0
22549,2024-09-25,PRYJ,01:35 PM,01:35 PM,0.0,01:35 PM,01:35 PM,0.0
22549,2024-09-26,PRYJ,01:35 PM,01:35 PM,0.0,01:35 PM,01:35 PM,0.0
22549,2024-09-29,PRYJ,01:35 PM,01:35 PM,0.0,01:35 PM,01:35 PM,0.0
22549,2024-09-30,PRYJ,01:35 PM,01:35 PM,0.0,01:35 PM,01:35 PM,0.0
13202,2024-09-01,DDU,07:10 PM,07:10 PM,0.0,07:20 PM,07:20 PM,0.0
13202,2024-09-01,BXR,09:06 PM,09:06 PM,0.0,09:08 PM,09:08 PM,0.0
13202,2024-09-02,DDU,07:10 PM,07:10 PM,0.0,07:20 PM,07:20 PM,0.0
13202,2024-09-02,BXR,09:06 PM,09:12 PM,6.0,09:08 PM,09:14 PM,6.0
13202,2024-09-03,DDU,07:10 PM,07:14 PM,4.0,07:20 PM,07:24 PM,4.0
13202,2024-09-03,BXR,09:06 PM,09:06 PM,0.0,09:08 PM,09:08 PM,0.0
13202,2024-09-04,DDU,07:10 PM,07:10 PM,0.0,07:20 PM,07:20 PM,0.0
13202,2024-09-04,BXR,09:06 PM,09:06 PM,0.0,09:08 PM,09:08 PM,0.0
13202,2024-09-05,DDU,07:10 PM,07:10 PM,0.0,07:20 PM,07:20 PM,0.0
13202,2024-09-05,BXR,09:06 PM,09:06 PM,0.0,09:08 PM,09:08 PM,0.0
13202,2024-09-06,DDU,07:10 PM,07:10 PM,0.0,07:20 PM,07:20 PM,0.0
13202,2024-09-06,BXR,09:06 PM,09:06 PM,0.0,09:08 PM,09:08 PM,0.0
13202,2024-09-07,DDU,07:10 PM,07:10 PM,0.0,07:20 PM,07:20 PM,0.0
13202,2024-09-07,BXR,09:06 PM,09:06 PM,0.0,09:08 PM,09:08 PM,0.0
13202,2024-09-08,DDU,07:10 PM,07:10 PM,0.0,07:20 PM,07:20 PM,0.0
13202,2024-09-08,BXR,09:06 PM,09:06 PM,0.0,09:08 PM,09:08 PM,0.0
13202,2024-09-09,DDU,07:10 PM,07:10 PM,0.0,07:20 PM,07:20 PM,0.0
13202,2024-09-09,BXR,09:06 PM,09:06 PM,0.0,09:08 PM,09:08 PM,0.0
13202,2024-09-10,DDU,07:10 PM,07:10 PM,0.0,07:20 PM,07:20 PM,0.0
13202,2024-09-10,BXR,09:06 PM,09:06 PM,0.0,09:08 PM,09:08 PM,0.0
13202,2024-09-11,DDU,07:10 PM,07:13 PM,3.0,07:20 PM,07:23 PM,3.0
13202,2024-09-11,BXR,09:06 PM,09:06 PM,0.0,09:08 PM,09:08 PM,0.0
13202,2024-09-12,DDU,07:10 PM,07:10 PM,0.0,07:20 PM,07:20 PM,0.0
13202,2024-09-12,BXR,09:06 PM,09:21 PM,15.0,09:08 PM,09:23 PM,15.0
13202,2024-09-13,DDU,07:10 PM,07:10 PM,0.0,07:20 PM,07:20 PM,0.0
13202,2024-09-13,BXR,09:06 PM,09:06 PM,0.0,09:08 PM,09:08 PM,0.0
13202,2024-09-14,DDU,07:10 PM,09:05 PM,115.0,07:20 PM,09:15 PM,115.0
13202,2024-09-14,BXR,09:06 PM,10:40 PM,94.0,09:08 PM,10:42 PM,94.0
13202,2024-09-15,DDU,07:10 PM,07:10 PM,0.0,07:20 PM,07:20 PM,0.0
13202,2024-09-15,BXR,09:06 PM,09:06 PM,0.0,09:08 PM,09:08 PM,0.0
13202,2024-09-16,DDU,07:10 PM,07:10 PM,0.0,07:20 PM,07:20 PM,0.0
13202,2024-09-16,BXR,09:06 PM,09:06 PM,0.0,09:08 PM,09:08 PM,0.0
13202,2024-09-17,DDU,07:10 PM,07:10 PM,0.0,07:20 PM,07:20 PM,0.0
13202,2024-09-17,BXR,09:06 PM,09:06 PM,0.0,09:08 PM,09:08 PM,0.0
13202,2024-09-18,DDU,07:10 PM,07:10 PM,0.0,07:20 PM,07:20 PM,0.0
13202,2024-09-18,BXR,09:06 PM,09:06 PM,0.0,09:08 PM,09:08 PM,0.0
13202,2024-09-19,DDU,07:10 PM,07:17 PM,7.0,07:20 PM,07:27 PM,7.0
13202,2024-09-19,BXR,09:06 PM,09:32 PM,26.0,09:08 PM,09:34 PM,26.0
13202,2024-09-20,DDU,07:10 PM,07:10 PM,0.0,07:20 PM,07:20 PM,0.0
13202,2024-09-20,BXR,09:06 PM,09:06 PM,0.0,09:08 PM,09:08 PM,0.0
13202,2024-09-21,DDU,07:10 PM,07:10 PM,0.0,07:20 PM,07:20 PM,0.0
13202,2024-09-21,BXR,09:06 PM,09:06 PM,0.0,09:08 PM,09:08 PM,0.0
13202,2024-09-22,DDU,07:10 PM,07:10 PM,0.0,07:20 PM,07:20 PM,0.0
13202,2024-09-22,BXR,09:06 PM,09:06 PM,0.0,09:08 PM,09:08 PM,0.0
13202,2024-09-23,DDU,07:10 PM,07:10 PM,0.0,07:20 PM,07:20 PM,0.0
13202,2024-09-23,BXR,09:06 PM,09:06 PM,0.0,09:08 PM,09:08 PM,0.0
13202,2024-09-24,DDU,07:10 PM,07:10 PM,0.0,07:20 PM,07:20 PM,0.0
13202,2024-09-24,BXR,09:06 PM,09:06 PM,0.0,09:08 PM,09:08 PM,0.0
13202,2024-09-25,DDU,07:10 PM,07:10 PM,0.0,07:20 PM,07:20 PM,0.0
13202,2024-09-25,BXR,09:06 PM,09:06 PM,0.0,09:08 PM,09:08 PM,0.0
13202,2024-09-26,DDU,07:10 PM,07:10 PM,0.0,07:20 PM,07:20 PM,0.0
13202,2024-09-26,BXR,09:06 PM,09:06 PM,0.0,09:08 PM,09:08 PM,0.0
13202,2024-09-27,DDU,07:10 PM,07:10 PM,0.0,07:20 PM,07:20 PM,0.0
13202,2024-09-27,BXR,09:06 PM,09:06 PM,0.0,09:08 PM,09:08 PM,0.0
13202,2024-09-28,DDU,07:10 PM,07:10 PM,0.0,07:20 PM,07:20 PM,0.0
13202,2024-09-28,BXR,09:06 PM,09:15 PM,9.0,09:08 PM,09:17 PM,9.0
13202,2024-09-29,DDU,07:10 PM,07:11 PM,0.0,07:20 PM,07:21 PM,0.0
13202,2024-09-29,BXR,09:06 PM,09:07 PM,0.0,09:08 PM,09:09 PM,0.0
13202,2024-09-30,DDU,07:10 PM,07:10 PM,0.0,07:20 PM,07:20 PM,0.0
13202,2024-09-30,BXR,09:06 PM,09:06 PM,0.0,09:08 PM,09:08 PM,0.0
22323,2024-09-12,DDU,08:45 AM,08:46 AM,0.0,08:55 AM,08:56 AM,0.0
22323,2024-09-19,DDU,08:45 AM,08:45 AM,0.0,08:55 AM,08:55 AM,0.0
9818,2024-09-15,BXR,10:55 PM,10:55 PM,0.0,10:57 PM,10:57 PM,0.0
9818,2024-09-15,DDU,02:00 AM,05:55 AM,235.0,02:10 AM,06:05 AM,235.0
9818,2024-09-22,BXR,10:55 PM,01:00 AM,125.0,10:57 PM,01:02 AM,125.0
9818,2024-09-22,DDU,02:00 AM,02:56 AM,56.0,02:10 AM,03:06 AM,56.0
12875,2024-09-01,DDU,06:05 AM,07:22 AM,77.0,06:15 AM,07:32 AM,77.0
12875,2024-09-01,CNB,03:15 PM,03:15 PM,0.0,03:20 PM,03:20 PM,0.0
12875,2024-09-03,DDU,06:05 AM,06:31 AM,26.0,06:15 AM,06:41 AM,26.0
12875,2024-09-03,CNB,03:15 PM,06:20 PM,185.0,03:20 PM,06:25 PM,185.0
12875,2024-09-06,DDU,06:05 AM,06:07 AM,2.0,06:15 AM,06:17 AM,2.0
12875,2024-09-06,CNB,03:15 PM,03:39 PM,24.0,03:20 PM,03:44 PM,24.0
12875,2024-09-08,DDU,06:05 AM,06:09 AM,4.0,06:15 AM,06:19 AM,4.0
12875,2024-09-08,CNB,03:15 PM,04:56 PM,101.0,03:20 PM,05:01 PM,101.0
12875,2024-09-10,DDU,06:05 AM,06:10 AM,5.0,06:15 AM,06:20 AM,5.0
12875,2024-09-10,CNB,03:15 PM,05:58 PM,163.0,03:20 PM,06:03 PM,163.0
12875,2024-09-13,DDU,06:05 AM,06:11 AM,6.0,06:15 AM,06:21 AM,6.0
12875,2024-09-13,CNB,03:15 PM,03:22 PM,7.0,03:20 PM,03:27 PM,7.0
12875,2024-09-15,DDU,06:05 AM,06:45 AM,40.0,06:15 AM,06:55 AM,40.0
12875,2024-09-15,CNB,03:15 PM,03:36 PM,21.0,03:20 PM,03:41 PM,21.0
12875,2024-09-17,DDU,06:05 AM,06:08 AM,3.0,06:15 AM,06:18 AM,3.0
12875,2024-09-17,CNB,03:15 PM,03:17 PM,2.0,03:20 PM,03:22 PM,2.0
12875,2024-09-20,DDU,06:05 AM,07:32 AM,87.0,06:15 AM,07:42 AM,87.0
12875,2024-09-20,CNB,03:15 PM,06:39 PM,204.0,03:20 PM,06:44 PM,204.0
12875,2024-09-22,DDU,06:05 AM,09:12 AM,187.0,06:15 AM,09:22 AM,187.0
12875,2024-09-22,CNB,03:15 PM,07:01 PM,226.0,03:20 PM,07:06 PM,226.0
12875,2024-09-24,DDU,06:05 AM,06:23 AM,18.0,06:15 AM,06:33 AM,18.0
12875,2024-09-24,CNB,03:15 PM,03:22 PM,7.0,03:20 PM,03:27 PM,7.0
12875,2024-09-27,DDU,06:05 AM,06:05 AM,0.0,06:15 AM,06:15 AM,0.0
12875,2024-09-27,CNB,03:15 PM,03:15 PM,0.0,03:20 PM,03:20 PM,0.0
12875,2024-09-29,DDU,06:05 AM,06:05 AM,0.0,06:15 AM,06:15 AM,0.0
12875,2024-09-29,CNB,03:15 PM,03:28 PM,13.0,03:20 PM,03:33 PM,13.0
22425,2024-09-01,CNB,06:35 PM,06:36 PM,0.0,06:40 PM,06:41 PM,0.0
22425,2024-09-02,CNB,06:35 PM,06:36 PM,0.0,06:40 PM,06:41 PM,0.0
22425,2024-09-03,CNB,06:35 PM,06:36 PM,0.0,06:40 PM,06:41 PM,0.0
22425,2024-09-05,CNB,06:35 PM,06:42 PM,7.0,06:40 PM,06:47 PM,7.0
22425,2024-09-06,CNB,06:35 PM,06:36 PM,0.0,06:40 PM,06:41 PM,0.0
22425,2024-09-08,CNB,06:35 PM,06:36 PM,0.0,06:40 PM,06:41 PM,0.0
22425,2024-09-09,CNB,06:35 PM,08:55 PM,140.0,06:40 PM,09:00 PM,140.0
22425,2024-09-10,CNB,06:35 PM,06:50 PM,15.0,06:40 PM,06:55 PM,15.0
22425,2024-09-12,CNB,06:35 PM,06:51 PM,16.0,06:40 PM,06:56 PM,16.0
22425,2024-09-13,CNB,06:35 PM,06:36 PM,0.0,06:40 PM,06:41 PM,0.0
22425,2024-09-14,CNB,06:35 PM,06:35 PM,0.0,06:40 PM,06:40 PM,0.0
22425,2024-09-15,CNB,06:35 PM,06:40 PM,5.0,06:40 PM,06:45 PM,5.0
22425,2024-09-16,CNB,06:35 PM,06:37 PM,2.0,06:40 PM,06:42 PM,2.0
22425,2024-09-17,CNB,06:35 PM,06:36 PM,0.0,06:40 PM,06:41 PM,0.0
22425,2024-09-19,CNB,06:35 PM,06:35 PM,0.0,06:40 PM,06:40 PM,0.0
22425,2024-09-20,CNB,06:35 PM,06:36 PM,0.0,06:40 PM,06:41 PM,0.0
22425,2024-09-21,CNB,06:35 PM,06:44 PM,9.0,06:40 PM,06:49 PM,9.0
22425,2024-09-22,CNB,06:35 PM,06:36 PM,0.0,06:40 PM,06:41 PM,0.0
22425,2024-09-23,CNB,06:35 PM,06:36 PM,0.0,06:40 PM,06:41 PM,0.0
22425,2024-09-24,CNB,06:35 PM,06:35 PM,0.0,06:40 PM,06:40 PM,0.0
22425,2024-09-26,CNB,06:35 PM,06:37 PM,2.0,06:40 PM,06:42 PM,2.0
22425,2024-09-27,CNB,06:35 PM,06:36 PM,0.0,06:40 PM,06:41 PM,0.0
22425,2024-09-28,CNB,06:35 PM,06:36 PM,0.0,06:40 PM,06:41 PM,0.0
22425,2024-09-29,CNB,06:35 PM,06:36 PM,0.0,06:40 PM,06:41 PM,0.0
22425,2024-09-30,CNB,06:35 PM,06:35 PM,0.0,06:40 PM,06:40 PM,0.0
22197,2024-09-01,BXR,07:50 PM,07:50 PM,0.0,07:52 PM,07:52 PM,0.0
22197,2024-09-01,DDU,10:55 PM,11:02 PM,7.0,11:05 PM,11:12 PM,7.0
22197,2024-09-01,PRYJ,01:05 AM,01:18 AM,13.0,01:10 AM,01:23 AM,13.0
22197,2024-09-08,BXR,07:50 PM,09:26 PM,96.0,07:52 PM,09:28 PM,96.0
22197,2024-09-08,DDU,10:55 PM,10:59 PM,4.0,11:05 PM,11:09 PM,4.0
22197,2024-09-08,PRYJ,01:05 AM,01:05 AM,0.0,01:10 AM,01:10 AM,0.0
22197,2024-09-22,BXR,07:50 PM,09:25 PM,95.0,07:52 PM,09:27 PM,95.0
22197,2024-09-22,DDU,10:55 PM,10:55 PM,0.0,11:05 PM,11:05 PM,0.0
22197,2024-09-22,PRYJ,01:05 AM,01:05 AM,0.0,01:10 AM,01:10 AM,0.0
22197,2024-09-29,BXR,07:50 PM,07:50 PM,0.0,07:52 PM,07:52 PM,0.0
22197,2024-09-29,DDU,10:55 PM,10:55 PM,0.0,11:05 PM,11:05 PM,0.0
22197,2024-09-29,PRYJ,01:05 AM,01:05 AM,0.0,01:10 AM,01:10 AM,0.0
12424,2024-09-01,CNB,09:02 PM,09:03 PM,0.0,09:07 PM,09:08 PM,0.0
12424,2024-09-01,PRYJ,11:08 PM,11:11 PM,3.0,11:10 PM,11:13 PM,3.0
12424,2024-09-01,DDU,01:23 AM,01:23 AM,0.0,01:33 AM,01:33 AM,0.0
12424,2024-09-02,CNB,09:02 PM,09:30 PM,28.0,09:07 PM,09:35 PM,28.0
12424,2024-09-02,PRYJ,11:08 PM,11:33 PM,25.0,11:10 PM,11:35 PM,25.0
12424,2024-09-02,DDU,01:23 AM,01:23 AM,0.0,01:33 AM,01:33 AM,0.0
12424,2024-09-03,CNB,09:02 PM,09:04 PM,2.0,09:07 PM,09:09 PM,2.0
12424,2024-09-03,PRYJ,11:08 PM,11:09 PM,0.0,11:10 PM,11:11 PM,0.0
12424,2024-09-03,DDU,01:23 AM,01:23 AM,0.0,01:33 AM,01:33 AM,0.0
12424,2024-09-04,CNB,09:02 PM,09:05 PM,3.0,09:07 PM,09:10 PM,3.0
12424,2024-09-04,PRYJ,11:08 PM,11:09 PM,0.0,11:10 PM,11:11 PM,0.0
12424,2024-09-04,DDU,01:23 AM,01:23 AM,0.0,01:33 AM,01:33 AM,0.0
12424,2024-09-05,CNB,09:02 PM,09:07 PM,5.0,09:07 PM,09:12 PM,5.0
12424,2024-09-05,PRYJ,11:08 PM,11:10 PM,2.0,11:10 PM,11:12 PM,2.0
12424,2024-09-05,DDU,01:23 AM,01:23 AM,0.0,01:33 AM,01:33 AM,0.0
12424,2024-09-06,CNB,09:02 PM,09:11 PM,9.0,09:07 PM,09:16 PM,9.0
12424,2024-09-06,PRYJ,11:08 PM,11:14 PM,6.0,11:10 PM,11:16 PM,6.0
12424,2024-09-06,DDU,01:23 AM,01:23 AM,0.0,01:33 AM,01:33 AM,0.0
12424,2024-09-07,CNB,09:02 PM,09:21 PM,19.0,09:07 PM,09:26 PM,19.0
12424,2024-09-07,PRYJ,11:08 PM,11:30 PM,22.0,11:10 PM,11:32 PM,22.0
12424,2024-09-07,DDU,01:23 AM,01:23 AM,0.0,01:33 AM,01:33 AM,0.0
12424,2024-09-08,CNB,09:02 PM,09:11 PM,9.0,09:07 PM,09:16 PM,9.0
12424,2024-09-08,PRYJ,11:08 PM,11:12 PM,4.0,11:10 PM,11:14 PM,4.0
12424,2024-09-08,DDU,01:23 AM,01:28 AM,5.0,01:33 AM,01:38 AM,5.0
12424,2024-09-09,CNB,09:02 PM,09:15 PM,13.0,09:07 PM,09:20 PM,13.0
12424,2024-09-09,PRYJ,11:08 PM,11:18 PM,10.0,11:10 PM,11:20 PM,10.0
12424,2024-09-09,DDU,01:23 AM,01:23 AM,0.0,01:33 AM,01:33 AM,0.0
12424,2024-09-10,CNB,09:02 PM,09:07 PM,5.0,09:07 PM,09:12 PM,5.0
12424,2024-09-10,PRYJ,11:08 PM,11:23 PM,15.0,11:10 PM,11:25 PM,15.0
12424,2024-09-10,DDU,01:23 AM,01:23 AM,0.0,01:33 AM,01:33 AM,0.0
12424,2024-09-11,CNB,09:02 PM,09:09 PM,7.0,09:07 PM,09:14 PM,7.0
12424,2024-09-11,PRYJ,11:08 PM,11:30 PM,22.0,11:10 PM,11:32 PM,22.0
12424,2024-09-11,DDU,01:23 AM,01:23 AM,0.0,01:33 AM,01:33 AM,0.0
12424,2024-09-12,CNB,09:02 PM,09:10 PM,8.0,09:07 PM,09:15 PM,8.0
12424,2024-09-12,PRYJ,11:08 PM,11:26 PM,18.0,11:10 PM,11:28 PM,18.0
12424,2024-09-12,DDU,01:23 AM,01:23 AM,0.0,01:33 AM,01:33 AM,0.0
12424,2024-09-13,CNB,09:02 PM,09:11 PM,9.0,09:07 PM,09:16 PM,9.0
12424,2024-09-13,PRYJ,11:08 PM,11:30 PM,22.0,11:10 PM,11:32 PM,22.0
12424,2024-09-13,DDU,01:23 AM,01:32 AM,9.0,01:33 AM,01:42 AM,9.0
12424,2024-09-14,CNB,09:02 PM,09:03 PM,0.0,09:07 PM,09:08 PM,0.0
12424,2024-09-14,PRYJ,11:08 PM,11:09 PM,0.0,11:10 PM,11:11 PM,0.0
12424,2024-09-14,DDU,01:23 AM,01:23 AM,0.0,01:33 AM,01:33 AM,0.0
12424,2024-09-15,CNB,09:02 PM,09:03 PM,0.0,09:07 PM,09:08 PM,0.0
12424,2024-09-15,PRYJ,11:08 PM,11:16 PM,8.0,11:10 PM,11:18 PM,8.0
12424,2024-09-15,DDU,01:23 AM,01:23 AM,0.0,01:33 AM,01:33 AM,0.0
12424,2024-09-16,CNB,09:02 PM,09:08 PM,6.0,09:07 PM,09:13 PM,6.0
12424,2024-09-16,PRYJ,11:08 PM,11:13 PM,5.0,11:10 PM,11:15 PM,5.0
12424,2024-09-16,DDU,01:23 AM,01:23 AM,0.0,01:33 AM,01:33 AM,0.0
12424,2024-09-17,CNB,09:02 PM,09:18 PM,16.0,09:07 PM,09:23 PM,16.0
12424,2024-09-17,PRYJ,11:08 PM,11:34 PM,26.0,11:10 PM,11:36 PM,26.0
12424,2024-09-17,DDU,01:23 AM,01:35 AM,12.0,01:33 AM,01:45 AM,12.0
12424,2024-09-18,CNB,09:02 PM,09:03 PM,0.0,09:07 PM,09:08 PM,0.0
12424,2024-09-18,PRYJ,11:08 PM,11:12 PM,4.0,11:10 PM,11:14 PM,4.0
12424,2024-09-18,DDU,01:23 AM,01:23 AM,0.0,01:33 AM,01:33 AM,0.0
12424,2024-09-19,CNB,09:02 PM,09:18 PM,16.0,09:07 PM,09:23 PM,16.0
12424,2024-09-19,PRYJ,11:08 PM,11:35 PM,27.0,11:10 PM,11:37 PM,27.0
12424,2024-09-19,DDU,01:23 AM,01:35 AM,12.0,01:33 AM,01:45 AM,12.0
12424,2024-09-20,CNB,09:02 PM,09:14 PM,12.0,09:07 PM,09:19 PM,12.0
12424,2024-09-20,PRYJ,11:08 PM,11:18 PM,10.0,11:10 PM,11:20 PM,10.0
12424,2024-09-20,DDU,01:23 AM,01:23 AM,0.0,01:33 AM,01:33 AM,0.0
12424,2024-09-21,CNB,09:02 PM,09:09 PM,7.0,09:07 PM,09:14 PM,7.0
12424,2024-09-21,PRYJ,11:08 PM,11:15 PM,7.0,11:10 PM,11:17 PM,7.0
12424,2024-09-21,DDU,01:23 AM,01:23 AM,0.0,01:33 AM,01:33 AM,0.0
12424,2024-09-22,CNB,09:02 PM,09:22 PM,20.0,09:07 PM,09:27 PM,20.0
12424,2024-09-22,PRYJ,11:08 PM,11:34 PM,26.0,11:10 PM,11:36 PM,26.0
12424,2024-09-22,DDU,01:23 AM,01:23 AM,0.0,01:33 AM,01:33 AM,0.0
12424,2024-09-23,CNB,09:02 PM,09:31 PM,29.0,09:07 PM,09:36 PM,29.0
12424,2024-09-23,PRYJ,11:08 PM,11:42 PM,34.0,11:10 PM,11:44 PM,34.0
12424,2024-09-23,DDU,01:23 AM,01:25 AM,2.0,01:33 AM,01:35 AM,2.0
12424,2024-09-24,CNB,09:02 PM,09:06 PM,4.0,09:07 PM,09:11 PM,4.0
12424,2024-09-24,PRYJ,11:08 PM,11:08 PM,0.0,11:10 PM,11:10 PM,0.0
12424,2024-09-24,DDU,01:23 AM,01:23 AM,0.0,01:33 AM,01:33 AM,0.0
12424,2024-09-25,CNB,09:02 PM,10:02 PM,60.0,09:07 PM,10:07 PM,60.0
12424,2024-09-25,PRYJ,11:08 PM,12:08 AM,60.0,11:10 PM,12:10 AM,60.0
12424,2024-09-25,DDU,01:23 AM,01:55 AM,32.0,01:33 AM,02:05 AM,32.0
12424,2024-09-26,CNB,09:02 PM,09:27 PM,25.0,09:07 PM,09:32 PM,25.0
12424,2024-09-26,PRYJ,11:08 PM,11:38 PM,30.0,11:10 PM,11:40 PM,30.0
12424,2024-09-26,DDU,01:23 AM,01:24 AM,0.0,01:33 AM,01:34 AM,0.0
12424,2024-09-27,CNB,09:02 PM,09:20 PM,18.0,09:07 PM,09:25 PM,18.0
12424,2024-09-27,PRYJ,11:08 PM,11:33 PM,25.0,11:10 PM,11:35 PM,25.0
12424,2024-09-27,DDU,01:23 AM,01:23 AM,0.0,01:33 AM,01:33 AM,0.0
12424,2024-09-28,CNB,09:02 PM,10:09 PM,67.0,09:07 PM,10:14 PM,67.0
12424,2024-09-28,PRYJ,11:08 PM,12:16 AM,68.0,11:10 PM,12:18 AM,68.0
12424,2024-09-28,DDU,01:23 AM,02:06 AM,43.0,01:33 AM,02:16 AM,43.0
12424,2024-09-29,CNB,09:02 PM,09:07 PM,5.0,09:07 PM,09:12 PM,5.0
12424,2024-09-29,PRYJ,11:08 PM,11:10 PM,2.0,11:10 PM,11:12 PM,2.0
12424,2024-09-29,DDU,01:23 AM,01:23 AM,0.0,01:33 AM,01:33 AM,0.0
12424,2024-09-30,CNB,09:02 PM,10:00 PM,58.0,09:07 PM,10:05 PM,58.0
12424,2024-09-30,PRYJ,11:08 PM,12:07 AM,59.0,11:10 PM,12:09 AM,59.0
12424,2024-09-30,DDU,01:23 AM,01:51 AM,28.0,01:33 AM,02:01 AM,28.0
12335,2024-09-03,BXR,03:38 PM,03:50 PM,12.0,03:42 PM,03:54 PM,12.0
12335,2024-09-03,DDU,05:35 PM,05:37 PM,2.0,05:45 PM,05:47 PM,2.0
12335,2024-09-06,BXR,03:38 PM,04:35 PM,57.0,03:42 PM,04:39 PM,57.0
12335,2024-09-06,DDU,05:35 PM,05:48 PM,13.0,05:45 PM,05:58 PM,13.0
12335,2024-09-10,BXR,03:38 PM,06:20 PM,162.0,03:42 PM,06:24 PM,162.0
12335,2024-09-10,DDU,05:35 PM,07:50 PM,135.0,05:45 PM,08:00 PM,135.0
12335,2024-09-13,BXR,03:38 PM,04:03 PM,25.0,03:42 PM,04:07 PM,25.0
12335,2024-09-13,DDU,05:35 PM,05:35 PM,0.0,05:45 PM,05:45 PM,0.0
12335,2024-09-17,BXR,03:38 PM,03:56 PM,18.0,03:42 PM,04:00 PM,18.0
12335,2024-09-17,DDU,05:35 PM,05:36 PM,0.0,05:45 PM,05:46 PM,0.0
12335,2024-09-20,BXR,03:38 PM,03:38 PM,0.0,03:42 PM,03:42 PM,0.0
12335,2024-09-20,DDU,05:35 PM,05:37 PM,2.0,05:45 PM,05:47 PM,2.0
12335,2024-09-24,BXR,03:38 PM,07:36 PM,238.0,03:42 PM,07:40 PM,238.0
12335,2024-09-24,DDU,05:35 PM,09:15 PM,220.0,05:45 PM,09:25 PM,220.0
12335,2024-09-27,BXR,03:38 PM,04:05 PM,27.0,03:42 PM,04:09 PM,27.0
12335,2024-09-27,DDU,05:35 PM,05:35 PM,0.0,05:45 PM,05:45 PM,0.0
11037,2024-09-05,PRYJ,04:10 PM,04:10 PM,0.0,04:35 PM,04:35 PM,0.0
11037,2024-09-12,PRYJ,04:10 PM,04:10 PM,0.0,04:35 PM,04:35 PM,0.0
11037,2024-09-19,PRYJ,04:10 PM,04:10 PM,0.0,04:35 PM,04:35 PM,0.0
11037,2024-09-26,PRYJ,04:10 PM,04:10 PM,0.0,04:35 PM,04:35 PM,0.0
12149,2024-09-01,DDU,11:05 PM,11:05 PM,0.0,11:15 PM,11:15 PM,0.0
12149,2024-09-01,BXR,12:16 AM,12:16 AM,0.0,12:18 AM,12:18 AM,0.0
12149,2024-09-02,DDU,11:05 PM,04:56 AM,351.0,11:15 PM,05:06 AM,351.0
12149,2024-09-02,BXR,12:16 AM,12:16 AM,0.0,12:18 AM,12:18 AM,0.0
12149,2024-09-03,DDU,11:05 PM,11:05 PM,0.0,11:15 PM,11:15 PM,0.0
12149,2024-09-03,BXR,12:16 AM,12:16 AM,0.0,12:18 AM,12:18 AM,0.0
12149,2024-09-04,DDU,11:05 PM,11:05 PM,0.0,11:15 PM,11:15 PM,0.0
12149,2024-09-04,BXR,12:16 AM,12:16 AM,0.0,12:18 AM,12:18 AM,0.0
12149,2024-09-05,DDU,11:05 PM,11:05 PM,0.0,11:15 PM,11:15 PM,0.0
12149,2024-09-05,BXR,12:16 AM,12:23 AM,7.0,12:18 AM,12:25 AM,7.0
12149,2024-09-07,DDU,11:05 PM,12:31 AM,86.0,11:15 PM,12:41 AM,86.0
12149,2024-09-07,BXR,12:16 AM,01:40 AM,84.0,12:18 AM,01:42 AM,84.0
12149,2024-09-08,DDU,11:05 PM,11:05 PM,0.0,11:15 PM,11:15 PM,0.0
12149,2024-09-08,BXR,12:16 AM,12:16 AM,0.0,12:18 AM,12:18 AM,0.0
12149,2024-09-09,DDU,11:05 PM,11:09 PM,4.0,11:15 PM,11:19 PM,4.0
12149,2024-09-09,BXR,12:16 AM,12:33 AM,17.0,12:18 AM,12:35 AM,17.0
12149,2024-09-11,DDU,11:05 PM,11:05 PM,0.0,11:15 PM,11:15 PM,0.0
12149,2024-09-11,BXR,12:16 AM,12:17 AM,0.0,12:18 AM,12:19 AM,0.0
12149,2024-09-12,DDU,11:05 PM,11:19 PM,14.0,11:15 PM,11:29 PM,14.0
12149,2024-09-12,BXR,12:16 AM,12:42 AM,26.0,12:18 AM,12:44 AM,26.0
12149,2024-09-13,DDU,11:05 PM,11:05 PM,0.0,11:15 PM,11:15 PM,0.0
12149,2024-09-13,BXR,12:16 AM,12:23 AM,7.0,12:18 AM,12:25 AM,7.0
12149,2024-09-14,DDU,11:05 PM,11:05 PM,0.0,11:15 PM,11:15 PM,0.0
12149,2024-09-14,BXR,12:16 AM,12:16 AM,0.0,12:18 AM,12:18 AM,0.0
12149,2024-09-15,DDU,11:05 PM,11:05 PM,0.0,11:15 PM,11:15 PM,0.0
12149,2024-09-15,BXR,12:16 AM,12:16 AM,0.0,12:18 AM,12:18 AM,0.0
12149,2024-09-16,DDU,11:05 PM,11:06 PM,0.0,11:15 PM,11:16 PM,0.0
12149,2024-09-16,BXR,12:16 AM,12:25 AM,9.0,12:18 AM,12:27 AM,9.0
12149,2024-09-17,DDU,11:05 PM,11:05 PM,0.0,11:15 PM,11:15 PM,0.0
12149,2024-09-17,BXR,12:16 AM,12:16 AM,0.0,12:18 AM,12:18 AM,0.0
12149,2024-09-18,DDU,11:05 PM,11:05 PM,0.0,11:15 PM,11:15 PM,0.0
12149,2024-09-18,BXR,12:16 AM,12:20 AM,4.0,12:18 AM,12:22 AM,4.0
12149,2024-09-19,DDU,11:05 PM,11:05 PM,0.0,11:15 PM,11:15 PM,0.0
12149,2024-09-19,BXR,12:16 AM,12:16 AM,0.0,12:18 AM,12:18 AM,0.0
12149,2024-09-20,DDU,11:05 PM,11:08 PM,3.0,11:15 PM,11:18 PM,3.0
12149,2024-09-20,BXR,12:16 AM,12:32 AM,16.0,12:18 AM,12:34 AM,16.0
12149,2024-09-21,DDU,11:05 PM,11:05 PM,0.0,11:15 PM,11:15 PM,0.0
12149,2024-09-21,BXR,12:16 AM,12:16 AM,0.0,12:18 AM,12:18 AM,0.0
12149,2024-09-22,DDU,11:05 PM,11:05 PM,0.0,11:15 PM,11:15 PM,0.0
12149,2024-09-22,BXR,12:16 AM,12:20 AM,4.0,12:18 AM,12:22 AM,4.0
12149,2024-09-23,DDU,11:05 PM,11:05 PM,0.0,11:15 PM,11:15 PM,0.0
12149,2024-09-23,BXR,12:16 AM,12:16 AM,0.0,12:18 AM,12:18 AM,0.0
12149,2024-09-24,DDU,11:05 PM,11:05 PM,0.0,11:15 PM,11:15 PM,0.0
12149,2024-09-24,BXR,12:16 AM,12:16 AM,0.0,12:18 AM,12:18 AM,0.0
12149,2024-09-25,DDU,11:05 PM,11:05 PM,0.0,11:15 PM,11:15 PM,0.0
12149,2024-09-25,BXR,12:16 AM,12:16 AM,0.0,12:18 AM,12:18 AM,0.0
12149,2024-09-26,DDU,11:05 PM,11:05 PM,0.0,11:15 PM,11:15 PM,0.0
12149,2024-09-26,BXR,12:16 AM,12:17 AM,0.0,12:18 AM,12:19 AM,0.0
12149,2024-09-27,DDU,11:05 PM,12:50 AM,105.0,11:15 PM,01:00 AM,105.0
12149,2024-09-27,BXR,12:16 AM,02:10 AM,114.0,12:18 AM,02:12 AM,114.0
12149,2024-09-28,DDU,11:05 PM,11:05 PM,0.0,11:15 PM,11:15 PM,0.0
12149,2024-09-28,BXR,12:16 AM,12:19 AM,3.0,12:18 AM,12:21 AM,3.0
12149,2024-09-29,DDU,11:05 PM,11:05 PM,0.0,11:15 PM,11:15 PM,0.0
12149,2024-09-29,BXR,12:16 AM,12:16 AM,0.0,12:18 AM,12:18 AM,0.0
12149,2024-09-30,DDU,11:05 PM,11:05 PM,0.0,11:15 PM,11:15 PM,0.0
12149,2024-09-30,BXR,12:16 AM,12:16 AM,0.0,12:18 AM,12:18 AM,0.0
7651,2024-09-04,PRYJ,10:10 PM,10:10 PM,0.0,10:40 PM,10:40 PM,0.0
7651,2024-09-11,PRYJ,10:10 PM,10:10 PM,0.0,10:40 PM,10:40 PM,0.0
3251,2024-09-01,BXR,04:20 PM,05:10 PM,50.0,04:22 PM,05:12 PM,50.0
3251,2024-09-01,DDU,05:50 PM,06:45 PM,55.0,06:00 PM,06:55 PM,55.0
3251,2024-09-02,BXR,04:20 PM,04:53 PM,33.0,04:22 PM,04:55 PM,33.0
3251,2024-09-02,DDU,05:50 PM,06:29 PM,39.0,06:00 PM,06:39 PM,39.0
3251,2024-09-08,BXR,04:20 PM,04:20 PM,0.0,04:22 PM,04:22 PM,0.0
3251,2024-09-08,DDU,05:50 PM,06:53 PM,63.0,06:00 PM,07:03 PM,63.0
3251,2024-09-09,BXR,04:20 PM,05:08 PM,48.0,04:22 PM,05:10 PM,48.0
3251,2024-09-09,DDU,05:50 PM,06:58 PM,68.0,06:00 PM,07:08 PM,68.0
3251,2024-09-15,BXR,04:20 PM,04:20 PM,0.0,04:22 PM,04:22 PM,0.0
3251,2024-09-15,DDU,05:50 PM,06:17 PM,27.0,06:00 PM,06:27 PM,27.0
22441,2024-09-01,PRYJ,06:20 PM,08:18 PM,118.0,06:25 PM,08:23 PM,118.0
22441,2024-09-01,CNB,09:50 PM,09:50 PM,0.0,09:50 PM,09:50 PM,0.0
22441,2024-09-02,PRYJ,06:20 PM,06:46 PM,26.0,06:25 PM,06:51 PM,26.0
22441,2024-09-02,CNB,09:50 PM,10:08 PM,18.0,09:50 PM,10:08 PM,18.0
22441,2024-09-03,PRYJ,06:20 PM,07:23 PM,63.0,06:25 PM,07:28 PM,63.0
22441,2024-09-03,CNB,09:50 PM,11:41 PM,111.0,09:50 PM,11:41 PM,111.0
22441,2024-09-04,PRYJ,06:20 PM,07:05 PM,45.0,06:25 PM,07:10 PM,45.0
22441,2024-09-04,CNB,09:50 PM,10:46 PM,56.0,09:50 PM,10:46 PM,56.0
22441,2024-09-05,PRYJ,06:20 PM,06:43 PM,23.0,06:25 PM,06:48 PM,23.0
22441,2024-09-05,CNB,09:50 PM,09:50 PM,0.0,09:50 PM,09:50 PM,0.0
22441,2024-09-06,PRYJ,06:20 PM,06:35 PM,15.0,06:25 PM,06:40 PM,15.0
22441,2024-09-06,CNB,09:50 PM,09:50 PM,0.0,09:50 PM,09:50 PM,0.0
22441,2024-09-07,PRYJ,06:20 PM,06:52 PM,32.0,06:25 PM,06:57 PM,32.0
22441,2024-09-07,CNB,09:50 PM,09:50 PM,0.0,09:50 PM,09:50 PM,0.0
22441,2024-09-08,PRYJ,06:20 PM,07:01 PM,41.0,06:25 PM,07:06 PM,41.0
22441,2024-09-08,CNB,09:50 PM,10:00 PM,10.0,09:50 PM,10:00 PM,10.0
22441,2024-09-10,PRYJ,06:20 PM,06:29 PM,9.0,06:25 PM,06:34 PM,9.0
22441,2024-09-10,CNB,09:50 PM,10:21 PM,31.0,09:50 PM,10:21 PM,31.0
22441,2024-09-11,PRYJ,06:20 PM,09:23 PM,183.0,06:25 PM,09:28 PM,183.0
22441,2024-09-11,CNB,09:50 PM,09:50 PM,0.0,09:50 PM,09:50 PM,0.0
22441,2024-09-12,PRYJ,06:20 PM,06:47 PM,27.0,06:25 PM,06:52 PM,27.0
22441,2024-09-12,CNB,09:50 PM,09:50 PM,0.0,09:50 PM,09:50 PM,0.0
22441,2024-09-13,PRYJ,06:20 PM,07:27 PM,67.0,06:25 PM,07:32 PM,67.0
22441,2024-09-13,CNB,09:50 PM,09:50 PM,0.0,09:50 PM,09:50 PM,0.0
22441,2024-09-14,PRYJ,06:20 PM,06:35 PM,15.0,06:25 PM,06:40 PM,15.0
22441,2024-09-14,CNB,09:50 PM,10:14 PM,24.0,09:50 PM,10:14 PM,24.0
22441,2024-09-15,PRYJ,06:20 PM,07:11 PM,51.0,06:25 PM,07:16 PM,51.0
22441,2024-09-15,CNB,09:50 PM,09:50 PM,0.0,09:50 PM,09:50 PM,0.0
22441,2024-09-16,PRYJ,06:20 PM,06:22 PM,2.0,06:25 PM,06:27 PM,2.0
22441,2024-09-16,CNB,09:50 PM,10:00 PM,10.0,09:50 PM,10:00 PM,10.0
22441,2024-09-17,PRYJ,06:20 PM,06:27 PM,7.0,06:25 PM,06:32 PM,7.0
22441,2024-09-17,CNB,09:50 PM,10:46 PM,56.0,09:50 PM,10:46 PM,56.0
22441,2024-09-18,PRYJ,06:20 PM,06:35 PM,15.0,06:25 PM,06:40 PM,15.0
22441,2024-09-18,CNB,09:50 PM,09:50 PM,0.0,09:50 PM,09:50 PM,0.0
22441,2024-09-19,PRYJ,06:20 PM,06:20 PM,0.0,06:25 PM,06:25 PM,0.0
22441,2024-09-19,CNB,09:50 PM,09:50 PM,0.0,09:50 PM,09:50 PM,0.0
22441,2024-09-20,PRYJ,06:20 PM,06:35 PM,15.0,06:25 PM,06:40 PM,15.0
22441,2024-09-20,CNB,09:50 PM,09:50 PM,0.0,09:50 PM,09:50 PM,0.0
22441,2024-09-21,PRYJ,06:20 PM,06:36 PM,16.0,06:25 PM,06:41 PM,16.0
22441,2024-09-21,CNB,09:50 PM,09:50 PM,0.0,09:50 PM,09:50 PM,0.0
22441,2024-09-22,PRYJ,06:20 PM,06:28 PM,8.0,06:25 PM,06:33 PM,8.0
22441,2024-09-22,CNB,09:50 PM,09:50 PM,0.0,09:50 PM,09:50 PM,0.0
22441,2024-09-23,PRYJ,06:20 PM,06:38 PM,18.0,06:25 PM,06:43 PM,18.0
22441,2024-09-23,CNB,09:50 PM,09:50 PM,0.0,09:50 PM,09:50 PM,0.0
22441,2024-09-24,PRYJ,06:20 PM,06:37 PM,17.0,06:25 PM,06:42 PM,17.0
22441,2024-09-24,CNB,09:50 PM,09:50 PM,0.0,09:50 PM,09:50 PM,0.0
22441,2024-09-26,PRYJ,06:20 PM,06:23 PM,3.0,06:25 PM,06:28 PM,3.0
22441,2024-09-26,CNB,09:50 PM,09:50 PM,0.0,09:50 PM,09:50 PM,0.0
22441,2024-09-27,PRYJ,06:20 PM,06:22 PM,2.0,06:25 PM,06:27 PM,2.0
22441,2024-09-27,CNB,09:50 PM,09:50 PM,0.0,09:50 PM,09:50 PM,0.0
22441,2024-09-28,PRYJ,06:20 PM,06:31 PM,11.0,06:25 PM,06:36 PM,11.0
22441,2024-09-28,CNB,09:50 PM,09:50 PM,0.0,09:50 PM,09:50 PM,0.0
22441,2024-09-30,PRYJ,06:20 PM,06:25 PM,5.0,06:25 PM,06:30 PM,5.0
22441,2024-09-30,CNB,09:50 PM,09:50 PM,0.0,09:50 PM,09:50 PM,0.0
9111,2024-09-02,CNB,04:10 PM,04:36 PM,26.0,04:20 PM,04:46 PM,26.0
9111,2024-09-09,CNB,04:10 PM,04:26 PM,16.0,04:20 PM,04:36 PM,16.0
9111,2024-09-16,CNB,04:10 PM,04:41 PM,31.0,04:20 PM,04:51 PM,31.0
9111,2024-09-30,CNB,04:10 PM,04:10 PM,0.0,04:20 PM,04:20 PM,0.0
12470,2024-09-03,CNB,12:20 PM,12:20 PM,0.0,12:20 PM,12:20 PM,0.0
12470,2024-09-05,CNB,12:20 PM,12:20 PM,0.0,12:20 PM,12:20 PM,0.0
12470,2024-09-10,CNB,12:20 PM,12:20 PM,0.0,12:20 PM,12:20 PM,0.0
12470,2024-09-12,CNB,12:20 PM,12:58 PM,38.0,12:20 PM,12:58 PM,38.0
12470,2024-09-17,CNB,12:20 PM,12:20 PM,0.0,12:20 PM,12:20 PM,0.0
12470,2024-09-19,CNB,12:20 PM,12:56 PM,36.0,12:20 PM,12:56 PM,36.0
12470,2024-09-24,CNB,12:20 PM,12:20 PM,0.0,12:20 PM,12:20 PM,0.0
12470,2024-09-26,CNB,12:20 PM,12:20 PM,0.0,12:20 PM,12:20 PM,0.0
22428,2024-09-07,CNB,05:20 AM,05:43 AM,23.0,05:25 AM,05:48 AM,23.0
22428,2024-09-07,PRYJ,08:25 AM,08:25 AM,0.0,08:35 AM,08:35 AM,0.0
22428,2024-09-14,CNB,05:20 AM,05:20 AM,0.0,05:25 AM,05:25 AM,0.0
22428,2024-09-14,PRYJ,08:25 AM,08:25 AM,0.0,08:35 AM,08:35 AM,0.0
22428,2024-09-21,CNB,05:20 AM,05:28 AM,8.0,05:25 AM,05:33 AM,8.0
22428,2024-09-21,PRYJ,08:25 AM,08:27 AM,2.0,08:35 AM,08:37 AM,2.0
22428,2024-09-28,CNB,05:20 AM,05:32 AM,12.0,05:25 AM,05:37 AM,12.0
22428,2024-09-28,PRYJ,08:25 AM,08:26 AM,0.0,08:35 AM,08:36 AM,0.0
17610,2024-09-05,DDU,07:38 PM,07:41 PM,3.0,07:48 PM,07:51 PM,3.0
17610,2024-09-05,BXR,08:56 PM,08:56 PM,0.0,08:58 PM,08:58 PM,0.0
17610,2024-09-12,DDU,07:38 PM,07:38 PM,0.0,07:48 PM,07:48 PM,0.0
17610,2024-09-12,BXR,08:56 PM,08:56 PM,0.0,08:58 PM,08:58 PM,0.0
17610,2024-09-19,DDU,07:38 PM,07:38 PM,0.0,07:48 PM,07:48 PM,0.0
17610,2024-09-19,BXR,08:56 PM,08:56 PM,0.0,08:58 PM,08:58 PM,0.0
12941,2024-09-03,CNB,07:30 PM,07:30 PM,0.0,07:35 PM,07:35 PM,0.0
12941,2024-09-03,PRYJ,10:05 PM,10:05 PM,0.0,10:10 PM,10:10 PM,0.0
12941,2024-09-03,DDU,02:25 AM,02:25 AM,0.0,02:35 AM,02:35 AM,0.0
12941,2024-09-10,CNB,07:30 PM,08:01 PM,31.0,07:35 PM,08:06 PM,31.0
12941,2024-09-10,PRYJ,10:05 PM,10:32 PM,27.0,10:10 PM,10:37 PM,27.0
12941,2024-09-10,DDU,02:25 AM,02:26 AM,0.0,02:35 AM,02:36 AM,0.0
12941,2024-09-17,CNB,07:30 PM,07:30 PM,0.0,07:35 PM,07:35 PM,0.0
12941,2024-09-17,PRYJ,10:05 PM,10:05 PM,0.0,10:10 PM,10:10 PM,0.0
12941,2024-09-17,DDU,02:25 AM,02:25 AM,0.0,02:35 AM,02:35 AM,0.0
12941,2024-09-24,CNB,07:30 PM,07:36 PM,6.0,07:35 PM,07:41 PM,6.0
12941,2024-09-24,PRYJ,10:05 PM,10:07 PM,2.0,10:10 PM,10:12 PM,2.0
12941,2024-09-24,DDU,02:25 AM,02:25 AM,0.0,02:35 AM,02:35 AM,0.0
2564,2024-09-01,CNB,11:50 PM,12:09 AM,19.0,11:55 PM,12:14 AM,19.0
2564,2024-09-02,CNB,11:50 PM,12:00 AM,10.0,11:55 PM,12:05 AM,10.0
2564,2024-09-03,CNB,11:50 PM,11:51 PM,0.0,11:55 PM,11:56 PM,0.0
2564,2024-09-04,CNB,11:50 PM,12:11 AM,21.0,11:55 PM,12:16 AM,21.0
2564,2024-09-05,CNB,11:50 PM,11:54 PM,4.0,11:55 PM,11:59 PM,4.0
2564,2024-09-06,CNB,11:50 PM,12:29 AM,39.0,11:55 PM,12:34 AM,39.0
2564,2024-09-07,CNB,11:50 PM,12:57 AM,67.0,11:55 PM,01:02 AM,67.0
2564,2024-09-08,CNB,11:50 PM,12:11 AM,21.0,11:55 PM,12:16 AM,21.0
2564,2024-09-09,CNB,11:50 PM,01:07 AM,77.0,11:55 PM,01:12 AM,77.0
2564,2024-09-10,CNB,11:50 PM,12:34 AM,44.0,11:55 PM,12:39 AM,44.0
2564,2024-09-11,CNB,11:50 PM,01:56 AM,126.0,11:55 PM,02:01 AM,126.0
2564,2024-09-12,CNB,11:50 PM,12:09 AM,19.0,11:55 PM,12:14 AM,19.0
2564,2024-09-13,CNB,11:50 PM,11:55 PM,5.0,11:55 PM,12:00 AM,5.0
2564,2024-09-14,CNB,11:50 PM,12:21 AM,31.0,11:55 PM,12:26 AM,31.0
2564,2024-09-15,CNB,11:50 PM,11:54 PM,4.0,11:55 PM,11:59 PM,4.0
2564,2024-09-16,CNB,11:50 PM,01:04 AM,74.0,11:55 PM,01:09 AM,74.0
2564,2024-09-17,CNB,11:50 PM,01:31 AM,101.0,11:55 PM,01:36 AM,101.0
2564,2024-09-18,CNB,11:50 PM,11:57 PM,7.0,11:55 PM,12:02 AM,7.0
2564,2024-09-19,CNB,11:50 PM,12:01 AM,11.0,11:55 PM,12:06 AM,11.0
2564,2024-09-20,CNB,11:50 PM,12:20 AM,30.0,11:55 PM,12:25 AM,30.0
2564,2024-09-21,CNB,11:50 PM,12:27 AM,37.0,11:55 PM,12:32 AM,37.0
2564,2024-09-22,CNB,11:50 PM,11:54 PM,4.0,11:55 PM,11:59 PM,4.0
2564,2024-09-23,CNB,11:50 PM,12:41 AM,51.0,11:55 PM,12:46 AM,51.0
2564,2024-09-24,CNB,11:50 PM,12:02 AM,12.0,11:55 PM,12:07 AM,12.0
2564,2024-09-25,CNB,11:50 PM,11:53 PM,3.0,11:55 PM,11:58 PM,3.0
2564,2024-09-26,CNB,11:50 PM,11:53 PM,3.0,11:55 PM,11:58 PM,3.0
2564,2024-09-27,CNB,11:50 PM,12:03 AM,13.0,11:55 PM,12:08 AM,13.0
2564,2024-09-28,CNB,11:50 PM,12:17 AM,27.0,11:55 PM,12:22 AM,27.0
2564,2024-09-29,CNB,11:50 PM,12:03 AM,13.0,11:55 PM,12:08 AM,13.0
2564,2024-09-30,CNB,11:50 PM,12:27 AM,37.0,11:55 PM,12:32 AM,37.0
14033,2024-09-01,CNB,01:00 PM,01:00 PM,0.0,01:05 PM,01:05 PM,0.0
14033,2024-09-02,CNB,01:00 PM,01:00 PM,0.0,01:05 PM,01:05 PM,0.0
14033,2024-09-03,CNB,01:00 PM,01:00 PM,0.0,01:05 PM,01:05 PM,0.0
14033,2024-09-04,CNB,01:00 PM,01:00 PM,0.0,01:05 PM,01:05 PM,0.0
14033,2024-09-05,CNB,01:00 PM,01:00 PM,0.0,01:05 PM,01:05 PM,0.0
14033,2024-09-06,CNB,01:00 PM,01:00 PM,0.0,01:05 PM,01:05 PM,0.0
14033,2024-09-07,CNB,01:00 PM,01:00 PM,0.0,01:05 PM,01:05 PM,0.0
14033,2024-09-08,CNB,01:00 PM,01:00 PM,0.0,01:05 PM,01:05 PM,0.0
14033,2024-09-09,CNB,01:00 PM,01:00 PM,0.0,01:05 PM,01:05 PM,0.0
14033,2024-09-10,CNB,01:00 PM,01:00 PM,0.0,01:05 PM,01:05 PM,0.0
14033,2024-09-11,CNB,01:00 PM,01:00 PM,0.0,01:05 PM,01:05 PM,0.0
14033,2024-09-12,CNB,01:00 PM,01:00 PM,0.0,01:05 PM,01:05 PM,0.0
14033,2024-09-13,CNB,01:00 PM,01:00 PM,0.0,01:05 PM,01:05 PM,0.0
14033,2024-09-14,CNB,01:00 PM,01:00 PM,0.0,01:05 PM,01:05 PM,0.0
14033,2024-09-15,CNB,01:00 PM,01:00 PM,0.0,01:05 PM,01:05 PM,0.0
14033,2024-09-16,CNB,01:00 PM,01:00 PM,0.0,01:05 PM,01:05 PM,0.0
14033,2024-09-17,CNB,01:00 PM,01:00 PM,0.0,01:05 PM,01:05 PM,0.0
14033,2024-09-18,CNB,01:00 PM,01:00 PM,0.0,01:05 PM,01:05 PM,0.0
14033,2024-09-19,CNB,01:00 PM,01:00 PM,0.0,01:05 PM,01:05 PM,0.0
14033,2024-09-20,CNB,01:00 PM,01:00 PM,0.0,01:05 PM,01:05 PM,0.0
14033,2024-09-21,CNB,01:00 PM,01:00 PM,0.0,01:05 PM,01:05 PM,0.0
14033,2024-09-22,CNB,01:00 PM,01:00 PM,0.0,01:05 PM,01:05 PM,0.0
14033,2024-09-23,CNB,01:00 PM,01:00 PM,0.0,01:05 PM,01:05 PM,0.0
14033,2024-09-24,CNB,01:00 PM,01:00 PM,0.0,01:05 PM,01:05 PM,0.0
14033,2024-09-25,CNB,01:00 PM,01:00 PM,0.0,01:05 PM,01:05 PM,0.0
14033,2024-09-26,CNB,01:00 PM,01:00 PM,0.0,01:05 PM,01:05 PM,0.0
14033,2024-09-27,CNB,01:00 PM,01:00 PM,0.0,01:05 PM,01:05 PM,0.0
14033,2024-09-28,CNB,01:00 PM,01:00 PM,0.0,01:05 PM,01:05 PM,0.0
14033,2024-09-29,CNB,01:00 PM,01:00 PM,0.0,01:05 PM,01:05 PM,0.0
14033,2024-09-30,CNB,01:00 PM,01:00 PM,0.0,01:05 PM,01:05 PM,0.0
19670,2024-09-06,BXR,01:49 AM,01:49 AM,0.0,01:51 AM,01:51 AM,0.0
19670,2024-09-06,DDU,03:40 AM,03:41 AM,0.0,03:50 AM,03:51 AM,0.0
19670,2024-09-06,CNB,01:45 PM,03:42 PM,117.0,01:50 PM,03:47 PM,117.0
19670,2024-09-13,BXR,01:49 AM,02:15 AM,26.0,01:51 AM,02:17 AM,26.0
19670,2024-09-13,DDU,03:40 AM,03:40 AM,0.0,03:50 AM,03:50 AM,0.0
19670,2024-09-13,CNB,01:45 PM,01:57 PM,12.0,01:50 PM,02:02 PM,12.0
19670,2024-09-20,BXR,01:49 AM,02:11 AM,22.0,01:51 AM,02:13 AM,22.0
19670,2024-09-20,DDU,03:40 AM,03:40 AM,0.0,03:50 AM,03:50 AM,0.0
19670,2024-09-20,CNB,01:45 PM,02:20 PM,35.0,01:50 PM,02:25 PM,35.0
19670,2024-09-27,BXR,01:49 AM,02:23 AM,34.0,01:51 AM,02:25 AM,34.0
19670,2024-09-27,DDU,03:40 AM,03:40 AM,0.0,03:50 AM,03:50 AM,0.0
19670,2024-09-27,CNB,01:45 PM,01:45 PM,0.0,01:50 PM,01:50 PM,0.0
12598,2024-09-04,CNB,11:30 AM,11:30 AM,0.0,11:35 AM,11:35 AM,0.0
12598,2024-09-11,CNB,11:30 AM,11:30 AM,0.0,11:35 AM,11:35 AM,0.0
12598,2024-09-18,CNB,11:30 AM,11:30 AM,0.0,11:35 AM,11:35 AM,0.0
12598,2024-09-25,CNB,11:30 AM,11:30 AM,0.0,11:35 AM,11:35 AM,0.0
15708,2024-09-01,CNB,12:25 AM,12:29 AM,4.0,12:30 AM,12:34 AM,4.0
15708,2024-09-02,CNB,12:25 AM,12:30 AM,5.0,12:30 AM,12:35 AM,5.0
15708,2024-09-03,CNB,12:25 AM,12:25 AM,0.0,12:30 AM,12:30 AM,0.0
15708,2024-09-04,CNB,12:25 AM,12:25 AM,0.0,12:30 AM,12:30 AM,0.0
15708,2024-09-05,CNB,12:25 AM,03:32 AM,187.0,12:30 AM,03:37 AM,187.0
15708,2024-09-06,CNB,12:25 AM,12:26 AM,0.0,12:30 AM,12:31 AM,0.0
15708,2024-09-07,CNB,12:25 AM,12:28 AM,3.0,12:30 AM,12:33 AM,3.0
15708,2024-09-08,CNB,12:25 AM,12:25 AM,0.0,12:30 AM,12:30 AM,0.0
15708,2024-09-09,CNB,12:25 AM,12:51 AM,26.0,12:30 AM,12:56 AM,26.0
15708,2024-09-10,CNB,12:25 AM,12:27 AM,2.0,12:30 AM,12:32 AM,2.0
15708,2024-09-11,CNB,12:25 AM,12:25 AM,0.0,12:30 AM,12:30 AM,0.0
15708,2024-09-12,CNB,12:25 AM,12:30 AM,5.0,12:30 AM,12:35 AM,5.0
15708,2024-09-13,CNB,12:25 AM,12:26 AM,0.0,12:30 AM,12:31 AM,0.0
15708,2024-09-14,CNB,12:25 AM,12:25 AM,0.0,12:30 AM,12:30 AM,0.0
15708,2024-09-15,CNB,12:25 AM,12:30 AM,5.0,12:30 AM,12:35 AM,5.0
15708,2024-09-16,CNB,12:25 AM,12:30 AM,5.0,12:30 AM,12:35 AM,5.0
15708,2024-09-17,CNB,12:25 AM,01:00 AM,35.0,12:30 AM,01:05 AM,35.0
15708,2024-09-18,CNB,12:25 AM,12:27 AM,2.0,12:30 AM,12:32 AM,2.0
15708,2024-09-19,CNB,12:25 AM,12:25 AM,0.0,12:30 AM,12:30 AM,0.0
15708,2024-09-20,CNB,12:25 AM,12:25 AM,0.0,12:30 AM,12:30 AM,0.0
15708,2024-09-21,CNB,12:25 AM,02:24 AM,119.0,12:30 AM,02:29 AM,119.0
15708,2024-09-22,CNB,12:25 AM,03:38 AM,193.0,12:30 AM,03:43 AM,193.0
15708,2024-09-23,CNB,12:25 AM,12:25 AM,0.0,12:30 AM,12:30 AM,0.0
15708,2024-09-24,CNB,12:25 AM,12:25 AM,0.0,12:30 AM,12:30 AM,0.0
15708,2024-09-25,CNB,12:25 AM,12:32 AM,7.0,12:30 AM,12:37 AM,7.0
15708,2024-09-26,CNB,12:25 AM,12:27 AM,2.0,12:30 AM,12:32 AM,2.0
15708,2024-09-27,CNB,12:25 AM,03:29 AM,184.0,12:30 AM,03:34 AM,184.0
15708,2024-09-28,CNB,12:25 AM,12:41 AM,16.0,12:30 AM,12:46 AM,16.0
15708,2024-09-29,CNB,12:25 AM,12:26 AM,0.0,12:30 AM,12:31 AM,0.0
15708,2024-09-30,CNB,12:25 AM,12:25 AM,0.0,12:30 AM,12:30 AM,0.0
19168,2024-09-01,CNB,01:00 AM,03:01 AM,121.0,01:05 AM,03:06 AM,121.0
19168,2024-09-03,CNB,01:00 AM,01:02 AM,2.0,01:05 AM,01:07 AM,2.0
19168,2024-09-05,CNB,01:00 AM,02:44 AM,104.0,01:05 AM,02:49 AM,104.0
19168,2024-09-06,CNB,01:00 AM,01:24 AM,24.0,01:05 AM,01:29 AM,24.0
19168,2024-09-08,CNB,01:00 AM,01:00 AM,0.0,01:05 AM,01:05 AM,0.0
19168,2024-09-10,CNB,01:00 AM,01:50 AM,50.0,01:05 AM,01:55 AM,50.0
19168,2024-09-12,CNB,01:00 AM,02:35 AM,95.0,01:05 AM,02:40 AM,95.0
19168,2024-09-13,CNB,01:00 AM,01:08 AM,8.0,01:05 AM,01:13 AM,8.0
19168,2024-09-15,CNB,01:00 AM,01:36 AM,36.0,01:05 AM,01:41 AM,36.0
19168,2024-09-17,CNB,01:00 AM,01:27 AM,27.0,01:05 AM,01:32 AM,27.0
19168,2024-09-19,CNB,01:00 AM,01:18 AM,18.0,01:05 AM,01:23 AM,18.0
19168,2024-09-20,CNB,01:00 AM,03:18 AM,138.0,01:05 AM,03:23 AM,138.0
19168,2024-09-22,CNB,01:00 AM,02:17 AM,77.0,01:05 AM,02:22 AM,77.0
19168,2024-09-24,CNB,01:00 AM,01:07 AM,7.0,01:05 AM,01:12 AM,7.0
19168,2024-09-26,CNB,01:00 AM,01:24 AM,24.0,01:05 AM,01:29 AM,24.0
19168,2024-09-27,CNB,01:00 AM,02:54 AM,114.0,01:05 AM,02:59 AM,114.0
19168,2024-09-29,CNB,01:00 AM,01:39 AM,39.0,01:05 AM,01:44 AM,39.0
22684,2024-09-05,PRYJ,12:25 AM,12:30 AM,5.0,12:45 AM,12:50 AM,5.0
22684,2024-09-12,PRYJ,12:25 AM,12:35 AM,10.0,12:45 AM,12:55 AM,10.0
22684,2024-09-19,PRYJ,12:25 AM,12:25 AM,0.0,12:45 AM,12:45 AM,0.0
22684,2024-09-26,PRYJ,12:25 AM,12:41 AM,16.0,12:45 AM,01:01 AM,16.0
15068,2024-09-06,CNB,04:15 AM,05:28 AM,73.0,04:20 AM,05:33 AM,73.0
15068,2024-09-13,CNB,04:15 AM,04:43 AM,28.0,04:20 AM,04:48 AM,28.0
15068,2024-09-20,CNB,04:15 AM,04:15 AM,0.0,04:20 AM,04:20 AM,0.0
15068,2024-09-27,CNB,04:15 AM,04:15 AM,0.0,04:20 AM,04:20 AM,0.0
5053,2024-09-06,CNB,04:05 PM,08:24 PM,259.0,04:10 PM,08:29 PM,259.0
5053,2024-09-13,CNB,04:05 PM,06:52 PM,167.0,04:10 PM,06:57 PM,167.0
5053,2024-09-20,CNB,04:05 PM,07:28 PM,203.0,04:10 PM,07:33 PM,203.0
5053,2024-09-27,CNB,04:05 PM,11:56 PM,471.0,04:10 PM,12:01 AM,471.0
12565,2024-09-01,CNB,10:40 PM,11:28 PM,48.0,10:45 PM,11:33 PM,48.0
12565,2024-09-02,CNB,10:40 PM,10:56 PM,16.0,10:45 PM,11:01 PM,16.0
12565,2024-09-03,CNB,10:40 PM,01:11 AM,151.0,10:45 PM,01:16 AM,151.0
12565,2024-09-04,CNB,10:40 PM,02:21 AM,221.0,10:45 PM,02:26 AM,221.0
12565,2024-09-05,CNB,10:40 PM,12:42 AM,122.0,10:45 PM,12:47 AM,122.0
12565,2024-09-06,CNB,10:40 PM,10:45 PM,5.0,10:45 PM,10:50 PM,5.0
12565,2024-09-07,CNB,10:40 PM,10:43 PM,3.0,10:45 PM,10:48 PM,3.0
12565,2024-09-08,CNB,10:40 PM,10:42 PM,2.0,10:45 PM,10:47 PM,2.0
12565,2024-09-09,CNB,10:40 PM,12:38 AM,118.0,10:45 PM,12:43 AM,118.0
12565,2024-09-10,CNB,10:40 PM,10:40 PM,0.0,10:45 PM,10:45 PM,0.0
12565,2024-09-11,CNB,10:40 PM,12:10 AM,90.0,10:45 PM,12:15 AM,90.0
12565,2024-09-12,CNB,10:40 PM,10:50 PM,10.0,10:45 PM,10:55 PM,10.0
12565,2024-09-13,CNB,10:40 PM,10:41 PM,0.0,10:45 PM,10:46 PM,0.0
12565,2024-09-14,CNB,10:40 PM,10:40 PM,0.0,10:45 PM,10:45 PM,0.0
12565,2024-09-15,CNB,10:40 PM,10:42 PM,2.0,10:45 PM,10:47 PM,2.0
12565,2024-09-16,CNB,10:40 PM,12:17 AM,97.0,10:45 PM,12:22 AM,97.0
12565,2024-09-17,CNB,10:40 PM,10:52 PM,12.0,10:45 PM,10:57 PM,12.0
12565,2024-09-18,CNB,10:40 PM,11:28 PM,48.0,10:45 PM,11:33 PM,48.0
12565,2024-09-19,CNB,10:40 PM,11:45 PM,65.0,10:45 PM,11:50 PM,65.0
12565,2024-09-20,CNB,10:40 PM,11:25 PM,45.0,10:45 PM,11:30 PM,45.0
12565,2024-09-21,CNB,10:40 PM,10:41 PM,0.0,10:45 PM,10:46 PM,0.0
12565,2024-09-22,CNB,10:40 PM,10:51 PM,11.0,10:45 PM,10:56 PM,11.0
12565,2024-09-23,CNB,10:40 PM,11:41 PM,61.0,10:45 PM,11:46 PM,61.0
12565,2024-09-24,CNB,10:40 PM,10:55 PM,15.0,10:45 PM,11:00 PM,15.0
12565,2024-09-25,CNB,10:40 PM,10:43 PM,3.0,10:45 PM,10:48 PM,3.0
12565,2024-09-26,CNB,10:40 PM,11:56 PM,76.0,10:45 PM,12:01 AM,76.0
12565,2024-09-27,CNB,10:40 PM,12:22 AM,102.0,10:45 PM,12:27 AM,102.0
12565,2024-09-28,CNB,10:40 PM,10:41 PM,0.0,10:45 PM,10:46 PM,0.0
12565,2024-09-29,CNB,10:40 PM,10:40 PM,0.0,10:45 PM,10:45 PM,0.0
12565,2024-09-30,CNB,10:40 PM,11:44 PM,64.0,10:45 PM,11:49 PM,64.0
14003,2024-09-03,BXR,07:50 PM,07:50 PM,0.0,07:52 PM,07:52 PM,0.0
14003,2024-09-03,DDU,10:55 PM,02:13 AM,198.0,11:05 PM,02:23 AM,198.0
14003,2024-09-07,BXR,07:50 PM,08:13 PM,23.0,07:52 PM,08:15 PM,23.0
14003,2024-09-07,DDU,10:55 PM,10:55 PM,0.0,11:05 PM,11:05 PM,0.0
14003,2024-09-10,BXR,07:50 PM,01:07 AM,317.0,07:52 PM,01:09 AM,317.0
14003,2024-09-10,DDU,10:55 PM,02:17 AM,202.0,11:05 PM,02:27 AM,202.0
14003,2024-09-14,BXR,07:50 PM,07:50 PM,0.0,07:52 PM,07:52 PM,0.0
14003,2024-09-14,DDU,10:55 PM,10:55 PM,0.0,11:05 PM,11:05 PM,0.0
14003,2024-09-17,BXR,07:50 PM,08:31 PM,41.0,07:52 PM,08:33 PM,41.0
14003,2024-09-17,DDU,10:55 PM,10:57 PM,2.0,11:05 PM,11:07 PM,2.0
14003,2024-09-21,BXR,07:50 PM,08:50 PM,60.0,07:52 PM,08:52 PM,60.0
14003,2024-09-21,DDU,10:55 PM,10:55 PM,0.0,11:05 PM,11:05 PM,0.0
14003,2024-09-24,BXR,07:50 PM,12:30 AM,280.0,07:52 PM,12:32 AM,280.0
14003,2024-09-24,DDU,10:55 PM,02:19 AM,204.0,11:05 PM,02:29 AM,204.0
14003,2024-09-28,BXR,07:50 PM,07:50 PM,0.0,07:52 PM,07:52 PM,0.0
14003,2024-09-28,DDU,10:55 PM,10:55 PM,0.0,11:05 PM,11:05 PM,0.0
20408,2024-09-04,CNB,08:52 PM,08:57 PM,5.0,08:57 PM,09:02 PM,5.0
20408,2024-09-04,PRYJ,10:58 PM,10:59 PM,0.0,11:00 PM,11:01 PM,0.0
20408,2024-09-04,DDU,01:07 AM,01:07 AM,0.0,01:17 AM,01:17 AM,0.0
20408,2024-09-18,CNB,08:52 PM,08:54 PM,2.0,08:57 PM,08:59 PM,2.0
20408,2024-09-18,PRYJ,10:58 PM,11:00 PM,2.0,11:00 PM,11:02 PM,2.0
20408,2024-09-18,DDU,01:07 AM,01:07 AM,0.0,01:17 AM,01:17 AM,0.0
20408,2024-09-25,CNB,08:52 PM,08:52 PM,0.0,08:57 PM,08:57 PM,0.0
20408,2024-09-25,PRYJ,10:58 PM,10:58 PM,0.0,11:00 PM,11:00 PM,0.0
20408,2024-09-25,DDU,01:07 AM,01:07 AM,0.0,01:17 AM,01:17 AM,0.0
4151,2024-09-27,CNB,03:25 PM,03:25 PM,0.0,03:25 PM,03:25 PM,0.0
4151,2024-09-27,PRYJ,06:10 PM,06:43 PM,33.0,06:15 PM,06:48 PM,33.0
15022,2024-09-02,DDU,07:20 PM,08:15 PM,55.0,07:30 PM,08:25 PM,55.0
15022,2024-09-09,DDU,07:20 PM,08:04 PM,44.0,07:30 PM,08:14 PM,44.0
15022,2024-09-16,DDU,07:20 PM,07:55 PM,35.0,07:30 PM,08:05 PM,35.0
15022,2024-09-23,DDU,07:20 PM,07:20 PM,0.0,07:30 PM,07:30 PM,0.0
15022,2024-09-30,DDU,07:20 PM,08:03 PM,43.0,07:30 PM,08:13 PM,43.0
14217,2024-09-01,CNB,07:35 PM,08:47 PM,72.0,07:40 PM,08:52 PM,72.0
14217,2024-09-02,CNB,07:35 PM,07:49 PM,14.0,07:40 PM,07:54 PM,14.0
14217,2024-09-03,CNB,07:35 PM,08:38 PM,63.0,07:40 PM,08:43 PM,63.0
14217,2024-09-04,CNB,07:35 PM,07:48 PM,13.0,07:40 PM,07:53 PM,13.0
14217,2024-09-05,CNB,07:35 PM,08:52 PM,77.0,07:40 PM,08:57 PM,77.0
14217,2024-09-06,CNB,07:35 PM,08:12 PM,37.0,07:40 PM,08:17 PM,37.0
14217,2024-09-07,CNB,07:35 PM,08:05 PM,30.0,07:40 PM,08:10 PM,30.0
14217,2024-09-08,CNB,07:35 PM,08:41 PM,66.0,07:40 PM,08:46 PM,66.0
14217,2024-09-09,CNB,07:35 PM,07:52 PM,17.0,07:40 PM,07:57 PM,17.0
14217,2024-09-10,CNB,07:35 PM,07:56 PM,21.0,07:40 PM,08:01 PM,21.0
14217,2024-09-11,CNB,07:35 PM,08:39 PM,64.0,07:40 PM,08:44 PM,64.0
14217,2024-09-12,CNB,07:35 PM,09:55 PM,140.0,07:40 PM,10:00 PM,140.0
14217,2024-09-13,CNB,07:35 PM,09:47 PM,132.0,07:40 PM,09:52 PM,132.0
14217,2024-09-14,CNB,07:35 PM,08:43 PM,68.0,07:40 PM,08:48 PM,68.0
14217,2024-09-15,CNB,07:35 PM,07:48 PM,13.0,07:40 PM,07:53 PM,13.0
14217,2024-09-16,CNB,07:35 PM,08:05 PM,30.0,07:40 PM,08:10 PM,30.0
14217,2024-09-17,CNB,07:35 PM,09:40 PM,125.0,07:40 PM,09:45 PM,125.0
14217,2024-09-18,CNB,07:35 PM,08:46 PM,71.0,07:40 PM,08:51 PM,71.0
14217,2024-09-19,CNB,07:35 PM,07:44 PM,9.0,07:40 PM,07:49 PM,9.0
14217,2024-09-20,CNB,07:35 PM,09:03 PM,88.0,07:40 PM,09:08 PM,88.0
14217,2024-09-21,CNB,07:35 PM,08:28 PM,53.0,07:40 PM,08:33 PM,53.0
14217,2024-09-22,CNB,07:35 PM,07:48 PM,13.0,07:40 PM,07:53 PM,13.0
14217,2024-09-23,CNB,07:35 PM,08:02 PM,27.0,07:40 PM,08:07 PM,27.0
14217,2024-09-24,CNB,07:35 PM,07:45 PM,10.0,07:40 PM,07:50 PM,10.0
14217,2024-09-25,CNB,07:35 PM,07:52 PM,17.0,07:40 PM,07:57 PM,17.0
14217,2024-09-26,CNB,07:35 PM,07:52 PM,17.0,07:40 PM,07:57 PM,17.0
14217,2024-09-27,CNB,07:35 PM,07:49 PM,14.0,07:40 PM,07:54 PM,14.0
14217,2024-09-28,CNB,07:35 PM,07:54 PM,19.0,07:40 PM,07:59 PM,19.0
14217,2024-09-29,CNB,07:35 PM,07:54 PM,19.0,07:40 PM,07:59 PM,19.0
14217,2024-09-30,CNB,07:35 PM,07:46 PM,11.0,07:40 PM,07:51 PM,11.0
15206,2024-09-01,CNB,07:20 AM,07:20 AM,0.0,07:25 AM,07:25 AM,0.0
15206,2024-09-02,CNB,07:20 AM,07:23 AM,3.0,07:25 AM,07:28 AM,3.0
15206,2024-09-03,CNB,07:20 AM,07:20 AM,0.0,07:25 AM,07:25 AM,0.0
15206,2024-09-04,CNB,07:20 AM,07:25 AM,5.0,07:25 AM,07:30 AM,5.0
15206,2024-09-05,CNB,07:20 AM,07:20 AM,0.0,07:25 AM,07:25 AM,0.0
15206,2024-09-06,CNB,07:20 AM,07:33 AM,13.0,07:25 AM,07:38 AM,13.0
15206,2024-09-07,CNB,07:20 AM,07:26 AM,6.0,07:25 AM,07:31 AM,6.0
15206,2024-09-08,CNB,07:20 AM,07:32 AM,12.0,07:25 AM,07:37 AM,12.0
15206,2024-09-09,CNB,07:20 AM,07:33 AM,13.0,07:25 AM,07:38 AM,13.0
15206,2024-09-10,CNB,07:20 AM,07:44 AM,24.0,07:25 AM,07:49 AM,24.0
15206,2024-09-11,CNB,07:20 AM,07:53 AM,33.0,07:25 AM,07:58 AM,33.0
15206,2024-09-12,CNB,07:20 AM,07:23 AM,3.0,07:25 AM,07:28 AM,3.0
15206,2024-09-13,CNB,07:20 AM,07:49 AM,29.0,07:25 AM,07:54 AM,29.0
15206,2024-09-14,CNB,07:20 AM,07:20 AM,0.0,07:25 AM,07:25 AM,0.0
15206,2024-09-15,CNB,07:20 AM,08:15 AM,55.0,07:25 AM,08:20 AM,55.0
15206,2024-09-16,CNB,07:20 AM,08:11 AM,51.0,07:25 AM,08:16 AM,51.0
15206,2024-09-17,CNB,07:20 AM,10:00 AM,160.0,07:25 AM,10:05 AM,160.0
15206,2024-09-18,CNB,07:20 AM,07:27 AM,7.0,07:25 AM,07:32 AM,7.0
15206,2024-09-19,CNB,07:20 AM,07:36 AM,16.0,07:25 AM,07:41 AM,16.0
15206,2024-09-20,CNB,07:20 AM,07:35 AM,15.0,07:25 AM,07:40 AM,15.0
15206,2024-09-21,CNB,07:20 AM,07:20 AM,0.0,07:25 AM,07:25 AM,0.0
15206,2024-09-22,CNB,07:20 AM,07:40 AM,20.0,07:25 AM,07:45 AM,20.0
15206,2024-09-23,CNB,07:20 AM,07:24 AM,4.0,07:25 AM,07:29 AM,4.0
15206,2024-09-24,CNB,07:20 AM,07:20 AM,0.0,07:25 AM,07:25 AM,0.0
15206,2024-09-25,CNB,07:20 AM,07:20 AM,0.0,07:25 AM,07:25 AM,0.0
15206,2024-09-26,CNB,07:20 AM,07:33 AM,13.0,07:25 AM,07:38 AM,13.0
15206,2024-09-27,CNB,07:20 AM,08:43 AM,83.0,07:25 AM,08:48 AM,83.0
15206,2024-09-28,CNB,07:20 AM,08:09 AM,49.0,07:25 AM,08:14 AM,49.0
15206,2024-09-29,CNB,07:20 AM,07:50 AM,30.0,07:25 AM,07:55 AM,30.0
15206,2024-09-30,CNB,07:20 AM,09:25 AM,125.0,07:25 AM,09:30 AM,125.0
19422,2024-09-03,BXR,11:55 AM,12:01 PM,6.0,11:57 AM,12:03 PM,6.0
19422,2024-09-03,DDU,01:45 PM,03:13 PM,88.0,01:55 PM,03:23 PM,88.0
19422,2024-09-03,PRYJ,06:30 PM,06:30 PM,0.0,06:50 PM,06:50 PM,0.0
19422,2024-09-10,BXR,11:55 AM,01:30 PM,95.0,11:57 AM,01:32 PM,95.0
19422,2024-09-10,DDU,01:45 PM,01:45 PM,0.0,01:55 PM,01:55 PM,0.0
19422,2024-09-10,PRYJ,06:30 PM,06:30 PM,0.0,06:50 PM,06:50 PM,0.0
19422,2024-09-17,BXR,11:55 AM,12:04 PM,9.0,11:57 AM,12:06 PM,9.0
19422,2024-09-17,DDU,01:45 PM,01:52 PM,7.0,01:55 PM,02:02 PM,7.0
19422,2024-09-17,PRYJ,06:30 PM,06:30 PM,0.0,06:50 PM,06:50 PM,0.0
19422,2024-09-24,BXR,11:55 AM,12:51 PM,56.0,11:57 AM,12:53 PM,56.0
19422,2024-09-24,DDU,01:45 PM,02:16 PM,31.0,01:55 PM,02:26 PM,31.0
19422,2024-09-24,PRYJ,06:30 PM,06:30 PM,0.0,06:50 PM,06:50 PM,0.0
12306,2024-09-06,CNB,09:32 PM,09:32 PM,0.0,09:37 PM,09:37 PM,0.0
12306,2024-09-06,PRYJ,11:43 PM,11:43 PM,0.0,11:45 PM,11:45 PM,0.0
12306,2024-09-06,DDU,01:37 AM,01:37 AM,0.0,01:47 AM,01:47 AM,0.0
12306,2024-09-13,CNB,09:32 PM,09:49 PM,17.0,09:37 PM,09:54 PM,17.0
12306,2024-09-13,PRYJ,11:43 PM,12:11 AM,28.0,11:45 PM,12:13 AM,28.0
12306,2024-09-13,DDU,01:37 AM,02:04 AM,27.0,01:47 AM,02:14 AM,27.0
12306,2024-09-20,CNB,09:32 PM,09:55 PM,23.0,09:37 PM,10:00 PM,23.0
12306,2024-09-20,PRYJ,11:43 PM,12:06 AM,23.0,11:45 PM,12:08 AM,23.0
12306,2024-09-20,DDU,01:37 AM,02:06 AM,29.0,01:47 AM,02:16 AM,29.0
12306,2024-09-27,CNB,09:32 PM,09:50 PM,18.0,09:37 PM,09:55 PM,18.0
12306,2024-09-27,PRYJ,11:43 PM,11:58 PM,15.0,11:45 PM,12:00 AM,15.0
12306,2024-09-27,DDU,01:37 AM,01:41 AM,4.0,01:47 AM,01:51 AM,4.0
2575,2024-09-06,CNB,11:00 PM,01:55 AM,175.0,11:05 PM,02:00 AM,175.0
2575,2024-09-13,CNB,11:00 PM,11:00 PM,0.0,11:05 PM,11:05 PM,0.0
2575,2024-09-20,CNB,11:00 PM,11:00 PM,0.0,11:05 PM,11:05 PM,0.0
2575,2024-09-27,CNB,11:00 PM,11:00 PM,0.0,11:05 PM,11:05 PM,0.0
22467,2024-09-04,PRYJ,05:20 PM,06:14 PM,54.0,05:25 PM,06:19 PM,54.0
22467,2024-09-11,PRYJ,05:20 PM,05:33 PM,13.0,05:25 PM,05:38 PM,13.0
22467,2024-09-18,PRYJ,05:20 PM,07:20 PM,120.0,05:25 PM,07:25 PM,120.0
22467,2024-09-25,PRYJ,05:20 PM,06:04 PM,44.0,05:25 PM,06:09 PM,44.0
9417,2024-09-02,CNB,07:10 AM,07:10 AM,0.0,07:20 AM,07:20 AM,0.0
9417,2024-09-02,DDU,04:45 PM,04:45 PM,0.0,04:55 PM,04:55 PM,0.0
9417,2024-09-02,BXR,06:10 PM,06:10 PM,0.0,06:12 PM,06:12 PM,0.0
9417,2024-09-09,CNB,07:10 AM,07:10 AM,0.0,07:20 AM,07:20 AM,0.0
9417,2024-09-09,DDU,04:45 PM,04:45 PM,0.0,04:55 PM,04:55 PM,0.0
9417,2024-09-09,BXR,06:10 PM,06:10 PM,0.0,06:12 PM,06:12 PM,0.0
9417,2024-09-16,CNB,07:10 AM,07:12 AM,2.0,07:20 AM,07:22 AM,2.0
9417,2024-09-16,DDU,04:45 PM,04:45 PM,0.0,04:55 PM,04:55 PM,0.0
9417,2024-09-16,BXR,06:10 PM,06:10 PM,0.0,06:12 PM,06:12 PM,0.0
9417,2024-09-23,CNB,07:10 AM,07:10 AM,0.0,07:20 AM,07:20 AM,0.0
9417,2024-09-23,DDU,04:45 PM,04:45 PM,0.0,04:55 PM,04:55 PM,0.0
9417,2024-09-23,BXR,06:10 PM,06:10 PM,0.0,06:12 PM,06:12 PM,0.0
9417,2024-09-30,CNB,07:10 AM,07:10 AM,0.0,07:20 AM,07:20 AM,0.0
9417,2024-09-30,DDU,04:45 PM,04:45 PM,0.0,04:55 PM,04:55 PM,0.0
9417,2024-09-30,BXR,06:10 PM,06:10 PM,0.0,06:12 PM,06:12 PM,0.0
12590,2024-09-05,CNB,11:00 PM,11:07 PM,7.0,11:10 PM,11:17 PM,7.0
12590,2024-09-19,CNB,11:00 PM,11:00 PM,0.0,11:10 PM,11:10 PM,0.0
12590,2024-09-26,CNB,11:00 PM,11:07 PM,7.0,11:10 PM,11:17 PM,7.0
7022,2024-09-06,BXR,11:48 PM,01:20 AM,92.0,11:50 PM,01:22 AM,92.0
7022,2024-09-06,DDU,02:10 AM,03:32 AM,82.0,02:20 AM,03:42 AM,82.0
7022,2024-09-13,BXR,11:48 PM,11:48 PM,0.0,11:50 PM,11:50 PM,0.0
7022,2024-09-13,DDU,02:10 AM,07:15 AM,305.0,02:20 AM,07:25 AM,305.0
20415,2024-09-01,PRYJ,05:25 PM,06:29 PM,64.0,05:30 PM,06:34 PM,64.0
20415,2024-09-08,PRYJ,05:25 PM,05:44 PM,19.0,05:30 PM,05:49 PM,19.0
20415,2024-09-15,PRYJ,05:25 PM,08:39 PM,194.0,05:30 PM,08:44 PM,194.0
20415,2024-09-22,PRYJ,05:25 PM,09:34 PM,249.0,05:30 PM,09:39 PM,249.0
20415,2024-09-29,PRYJ,05:25 PM,05:49 PM,24.0,05:30 PM,05:54 PM,24.0
7649,2024-09-04,DDU,08:05 PM,08:05 PM,0.0,08:15 PM,08:15 PM,0.0
7649,2024-09-04,BXR,09:40 PM,09:40 PM,0.0,09:42 PM,09:42 PM,0.0
22432,2024-09-01,CNB,09:55 AM,09:55 AM,0.0,10:00 AM,10:00 AM,0.0
22432,2024-09-04,CNB,09:55 AM,10:06 AM,11.0,10:00 AM,10:11 AM,11.0
22432,2024-09-08,CNB,09:55 AM,10:01 AM,6.0,10:00 AM,10:06 AM,6.0
22432,2024-09-11,CNB,09:55 AM,09:55 AM,0.0,10:00 AM,10:00 AM,0.0
22432,2024-09-15,CNB,09:55 AM,09:55 AM,0.0,10:00 AM,10:00 AM,0.0
22432,2024-09-18,CNB,09:55 AM,09:55 AM,0.0,10:00 AM,10:00 AM,0.0
22432,2024-09-22,CNB,09:55 AM,09:55 AM,0.0,10:00 AM,10:00 AM,0.0
22432,2024-09-25,CNB,09:55 AM,09:55 AM,0.0,10:00 AM,10:00 AM,0.0
22432,2024-09-29,CNB,09:55 AM,09:55 AM,0.0,10:00 AM,10:00 AM,0.0
22411,2024-09-03,CNB,06:05 AM,10:56 AM,291.0,06:10 AM,11:01 AM,291.0
22411,2024-09-07,CNB,06:05 AM,06:25 AM,20.0,06:10 AM,06:30 AM,20.0
22411,2024-09-10,CNB,06:05 AM,06:05 AM,0.0,06:10 AM,06:10 AM,0.0
22411,2024-09-14,CNB,06:05 AM,06:20 AM,15.0,06:10 AM,06:25 AM,15.0
22411,2024-09-17,CNB,06:05 AM,06:06 AM,0.0,06:10 AM,06:11 AM,0.0
22411,2024-09-21,CNB,06:05 AM,06:05 AM,0.0,06:10 AM,06:10 AM,0.0
22411,2024-09-24,CNB,06:05 AM,10:49 AM,284.0,06:10 AM,10:54 AM,284.0
22411,2024-09-28,CNB,06:05 AM,11:24 AM,319.0,06:10 AM,11:29 AM,319.0
20414,2024-09-04,CNB,10:45 PM,10:45 PM,0.0,10:50 PM,10:50 PM,0.0
20414,2024-09-06,CNB,10:45 PM,10:45 PM,0.0,10:50 PM,10:50 PM,0.0
20414,2024-09-11,CNB,10:45 PM,11:49 PM,64.0,10:50 PM,11:54 PM,64.0
20414,2024-09-13,CNB,10:45 PM,03:28 AM,283.0,10:50 PM,03:33 AM,283.0
20414,2024-09-18,CNB,10:45 PM,10:45 PM,0.0,10:50 PM,10:50 PM,0.0
20414,2024-09-20,CNB,10:45 PM,10:45 PM,0.0,10:50 PM,10:50 PM,0.0
20414,2024-09-25,CNB,10:45 PM,10:45 PM,0.0,10:50 PM,10:50 PM,0.0
20414,2024-09-27,CNB,10:45 PM,10:45 PM,0.0,10:50 PM,10:50 PM,0.0
3259,2024-09-10,BXR,04:20 PM,04:20 PM,0.0,04:22 PM,04:22 PM,0.0
3259,2024-09-10,DDU,05:50 PM,06:59 PM,69.0,06:00 PM,07:09 PM,69.0
22970,2024-09-14,PRYJ,12:40 AM,12:40 AM,0.0,12:50 AM,12:50 AM,0.0
22970,2024-09-14,CNB,03:25 AM,03:25 AM,0.0,03:30 AM,03:30 AM,0.0
22970,2024-09-21,PRYJ,12:40 AM,05:05 AM,265.0,12:50 AM,05:15 AM,265.0
22970,2024-09-21,CNB,03:25 AM,03:25 AM,0.0,03:30 AM,03:30 AM,0.0
22970,2024-09-28,PRYJ,12:40 AM,12:45 AM,5.0,12:50 AM,12:55 AM,5.0
22970,2024-09-28,CNB,03:25 AM,03:29 AM,4.0,03:30 AM,03:34 AM,4.0
14164,2024-09-01,CNB,04:10 AM,04:10 AM,0.0,04:20 AM,04:20 AM,0.0
14164,2024-09-02,CNB,04:10 AM,04:17 AM,7.0,04:20 AM,04:27 AM,7.0
14164,2024-09-03,CNB,04:10 AM,04:10 AM,0.0,04:20 AM,04:20 AM,0.0
14164,2024-09-04,CNB,04:10 AM,04:56 AM,46.0,04:20 AM,05:06 AM,46.0
14164,2024-09-05,CNB,04:10 AM,05:12 AM,62.0,04:20 AM,05:22 AM,62.0
14164,2024-09-06,CNB,04:10 AM,04:15 AM,5.0,04:20 AM,04:25 AM,5.0
14164,2024-09-07,CNB,04:10 AM,04:33 AM,23.0,04:20 AM,04:43 AM,23.0
14164,2024-09-08,CNB,04:10 AM,04:33 AM,23.0,04:20 AM,04:43 AM,23.0
14164,2024-09-09,CNB,04:10 AM,04:10 AM,0.0,04:20 AM,04:20 AM,0.0
14164,2024-09-10,CNB,04:10 AM,05:40 AM,90.0,04:20 AM,05:50 AM,90.0
14164,2024-09-11,CNB,04:10 AM,04:58 AM,48.0,04:20 AM,05:08 AM,48.0
14164,2024-09-12,CNB,04:10 AM,05:13 AM,63.0,04:20 AM,05:23 AM,63.0
14164,2024-09-13,CNB,04:10 AM,04:48 AM,38.0,04:20 AM,04:58 AM,38.0
14164,2024-09-14,CNB,04:10 AM,05:00 AM,50.0,04:20 AM,05:10 AM,50.0
14164,2024-09-15,CNB,04:10 AM,04:10 AM,0.0,04:20 AM,04:20 AM,0.0
14164,2024-09-16,CNB,04:10 AM,04:37 AM,27.0,04:20 AM,04:47 AM,27.0
14164,2024-09-17,CNB,04:10 AM,05:09 AM,59.0,04:20 AM,05:19 AM,59.0
14164,2024-09-18,CNB,04:10 AM,04:33 AM,23.0,04:20 AM,04:43 AM,23.0
14164,2024-09-19,CNB,04:10 AM,05:02 AM,52.0,04:20 AM,05:12 AM,52.0
14164,2024-09-20,CNB,04:10 AM,04:56 AM,46.0,04:20 AM,05:06 AM,46.0
14164,2024-09-21,CNB,04:10 AM,04:35 AM,25.0,04:20 AM,04:45 AM,25.0
14164,2024-09-22,CNB,04:10 AM,04:50 AM,40.0,04:20 AM,05:00 AM,40.0
14164,2024-09-23,CNB,04:10 AM,04:42 AM,32.0,04:20 AM,04:52 AM,32.0
14164,2024-09-24,CNB,04:10 AM,04:10 AM,0.0,04:20 AM,04:20 AM,0.0
14164,2024-09-25,CNB,04:10 AM,04:51 AM,41.0,04:20 AM,05:01 AM,41.0
14164,2024-09-26,CNB,04:10 AM,04:27 AM,17.0,04:20 AM,04:37 AM,17.0
14164,2024-09-27,CNB,04:10 AM,04:36 AM,26.0,04:20 AM,04:46 AM,26.0
14164,2024-09-28,CNB,04:10 AM,04:40 AM,30.0,04:20 AM,04:50 AM,30.0
14164,2024-09-29,CNB,04:10 AM,04:32 AM,22.0,04:20 AM,04:42 AM,22.0
14164,2024-09-30,CNB,04:10 AM,05:07 AM,57.0,04:20 AM,05:17 AM,57.0
12947,2024-09-02,CNB,06:45 PM,07:28 PM,43.0,06:55 PM,07:38 PM,43.0
12947,2024-09-02,PRYJ,09:25 PM,09:42 PM,17.0,09:35 PM,09:52 PM,17.0
12947,2024-09-02,DDU,12:50 AM,12:50 AM,0.0,01:00 AM,01:00 AM,0.0
12947,2024-09-02,BXR,02:03 AM,02:03 AM,0.0,02:05 AM,02:05 AM,0.0
12947,2024-09-04,CNB,06:45 PM,07:10 PM,25.0,06:55 PM,07:20 PM,25.0
12947,2024-09-04,PRYJ,09:25 PM,09:31 PM,6.0,09:35 PM,09:41 PM,6.0
12947,2024-09-04,DDU,12:50 AM,12:50 AM,0.0,01:00 AM,01:00 AM,0.0
12947,2024-09-04,BXR,02:03 AM,02:12 AM,9.0,02:05 AM,02:14 AM,9.0
12947,2024-09-09,CNB,06:45 PM,06:45 PM,0.0,06:55 PM,06:55 PM,0.0
12947,2024-09-09,PRYJ,09:25 PM,09:25 PM,0.0,09:35 PM,09:35 PM,0.0
12947,2024-09-09,DDU,12:50 AM,12:50 AM,0.0,01:00 AM,01:00 AM,0.0
12947,2024-09-09,BXR,02:03 AM,02:03 AM,0.0,02:05 AM,02:05 AM,0.0
12947,2024-09-11,CNB,06:45 PM,06:45 PM,0.0,06:55 PM,06:55 PM,0.0
12947,2024-09-11,PRYJ,09:25 PM,09:25 PM,0.0,09:35 PM,09:35 PM,0.0
12947,2024-09-11,DDU,12:50 AM,12:50 AM,0.0,01:00 AM,01:00 AM,0.0
12947,2024-09-11,BXR,02:03 AM,02:03 AM,0.0,02:05 AM,02:05 AM,0.0
12947,2024-09-16,CNB,06:45 PM,06:45 PM,0.0,06:55 PM,06:55 PM,0.0
12947,2024-09-16,PRYJ,09:25 PM,09:25 PM,0.0,09:35 PM,09:35 PM,0.0
12947,2024-09-16,DDU,12:50 AM,12:50 AM,0.0,01:00 AM,01:00 AM,0.0
12947,2024-09-16,BXR,02:03 AM,02:03 AM,0.0,02:05 AM,02:05 AM,0.0
12947,2024-09-23,CNB,06:45 PM,06:45 PM,0.0,06:55 PM,06:55 PM,0.0
12947,2024-09-23,PRYJ,09:25 PM,09:25 PM,0.0,09:35 PM,09:35 PM,0.0
12947,2024-09-23,DDU,12:50 AM,12:50 AM,0.0,01:00 AM,01:00 AM,0.0
12947,2024-09-23,BXR,02:03 AM,02:03 AM,0.0,02:05 AM,02:05 AM,0.0
12947,2024-09-25,CNB,06:45 PM,06:45 PM,0.0,06:55 PM,06:55 PM,0.0
12947,2024-09-25,PRYJ,09:25 PM,09:25 PM,0.0,09:35 PM,09:35 PM,0.0
12947,2024-09-25,DDU,12:50 AM,12:50 AM,0.0,01:00 AM,01:00 AM,0.0
12947,2024-09-25,BXR,02:03 AM,02:03 AM,0.0,02:05 AM,02:05 AM,0.0
18103,2024-09-02,DDU,07:00 AM,07:53 AM,53.0,07:10 AM,08:03 AM,53.0
18103,2024-09-04,DDU,07:00 AM,07:02 AM,2.0,07:10 AM,07:12 AM,2.0
18103,2024-09-09,DDU,07:00 AM,07:11 AM,11.0,07:10 AM,07:21 AM,11.0
18103,2024-09-11,DDU,07:00 AM,07:01 AM,0.0,07:10 AM,07:11 AM,0.0
18103,2024-09-16,DDU,07:00 AM,07:11 AM,11.0,07:10 AM,07:21 AM,11.0
18103,2024-09-18,DDU,07:00 AM,07:01 AM,0.0,07:10 AM,07:11 AM,0.0
18103,2024-09-23,DDU,07:00 AM,08:06 AM,66.0,07:10 AM,08:16 AM,66.0
18103,2024-09-25,DDU,07:00 AM,10:31 AM,211.0,07:10 AM,10:41 AM,211.0
18103,2024-09-30,DDU,07:00 AM,07:28 AM,28.0,07:10 AM,07:38 AM,28.0
18611,2024-09-02,DDU,07:50 AM,07:50 AM,0.0,08:00 AM,08:00 AM,0.0
18611,2024-09-03,DDU,07:50 AM,07:50 AM,0.0,08:00 AM,08:00 AM,0.0
18611,2024-09-06,DDU,07:50 AM,07:50 AM,0.0,08:00 AM,08:00 AM,0.0
18611,2024-09-09,DDU,07:50 AM,07:53 AM,3.0,08:00 AM,08:03 AM,3.0
18611,2024-09-10,DDU,07:50 AM,07:50 AM,0.0,08:00 AM,08:00 AM,0.0
18611,2024-09-14,DDU,07:50 AM,07:57 AM,7.0,08:00 AM,08:07 AM,7.0
18611,2024-09-16,DDU,07:50 AM,07:50 AM,0.0,08:00 AM,08:00 AM,0.0
18611,2024-09-17,DDU,07:50 AM,07:50 AM,0.0,08:00 AM,08:00 AM,0.0
18611,2024-09-19,DDU,07:50 AM,07:50 AM,0.0,08:00 AM,08:00 AM,0.0
18611,2024-09-23,DDU,07:50 AM,07:52 AM,2.0,08:00 AM,08:02 AM,2.0
18611,2024-09-26,DDU,07:50 AM,07:50 AM,0.0,08:00 AM,08:00 AM,0.0
18611,2024-09-28,DDU,07:50 AM,07:54 AM,4.0,08:00 AM,08:04 AM,4.0
18611,2024-09-30,DDU,07:50 AM,07:50 AM,0.0,08:00 AM,08:00 AM,0.0
4815,2024-09-01,CNB,11:50 AM,11:50 AM,0.0,12:00 PM,12:00 PM,0.0
4815,2024-09-08,CNB,11:50 AM,01:52 PM,122.0,12:00 PM,02:02 PM,122.0
4815,2024-09-15,CNB,11:50 AM,11:51 AM,0.0,12:00 PM,12:01 PM,0.0
4815,2024-09-22,CNB,11:50 AM,12:00 PM,10.0,12:00 PM,12:10 PM,10.0
4815,2024-09-29,CNB,11:50 AM,11:50 AM,0.0,12:00 PM,12:00 PM,0.0
9112,2024-09-04,CNB,12:15 PM,12:46 PM,31.0,12:25 PM,12:56 PM,31.0
9112,2024-09-11,CNB,12:15 PM,08:56 PM,521.0,12:25 PM,09:06 PM,521.0
9112,2024-09-18,CNB,12:15 PM,02:39 PM,144.0,12:25 PM,02:49 PM,144.0
9112,2024-09-25,CNB,12:15 PM,01:26 PM,71.0,12:25 PM,01:36 PM,71.0
12403,2024-09-03,PRYJ,11:10 PM,11:10 PM,0.0,11:10 PM,11:10 PM,0.0
12403,2024-09-03,CNB,01:35 AM,01:53 AM,18.0,01:40 AM,01:58 AM,18.0
12403,2024-09-05,PRYJ,11:10 PM,11:10 PM,0.0,11:10 PM,11:10 PM,0.0
12403,2024-09-05,CNB,01:35 AM,01:36 AM,0.0,01:40 AM,01:41 AM,0.0
12403,2024-09-07,PRYJ,11:10 PM,11:10 PM,0.0,11:10 PM,11:10 PM,0.0
12403,2024-09-07,CNB,01:35 AM,01:44 AM,9.0,01:40 AM,01:49 AM,9.0
12403,2024-09-09,PRYJ,11:10 PM,11:11 PM,0.0,11:10 PM,11:11 PM,0.0
12403,2024-09-09,CNB,01:35 AM,01:59 AM,24.0,01:40 AM,02:04 AM,24.0
12403,2024-09-10,PRYJ,11:10 PM,11:10 PM,0.0,11:10 PM,11:10 PM,0.0
12403,2024-09-10,CNB,01:35 AM,01:35 AM,0.0,01:40 AM,01:40 AM,0.0
12403,2024-09-12,PRYJ,11:10 PM,11:10 PM,0.0,11:10 PM,11:10 PM,0.0
12403,2024-09-12,CNB,01:35 AM,01:46 AM,11.0,01:40 AM,01:51 AM,11.0
12403,2024-09-14,PRYJ,11:10 PM,11:10 PM,0.0,11:10 PM,11:10 PM,0.0
12403,2024-09-14,CNB,01:35 AM,01:42 AM,7.0,01:40 AM,01:47 AM,7.0
12403,2024-09-16,PRYJ,11:10 PM,11:11 PM,0.0,11:10 PM,11:11 PM,0.0
12403,2024-09-16,CNB,01:35 AM,01:41 AM,6.0,01:40 AM,01:46 AM,6.0
12403,2024-09-17,PRYJ,11:10 PM,11:11 PM,0.0,11:10 PM,11:11 PM,0.0
12403,2024-09-17,CNB,01:35 AM,03:22 AM,107.0,01:40 AM,03:27 AM,107.0
12403,2024-09-19,PRYJ,11:10 PM,11:10 PM,0.0,11:10 PM,11:10 PM,0.0
12403,2024-09-19,CNB,01:35 AM,01:47 AM,12.0,01:40 AM,01:52 AM,12.0
12403,2024-09-23,PRYJ,11:10 PM,11:10 PM,0.0,11:10 PM,11:10 PM,0.0
12403,2024-09-23,CNB,01:35 AM,01:43 AM,8.0,01:40 AM,01:48 AM,8.0
12403,2024-09-26,PRYJ,11:10 PM,11:10 PM,0.0,11:10 PM,11:10 PM,0.0
12403,2024-09-26,CNB,01:35 AM,01:40 AM,5.0,01:40 AM,01:45 AM,5.0
12403,2024-09-30,PRYJ,11:10 PM,11:11 PM,0.0,11:10 PM,11:11 PM,0.0
12403,2024-09-30,CNB,01:35 AM,01:53 AM,18.0,01:40 AM,01:58 AM,18.0
13413,2024-09-02,BXR,07:00 AM,07:07 AM,7.0,07:05 AM,07:12 AM,7.0
13413,2024-09-02,DDU,10:05 AM,10:05 AM,0.0,10:15 AM,10:15 AM,0.0
13413,2024-09-02,CNB,09:40 PM,09:40 PM,0.0,09:45 PM,09:45 PM,0.0
13413,2024-09-05,BXR,07:00 AM,01:59 PM,419.0,07:05 AM,02:04 PM,419.0
13413,2024-09-05,DDU,10:05 AM,03:56 PM,351.0,10:15 AM,04:06 PM,351.0
13413,2024-09-05,CNB,09:40 PM,02:43 AM,303.0,09:45 PM,02:48 AM,303.0
13413,2024-09-07,BXR,07:00 AM,08:27 AM,87.0,07:05 AM,08:32 AM,87.0
13413,2024-09-07,DDU,10:05 AM,10:06 AM,0.0,10:15 AM,10:16 AM,0.0
13413,2024-09-07,CNB,09:40 PM,09:40 PM,0.0,09:45 PM,09:45 PM,0.0
13413,2024-09-09,BXR,07:00 AM,07:00 AM,0.0,07:05 AM,07:05 AM,0.0
13413,2024-09-09,DDU,10:05 AM,10:18 AM,13.0,10:15 AM,10:28 AM,13.0
13413,2024-09-09,CNB,09:40 PM,11:56 PM,136.0,09:45 PM,12:01 AM,136.0
13413,2024-09-12,BXR,07:00 AM,08:13 AM,73.0,07:05 AM,08:18 AM,73.0
13413,2024-09-12,DDU,10:05 AM,10:05 AM,0.0,10:15 AM,10:15 AM,0.0
13413,2024-09-12,CNB,09:40 PM,09:40 PM,0.0,09:45 PM,09:45 PM,0.0
13413,2024-09-14,BXR,07:00 AM,01:12 PM,372.0,07:05 AM,01:17 PM,372.0
13413,2024-09-14,DDU,10:05 AM,03:37 PM,332.0,10:15 AM,03:47 PM,332.0
13413,2024-09-14,CNB,09:40 PM,02:34 AM,294.0,09:45 PM,02:39 AM,294.0
13413,2024-09-16,BXR,07:00 AM,07:00 AM,0.0,07:05 AM,07:05 AM,0.0
13413,2024-09-16,DDU,10:05 AM,10:05 AM,0.0,10:15 AM,10:15 AM,0.0
13413,2024-09-16,CNB,09:40 PM,09:40 PM,0.0,09:45 PM,09:45 PM,0.0
13413,2024-09-19,BXR,07:00 AM,07:00 AM,0.0,07:05 AM,07:05 AM,0.0
13413,2024-09-19,DDU,10:05 AM,10:05 AM,0.0,10:15 AM,10:15 AM,0.0
13413,2024-09-19,CNB,09:40 PM,09:40 PM,0.0,09:45 PM,09:45 PM,0.0
13413,2024-09-21,BXR,07:00 AM,07:00 AM,0.0,07:05 AM,07:05 AM,0.0
13413,2024-09-21,DDU,10:05 AM,10:05 AM,0.0,10:15 AM,10:15 AM,0.0
13413,2024-09-21,CNB,09:40 PM,09:40 PM,0.0,09:45 PM,09:45 PM,0.0
13413,2024-09-23,BXR,07:00 AM,07:00 AM,0.0,07:05 AM,07:05 AM,0.0
13413,2024-09-23,DDU,10:05 AM,03:54 PM,349.0,10:15 AM,04:04 PM,349.0
13413,2024-09-23,CNB,09:40 PM,03:37 AM,357.0,09:45 PM,03:42 AM,357.0
13413,2024-09-26,BXR,07:00 AM,07:00 AM,0.0,07:05 AM,07:05 AM,0.0
13413,2024-09-26,DDU,10:05 AM,10:05 AM,0.0,10:15 AM,10:15 AM,0.0
13413,2024-09-26,CNB,09:40 PM,09:40 PM,0.0,09:45 PM,09:45 PM,0.0
13413,2024-09-28,BXR,07:00 AM,07:00 AM,0.0,07:05 AM,07:05 AM,0.0
13413,2024-09-28,DDU,10:05 AM,10:05 AM,0.0,10:15 AM,10:15 AM,0.0
13413,2024-09-28,CNB,09:40 PM,09:40 PM,0.0,09:45 PM,09:45 PM,0.0
13413,2024-09-30,BXR,07:00 AM,07:00 AM,0.0,07:05 AM,07:05 AM,0.0
13413,2024-09-30,DDU,10:05 AM,10:17 AM,12.0,10:15 AM,10:27 AM,12.0
13413,2024-09-30,CNB,09:40 PM,09:44 PM,4.0,09:45 PM,09:49 PM,4.0
3417,2024-09-01,BXR,09:46 PM,09:46 PM,0.0,09:48 PM,09:48 PM,0.0
3417,2024-09-01,DDU,11:45 PM,11:45 PM,0.0,11:55 PM,11:55 PM,0.0
3417,2024-09-08,BXR,09:46 PM,09:46 PM,0.0,09:48 PM,09:48 PM,0.0
3417,2024-09-08,DDU,11:45 PM,11:45 PM,0.0,11:55 PM,11:55 PM,0.0
3417,2024-09-29,BXR,09:46 PM,02:28 AM,282.0,09:48 PM,02:30 AM,282.0
3417,2024-09-29,DDU,11:45 PM,05:02 AM,317.0,11:55 PM,05:12 AM,317.0
3418,2024-09-03,DDU,02:35 PM,04:59 PM,144.0,02:45 PM,05:09 PM,144.0
3418,2024-09-03,BXR,03:53 PM,03:53 PM,0.0,03:55 PM,03:55 PM,0.0
3418,2024-09-10,DDU,02:35 PM,09:38 PM,423.0,02:45 PM,09:48 PM,423.0
3418,2024-09-10,BXR,03:53 PM,03:53 PM,0.0,03:55 PM,03:55 PM,0.0
22614,2024-09-04,PRYJ,05:00 AM,05:00 AM,0.0,05:25 AM,05:25 AM,0.0
22614,2024-09-11,PRYJ,05:00 AM,05:06 AM,6.0,05:25 AM,05:31 AM,6.0
22614,2024-09-18,PRYJ,05:00 AM,05:02 AM,2.0,05:25 AM,05:27 AM,2.0
22614,2024-09-25,PRYJ,05:00 AM,05:00 AM,0.0,05:25 AM,05:25 AM,0.0
13006,2024-09-01,DDU,05:55 PM,06:33 PM,38.0,06:05 PM,06:43 PM,38.0
13006,2024-09-01,BXR,07:32 PM,08:02 PM,30.0,07:34 PM,08:04 PM,30.0
13006,2024-09-02,DDU,05:55 PM,07:29 PM,94.0,06:05 PM,07:39 PM,94.0
13006,2024-09-02,BXR,07:32 PM,09:02 PM,90.0,07:34 PM,09:04 PM,90.0
13006,2024-09-03,DDU,05:55 PM,05:55 PM,0.0,06:05 PM,06:05 PM,0.0
13006,2024-09-03,BXR,07:32 PM,07:35 PM,3.0,07:34 PM,07:37 PM,3.0
13006,2024-09-04,DDU,05:55 PM,05:55 PM,0.0,06:05 PM,06:05 PM,0.0
13006,2024-09-04,BXR,07:32 PM,07:35 PM,3.0,07:34 PM,07:37 PM,3.0
13006,2024-09-05,DDU,05:55 PM,06:26 PM,31.0,06:05 PM,06:36 PM,31.0
13006,2024-09-05,BXR,07:32 PM,07:32 PM,0.0,07:34 PM,07:34 PM,0.0
13006,2024-09-06,DDU,05:55 PM,05:55 PM,0.0,06:05 PM,06:05 PM,0.0
13006,2024-09-06,BXR,07:32 PM,07:34 PM,2.0,07:34 PM,07:36 PM,2.0
13006,2024-09-07,DDU,05:55 PM,06:17 PM,22.0,06:05 PM,06:27 PM,22.0
13006,2024-09-07,BXR,07:32 PM,08:57 PM,85.0,07:34 PM,08:59 PM,85.0
13006,2024-09-08,DDU,05:55 PM,05:55 PM,0.0,06:05 PM,06:05 PM,0.0
13006,2024-09-08,BXR,07:32 PM,07:34 PM,2.0,07:34 PM,07:36 PM,2.0
13006,2024-09-09,DDU,05:55 PM,05:55 PM,0.0,06:05 PM,06:05 PM,0.0
13006,2024-09-09,BXR,07:32 PM,07:40 PM,8.0,07:34 PM,07:42 PM,8.0
13006,2024-09-10,DDU,05:55 PM,09:44 PM,229.0,06:05 PM,09:54 PM,229.0
13006,2024-09-10,BXR,07:32 PM,07:32 PM,0.0,07:34 PM,07:34 PM,0.0
13006,2024-09-11,DDU,05:55 PM,06:24 PM,29.0,06:05 PM,06:34 PM,29.0
13006,2024-09-11,BXR,07:32 PM,07:53 PM,21.0,07:34 PM,07:55 PM,21.0
13006,2024-09-12,DDU,05:55 PM,07:24 PM,89.0,06:05 PM,07:34 PM,89.0
13006,2024-09-12,BXR,07:32 PM,09:37 PM,125.0,07:34 PM,09:39 PM,125.0
13006,2024-09-13,DDU,05:55 PM,07:00 PM,65.0,06:05 PM,07:10 PM,65.0
13006,2024-09-13,BXR,07:32 PM,08:42 PM,70.0,07:34 PM,08:44 PM,70.0
13006,2024-09-14,DDU,05:55 PM,05:55 PM,0.0,06:05 PM,06:05 PM,0.0
13006,2024-09-14,BXR,07:32 PM,07:32 PM,0.0,07:34 PM,07:34 PM,0.0
13006,2024-09-15,DDU,05:55 PM,06:09 PM,14.0,06:05 PM,06:19 PM,14.0
13006,2024-09-15,BXR,07:32 PM,07:42 PM,10.0,07:34 PM,07:44 PM,10.0
13006,2024-09-16,DDU,05:55 PM,06:11 PM,16.0,06:05 PM,06:21 PM,16.0
13006,2024-09-16,BXR,07:32 PM,07:43 PM,11.0,07:34 PM,07:45 PM,11.0
13006,2024-09-17,DDU,05:55 PM,05:55 PM,0.0,06:05 PM,06:05 PM,0.0
13006,2024-09-17,BXR,07:32 PM,07:33 PM,0.0,07:34 PM,07:35 PM,0.0
13006,2024-09-18,DDU,05:55 PM,05:55 PM,0.0,06:05 PM,06:05 PM,0.0
13006,2024-09-18,BXR,07:32 PM,08:47 PM,75.0,07:34 PM,08:49 PM,75.0
13006,2024-09-19,DDU,05:55 PM,05:55 PM,0.0,06:05 PM,06:05 PM,0.0
13006,2024-09-19,BXR,07:32 PM,07:32 PM,0.0,07:34 PM,07:34 PM,0.0
13006,2024-09-20,DDU,05:55 PM,05:55 PM,0.0,06:05 PM,06:05 PM,0.0
13006,2024-09-20,BXR,07:32 PM,07:32 PM,0.0,07:34 PM,07:34 PM,0.0
13006,2024-09-21,DDU,05:55 PM,05:55 PM,0.0,06:05 PM,06:05 PM,0.0
13006,2024-09-21,BXR,07:32 PM,07:32 PM,0.0,07:34 PM,07:34 PM,0.0
13006,2024-09-22,DDU,05:55 PM,07:48 PM,113.0,06:05 PM,07:58 PM,113.0
13006,2024-09-22,BXR,07:32 PM,09:33 PM,121.0,07:34 PM,09:35 PM,121.0
13006,2024-09-23,DDU,05:55 PM,05:55 PM,0.0,06:05 PM,06:05 PM,0.0
13006,2024-09-23,BXR,07:32 PM,07:32 PM,0.0,07:34 PM,07:34 PM,0.0
13006,2024-09-24,DDU,05:55 PM,06:18 PM,23.0,06:05 PM,06:28 PM,23.0
13006,2024-09-24,BXR,07:32 PM,08:14 PM,42.0,07:34 PM,08:16 PM,42.0
13006,2024-09-25,DDU,05:55 PM,10:51 PM,296.0,06:05 PM,11:01 PM,296.0
13006,2024-09-25,BXR,07:32 PM,12:34 AM,302.0,07:34 PM,12:36 AM,302.0
13006,2024-09-26,DDU,05:55 PM,06:19 PM,24.0,06:05 PM,06:29 PM,24.0
13006,2024-09-26,BXR,07:32 PM,07:54 PM,22.0,07:34 PM,07:56 PM,22.0
13006,2024-09-27,DDU,05:55 PM,06:22 PM,27.0,06:05 PM,06:32 PM,27.0
13006,2024-09-27,BXR,07:32 PM,08:16 PM,44.0,07:34 PM,08:18 PM,44.0
13006,2024-09-28,DDU,05:55 PM,05:55 PM,0.0,06:05 PM,06:05 PM,0.0
13006,2024-09-28,BXR,07:32 PM,07:32 PM,0.0,07:34 PM,07:34 PM,0.0
13006,2024-09-29,DDU,05:55 PM,05:55 PM,0.0,06:05 PM,06:05 PM,0.0
13006,2024-09-29,BXR,07:32 PM,07:32 PM,0.0,07:34 PM,07:34 PM,0.0
13006,2024-09-30,DDU,05:55 PM,05:55 PM,0.0,06:05 PM,06:05 PM,0.0
13006,2024-09-30,BXR,07:32 PM,07:32 PM,0.0,07:34 PM,07:34 PM,0.0
4816,2024-09-03,CNB,01:50 PM,03:04 PM,74.0,02:00 PM,03:14 PM,74.0
4816,2024-09-10,CNB,01:50 PM,03:10 PM,80.0,02:00 PM,03:20 PM,80.0
4816,2024-09-17,CNB,01:50 PM,03:23 PM,93.0,02:00 PM,03:33 PM,93.0
4816,2024-09-24,CNB,01:50 PM,09:36 PM,466.0,02:00 PM,09:46 PM,466.0
18612,2024-09-01,DDU,04:30 PM,04:40 PM,10.0,04:40 PM,04:50 PM,10.0
18612,2024-09-03,DDU,04:30 PM,04:30 PM,0.0,04:40 PM,04:40 PM,0.0
18612,2024-09-04,DDU,04:30 PM,04:41 PM,11.0,04:40 PM,04:51 PM,11.0
18612,2024-09-06,DDU,04:30 PM,04:41 PM,11.0,04:40 PM,04:51 PM,11.0
18612,2024-09-07,DDU,04:30 PM,04:37 PM,7.0,04:40 PM,04:47 PM,7.0
18612,2024-09-08,DDU,04:30 PM,04:40 PM,10.0,04:40 PM,04:50 PM,10.0
18612,2024-09-10,DDU,04:30 PM,04:41 PM,11.0,04:40 PM,04:51 PM,11.0
18612,2024-09-11,DDU,04:30 PM,04:40 PM,10.0,04:40 PM,04:50 PM,10.0
18612,2024-09-13,DDU,04:30 PM,04:41 PM,11.0,04:40 PM,04:51 PM,11.0
18612,2024-09-15,DDU,04:30 PM,04:41 PM,11.0,04:40 PM,04:51 PM,11.0
18612,2024-09-17,DDU,04:30 PM,04:41 PM,11.0,04:40 PM,04:51 PM,11.0
18612,2024-09-18,DDU,04:30 PM,04:40 PM,10.0,04:40 PM,04:50 PM,10.0
18612,2024-09-20,DDU,04:30 PM,04:41 PM,11.0,04:40 PM,04:51 PM,11.0
18612,2024-09-21,DDU,04:30 PM,04:41 PM,11.0,04:40 PM,04:51 PM,11.0
18612,2024-09-22,DDU,04:30 PM,04:41 PM,11.0,04:40 PM,04:51 PM,11.0
18612,2024-09-24,DDU,04:30 PM,04:32 PM,2.0,04:40 PM,04:42 PM,2.0
18612,2024-09-25,DDU,04:30 PM,04:41 PM,11.0,04:40 PM,04:51 PM,11.0
18612,2024-09-27,DDU,04:30 PM,04:43 PM,13.0,04:40 PM,04:53 PM,13.0
18612,2024-09-28,DDU,04:30 PM,04:40 PM,10.0,04:40 PM,04:50 PM,10.0
18612,2024-09-29,DDU,04:30 PM,04:41 PM,11.0,04:40 PM,04:51 PM,11.0
15634,2024-09-07,DDU,09:05 AM,10:13 AM,68.0,09:15 AM,10:23 AM,68.0
15634,2024-09-07,PRYJ,11:30 AM,01:47 PM,137.0,11:35 AM,01:52 PM,137.0
15634,2024-09-07,CNB,02:05 PM,04:33 PM,148.0,02:10 PM,04:38 PM,148.0
15634,2024-09-14,DDU,09:05 AM,09:40 AM,35.0,09:15 AM,09:50 AM,35.0
15634,2024-09-14,PRYJ,11:30 AM,12:19 PM,49.0,11:35 AM,12:24 PM,49.0
15634,2024-09-14,CNB,02:05 PM,02:51 PM,46.0,02:10 PM,02:56 PM,46.0
15634,2024-09-28,DDU,09:05 AM,09:06 AM,0.0,09:15 AM,09:16 AM,0.0
15634,2024-09-28,PRYJ,11:30 AM,11:31 AM,0.0,11:35 AM,11:36 AM,0.0
15634,2024-09-28,CNB,02:05 PM,02:13 PM,8.0,02:10 PM,02:18 PM,8.0
12324,2024-09-04,CNB,01:35 PM,01:35 PM,0.0,01:45 PM,01:45 PM,0.0
12324,2024-09-04,PRYJ,04:25 PM,04:25 PM,0.0,04:30 PM,04:30 PM,0.0
12324,2024-09-04,DDU,07:23 PM,07:23 PM,0.0,07:33 PM,07:33 PM,0.0
12324,2024-09-07,CNB,01:35 PM,01:50 PM,15.0,01:45 PM,02:00 PM,15.0
12324,2024-09-07,PRYJ,04:25 PM,05:07 PM,42.0,04:30 PM,05:12 PM,42.0
12324,2024-09-07,DDU,07:23 PM,09:09 PM,106.0,07:33 PM,09:19 PM,106.0
12324,2024-09-11,CNB,01:35 PM,02:07 PM,32.0,01:45 PM,02:17 PM,32.0
12324,2024-09-11,PRYJ,04:25 PM,04:56 PM,31.0,04:30 PM,05:01 PM,31.0
12324,2024-09-11,DDU,07:23 PM,07:23 PM,0.0,07:33 PM,07:33 PM,0.0
12324,2024-09-14,CNB,01:35 PM,02:18 PM,43.0,01:45 PM,02:28 PM,43.0
12324,2024-09-14,PRYJ,04:25 PM,05:01 PM,36.0,04:30 PM,05:06 PM,36.0
12324,2024-09-14,DDU,07:23 PM,07:43 PM,20.0,07:33 PM,07:53 PM,20.0
12324,2024-09-18,CNB,01:35 PM,01:35 PM,0.0,01:45 PM,01:45 PM,0.0
12324,2024-09-18,PRYJ,04:25 PM,04:25 PM,0.0,04:30 PM,04:30 PM,0.0
12324,2024-09-18,DDU,07:23 PM,07:23 PM,0.0,07:33 PM,07:33 PM,0.0
12324,2024-09-21,CNB,01:35 PM,02:35 PM,60.0,01:45 PM,02:45 PM,60.0
12324,2024-09-21,PRYJ,04:25 PM,05:12 PM,47.0,04:30 PM,05:17 PM,47.0
12324,2024-09-21,DDU,07:23 PM,07:55 PM,32.0,07:33 PM,08:05 PM,32.0
12324,2024-09-25,CNB,01:35 PM,01:51 PM,16.0,01:45 PM,02:01 PM,16.0
12324,2024-09-25,PRYJ,04:25 PM,05:13 PM,48.0,04:30 PM,05:18 PM,48.0
12324,2024-09-25,DDU,07:23 PM,07:23 PM,0.0,07:33 PM,07:33 PM,0.0
12324,2024-09-28,CNB,01:35 PM,02:55 PM,80.0,01:45 PM,03:05 PM,80.0
12324,2024-09-28,PRYJ,04:25 PM,05:22 PM,57.0,04:30 PM,05:27 PM,57.0
12324,2024-09-28,DDU,07:23 PM,08:43 PM,80.0,07:33 PM,08:53 PM,80.0
12741,2024-09-04,DDU,06:40 AM,11:02 AM,262.0,06:50 AM,11:12 AM,262.0
12741,2024-09-04,BXR,07:58 AM,12:33 PM,275.0,08:00 AM,12:35 PM,275.0
12741,2024-09-11,DDU,06:40 AM,06:40 AM,0.0,06:50 AM,06:50 AM,0.0
12741,2024-09-11,BXR,07:58 AM,07:58 AM,0.0,08:00 AM,08:00 AM,0.0
12741,2024-09-18,DDU,06:40 AM,10:53 AM,253.0,06:50 AM,11:03 AM,253.0
12741,2024-09-18,BXR,07:58 AM,12:37 PM,279.0,08:00 AM,12:39 PM,279.0
12741,2024-09-25,DDU,06:40 AM,06:40 AM,0.0,06:50 AM,06:50 AM,0.0
12741,2024-09-25,BXR,07:58 AM,07:58 AM,0.0,08:00 AM,08:00 AM,0.0
13239,2024-09-02,BXR,01:24 PM,01:52 PM,28.0,01:26 PM,01:54 PM,28.0
13239,2024-09-02,DDU,03:30 PM,03:31 PM,0.0,03:40 PM,03:41 PM,0.0
13239,2024-09-02,CNB,01:10 AM,01:59 AM,49.0,01:15 AM,02:04 AM,49.0
13239,2024-09-04,BXR,01:24 PM,01:34 PM,10.0,01:26 PM,01:36 PM,10.0
13239,2024-09-04,DDU,03:30 PM,03:30 PM,0.0,03:40 PM,03:40 PM,0.0
13239,2024-09-04,CNB,01:10 AM,02:31 AM,81.0,01:15 AM,02:36 AM,81.0
13239,2024-09-05,BXR,01:24 PM,01:46 PM,22.0,01:26 PM,01:48 PM,22.0
13239,2024-09-05,DDU,03:30 PM,03:30 PM,0.0,03:40 PM,03:40 PM,0.0
13239,2024-09-05,CNB,01:10 AM,03:34 AM,144.0,01:15 AM,03:39 AM,144.0
13239,2024-09-06,BXR,01:24 PM,01:34 PM,10.0,01:26 PM,01:36 PM,10.0
13239,2024-09-06,DDU,03:30 PM,03:31 PM,0.0,03:40 PM,03:41 PM,0.0
13239,2024-09-06,CNB,01:10 AM,03:14 AM,124.0,01:15 AM,03:19 AM,124.0
13239,2024-09-09,BXR,01:24 PM,01:58 PM,34.0,01:26 PM,02:00 PM,34.0
13239,2024-09-09,DDU,03:30 PM,03:30 PM,0.0,03:40 PM,03:40 PM,0.0
13239,2024-09-09,CNB,01:10 AM,01:10 AM,0.0,01:15 AM,01:15 AM,0.0
13239,2024-09-11,BXR,01:24 PM,02:03 PM,39.0,01:26 PM,02:05 PM,39.0
13239,2024-09-11,DDU,03:30 PM,03:30 PM,0.0,03:40 PM,03:40 PM,0.0
13239,2024-09-11,CNB,01:10 AM,02:12 AM,62.0,01:15 AM,02:17 AM,62.0
13239,2024-09-12,BXR,01:24 PM,01:24 PM,0.0,01:26 PM,01:26 PM,0.0
13239,2024-09-12,DDU,03:30 PM,03:30 PM,0.0,03:40 PM,03:40 PM,0.0
13239,2024-09-12,CNB,01:10 AM,01:54 AM,44.0,01:15 AM,01:59 AM,44.0
13239,2024-09-13,BXR,01:24 PM,01:28 PM,4.0,01:26 PM,01:30 PM,4.0
13239,2024-09-13,DDU,03:30 PM,03:30 PM,0.0,03:40 PM,03:40 PM,0.0
13239,2024-09-13,CNB,01:10 AM,01:10 AM,0.0,01:15 AM,01:15 AM,0.0
13239,2024-09-16,BXR,01:24 PM,01:38 PM,14.0,01:26 PM,01:40 PM,14.0
13239,2024-09-16,DDU,03:30 PM,03:30 PM,0.0,03:40 PM,03:40 PM,0.0
13239,2024-09-16,CNB,01:10 AM,01:10 AM,0.0,01:15 AM,01:15 AM,0.0
13239,2024-09-18,BXR,01:24 PM,01:33 PM,9.0,01:26 PM,01:35 PM,9.0
13239,2024-09-18,DDU,03:30 PM,03:30 PM,0.0,03:40 PM,03:40 PM,0.0
13239,2024-09-18,CNB,01:10 AM,01:27 AM,17.0,01:15 AM,01:32 AM,17.0
13239,2024-09-19,BXR,01:24 PM,01:29 PM,5.0,01:26 PM,01:31 PM,5.0
13239,2024-09-19,DDU,03:30 PM,03:30 PM,0.0,03:40 PM,03:40 PM,0.0
13239,2024-09-19,CNB,01:10 AM,01:26 AM,16.0,01:15 AM,01:31 AM,16.0
13239,2024-09-20,BXR,01:24 PM,01:26 PM,2.0,01:26 PM,01:28 PM,2.0
13239,2024-09-20,DDU,03:30 PM,03:30 PM,0.0,03:40 PM,03:40 PM,0.0
13239,2024-09-20,CNB,01:10 AM,01:10 AM,0.0,01:15 AM,01:15 AM,0.0
13239,2024-09-23,BXR,01:24 PM,01:51 PM,27.0,01:26 PM,01:53 PM,27.0
13239,2024-09-23,DDU,03:30 PM,03:31 PM,0.0,03:40 PM,03:41 PM,0.0
13239,2024-09-23,CNB,01:10 AM,02:01 AM,51.0,01:15 AM,02:06 AM,51.0
13239,2024-09-25,BXR,01:24 PM,01:36 PM,12.0,01:26 PM,01:38 PM,12.0
13239,2024-09-25,DDU,03:30 PM,03:32 PM,2.0,03:40 PM,03:42 PM,2.0
13239,2024-09-25,CNB,01:10 AM,02:09 AM,59.0,01:15 AM,02:14 AM,59.0
13239,2024-09-26,BXR,01:24 PM,01:42 PM,18.0,01:26 PM,01:44 PM,18.0
13239,2024-09-26,DDU,03:30 PM,03:31 PM,0.0,03:40 PM,03:41 PM,0.0
13239,2024-09-26,CNB,01:10 AM,02:09 AM,59.0,01:15 AM,02:14 AM,59.0
13239,2024-09-27,BXR,01:24 PM,01:24 PM,0.0,01:26 PM,01:26 PM,0.0
13239,2024-09-27,DDU,03:30 PM,03:30 PM,0.0,03:40 PM,03:40 PM,0.0
13239,2024-09-27,CNB,01:10 AM,02:26 AM,76.0,01:15 AM,02:31 AM,76.0
13239,2024-09-30,BXR,01:24 PM,01:38 PM,14.0,01:26 PM,01:40 PM,14.0
13239,2024-09-30,DDU,03:30 PM,03:30 PM,0.0,03:40 PM,03:40 PM,0.0
13239,2024-09-30,CNB,01:10 AM,01:17 AM,7.0,01:15 AM,01:22 AM,7.0
22412,2024-09-01,CNB,09:40 PM,09:40 PM,0.0,09:45 PM,09:45 PM,0.0
22412,2024-09-05,CNB,09:40 PM,09:40 PM,0.0,09:45 PM,09:45 PM,0.0
22412,2024-09-08,CNB,09:40 PM,09:42 PM,2.0,09:45 PM,09:47 PM,2.0
22412,2024-09-12,CNB,09:40 PM,09:41 PM,0.0,09:45 PM,09:46 PM,0.0
22412,2024-09-15,CNB,09:40 PM,09:40 PM,0.0,09:45 PM,09:45 PM,0.0
22412,2024-09-19,CNB,09:40 PM,11:33 PM,113.0,09:45 PM,11:38 PM,113.0
22412,2024-09-22,CNB,09:40 PM,09:43 PM,3.0,09:45 PM,09:48 PM,3.0
22412,2024-09-26,CNB,09:40 PM,09:41 PM,0.0,09:45 PM,09:46 PM,0.0
22412,2024-09-29,CNB,09:40 PM,09:40 PM,0.0,09:45 PM,09:45 PM,0.0
22443,2024-09-04,CNB,06:10 PM,06:11 PM,0.0,06:10 PM,06:11 PM,0.0
22443,2024-09-11,CNB,06:10 PM,06:10 PM,0.0,06:10 PM,06:10 PM,0.0
22443,2024-09-18,CNB,06:10 PM,06:11 PM,0.0,06:10 PM,06:11 PM,0.0
22443,2024-09-25,CNB,06:10 PM,06:10 PM,0.0,06:10 PM,06:10 PM,0.0
19483,2024-09-01,DDU,10:00 AM,10:05 AM,5.0,10:10 AM,10:15 AM,5.0
19483,2024-09-01,BXR,11:11 AM,11:59 AM,48.0,11:13 AM,12:01 PM,48.0
19483,2024-09-02,DDU,10:00 AM,10:00 AM,0.0,10:10 AM,10:10 AM,0.0
19483,2024-09-02,BXR,11:11 AM,11:11 AM,0.0,11:13 AM,11:13 AM,0.0
19483,2024-09-03,DDU,10:00 AM,10:00 AM,0.0,10:10 AM,10:10 AM,0.0
19483,2024-09-03,BXR,11:11 AM,11:11 AM,0.0,11:13 AM,11:13 AM,0.0
19483,2024-09-04,DDU,10:00 AM,10:00 AM,0.0,10:10 AM,10:10 AM,0.0
19483,2024-09-04,BXR,11:11 AM,11:18 AM,7.0,11:13 AM,11:20 AM,7.0
19483,2024-09-06,DDU,10:00 AM,10:04 AM,4.0,10:10 AM,10:14 AM,4.0
19483,2024-09-06,BXR,11:11 AM,11:11 AM,0.0,11:13 AM,11:13 AM,0.0
19483,2024-09-07,DDU,10:00 AM,10:00 AM,0.0,10:10 AM,10:10 AM,0.0
19483,2024-09-07,BXR,11:11 AM,11:11 AM,0.0,11:13 AM,11:13 AM,0.0
19483,2024-09-08,DDU,10:00 AM,10:01 AM,0.0,10:10 AM,10:11 AM,0.0
19483,2024-09-08,BXR,11:11 AM,11:19 AM,8.0,11:13 AM,11:21 AM,8.0
19483,2024-09-09,DDU,10:00 AM,10:00 AM,0.0,10:10 AM,10:10 AM,0.0
19483,2024-09-09,BXR,11:11 AM,11:11 AM,0.0,11:13 AM,11:13 AM,0.0
19483,2024-09-10,DDU,10:00 AM,10:01 AM,0.0,10:10 AM,10:11 AM,0.0
19483,2024-09-10,BXR,11:11 AM,11:44 AM,33.0,11:13 AM,11:46 AM,33.0
19483,2024-09-11,DDU,10:00 AM,10:00 AM,0.0,10:10 AM,10:10 AM,0.0
19483,2024-09-11,BXR,11:11 AM,11:11 AM,0.0,11:13 AM,11:13 AM,0.0
19483,2024-09-13,DDU,10:00 AM,10:00 AM,0.0,10:10 AM,10:10 AM,0.0
19483,2024-09-13,BXR,11:11 AM,11:11 AM,0.0,11:13 AM,11:13 AM,0.0
19483,2024-09-14,DDU,10:00 AM,10:04 AM,4.0,10:10 AM,10:14 AM,4.0
19483,2024-09-14,BXR,11:11 AM,11:52 AM,41.0,11:13 AM,11:54 AM,41.0
19483,2024-09-15,DDU,10:00 AM,10:00 AM,0.0,10:10 AM,10:10 AM,0.0
19483,2024-09-15,BXR,11:11 AM,11:26 AM,15.0,11:13 AM,11:28 AM,15.0
19483,2024-09-16,DDU,10:00 AM,10:00 AM,0.0,10:10 AM,10:10 AM,0.0
19483,2024-09-16,BXR,11:11 AM,11:15 AM,4.0,11:13 AM,11:17 AM,4.0
19483,2024-09-17,DDU,10:00 AM,10:00 AM,0.0,10:10 AM,10:10 AM,0.0
19483,2024-09-17,BXR,11:11 AM,11:19 AM,8.0,11:13 AM,11:21 AM,8.0
19483,2024-09-18,DDU,10:00 AM,10:01 AM,0.0,10:10 AM,10:11 AM,0.0
19483,2024-09-18,BXR,11:11 AM,11:36 AM,25.0,11:13 AM,11:38 AM,25.0
19483,2024-09-20,DDU,10:00 AM,10:02 AM,2.0,10:10 AM,10:12 AM,2.0
19483,2024-09-20,BXR,11:11 AM,11:11 AM,0.0,11:13 AM,11:13 AM,0.0
19483,2024-09-21,DDU,10:00 AM,10:01 AM,0.0,10:10 AM,10:11 AM,0.0
19483,2024-09-21,BXR,11:11 AM,11:31 AM,20.0,11:13 AM,11:33 AM,20.0
19483,2024-09-22,DDU,10:00 AM,10:00 AM,0.0,10:10 AM,10:10 AM,0.0
19483,2024-09-22,BXR,11:11 AM,11:11 AM,0.0,11:13 AM,11:13 AM,0.0
19483,2024-09-23,DDU,10:00 AM,10:00 AM,0.0,10:10 AM,10:10 AM,0.0
19483,2024-09-23,BXR,11:11 AM,11:11 AM,0.0,11:13 AM,11:13 AM,0.0
19483,2024-09-24,DDU,10:00 AM,10:00 AM,0.0,10:10 AM,10:10 AM,0.0
19483,2024-09-24,BXR,11:11 AM,11:29 AM,18.0,11:13 AM,11:31 AM,18.0
19483,2024-09-25,DDU,10:00 AM,10:00 AM,0.0,10:10 AM,10:10 AM,0.0
19483,2024-09-25,BXR,11:11 AM,11:22 AM,11.0,11:13 AM,11:24 AM,11.0
19483,2024-09-27,DDU,10:00 AM,10:00 AM,0.0,10:10 AM,10:10 AM,0.0
19483,2024-09-27,BXR,11:11 AM,11:23 AM,12.0,11:13 AM,11:25 AM,12.0
19483,2024-09-28,DDU,10:00 AM,10:00 AM,0.0,10:10 AM,10:10 AM,0.0
19483,2024-09-28,BXR,11:11 AM,11:11 AM,0.0,11:13 AM,11:13 AM,0.0
19483,2024-09-29,DDU,10:00 AM,10:00 AM,0.0,10:10 AM,10:10 AM,0.0
19483,2024-09-29,BXR,11:11 AM,11:11 AM,0.0,11:13 AM,11:13 AM,0.0
19483,2024-09-30,DDU,10:00 AM,10:00 AM,0.0,10:10 AM,10:10 AM,0.0
19483,2024-09-30,BXR,11:11 AM,11:11 AM,0.0,11:13 AM,11:13 AM,0.0
1905,2024-09-02,CNB,03:35 PM,03:35 PM,0.0,03:35 PM,03:35 PM,0.0
1905,2024-09-09,CNB,03:35 PM,04:18 PM,43.0,03:35 PM,04:18 PM,43.0
1905,2024-09-16,CNB,03:35 PM,03:35 PM,0.0,03:35 PM,03:35 PM,0.0
1905,2024-09-23,CNB,03:35 PM,04:09 PM,34.0,03:35 PM,04:09 PM,34.0
22914,2024-09-03,DDU,02:54 AM,02:54 AM,0.0,03:04 AM,03:04 AM,0.0
22914,2024-09-10,DDU,02:54 AM,02:54 AM,0.0,03:04 AM,03:04 AM,0.0
22914,2024-09-17,DDU,02:54 AM,02:54 AM,0.0,03:04 AM,03:04 AM,0.0
22914,2024-09-24,DDU,02:54 AM,02:57 AM,3.0,03:04 AM,03:07 AM,3.0
12142,2024-09-01,BXR,12:42 PM,01:37 PM,55.0,12:44 PM,01:39 PM,55.0
12142,2024-09-01,DDU,02:50 PM,02:53 PM,3.0,03:00 PM,03:03 PM,3.0
12142,2024-09-02,BXR,12:42 PM,12:42 PM,0.0,12:44 PM,12:44 PM,0.0
12142,2024-09-02,DDU,02:50 PM,02:50 PM,0.0,03:00 PM,03:00 PM,0.0
12142,2024-09-03,BXR,12:42 PM,01:12 PM,30.0,12:44 PM,01:14 PM,30.0
12142,2024-09-03,DDU,02:50 PM,02:52 PM,2.0,03:00 PM,03:02 PM,2.0
12142,2024-09-04,BXR,12:42 PM,01:11 PM,29.0,12:44 PM,01:13 PM,29.0
12142,2024-09-04,DDU,02:50 PM,02:52 PM,2.0,03:00 PM,03:02 PM,2.0
12142,2024-09-05,BXR,12:42 PM,01:25 PM,43.0,12:44 PM,01:27 PM,43.0
12142,2024-09-05,DDU,02:50 PM,02:53 PM,3.0,03:00 PM,03:03 PM,3.0
12142,2024-09-06,BXR,12:42 PM,01:00 PM,18.0,12:44 PM,01:02 PM,18.0
12142,2024-09-06,DDU,02:50 PM,02:55 PM,5.0,03:00 PM,03:05 PM,5.0
12142,2024-09-07,BXR,12:42 PM,01:07 PM,25.0,12:44 PM,01:09 PM,25.0
12142,2024-09-07,DDU,02:50 PM,02:52 PM,2.0,03:00 PM,03:02 PM,2.0
12142,2024-09-08,BXR,12:42 PM,01:08 PM,26.0,12:44 PM,01:10 PM,26.0
12142,2024-09-08,DDU,02:50 PM,02:51 PM,0.0,03:00 PM,03:01 PM,0.0
12142,2024-09-09,BXR,12:42 PM,01:24 PM,42.0,12:44 PM,01:26 PM,42.0
12142,2024-09-09,DDU,02:50 PM,02:50 PM,0.0,03:00 PM,03:00 PM,0.0
12142,2024-09-10,BXR,12:42 PM,01:21 PM,39.0,12:44 PM,01:23 PM,39.0
12142,2024-09-10,DDU,02:50 PM,02:50 PM,0.0,03:00 PM,03:00 PM,0.0
12142,2024-09-11,BXR,12:42 PM,12:42 PM,0.0,12:44 PM,12:44 PM,0.0
12142,2024-09-11,DDU,02:50 PM,02:50 PM,0.0,03:00 PM,03:00 PM,0.0
12142,2024-09-12,BXR,12:42 PM,01:15 PM,33.0,12:44 PM,01:17 PM,33.0
12142,2024-09-12,DDU,02:50 PM,02:50 PM,0.0,03:00 PM,03:00 PM,0.0
12142,2024-09-13,BXR,12:42 PM,12:57 PM,15.0,12:44 PM,12:59 PM,15.0
12142,2024-09-13,DDU,02:50 PM,02:50 PM,0.0,03:00 PM,03:00 PM,0.0
12142,2024-09-14,BXR,12:42 PM,01:15 PM,33.0,12:44 PM,01:17 PM,33.0
12142,2024-09-14,DDU,02:50 PM,02:50 PM,0.0,03:00 PM,03:00 PM,0.0
12142,2024-09-15,BXR,12:42 PM,12:59 PM,17.0,12:44 PM,01:01 PM,17.0
12142,2024-09-15,DDU,02:50 PM,02:50 PM,0.0,03:00 PM,03:00 PM,0.0
12142,2024-09-16,BXR,12:42 PM,01:10 PM,28.0,12:44 PM,01:12 PM,28.0
12142,2024-09-16,DDU,02:50 PM,02:51 PM,0.0,03:00 PM,03:01 PM,0.0
12142,2024-09-17,BXR,12:42 PM,12:42 PM,0.0,12:44 PM,12:44 PM,0.0
12142,2024-09-17,DDU,02:50 PM,02:53 PM,3.0,03:00 PM,03:03 PM,3.0
12142,2024-09-18,BXR,12:42 PM,01:01 PM,19.0,12:44 PM,01:03 PM,19.0
12142,2024-09-18,DDU,02:50 PM,02:50 PM,0.0,03:00 PM,03:00 PM,0.0
12142,2024-09-19,BXR,12:42 PM,02:48 PM,126.0,12:44 PM,02:50 PM,126.0
12142,2024-09-19,DDU,02:50 PM,04:02 PM,72.0,03:00 PM,04:12 PM,72.0
12142,2024-09-20,BXR,12:42 PM,12:53 PM,11.0,12:44 PM,12:55 PM,11.0
12142,2024-09-20,DDU,02:50 PM,02:50 PM,0.0,03:00 PM,03:00 PM,0.0
12142,2024-09-21,BXR,12:42 PM,01:02 PM,20.0,12:44 PM,01:04 PM,20.0
12142,2024-09-21,DDU,02:50 PM,02:51 PM,0.0,03:00 PM,03:01 PM,0.0
12142,2024-09-22,BXR,12:42 PM,12:59 PM,17.0,12:44 PM,01:01 PM,17.0
12142,2024-09-22,DDU,02:50 PM,02:51 PM,0.0,03:00 PM,03:01 PM,0.0
12142,2024-09-23,BXR,12:42 PM,01:09 PM,27.0,12:44 PM,01:11 PM,27.0
12142,2024-09-23,DDU,02:50 PM,02:51 PM,0.0,03:00 PM,03:01 PM,0.0
12142,2024-09-24,BXR,12:42 PM,01:02 PM,20.0,12:44 PM,01:04 PM,20.0
12142,2024-09-24,DDU,02:50 PM,02:50 PM,0.0,03:00 PM,03:00 PM,0.0
12142,2024-09-25,BXR,12:42 PM,12:53 PM,11.0,12:44 PM,12:55 PM,11.0
12142,2024-09-25,DDU,02:50 PM,02:50 PM,0.0,03:00 PM,03:00 PM,0.0
12142,2024-09-26,BXR,12:42 PM,01:06 PM,24.0,12:44 PM,01:08 PM,24.0
12142,2024-09-26,DDU,02:50 PM,02:52 PM,2.0,03:00 PM,03:02 PM,2.0
12142,2024-09-27,BXR,12:42 PM,12:49 PM,7.0,12:44 PM,12:51 PM,7.0
12142,2024-09-27,DDU,02:50 PM,02:50 PM,0.0,03:00 PM,03:00 PM,0.0
12142,2024-09-28,BXR,12:42 PM,12:48 PM,6.0,12:44 PM,12:50 PM,6.0
12142,2024-09-28,DDU,02:50 PM,03:17 PM,27.0,03:00 PM,03:27 PM,27.0
12142,2024-09-29,BXR,12:42 PM,01:02 PM,20.0,12:44 PM,01:04 PM,20.0
12142,2024-09-29,DDU,02:50 PM,02:50 PM,0.0,03:00 PM,03:00 PM,0.0
12142,2024-09-30,BXR,12:42 PM,12:58 PM,16.0,12:44 PM,01:00 PM,16.0
12142,2024-09-30,DDU,02:50 PM,02:50 PM,0.0,03:00 PM,03:00 PM,0.0
16093,2024-09-03,CNB,06:25 PM,10:40 AM,975.0,06:30 PM,10:45 AM,975.0
16093,2024-09-07,CNB,06:25 PM,12:28 AM,363.0,06:30 PM,12:33 AM,363.0
16093,2024-09-10,CNB,06:25 PM,06:42 PM,17.0,06:30 PM,06:47 PM,17.0
16093,2024-09-14,CNB,06:25 PM,06:26 PM,0.0,06:30 PM,06:31 PM,0.0
16093,2024-09-17,CNB,06:25 PM,06:25 PM,0.0,06:30 PM,06:30 PM,0.0
16093,2024-09-21,CNB,06:25 PM,07:12 PM,47.0,06:30 PM,07:17 PM,47.0
16093,2024-09-24,CNB,06:25 PM,06:25 PM,0.0,06:30 PM,06:30 PM,0.0
16093,2024-09-28,CNB,06:25 PM,06:25 PM,0.0,06:30 PM,06:30 PM,0.0
19038,2024-09-01,CNB,01:45 AM,02:24 AM,39.0,01:50 AM,02:29 AM,39.0
19038,2024-09-02,CNB,01:45 AM,04:35 AM,170.0,01:50 AM,04:40 AM,170.0
19038,2024-09-03,CNB,01:45 AM,04:27 AM,162.0,01:50 AM,04:32 AM,162.0
19038,2024-09-04,CNB,01:45 AM,10:32 AM,527.0,01:50 AM,10:37 AM,527.0
19038,2024-09-05,CNB,01:45 AM,05:36 AM,231.0,01:50 AM,05:41 AM,231.0
19038,2024-09-06,CNB,01:45 AM,03:48 AM,123.0,01:50 AM,03:53 AM,123.0
19038,2024-09-07,CNB,01:45 AM,03:25 AM,100.0,01:50 AM,03:30 AM,100.0
19038,2024-09-08,CNB,01:45 AM,03:44 AM,119.0,01:50 AM,03:49 AM,119.0
19038,2024-09-09,CNB,01:45 AM,02:48 AM,63.0,01:50 AM,02:53 AM,63.0
19038,2024-09-10,CNB,01:45 AM,04:15 AM,150.0,01:50 AM,04:20 AM,150.0
19038,2024-09-11,CNB,01:45 AM,03:20 AM,95.0,01:50 AM,03:25 AM,95.0
19038,2024-09-12,CNB,01:45 AM,03:57 AM,132.0,01:50 AM,04:02 AM,132.0
19038,2024-09-13,CNB,01:45 AM,02:46 AM,61.0,01:50 AM,02:51 AM,61.0
19038,2024-09-14,CNB,01:45 AM,02:25 AM,40.0,01:50 AM,02:30 AM,40.0
19038,2024-09-15,CNB,01:45 AM,03:41 AM,116.0,01:50 AM,03:46 AM,116.0
19038,2024-09-16,CNB,01:45 AM,02:37 AM,52.0,01:50 AM,02:42 AM,52.0
19038,2024-09-17,CNB,01:45 AM,03:05 AM,80.0,01:50 AM,03:10 AM,80.0
19038,2024-09-18,CNB,01:45 AM,02:24 AM,39.0,01:50 AM,02:29 AM,39.0
19038,2024-09-19,CNB,01:45 AM,09:59 AM,494.0,01:50 AM,10:04 AM,494.0
19038,2024-09-20,CNB,01:45 AM,01:48 AM,3.0,01:50 AM,01:53 AM,3.0
19038,2024-09-21,CNB,01:45 AM,03:47 AM,122.0,01:50 AM,03:52 AM,122.0
19038,2024-09-22,CNB,01:45 AM,03:45 AM,120.0,01:50 AM,03:50 AM,120.0
19038,2024-09-23,CNB,01:45 AM,02:24 AM,39.0,01:50 AM,02:29 AM,39.0
19038,2024-09-24,CNB,01:45 AM,03:04 AM,79.0,01:50 AM,03:09 AM,79.0
19038,2024-09-25,CNB,01:45 AM,02:32 AM,47.0,01:50 AM,02:37 AM,47.0
19038,2024-09-26,CNB,01:45 AM,05:04 AM,199.0,01:50 AM,05:09 AM,199.0
19038,2024-09-27,CNB,01:45 AM,03:22 AM,97.0,01:50 AM,03:27 AM,97.0
19038,2024-09-28,CNB,01:45 AM,02:09 AM,24.0,01:50 AM,02:14 AM,24.0
19038,2024-09-29,CNB,01:45 AM,08:40 AM,415.0,01:50 AM,08:45 AM,415.0
19038,2024-09-30,CNB,01:45 AM,05:09 AM,204.0,01:50 AM,05:14 AM,204.0
9195,2024-09-07,CNB,11:32 AM,12:05 PM,33.0,11:42 AM,12:15 PM,33.0
9195,2024-09-14,CNB,11:32 AM,12:09 PM,37.0,11:42 AM,12:19 PM,37.0
9195,2024-09-21,CNB,11:32 AM,11:32 AM,0.0,11:42 AM,11:42 AM,0.0
9195,2024-09-28,CNB,11:32 AM,11:50 AM,18.0,11:42 AM,12:00 PM,18.0
12330,2024-09-11,CNB,01:10 AM,01:25 AM,15.0,01:15 AM,01:30 AM,15.0
12330,2024-09-11,DDU,06:10 AM,06:10 AM,0.0,06:20 AM,06:20 AM,0.0
12330,2024-09-18,CNB,01:10 AM,01:10 AM,0.0,01:15 AM,01:15 AM,0.0
12330,2024-09-18,DDU,06:10 AM,06:10 AM,0.0,06:20 AM,06:20 AM,0.0
12330,2024-09-25,CNB,01:10 AM,01:35 AM,25.0,01:15 AM,01:40 AM,25.0
12330,2024-09-25,DDU,06:10 AM,06:10 AM,0.0,06:20 AM,06:20 AM,0.0
22324,2024-09-13,DDU,02:25 AM,02:46 AM,21.0,02:35 AM,02:56 AM,21.0
22324,2024-09-20,DDU,02:25 AM,02:39 AM,14.0,02:35 AM,02:49 AM,14.0
12293,2024-09-02,PRYJ,12:40 PM,12:40 PM,0.0,12:40 PM,12:40 PM,0.0
12293,2024-09-06,PRYJ,12:40 PM,12:40 PM,0.0,12:40 PM,12:40 PM,0.0
12293,2024-09-09,PRYJ,12:40 PM,12:40 PM,0.0,12:40 PM,12:40 PM,0.0
12293,2024-09-13,PRYJ,12:40 PM,12:40 PM,0.0,12:40 PM,12:40 PM,0.0
12293,2024-09-16,PRYJ,12:40 PM,12:40 PM,0.0,12:40 PM,12:40 PM,0.0
12293,2024-09-20,PRYJ,12:40 PM,12:40 PM,0.0,12:40 PM,12:40 PM,0.0
12293,2024-09-23,PRYJ,12:40 PM,12:40 PM,0.0,12:40 PM,12:40 PM,0.0
12293,2024-09-27,PRYJ,12:40 PM,12:40 PM,0.0,12:40 PM,12:40 PM,0.0
12293,2024-09-30,PRYJ,12:40 PM,12:40 PM,0.0,12:40 PM,12:40 PM,0.0
12495,2024-09-05,CNB,07:30 PM,09:58 PM,148.0,07:35 PM,10:03 PM,148.0
12495,2024-09-05,PRYJ,10:05 PM,12:15 AM,130.0,10:10 PM,12:20 AM,130.0
12495,2024-09-05,DDU,02:25 AM,02:25 AM,0.0,02:35 AM,02:35 AM,0.0
12495,2024-09-12,CNB,07:30 PM,08:47 PM,77.0,07:35 PM,08:52 PM,77.0
12495,2024-09-12,PRYJ,10:05 PM,10:52 PM,47.0,10:10 PM,10:57 PM,47.0
12495,2024-09-12,DDU,02:25 AM,02:25 AM,0.0,02:35 AM,02:35 AM,0.0
12495,2024-09-19,CNB,07:30 PM,08:17 PM,47.0,07:35 PM,08:22 PM,47.0
12495,2024-09-19,PRYJ,10:05 PM,10:37 PM,32.0,10:10 PM,10:42 PM,32.0
12495,2024-09-19,DDU,02:25 AM,02:25 AM,0.0,02:35 AM,02:35 AM,0.0
12495,2024-09-26,CNB,07:30 PM,09:10 PM,100.0,07:35 PM,09:15 PM,100.0
12495,2024-09-26,PRYJ,10:05 PM,12:51 AM,166.0,10:10 PM,12:56 AM,166.0
12495,2024-09-26,DDU,02:25 AM,03:09 AM,44.0,02:35 AM,03:19 AM,44.0
12825,2024-09-02,DDU,08:30 AM,08:31 AM,0.0,08:40 AM,08:41 AM,0.0
12825,2024-09-02,CNB,01:20 PM,02:01 PM,41.0,01:25 PM,02:06 PM,41.0
12825,2024-09-05,DDU,08:30 AM,08:30 AM,0.0,08:40 AM,08:40 AM,0.0
12825,2024-09-05,CNB,01:20 PM,01:33 PM,13.0,01:25 PM,01:38 PM,13.0
12825,2024-09-12,DDU,08:30 AM,09:23 AM,53.0,08:40 AM,09:33 AM,53.0
12825,2024-09-12,CNB,01:20 PM,02:22 PM,62.0,01:25 PM,02:27 PM,62.0
12825,2024-09-16,DDU,08:30 AM,09:21 AM,51.0,08:40 AM,09:31 AM,51.0
12825,2024-09-16,CNB,01:20 PM,02:22 PM,62.0,01:25 PM,02:27 PM,62.0
12825,2024-09-19,DDU,08:30 AM,08:30 AM,0.0,08:40 AM,08:40 AM,0.0
12825,2024-09-19,CNB,01:20 PM,01:20 PM,0.0,01:25 PM,01:25 PM,0.0
12825,2024-09-23,DDU,08:30 AM,09:12 AM,42.0,08:40 AM,09:22 AM,42.0
12825,2024-09-23,CNB,01:20 PM,02:29 PM,69.0,01:25 PM,02:34 PM,69.0
12825,2024-09-26,DDU,08:30 AM,08:31 AM,0.0,08:40 AM,08:41 AM,0.0
12825,2024-09-26,CNB,01:20 PM,01:43 PM,23.0,01:25 PM,01:48 PM,23.0
12825,2024-09-30,DDU,08:30 AM,08:30 AM,0.0,08:40 AM,08:40 AM,0.0
12825,2024-09-30,CNB,01:20 PM,01:37 PM,17.0,01:25 PM,01:42 PM,17.0
14038,2024-09-05,CNB,05:20 AM,05:41 AM,21.0,05:25 AM,05:46 AM,21.0
14038,2024-09-05,PRYJ,07:50 AM,07:57 AM,7.0,07:55 AM,08:02 AM,7.0
14038,2024-09-05,DDU,10:50 AM,10:50 AM,0.0,11:00 AM,11:00 AM,0.0
14038,2024-09-12,CNB,05:20 AM,05:36 AM,16.0,05:25 AM,05:41 AM,16.0
14038,2024-09-12,PRYJ,07:50 AM,08:08 AM,18.0,07:55 AM,08:13 AM,18.0
14038,2024-09-12,DDU,10:50 AM,10:50 AM,0.0,11:00 AM,11:00 AM,0.0
14038,2024-09-19,CNB,05:20 AM,05:44 AM,24.0,05:25 AM,05:49 AM,24.0
14038,2024-09-19,PRYJ,07:50 AM,08:04 AM,14.0,07:55 AM,08:09 AM,14.0
14038,2024-09-19,DDU,10:50 AM,10:50 AM,0.0,11:00 AM,11:00 AM,0.0
14038,2024-09-26,CNB,05:20 AM,05:20 AM,0.0,05:25 AM,05:25 AM,0.0
14038,2024-09-26,PRYJ,07:50 AM,07:53 AM,3.0,07:55 AM,07:58 AM,3.0
14038,2024-09-26,DDU,10:50 AM,10:50 AM,0.0,11:00 AM,11:00 AM,0.0
9466,2024-09-02,CNB,08:25 PM,01:09 AM,284.0,08:30 PM,01:14 AM,284.0
9466,2024-09-09,CNB,08:25 PM,10:01 PM,96.0,08:30 PM,10:06 PM,96.0
9466,2024-09-16,CNB,08:25 PM,08:25 PM,0.0,08:30 PM,08:30 PM,0.0
9466,2024-09-23,CNB,08:25 PM,12:55 AM,270.0,08:30 PM,01:00 AM,270.0
22459,2024-09-03,BXR,06:17 PM,10:01 PM,224.0,06:19 PM,10:03 PM,224.0
22459,2024-09-03,DDU,08:12 PM,11:21 PM,189.0,08:22 PM,11:31 PM,189.0
22459,2024-09-03,PRYJ,10:36 PM,02:42 AM,246.0,10:38 PM,02:44 AM,246.0
22459,2024-09-03,CNB,12:50 AM,06:54 AM,364.0,12:55 AM,06:59 AM,364.0
22459,2024-09-10,BXR,06:17 PM,06:17 PM,0.0,06:19 PM,06:19 PM,0.0
22459,2024-09-10,DDU,08:12 PM,08:12 PM,0.0,08:22 PM,08:22 PM,0.0
22459,2024-09-10,PRYJ,10:36 PM,10:36 PM,0.0,10:38 PM,10:38 PM,0.0
22459,2024-09-10,CNB,12:50 AM,12:50 AM,0.0,12:55 AM,12:55 AM,0.0
22459,2024-09-17,BXR,06:17 PM,06:53 PM,36.0,06:19 PM,06:55 PM,36.0
22459,2024-09-17,DDU,08:12 PM,08:12 PM,0.0,08:22 PM,08:22 PM,0.0
22459,2024-09-17,PRYJ,10:36 PM,10:51 PM,15.0,10:38 PM,10:53 PM,15.0
22459,2024-09-17,CNB,12:50 AM,01:59 AM,69.0,12:55 AM,02:04 AM,69.0
22459,2024-09-24,BXR,06:17 PM,06:57 PM,40.0,06:19 PM,06:59 PM,40.0
22459,2024-09-24,DDU,08:12 PM,08:12 PM,0.0,08:22 PM,08:22 PM,0.0
22459,2024-09-24,PRYJ,10:36 PM,10:36 PM,0.0,10:38 PM,10:38 PM,0.0
22459,2024-09-24,CNB,12:50 AM,12:50 AM,0.0,12:55 AM,12:55 AM,0.0
11428,2024-09-01,DDU,05:40 AM,05:41 AM,0.0,05:50 AM,05:51 AM,0.0
11428,2024-09-08,DDU,05:40 AM,05:41 AM,0.0,05:50 AM,05:51 AM,0.0
11428,2024-09-15,DDU,05:40 AM,05:40 AM,0.0,05:50 AM,05:50 AM,0.0
11428,2024-09-22,DDU,05:40 AM,05:41 AM,0.0,05:50 AM,05:51 AM,0.0
11428,2024-09-29,DDU,05:40 AM,05:50 AM,10.0,05:50 AM,06:00 AM,10.0
15484,2024-09-01,CNB,02:45 PM,03:26 PM,41.0,02:55 PM,03:36 PM,41.0
15484,2024-09-01,PRYJ,05:40 PM,06:12 PM,32.0,05:45 PM,06:17 PM,32.0
15484,2024-09-01,DDU,09:23 PM,09:23 PM,0.0,09:33 PM,09:33 PM,0.0
15484,2024-09-01,BXR,10:45 PM,10:45 PM,0.0,10:47 PM,10:47 PM,0.0
15484,2024-09-02,CNB,02:45 PM,03:30 PM,45.0,02:55 PM,03:40 PM,45.0
15484,2024-09-02,PRYJ,05:40 PM,06:28 PM,48.0,05:45 PM,06:33 PM,48.0
15484,2024-09-02,DDU,09:23 PM,09:23 PM,0.0,09:33 PM,09:33 PM,0.0
15484,2024-09-02,BXR,10:45 PM,10:45 PM,0.0,10:47 PM,10:47 PM,0.0
15484,2024-09-03,CNB,02:45 PM,03:15 PM,30.0,02:55 PM,03:25 PM,30.0
15484,2024-09-03,PRYJ,05:40 PM,07:14 PM,94.0,05:45 PM,07:19 PM,94.0
15484,2024-09-03,DDU,09:23 PM,11:12 PM,109.0,09:33 PM,11:22 PM,109.0
15484,2024-09-03,BXR,10:45 PM,12:33 AM,108.0,10:47 PM,12:35 AM,108.0
15484,2024-09-04,CNB,02:45 PM,03:01 PM,16.0,02:55 PM,03:11 PM,16.0
15484,2024-09-04,PRYJ,05:40 PM,06:12 PM,32.0,05:45 PM,06:17 PM,32.0
15484,2024-09-04,DDU,09:23 PM,09:28 PM,5.0,09:33 PM,09:38 PM,5.0
15484,2024-09-04,BXR,10:45 PM,10:51 PM,6.0,10:47 PM,10:53 PM,6.0
15484,2024-09-05,CNB,02:45 PM,02:51 PM,6.0,02:55 PM,03:01 PM,6.0
15484,2024-09-05,PRYJ,05:40 PM,05:46 PM,6.0,05:45 PM,05:51 PM,6.0
15484,2024-09-05,DDU,09:23 PM,09:26 PM,3.0,09:33 PM,09:36 PM,3.0
15484,2024-09-05,BXR,10:45 PM,10:46 PM,0.0,10:47 PM,10:48 PM,0.0
15484,2024-09-06,CNB,02:45 PM,02:47 PM,2.0,02:55 PM,02:57 PM,2.0
15484,2024-09-06,PRYJ,05:40 PM,06:10 PM,30.0,05:45 PM,06:15 PM,30.0
15484,2024-09-06,DDU,09:23 PM,09:23 PM,0.0,09:33 PM,09:33 PM,0.0
15484,2024-09-06,BXR,10:45 PM,10:45 PM,0.0,10:47 PM,10:47 PM,0.0
15484,2024-09-07,CNB,02:45 PM,03:07 PM,22.0,02:55 PM,03:17 PM,22.0
15484,2024-09-07,PRYJ,05:40 PM,06:47 PM,67.0,05:45 PM,06:52 PM,67.0
15484,2024-09-07,DDU,09:23 PM,09:24 PM,0.0,09:33 PM,09:34 PM,0.0
15484,2024-09-07,BXR,10:45 PM,10:45 PM,0.0,10:47 PM,10:47 PM,0.0
15484,2024-09-08,CNB,02:45 PM,02:50 PM,5.0,02:55 PM,03:00 PM,5.0
15484,2024-09-08,PRYJ,05:40 PM,06:07 PM,27.0,05:45 PM,06:12 PM,27.0
15484,2024-09-08,DDU,09:23 PM,09:25 PM,2.0,09:33 PM,09:35 PM,2.0
15484,2024-09-08,BXR,10:45 PM,10:45 PM,0.0,10:47 PM,10:47 PM,0.0
15484,2024-09-09,CNB,02:45 PM,05:10 PM,145.0,02:55 PM,05:20 PM,145.0
15484,2024-09-09,PRYJ,05:40 PM,07:55 PM,135.0,05:45 PM,08:00 PM,135.0
15484,2024-09-09,DDU,09:23 PM,10:43 PM,80.0,09:33 PM,10:53 PM,80.0
15484,2024-09-09,BXR,10:45 PM,11:55 PM,70.0,10:47 PM,11:57 PM,70.0
15484,2024-09-10,CNB,02:45 PM,02:52 PM,7.0,02:55 PM,03:02 PM,7.0
15484,2024-09-10,PRYJ,05:40 PM,05:54 PM,14.0,05:45 PM,05:59 PM,14.0
15484,2024-09-10,DDU,09:23 PM,09:25 PM,2.0,09:33 PM,09:35 PM,2.0
15484,2024-09-10,BXR,10:45 PM,10:45 PM,0.0,10:47 PM,10:47 PM,0.0
15484,2024-09-11,CNB,02:45 PM,03:16 PM,31.0,02:55 PM,03:26 PM,31.0
15484,2024-09-11,PRYJ,05:40 PM,06:57 PM,77.0,05:45 PM,07:02 PM,77.0
15484,2024-09-11,DDU,09:23 PM,09:23 PM,0.0,09:33 PM,09:33 PM,0.0
15484,2024-09-11,BXR,10:45 PM,10:45 PM,0.0,10:47 PM,10:47 PM,0.0
15484,2024-09-12,CNB,02:45 PM,03:17 PM,32.0,02:55 PM,03:27 PM,32.0
15484,2024-09-12,PRYJ,05:40 PM,06:21 PM,41.0,05:45 PM,06:26 PM,41.0
15484,2024-09-12,DDU,09:23 PM,09:23 PM,0.0,09:33 PM,09:33 PM,0.0
15484,2024-09-12,BXR,10:45 PM,10:45 PM,0.0,10:47 PM,10:47 PM,0.0
15484,2024-09-13,CNB,02:45 PM,02:56 PM,11.0,02:55 PM,03:06 PM,11.0
15484,2024-09-13,PRYJ,05:40 PM,06:21 PM,41.0,05:45 PM,06:26 PM,41.0
15484,2024-09-13,DDU,09:23 PM,09:47 PM,24.0,09:33 PM,09:57 PM,24.0
15484,2024-09-13,BXR,10:45 PM,10:59 PM,14.0,10:47 PM,11:01 PM,14.0
15484,2024-09-14,CNB,02:45 PM,03:02 PM,17.0,02:55 PM,03:12 PM,17.0
15484,2024-09-14,PRYJ,05:40 PM,06:27 PM,47.0,05:45 PM,06:32 PM,47.0
15484,2024-09-14,DDU,09:23 PM,09:59 PM,36.0,09:33 PM,10:09 PM,36.0
15484,2024-09-14,BXR,10:45 PM,10:45 PM,0.0,10:47 PM,10:47 PM,0.0
15484,2024-09-15,CNB,02:45 PM,03:28 PM,43.0,02:55 PM,03:38 PM,43.0
15484,2024-09-15,PRYJ,05:40 PM,06:37 PM,57.0,05:45 PM,06:42 PM,57.0
15484,2024-09-15,DDU,09:23 PM,09:23 PM,0.0,09:33 PM,09:33 PM,0.0
15484,2024-09-15,BXR,10:45 PM,10:45 PM,0.0,10:47 PM,10:47 PM,0.0
15484,2024-09-16,CNB,02:45 PM,03:10 PM,25.0,02:55 PM,03:20 PM,25.0
15484,2024-09-16,PRYJ,05:40 PM,06:33 PM,53.0,05:45 PM,06:38 PM,53.0
15484,2024-09-16,DDU,09:23 PM,09:24 PM,0.0,09:33 PM,09:34 PM,0.0
15484,2024-09-16,BXR,10:45 PM,10:53 PM,8.0,10:47 PM,10:55 PM,8.0
15484,2024-09-17,CNB,02:45 PM,03:02 PM,17.0,02:55 PM,03:12 PM,17.0
15484,2024-09-17,PRYJ,05:40 PM,05:52 PM,12.0,05:45 PM,05:57 PM,12.0
15484,2024-09-17,DDU,09:23 PM,09:23 PM,0.0,09:33 PM,09:33 PM,0.0
15484,2024-09-17,BXR,10:45 PM,10:45 PM,0.0,10:47 PM,10:47 PM,0.0
15484,2024-09-18,CNB,02:45 PM,03:17 PM,32.0,02:55 PM,03:27 PM,32.0
15484,2024-09-18,PRYJ,05:40 PM,06:03 PM,23.0,05:45 PM,06:08 PM,23.0
15484,2024-09-18,DDU,09:23 PM,09:23 PM,0.0,09:33 PM,09:33 PM,0.0
15484,2024-09-18,BXR,10:45 PM,10:45 PM,0.0,10:47 PM,10:47 PM,0.0
15484,2024-09-19,CNB,02:45 PM,03:01 PM,16.0,02:55 PM,03:11 PM,16.0
15484,2024-09-19,PRYJ,05:40 PM,06:12 PM,32.0,05:45 PM,06:17 PM,32.0
15484,2024-09-19,DDU,09:23 PM,09:26 PM,3.0,09:33 PM,09:36 PM,3.0
15484,2024-09-19,BXR,10:45 PM,10:45 PM,0.0,10:47 PM,10:47 PM,0.0
15484,2024-09-20,CNB,02:45 PM,02:49 PM,4.0,02:55 PM,02:59 PM,4.0
15484,2024-09-20,PRYJ,05:40 PM,05:53 PM,13.0,05:45 PM,05:58 PM,13.0
15484,2024-09-20,DDU,09:23 PM,09:23 PM,0.0,09:33 PM,09:33 PM,0.0
15484,2024-09-20,BXR,10:45 PM,10:45 PM,0.0,10:47 PM,10:47 PM,0.0
15484,2024-09-21,CNB,02:45 PM,03:00 PM,15.0,02:55 PM,03:10 PM,15.0
15484,2024-09-21,PRYJ,05:40 PM,06:49 PM,69.0,05:45 PM,06:54 PM,69.0
15484,2024-09-21,DDU,09:23 PM,10:06 PM,43.0,09:33 PM,10:16 PM,43.0
15484,2024-09-21,BXR,10:45 PM,11:29 PM,44.0,10:47 PM,11:31 PM,44.0
15484,2024-09-22,CNB,02:45 PM,03:14 PM,29.0,02:55 PM,03:24 PM,29.0
15484,2024-09-22,PRYJ,05:40 PM,06:25 PM,45.0,05:45 PM,06:30 PM,45.0
15484,2024-09-22,DDU,09:23 PM,09:24 PM,0.0,09:33 PM,09:34 PM,0.0
15484,2024-09-22,BXR,10:45 PM,10:45 PM,0.0,10:47 PM,10:47 PM,0.0
15484,2024-09-23,CNB,02:45 PM,03:33 PM,48.0,02:55 PM,03:43 PM,48.0
15484,2024-09-23,PRYJ,05:40 PM,06:13 PM,33.0,05:45 PM,06:18 PM,33.0
15484,2024-09-23,DDU,09:23 PM,09:23 PM,0.0,09:33 PM,09:33 PM,0.0
15484,2024-09-23,BXR,10:45 PM,10:45 PM,0.0,10:47 PM,10:47 PM,0.0
15484,2024-09-24,CNB,02:45 PM,03:21 PM,36.0,02:55 PM,03:31 PM,36.0
15484,2024-09-24,PRYJ,05:40 PM,06:03 PM,23.0,05:45 PM,06:08 PM,23.0
15484,2024-09-24,DDU,09:23 PM,09:23 PM,0.0,09:33 PM,09:33 PM,0.0
15484,2024-09-24,BXR,10:45 PM,10:45 PM,0.0,10:47 PM,10:47 PM,0.0
15484,2024-09-25,CNB,02:45 PM,03:30 PM,45.0,02:55 PM,03:40 PM,45.0
15484,2024-09-25,PRYJ,05:40 PM,06:36 PM,56.0,05:45 PM,06:41 PM,56.0
15484,2024-09-25,DDU,09:23 PM,09:23 PM,0.0,09:33 PM,09:33 PM,0.0
15484,2024-09-25,BXR,10:45 PM,10:45 PM,0.0,10:47 PM,10:47 PM,0.0
15484,2024-09-26,CNB,02:45 PM,02:52 PM,7.0,02:55 PM,03:02 PM,7.0
15484,2024-09-26,PRYJ,05:40 PM,06:36 PM,56.0,05:45 PM,06:41 PM,56.0
15484,2024-09-26,DDU,09:23 PM,09:23 PM,0.0,09:33 PM,09:33 PM,0.0
15484,2024-09-26,BXR,10:45 PM,10:45 PM,0.0,10:47 PM,10:47 PM,0.0
15484,2024-09-27,CNB,02:45 PM,03:25 PM,40.0,02:55 PM,03:35 PM,40.0
15484,2024-09-27,PRYJ,05:40 PM,06:31 PM,51.0,05:45 PM,06:36 PM,51.0
15484,2024-09-27,DDU,09:23 PM,09:23 PM,0.0,09:33 PM,09:33 PM,0.0
15484,2024-09-27,BXR,10:45 PM,10:45 PM,0.0,10:47 PM,10:47 PM,0.0
15484,2024-09-28,CNB,02:45 PM,03:03 PM,18.0,02:55 PM,03:13 PM,18.0
15484,2024-09-28,PRYJ,05:40 PM,06:09 PM,29.0,05:45 PM,06:14 PM,29.0
15484,2024-09-28,DDU,09:23 PM,09:23 PM,0.0,09:33 PM,09:33 PM,0.0
15484,2024-09-28,BXR,10:45 PM,11:00 PM,15.0,10:47 PM,11:02 PM,15.0
15484,2024-09-29,CNB,02:45 PM,03:02 PM,17.0,02:55 PM,03:12 PM,17.0
15484,2024-09-29,PRYJ,05:40 PM,06:07 PM,27.0,05:45 PM,06:12 PM,27.0
15484,2024-09-29,DDU,09:23 PM,09:23 PM,0.0,09:33 PM,09:33 PM,0.0
15484,2024-09-29,BXR,10:45 PM,10:45 PM,0.0,10:47 PM,10:47 PM,0.0
15484,2024-09-30,CNB,02:45 PM,03:45 PM,60.0,02:55 PM,03:55 PM,60.0
15484,2024-09-30,PRYJ,05:40 PM,06:54 PM,74.0,05:45 PM,06:59 PM,74.0
15484,2024-09-30,DDU,09:23 PM,09:23 PM,0.0,09:33 PM,09:33 PM,0.0
15484,2024-09-30,BXR,10:45 PM,10:45 PM,0.0,10:47 PM,10:47 PM,0.0
5586,2024-09-01,DDU,08:05 PM,04:05 AM,480.0,08:15 PM,04:15 AM,480.0
12274,2024-09-03,CNB,05:35 PM,05:53 PM,18.0,05:40 PM,05:58 PM,18.0
12274,2024-09-03,DDU,10:02 PM,10:06 PM,4.0,10:12 PM,10:16 PM,4.0
12274,2024-09-07,CNB,05:35 PM,05:50 PM,15.0,05:40 PM,05:55 PM,15.0
12274,2024-09-07,DDU,10:02 PM,10:05 PM,3.0,10:12 PM,10:15 PM,3.0
12274,2024-09-10,CNB,05:35 PM,06:11 PM,36.0,05:40 PM,06:16 PM,36.0
12274,2024-09-10,DDU,10:02 PM,10:34 PM,32.0,10:12 PM,10:44 PM,32.0
12274,2024-09-14,CNB,05:35 PM,05:56 PM,21.0,05:40 PM,06:01 PM,21.0
12274,2024-09-14,DDU,10:02 PM,10:29 PM,27.0,10:12 PM,10:39 PM,27.0
12274,2024-09-17,CNB,05:35 PM,06:16 PM,41.0,05:40 PM,06:21 PM,41.0
12274,2024-09-17,DDU,10:02 PM,10:19 PM,17.0,10:12 PM,10:29 PM,17.0
12274,2024-09-21,CNB,05:35 PM,06:13 PM,38.0,05:40 PM,06:18 PM,38.0
12274,2024-09-21,DDU,10:02 PM,10:23 PM,21.0,10:12 PM,10:33 PM,21.0
12274,2024-09-24,CNB,05:35 PM,05:47 PM,12.0,05:40 PM,05:52 PM,12.0
12274,2024-09-24,DDU,10:02 PM,10:02 PM,0.0,10:12 PM,10:12 PM,0.0
12274,2024-09-28,CNB,05:35 PM,06:44 PM,69.0,05:40 PM,06:49 PM,69.0
12274,2024-09-28,DDU,10:02 PM,11:30 PM,88.0,10:12 PM,11:40 PM,88.0
18205,2024-09-12,PRYJ,10:40 AM,10:40 AM,0.0,11:00 AM,11:00 AM,0.0
18205,2024-09-19,PRYJ,10:40 AM,10:40 AM,0.0,11:00 AM,11:00 AM,0.0
18205,2024-09-26,PRYJ,10:40 AM,10:40 AM,0.0,11:00 AM,11:00 AM,0.0
15018,2024-09-01,PRYJ,03:50 PM,03:50 PM,0.0,04:10 PM,04:10 PM,0.0
15018,2024-09-02,PRYJ,03:50 PM,03:50 PM,0.0,04:10 PM,04:10 PM,0.0
15018,2024-09-03,PRYJ,03:50 PM,03:50 PM,0.0,04:10 PM,04:10 PM,0.0
15018,2024-09-04,PRYJ,03:50 PM,03:50 PM,0.0,04:10 PM,04:10 PM,0.0
15018,2024-09-05,PRYJ,03:50 PM,03:50 PM,0.0,04:10 PM,04:10 PM,0.0
15018,2024-09-06,PRYJ,03:50 PM,03:50 PM,0.0,04:10 PM,04:10 PM,0.0
15018,2024-09-07,PRYJ,03:50 PM,03:50 PM,0.0,04:10 PM,04:10 PM,0.0
15018,2024-09-08,PRYJ,03:50 PM,03:50 PM,0.0,04:10 PM,04:10 PM,0.0
15018,2024-09-09,PRYJ,03:50 PM,03:50 PM,0.0,04:10 PM,04:10 PM,0.0
15018,2024-09-10,PRYJ,03:50 PM,03:50 PM,0.0,04:10 PM,04:10 PM,0.0
15018,2024-09-11,PRYJ,03:50 PM,03:50 PM,0.0,04:10 PM,04:10 PM,0.0
15018,2024-09-12,PRYJ,03:50 PM,03:50 PM,0.0,04:10 PM,04:10 PM,0.0
15018,2024-09-13,PRYJ,03:50 PM,03:50 PM,0.0,04:10 PM,04:10 PM,0.0
15018,2024-09-14,PRYJ,03:50 PM,03:50 PM,0.0,04:10 PM,04:10 PM,0.0
15018,2024-09-15,PRYJ,03:50 PM,03:50 PM,0.0,04:10 PM,04:10 PM,0.0
15018,2024-09-16,PRYJ,03:50 PM,03:50 PM,0.0,04:10 PM,04:10 PM,0.0
15018,2024-09-17,PRYJ,03:50 PM,03:50 PM,0.0,04:10 PM,04:10 PM,0.0
15018,2024-09-18,PRYJ,03:50 PM,03:50 PM,0.0,04:10 PM,04:10 PM,0.0
15018,2024-09-19,PRYJ,03:50 PM,03:50 PM,0.0,04:10 PM,04:10 PM,0.0
15018,2024-09-20,PRYJ,03:50 PM,03:50 PM,0.0,04:10 PM,04:10 PM,0.0
15018,2024-09-21,PRYJ,03:50 PM,03:50 PM,0.0,04:10 PM,04:10 PM,0.0
15018,2024-09-22,PRYJ,03:50 PM,03:50 PM,0.0,04:10 PM,04:10 PM,0.0
15018,2024-09-23,PRYJ,03:50 PM,03:50 PM,0.0,04:10 PM,04:10 PM,0.0
15018,2024-09-24,PRYJ,03:50 PM,03:50 PM,0.0,04:10 PM,04:10 PM,0.0
15018,2024-09-25,PRYJ,03:50 PM,03:50 PM,0.0,04:10 PM,04:10 PM,0.0
15018,2024-09-26,PRYJ,03:50 PM,03:50 PM,0.0,04:10 PM,04:10 PM,0.0
15018,2024-09-27,PRYJ,03:50 PM,03:50 PM,0.0,04:10 PM,04:10 PM,0.0
15018,2024-09-28,PRYJ,03:50 PM,03:50 PM,0.0,04:10 PM,04:10 PM,0.0
15018,2024-09-29,PRYJ,03:50 PM,03:50 PM,0.0,04:10 PM,04:10 PM,0.0
15018,2024-09-30,PRYJ,03:50 PM,03:50 PM,0.0,04:10 PM,04:10 PM,0.0
22613,2024-09-01,PRYJ,10:10 PM,10:10 PM,0.0,10:35 PM,10:35 PM,0.0
22613,2024-09-08,PRYJ,10:10 PM,10:10 PM,0.0,10:35 PM,10:35 PM,0.0
22613,2024-09-15,PRYJ,10:10 PM,10:10 PM,0.0,10:35 PM,10:35 PM,0.0
22613,2024-09-22,PRYJ,10:10 PM,10:28 PM,18.0,10:35 PM,10:53 PM,18.0
22613,2024-09-29,PRYJ,10:10 PM,10:19 PM,9.0,10:35 PM,10:44 PM,9.0
20416,2024-09-02,PRYJ,12:30 AM,12:34 AM,4.0,12:35 AM,12:39 AM,4.0
20416,2024-09-09,PRYJ,12:30 AM,12:32 AM,2.0,12:35 AM,12:37 AM,2.0
20416,2024-09-16,PRYJ,12:30 AM,01:33 AM,63.0,12:35 AM,01:38 AM,63.0
20416,2024-09-23,PRYJ,12:30 AM,02:53 AM,143.0,12:35 AM,02:58 AM,143.0
20416,2024-09-30,PRYJ,12:30 AM,12:35 AM,5.0,12:35 AM,12:40 AM,5.0
3245,2024-09-04,BXR,04:20 PM,04:50 PM,30.0,04:22 PM,04:52 PM,30.0
3245,2024-09-04,DDU,05:50 PM,06:44 PM,54.0,06:00 PM,06:54 PM,54.0
3245,2024-09-11,BXR,04:20 PM,05:21 PM,61.0,04:22 PM,05:23 PM,61.0
3245,2024-09-11,DDU,05:50 PM,07:03 PM,73.0,06:00 PM,07:13 PM,73.0
7652,2024-09-06,PRYJ,05:05 AM,05:05 AM,0.0,05:25 AM,05:25 AM,0.0
7652,2024-09-13,PRYJ,05:05 AM,05:05 AM,0.0,05:25 AM,05:25 AM,0.0
22540,2024-09-04,CNB,09:40 PM,09:42 PM,2.0,09:45 PM,09:47 PM,2.0
22540,2024-09-07,CNB,09:40 PM,09:40 PM,0.0,09:45 PM,09:45 PM,0.0
22540,2024-09-11,CNB,09:40 PM,09:41 PM,0.0,09:45 PM,09:46 PM,0.0
22540,2024-09-14,CNB,09:40 PM,09:43 PM,3.0,09:45 PM,09:48 PM,3.0
22540,2024-09-18,CNB,09:40 PM,09:42 PM,2.0,09:45 PM,09:47 PM,2.0
22540,2024-09-21,CNB,09:40 PM,09:40 PM,0.0,09:45 PM,09:45 PM,0.0
22540,2024-09-25,CNB,09:40 PM,09:40 PM,0.0,09:45 PM,09:45 PM,0.0
22540,2024-09-28,CNB,09:40 PM,09:45 PM,5.0,09:45 PM,09:50 PM,5.0
12427,2024-09-01,PRYJ,09:05 PM,09:12 PM,7.0,09:10 PM,09:17 PM,7.0
12427,2024-09-01,CNB,11:52 PM,11:52 PM,0.0,11:57 PM,11:57 PM,0.0
12427,2024-09-02,PRYJ,09:05 PM,09:11 PM,6.0,09:10 PM,09:16 PM,6.0
12427,2024-09-02,CNB,11:52 PM,12:10 AM,18.0,11:57 PM,12:15 AM,18.0
12427,2024-09-03,PRYJ,09:05 PM,09:16 PM,11.0,09:10 PM,09:21 PM,11.0
12427,2024-09-03,CNB,11:52 PM,12:01 AM,9.0,11:57 PM,12:06 AM,9.0
12427,2024-09-04,PRYJ,09:05 PM,09:13 PM,8.0,09:10 PM,09:18 PM,8.0
12427,2024-09-04,CNB,11:52 PM,12:15 AM,23.0,11:57 PM,12:20 AM,23.0
12427,2024-09-05,PRYJ,09:05 PM,09:06 PM,0.0,09:10 PM,09:11 PM,0.0
12427,2024-09-05,CNB,11:52 PM,12:04 AM,12.0,11:57 PM,12:09 AM,12.0
12427,2024-09-06,PRYJ,09:05 PM,09:05 PM,0.0,09:10 PM,09:10 PM,0.0
12427,2024-09-06,CNB,11:52 PM,12:03 AM,11.0,11:57 PM,12:08 AM,11.0
12427,2024-09-07,PRYJ,09:05 PM,09:21 PM,16.0,09:10 PM,09:26 PM,16.0
12427,2024-09-07,CNB,11:52 PM,11:56 PM,4.0,11:57 PM,12:01 AM,4.0
12427,2024-09-08,PRYJ,09:05 PM,09:59 PM,54.0,09:10 PM,10:04 PM,54.0
12427,2024-09-08,CNB,11:52 PM,12:45 AM,53.0,11:57 PM,12:50 AM,53.0
12427,2024-09-09,PRYJ,09:05 PM,09:06 PM,0.0,09:10 PM,09:11 PM,0.0
12427,2024-09-09,CNB,11:52 PM,11:57 PM,5.0,11:57 PM,12:02 AM,5.0
12427,2024-09-10,PRYJ,09:05 PM,09:18 PM,13.0,09:10 PM,09:23 PM,13.0
12427,2024-09-10,CNB,11:52 PM,11:57 PM,5.0,11:57 PM,12:02 AM,5.0
12427,2024-09-11,PRYJ,09:05 PM,09:08 PM,3.0,09:10 PM,09:13 PM,3.0
12427,2024-09-11,CNB,11:52 PM,12:17 AM,25.0,11:57 PM,12:22 AM,25.0
12427,2024-09-12,PRYJ,09:05 PM,09:05 PM,0.0,09:10 PM,09:10 PM,0.0
12427,2024-09-12,CNB,11:52 PM,12:00 AM,8.0,11:57 PM,12:05 AM,8.0
12427,2024-09-13,PRYJ,09:05 PM,09:18 PM,13.0,09:10 PM,09:23 PM,13.0
12427,2024-09-13,CNB,11:52 PM,12:00 AM,8.0,11:57 PM,12:05 AM,8.0
12427,2024-09-14,PRYJ,09:05 PM,09:06 PM,0.0,09:10 PM,09:11 PM,0.0
12427,2024-09-14,CNB,11:52 PM,12:03 AM,11.0,11:57 PM,12:08 AM,11.0
12427,2024-09-15,PRYJ,09:05 PM,09:14 PM,9.0,09:10 PM,09:19 PM,9.0
12427,2024-09-15,CNB,11:52 PM,11:57 PM,5.0,11:57 PM,12:02 AM,5.0
12427,2024-09-16,PRYJ,09:05 PM,09:17 PM,12.0,09:10 PM,09:22 PM,12.0
12427,2024-09-16,CNB,11:52 PM,12:09 AM,17.0,11:57 PM,12:14 AM,17.0
12427,2024-09-17,PRYJ,09:05 PM,09:18 PM,13.0,09:10 PM,09:23 PM,13.0
12427,2024-09-17,CNB,11:52 PM,11:59 PM,7.0,11:57 PM,12:04 AM,7.0
12427,2024-09-18,PRYJ,09:05 PM,09:11 PM,6.0,09:10 PM,09:16 PM,6.0
12427,2024-09-18,CNB,11:52 PM,12:08 AM,16.0,11:57 PM,12:13 AM,16.0
12427,2024-09-19,PRYJ,09:05 PM,09:06 PM,0.0,09:10 PM,09:11 PM,0.0
12427,2024-09-19,CNB,11:52 PM,12:36 AM,44.0,11:57 PM,12:41 AM,44.0
12427,2024-09-20,PRYJ,09:05 PM,09:59 PM,54.0,09:10 PM,10:04 PM,54.0
12427,2024-09-20,CNB,11:52 PM,12:45 AM,53.0,11:57 PM,12:50 AM,53.0
12427,2024-09-21,PRYJ,09:05 PM,09:26 PM,21.0,09:10 PM,09:31 PM,21.0
12427,2024-09-21,CNB,11:52 PM,11:59 PM,7.0,11:57 PM,12:04 AM,7.0
12427,2024-09-22,PRYJ,09:05 PM,09:05 PM,0.0,09:10 PM,09:10 PM,0.0
12427,2024-09-22,CNB,11:52 PM,12:00 AM,8.0,11:57 PM,12:05 AM,8.0
12427,2024-09-23,PRYJ,09:05 PM,09:05 PM,0.0,09:10 PM,09:10 PM,0.0
12427,2024-09-23,CNB,11:52 PM,11:55 PM,3.0,11:57 PM,12:00 AM,3.0
12427,2024-09-24,PRYJ,09:05 PM,09:05 PM,0.0,09:10 PM,09:10 PM,0.0
12427,2024-09-24,CNB,11:52 PM,11:52 PM,0.0,11:57 PM,11:57 PM,0.0
12427,2024-09-25,PRYJ,09:05 PM,09:05 PM,0.0,09:10 PM,09:10 PM,0.0
12427,2024-09-25,CNB,11:52 PM,11:58 PM,6.0,11:57 PM,12:03 AM,6.0
12427,2024-09-26,PRYJ,09:05 PM,09:06 PM,0.0,09:10 PM,09:11 PM,0.0
12427,2024-09-26,CNB,11:52 PM,12:10 AM,18.0,11:57 PM,12:15 AM,18.0
12427,2024-09-27,PRYJ,09:05 PM,09:05 PM,0.0,09:10 PM,09:10 PM,0.0
12427,2024-09-27,CNB,11:52 PM,12:02 AM,10.0,11:57 PM,12:07 AM,10.0
12427,2024-09-28,PRYJ,09:05 PM,09:05 PM,0.0,09:10 PM,09:10 PM,0.0
12427,2024-09-28,CNB,11:52 PM,12:02 AM,10.0,11:57 PM,12:07 AM,10.0
12427,2024-09-29,PRYJ,09:05 PM,09:20 PM,15.0,09:10 PM,09:25 PM,15.0
12427,2024-09-29,CNB,11:52 PM,12:08 AM,16.0,11:57 PM,12:13 AM,16.0
12427,2024-09-30,PRYJ,09:05 PM,09:07 PM,2.0,09:10 PM,09:12 PM,2.0
12427,2024-09-30,CNB,11:52 PM,12:12 AM,20.0,11:57 PM,12:17 AM,20.0
4125,2024-09-02,CNB,07:50 AM,07:50 AM,0.0,07:55 AM,07:55 AM,0.0
4125,2024-09-09,CNB,07:50 AM,07:50 AM,0.0,07:55 AM,07:55 AM,0.0
4125,2024-09-16,CNB,07:50 AM,07:50 AM,0.0,07:55 AM,07:55 AM,0.0
4125,2024-09-23,CNB,07:50 AM,07:50 AM,0.0,07:55 AM,07:55 AM,0.0
4125,2024-09-30,CNB,07:50 AM,07:50 AM,0.0,07:55 AM,07:55 AM,0.0
12370,2024-09-01,DDU,02:10 PM,02:41 PM,31.0,02:20 PM,02:51 PM,31.0
12370,2024-09-01,BXR,03:38 PM,04:39 PM,61.0,03:40 PM,04:41 PM,61.0
12370,2024-09-02,DDU,02:10 PM,02:10 PM,0.0,02:20 PM,02:20 PM,0.0
12370,2024-09-02,BXR,03:38 PM,03:40 PM,2.0,03:40 PM,03:42 PM,2.0
12370,2024-09-03,DDU,02:10 PM,02:10 PM,0.0,02:20 PM,02:20 PM,0.0
12370,2024-09-03,BXR,03:38 PM,03:38 PM,0.0,03:40 PM,03:40 PM,0.0
12370,2024-09-05,DDU,02:10 PM,02:10 PM,0.0,02:20 PM,02:20 PM,0.0
12370,2024-09-05,BXR,03:38 PM,03:40 PM,2.0,03:40 PM,03:42 PM,2.0
12370,2024-09-06,DDU,02:10 PM,03:43 AM,813.0,02:20 PM,03:53 AM,813.0
12370,2024-09-06,BXR,03:38 PM,05:08 AM,810.0,03:40 PM,05:10 AM,810.0
12370,2024-09-08,DDU,02:10 PM,03:40 PM,90.0,02:20 PM,03:50 PM,90.0
12370,2024-09-08,BXR,03:38 PM,05:11 PM,93.0,03:40 PM,05:13 PM,93.0
12370,2024-09-09,DDU,02:10 PM,07:35 AM,1045.0,02:20 PM,07:45 AM,1045.0
12370,2024-09-09,BXR,03:38 PM,09:14 AM,1056.0,03:40 PM,09:16 AM,1056.0
12370,2024-09-10,DDU,02:10 PM,02:10 PM,0.0,02:20 PM,02:20 PM,0.0
12370,2024-09-10,BXR,03:38 PM,03:38 PM,0.0,03:40 PM,03:40 PM,0.0
12370,2024-09-12,DDU,02:10 PM,02:10 PM,0.0,02:20 PM,02:20 PM,0.0
12370,2024-09-12,BXR,03:38 PM,03:38 PM,0.0,03:40 PM,03:40 PM,0.0
12370,2024-09-13,DDU,02:10 PM,02:10 PM,0.0,02:20 PM,02:20 PM,0.0
12370,2024-09-13,BXR,03:38 PM,03:38 PM,0.0,03:40 PM,03:40 PM,0.0
12370,2024-09-15,DDU,02:10 PM,02:10 PM,0.0,02:20 PM,02:20 PM,0.0
12370,2024-09-15,BXR,03:38 PM,03:38 PM,0.0,03:40 PM,03:40 PM,0.0
12370,2024-09-16,DDU,02:10 PM,02:10 PM,0.0,02:20 PM,02:20 PM,0.0
12370,2024-09-16,BXR,03:38 PM,03:38 PM,0.0,03:40 PM,03:40 PM,0.0
12370,2024-09-17,DDU,02:10 PM,02:10 PM,0.0,02:20 PM,02:20 PM,0.0
12370,2024-09-17,BXR,03:38 PM,03:38 PM,0.0,03:40 PM,03:40 PM,0.0
12370,2024-09-20,DDU,02:10 PM,02:43 PM,33.0,02:20 PM,02:53 PM,33.0
12370,2024-09-20,BXR,03:38 PM,04:17 PM,39.0,03:40 PM,04:19 PM,39.0
12370,2024-09-22,DDU,02:10 PM,02:10 PM,0.0,02:20 PM,02:20 PM,0.0
12370,2024-09-22,BXR,03:38 PM,03:38 PM,0.0,03:40 PM,03:40 PM,0.0
12370,2024-09-23,DDU,02:10 PM,02:38 PM,28.0,02:20 PM,02:48 PM,28.0
12370,2024-09-23,BXR,03:38 PM,03:52 PM,14.0,03:40 PM,03:54 PM,14.0
12370,2024-09-24,DDU,02:10 PM,02:22 PM,12.0,02:20 PM,02:32 PM,12.0
12370,2024-09-24,BXR,03:38 PM,03:45 PM,7.0,03:40 PM,03:47 PM,7.0
12370,2024-09-26,DDU,02:10 PM,03:49 PM,99.0,02:20 PM,03:59 PM,99.0
12370,2024-09-26,BXR,03:38 PM,03:38 PM,0.0,03:40 PM,03:40 PM,0.0
12370,2024-09-27,DDU,02:10 PM,03:10 PM,60.0,02:20 PM,03:20 PM,60.0
12370,2024-09-27,BXR,03:38 PM,04:30 PM,52.0,03:40 PM,04:32 PM,52.0
12370,2024-09-29,DDU,02:10 PM,02:42 PM,32.0,02:20 PM,02:52 PM,32.0
12370,2024-09-29,BXR,03:38 PM,04:04 PM,26.0,03:40 PM,04:06 PM,26.0
12370,2024-09-30,DDU,02:10 PM,02:10 PM,0.0,02:20 PM,02:20 PM,0.0
12370,2024-09-30,BXR,03:38 PM,03:38 PM,0.0,03:40 PM,03:40 PM,0.0
11079,2024-09-05,CNB,01:00 PM,01:00 PM,0.0,01:05 PM,01:05 PM,0.0
11079,2024-09-12,CNB,01:00 PM,01:05 PM,5.0,01:05 PM,01:10 PM,5.0
11079,2024-09-19,CNB,01:00 PM,01:00 PM,0.0,01:05 PM,01:05 PM,0.0
11079,2024-09-26,CNB,01:00 PM,01:04 PM,4.0,01:05 PM,01:09 PM,4.0
1666,2024-09-01,BXR,12:10 AM,12:10 AM,0.0,12:12 AM,12:12 AM,0.0
1666,2024-09-01,DDU,02:00 AM,11:57 AM,597.0,02:10 AM,12:07 PM,597.0
1666,2024-09-08,BXR,12:10 AM,12:10 AM,0.0,12:12 AM,12:12 AM,0.0
1666,2024-09-08,DDU,02:00 AM,02:00 AM,0.0,02:10 AM,02:10 AM,0.0
1666,2024-09-15,BXR,12:10 AM,12:10 AM,0.0,12:12 AM,12:12 AM,0.0
1666,2024-09-15,DDU,02:00 AM,02:00 AM,0.0,02:10 AM,02:10 AM,0.0
1666,2024-09-22,BXR,12:10 AM,12:10 AM,0.0,12:12 AM,12:12 AM,0.0
1666,2024-09-22,DDU,02:00 AM,02:00 AM,0.0,02:10 AM,02:10 AM,0.0
1666,2024-09-29,BXR,12:10 AM,06:54 AM,404.0,12:12 AM,06:56 AM,404.0
1666,2024-09-29,DDU,02:00 AM,08:09 AM,369.0,02:10 AM,08:19 AM,369.0
20933,2024-09-03,PRYJ,04:10 AM,04:10 AM,0.0,04:35 AM,04:35 AM,0.0
20933,2024-09-03,DDU,08:30 AM,08:30 AM,0.0,08:40 AM,08:40 AM,0.0
20933,2024-09-03,BXR,09:44 AM,09:44 AM,0.0,09:46 AM,09:46 AM,0.0
20933,2024-09-07,PRYJ,04:10 AM,04:10 AM,0.0,04:35 AM,04:35 AM,0.0
20933,2024-09-07,DDU,08:30 AM,08:30 AM,0.0,08:40 AM,08:40 AM,0.0
20933,2024-09-07,BXR,09:44 AM,09:44 AM,0.0,09:46 AM,09:46 AM,0.0
20933,2024-09-10,PRYJ,04:10 AM,04:10 AM,0.0,04:35 AM,04:35 AM,0.0
20933,2024-09-10,DDU,08:30 AM,08:30 AM,0.0,08:40 AM,08:40 AM,0.0
20933,2024-09-10,BXR,09:44 AM,09:44 AM,0.0,09:46 AM,09:46 AM,0.0
20933,2024-09-14,PRYJ,04:10 AM,04:10 AM,0.0,04:35 AM,04:35 AM,0.0
20933,2024-09-14,DDU,08:30 AM,08:30 AM,0.0,08:40 AM,08:40 AM,0.0
20933,2024-09-14,BXR,09:44 AM,09:44 AM,0.0,09:46 AM,09:46 AM,0.0
20933,2024-09-17,PRYJ,04:10 AM,04:10 AM,0.0,04:35 AM,04:35 AM,0.0
20933,2024-09-17,DDU,08:30 AM,08:30 AM,0.0,08:40 AM,08:40 AM,0.0
20933,2024-09-17,BXR,09:44 AM,09:44 AM,0.0,09:46 AM,09:46 AM,0.0
20933,2024-09-24,PRYJ,04:10 AM,04:10 AM,0.0,04:35 AM,04:35 AM,0.0
20933,2024-09-24,DDU,08:30 AM,08:30 AM,0.0,08:40 AM,08:40 AM,0.0
20933,2024-09-24,BXR,09:44 AM,09:44 AM,0.0,09:46 AM,09:46 AM,0.0
20933,2024-09-28,PRYJ,04:10 AM,04:10 AM,0.0,04:35 AM,04:35 AM,0.0
20933,2024-09-28,DDU,08:30 AM,08:30 AM,0.0,08:40 AM,08:40 AM,0.0
20933,2024-09-28,BXR,09:44 AM,09:44 AM,0.0,09:46 AM,09:46 AM,0.0
19402,2024-09-03,CNB,12:30 AM,12:32 AM,2.0,12:35 AM,12:37 AM,2.0
19402,2024-09-10,CNB,12:30 AM,01:18 AM,48.0,12:35 AM,01:23 AM,48.0
19402,2024-09-24,CNB,12:30 AM,12:46 AM,16.0,12:35 AM,12:51 AM,16.0
12534,2024-09-01,CNB,04:40 AM,04:40 AM,0.0,04:50 AM,04:50 AM,0.0
12534,2024-09-02,CNB,04:40 AM,05:06 AM,26.0,04:50 AM,05:16 AM,26.0
12534,2024-09-03,CNB,04:40 AM,04:51 AM,11.0,04:50 AM,05:01 AM,11.0
12534,2024-09-04,CNB,04:40 AM,04:40 AM,0.0,04:50 AM,04:50 AM,0.0
12534,2024-09-05,CNB,04:40 AM,06:35 AM,115.0,04:50 AM,06:45 AM,115.0
12534,2024-09-06,CNB,04:40 AM,05:13 AM,33.0,04:50 AM,05:23 AM,33.0
12534,2024-09-07,CNB,04:40 AM,04:41 AM,0.0,04:50 AM,04:51 AM,0.0
12534,2024-09-08,CNB,04:40 AM,04:40 AM,0.0,04:50 AM,04:50 AM,0.0
12534,2024-09-09,CNB,04:40 AM,04:40 AM,0.0,04:50 AM,04:50 AM,0.0
12534,2024-09-10,CNB,04:40 AM,05:13 AM,33.0,04:50 AM,05:23 AM,33.0
12534,2024-09-11,CNB,04:40 AM,04:40 AM,0.0,04:50 AM,04:50 AM,0.0
12534,2024-09-12,CNB,04:40 AM,04:43 AM,3.0,04:50 AM,04:53 AM,3.0
12534,2024-09-13,CNB,04:40 AM,04:45 AM,5.0,04:50 AM,04:55 AM,5.0
12534,2024-09-14,CNB,04:40 AM,04:40 AM,0.0,04:50 AM,04:50 AM,0.0
12534,2024-09-15,CNB,04:40 AM,04:42 AM,2.0,04:50 AM,04:52 AM,2.0
12534,2024-09-16,CNB,04:40 AM,04:45 AM,5.0,04:50 AM,04:55 AM,5.0
12534,2024-09-17,CNB,04:40 AM,05:53 AM,73.0,04:50 AM,06:03 AM,73.0
12534,2024-09-18,CNB,04:40 AM,05:31 AM,51.0,04:50 AM,05:41 AM,51.0
12534,2024-09-19,CNB,04:40 AM,04:40 AM,0.0,04:50 AM,04:50 AM,0.0
12534,2024-09-20,CNB,04:40 AM,04:42 AM,2.0,04:50 AM,04:52 AM,2.0
12534,2024-09-21,CNB,04:40 AM,04:45 AM,5.0,04:50 AM,04:55 AM,5.0
12534,2024-09-22,CNB,04:40 AM,04:40 AM,0.0,04:50 AM,04:50 AM,0.0
12534,2024-09-23,CNB,04:40 AM,04:45 AM,5.0,04:50 AM,04:55 AM,5.0
12534,2024-09-24,CNB,04:40 AM,04:40 AM,0.0,04:50 AM,04:50 AM,0.0
12534,2024-09-25,CNB,04:40 AM,04:41 AM,0.0,04:50 AM,04:51 AM,0.0
12534,2024-09-26,CNB,04:40 AM,05:51 AM,71.0,04:50 AM,06:01 AM,71.0
12534,2024-09-27,CNB,04:40 AM,04:44 AM,4.0,04:50 AM,04:54 AM,4.0
12534,2024-09-28,CNB,04:40 AM,04:40 AM,0.0,04:50 AM,04:50 AM,0.0
12534,2024-09-29,CNB,04:40 AM,04:42 AM,2.0,04:50 AM,04:52 AM,2.0
12534,2024-09-30,CNB,04:40 AM,04:40 AM,0.0,04:50 AM,04:50 AM,0.0
14117,2024-09-01,PRYJ,03:50 PM,03:51 PM,0.0,03:50 PM,03:51 PM,0.0
14117,2024-09-01,CNB,06:15 PM,07:49 PM,94.0,06:20 PM,07:54 PM,94.0
14117,2024-09-02,PRYJ,03:50 PM,03:51 PM,0.0,03:50 PM,03:51 PM,0.0
14117,2024-09-02,CNB,06:15 PM,07:38 PM,83.0,06:20 PM,07:43 PM,83.0
14117,2024-09-03,PRYJ,03:50 PM,03:51 PM,0.0,03:50 PM,03:51 PM,0.0
14117,2024-09-03,CNB,06:15 PM,07:55 PM,100.0,06:20 PM,08:00 PM,100.0
14117,2024-09-04,PRYJ,03:50 PM,03:50 PM,0.0,03:50 PM,03:50 PM,0.0
14117,2024-09-04,CNB,06:15 PM,07:05 PM,50.0,06:20 PM,07:10 PM,50.0
14117,2024-09-05,PRYJ,03:50 PM,03:50 PM,0.0,03:50 PM,03:50 PM,0.0
14117,2024-09-05,CNB,06:15 PM,07:24 PM,69.0,06:20 PM,07:29 PM,69.0
14117,2024-09-06,PRYJ,03:50 PM,03:51 PM,0.0,03:50 PM,03:51 PM,0.0
14117,2024-09-06,CNB,06:15 PM,07:35 PM,80.0,06:20 PM,07:40 PM,80.0
14117,2024-09-07,PRYJ,03:50 PM,03:52 PM,2.0,03:50 PM,03:52 PM,2.0
14117,2024-09-07,CNB,06:15 PM,07:58 PM,103.0,06:20 PM,08:03 PM,103.0
14117,2024-09-08,PRYJ,03:50 PM,03:50 PM,0.0,03:50 PM,03:50 PM,0.0
14117,2024-09-08,CNB,06:15 PM,07:24 PM,69.0,06:20 PM,07:29 PM,69.0
14117,2024-09-09,PRYJ,03:50 PM,03:50 PM,0.0,03:50 PM,03:50 PM,0.0
14117,2024-09-09,CNB,06:15 PM,08:11 PM,116.0,06:20 PM,08:16 PM,116.0
14117,2024-09-10,PRYJ,03:50 PM,03:53 PM,3.0,03:50 PM,03:53 PM,3.0
14117,2024-09-10,CNB,06:15 PM,07:48 PM,93.0,06:20 PM,07:53 PM,93.0
14117,2024-09-11,PRYJ,03:50 PM,03:50 PM,0.0,03:50 PM,03:50 PM,0.0
14117,2024-09-11,CNB,06:15 PM,08:01 PM,106.0,06:20 PM,08:06 PM,106.0
14117,2024-09-12,PRYJ,03:50 PM,03:52 PM,2.0,03:50 PM,03:52 PM,2.0
14117,2024-09-12,CNB,06:15 PM,07:42 PM,87.0,06:20 PM,07:47 PM,87.0
14117,2024-09-13,PRYJ,03:50 PM,03:50 PM,0.0,03:50 PM,03:50 PM,0.0
14117,2024-09-13,CNB,06:15 PM,07:15 PM,60.0,06:20 PM,07:20 PM,60.0
14117,2024-09-14,PRYJ,03:50 PM,03:50 PM,0.0,03:50 PM,03:50 PM,0.0
14117,2024-09-14,CNB,06:15 PM,07:22 PM,67.0,06:20 PM,07:27 PM,67.0
14117,2024-09-15,PRYJ,03:50 PM,03:52 PM,2.0,03:50 PM,03:52 PM,2.0
14117,2024-09-15,CNB,06:15 PM,07:32 PM,77.0,06:20 PM,07:37 PM,77.0
14117,2024-09-16,PRYJ,03:50 PM,03:50 PM,0.0,03:50 PM,03:50 PM,0.0
14117,2024-09-16,CNB,06:15 PM,08:24 PM,129.0,06:20 PM,08:29 PM,129.0
14117,2024-09-17,PRYJ,03:50 PM,03:52 PM,2.0,03:50 PM,03:52 PM,2.0
14117,2024-09-17,CNB,06:15 PM,07:39 PM,84.0,06:20 PM,07:44 PM,84.0
14117,2024-09-18,PRYJ,03:50 PM,03:51 PM,0.0,03:50 PM,03:51 PM,0.0
14117,2024-09-18,CNB,06:15 PM,08:18 PM,123.0,06:20 PM,08:23 PM,123.0
14117,2024-09-19,PRYJ,03:50 PM,03:52 PM,2.0,03:50 PM,03:52 PM,2.0
14117,2024-09-19,CNB,06:15 PM,07:36 PM,81.0,06:20 PM,07:41 PM,81.0
14117,2024-09-20,PRYJ,03:50 PM,03:50 PM,0.0,03:50 PM,03:50 PM,0.0
14117,2024-09-20,CNB,06:15 PM,07:22 PM,67.0,06:20 PM,07:27 PM,67.0
14117,2024-09-21,PRYJ,03:50 PM,03:51 PM,0.0,03:50 PM,03:51 PM,0.0
14117,2024-09-21,CNB,06:15 PM,06:42 PM,27.0,06:20 PM,06:47 PM,27.0
14117,2024-09-22,PRYJ,03:50 PM,03:52 PM,2.0,03:50 PM,03:52 PM,2.0
14117,2024-09-22,CNB,06:15 PM,06:48 PM,33.0,06:20 PM,06:53 PM,33.0
14117,2024-09-23,PRYJ,03:50 PM,03:52 PM,2.0,03:50 PM,03:52 PM,2.0
14117,2024-09-23,CNB,06:15 PM,07:23 PM,68.0,06:20 PM,07:28 PM,68.0
14117,2024-09-24,PRYJ,03:50 PM,03:50 PM,0.0,03:50 PM,03:50 PM,0.0
14117,2024-09-24,CNB,06:15 PM,07:40 PM,85.0,06:20 PM,07:45 PM,85.0
14117,2024-09-25,PRYJ,03:50 PM,03:50 PM,0.0,03:50 PM,03:50 PM,0.0
14117,2024-09-25,CNB,06:15 PM,07:39 PM,84.0,06:20 PM,07:44 PM,84.0
14117,2024-09-26,PRYJ,03:50 PM,03:50 PM,0.0,03:50 PM,03:50 PM,0.0
14117,2024-09-26,CNB,06:15 PM,07:45 PM,90.0,06:20 PM,07:50 PM,90.0
14117,2024-09-27,PRYJ,03:50 PM,03:51 PM,0.0,03:50 PM,03:51 PM,0.0
14117,2024-09-27,CNB,06:15 PM,07:41 PM,86.0,06:20 PM,07:46 PM,86.0
14117,2024-09-28,PRYJ,03:50 PM,03:50 PM,0.0,03:50 PM,03:50 PM,0.0
14117,2024-09-28,CNB,06:15 PM,07:38 PM,83.0,06:20 PM,07:43 PM,83.0
14117,2024-09-29,PRYJ,03:50 PM,03:51 PM,0.0,03:50 PM,03:51 PM,0.0
14117,2024-09-29,CNB,06:15 PM,07:45 PM,90.0,06:20 PM,07:50 PM,90.0
14117,2024-09-30,PRYJ,03:50 PM,03:50 PM,0.0,03:50 PM,03:50 PM,0.0
14117,2024-09-30,CNB,06:15 PM,07:51 PM,96.0,06:20 PM,07:56 PM,96.0
15029,2024-09-05,CNB,12:30 AM,12:30 AM,0.0,12:35 AM,12:35 AM,0.0
15029,2024-09-12,CNB,12:30 AM,12:30 AM,0.0,12:35 AM,12:35 AM,0.0
15029,2024-09-19,CNB,12:30 AM,12:48 AM,18.0,12:35 AM,12:53 AM,18.0
15029,2024-09-26,CNB,12:30 AM,01:05 AM,35.0,12:35 AM,01:10 AM,35.0
18610,2024-09-06,PRYJ,04:10 PM,04:10 PM,0.0,04:35 PM,04:35 PM,0.0
18610,2024-09-06,DDU,09:15 PM,09:34 PM,19.0,09:25 PM,09:44 PM,19.0
18610,2024-09-13,PRYJ,04:10 PM,04:10 PM,0.0,04:35 PM,04:35 PM,0.0
18610,2024-09-13,DDU,09:15 PM,12:18 AM,183.0,09:25 PM,12:28 AM,183.0
18610,2024-09-20,PRYJ,04:10 PM,04:10 PM,0.0,04:35 PM,04:35 PM,0.0
18610,2024-09-20,DDU,09:15 PM,09:15 PM,0.0,09:25 PM,09:25 PM,0.0
18610,2024-09-27,PRYJ,04:10 PM,04:10 PM,0.0,04:35 PM,04:35 PM,0.0
18610,2024-09-27,DDU,09:15 PM,03:22 AM,367.0,09:25 PM,03:32 AM,367.0
12141,2024-09-01,DDU,12:25 AM,12:25 AM,0.0,12:35 AM,12:35 AM,0.0
12141,2024-09-01,BXR,01:41 AM,01:41 AM,0.0,01:43 AM,01:43 AM,0.0
12141,2024-09-02,DDU,12:25 AM,12:35 AM,10.0,12:35 AM,12:45 AM,10.0
12141,2024-09-02,BXR,01:41 AM,02:01 AM,20.0,01:43 AM,02:03 AM,20.0
12141,2024-09-03,DDU,12:25 AM,12:28 AM,3.0,12:35 AM,12:38 AM,3.0
12141,2024-09-03,BXR,01:41 AM,01:53 AM,12.0,01:43 AM,01:55 AM,12.0
12141,2024-09-04,DDU,12:25 AM,12:37 AM,12.0,12:35 AM,12:47 AM,12.0
12141,2024-09-04,BXR,01:41 AM,02:01 AM,20.0,01:43 AM,02:03 AM,20.0
12141,2024-09-05,DDU,12:25 AM,12:25 AM,0.0,12:35 AM,12:35 AM,0.0
12141,2024-09-05,BXR,01:41 AM,01:41 AM,0.0,01:43 AM,01:43 AM,0.0
12141,2024-09-06,DDU,12:25 AM,12:56 AM,31.0,12:35 AM,01:06 AM,31.0
12141,2024-09-06,BXR,01:41 AM,02:17 AM,36.0,01:43 AM,02:19 AM,36.0
12141,2024-09-07,DDU,12:25 AM,02:52 AM,147.0,12:35 AM,03:02 AM,147.0
12141,2024-09-07,BXR,01:41 AM,04:13 AM,152.0,01:43 AM,04:15 AM,152.0
12141,2024-09-09,DDU,12:25 AM,12:25 AM,0.0,12:35 AM,12:35 AM,0.0
12141,2024-09-09,BXR,01:41 AM,01:41 AM,0.0,01:43 AM,01:43 AM,0.0
12141,2024-09-10,DDU,12:25 AM,12:25 AM,0.0,12:35 AM,12:35 AM,0.0
12141,2024-09-10,BXR,01:41 AM,01:41 AM,0.0,01:43 AM,01:43 AM,0.0
12141,2024-09-11,DDU,12:25 AM,12:30 AM,5.0,12:35 AM,12:40 AM,5.0
12141,2024-09-11,BXR,01:41 AM,01:50 AM,9.0,01:43 AM,01:52 AM,9.0
12141,2024-09-12,DDU,12:25 AM,12:25 AM,0.0,12:35 AM,12:35 AM,0.0
12141,2024-09-12,BXR,01:41 AM,01:45 AM,4.0,01:43 AM,01:47 AM,4.0
12141,2024-09-14,DDU,12:25 AM,12:25 AM,0.0,12:35 AM,12:35 AM,0.0
12141,2024-09-14,BXR,01:41 AM,01:41 AM,0.0,01:43 AM,01:43 AM,0.0
12141,2024-09-15,DDU,12:25 AM,12:25 AM,0.0,12:35 AM,12:35 AM,0.0
12141,2024-09-15,BXR,01:41 AM,01:41 AM,0.0,01:43 AM,01:43 AM,0.0
12141,2024-09-16,DDU,12:25 AM,12:26 AM,0.0,12:35 AM,12:36 AM,0.0
12141,2024-09-16,BXR,01:41 AM,01:47 AM,6.0,01:43 AM,01:49 AM,6.0
12141,2024-09-17,DDU,12:25 AM,12:25 AM,0.0,12:35 AM,12:35 AM,0.0
12141,2024-09-17,BXR,01:41 AM,01:49 AM,8.0,01:43 AM,01:51 AM,8.0
12141,2024-09-18,DDU,12:25 AM,12:25 AM,0.0,12:35 AM,12:35 AM,0.0
12141,2024-09-18,BXR,01:41 AM,01:41 AM,0.0,01:43 AM,01:43 AM,0.0
12141,2024-09-19,DDU,12:25 AM,12:25 AM,0.0,12:35 AM,12:35 AM,0.0
12141,2024-09-19,BXR,01:41 AM,01:41 AM,0.0,01:43 AM,01:43 AM,0.0
12141,2024-09-21,DDU,12:25 AM,12:25 AM,0.0,12:35 AM,12:35 AM,0.0
12141,2024-09-21,BXR,01:41 AM,01:54 AM,13.0,01:43 AM,01:56 AM,13.0
12141,2024-09-22,DDU,12:25 AM,12:25 AM,0.0,12:35 AM,12:35 AM,0.0
12141,2024-09-22,BXR,01:41 AM,01:41 AM,0.0,01:43 AM,01:43 AM,0.0
12141,2024-09-23,DDU,12:25 AM,12:25 AM,0.0,12:35 AM,12:35 AM,0.0
12141,2024-09-23,BXR,01:41 AM,01:56 AM,15.0,01:43 AM,01:58 AM,15.0
12141,2024-09-24,DDU,12:25 AM,12:25 AM,0.0,12:35 AM,12:35 AM,0.0
12141,2024-09-24,BXR,01:41 AM,01:41 AM,0.0,01:43 AM,01:43 AM,0.0
12141,2024-09-25,DDU,12:25 AM,12:25 AM,0.0,12:35 AM,12:35 AM,0.0
12141,2024-09-25,BXR,01:41 AM,01:45 AM,4.0,01:43 AM,01:47 AM,4.0
12141,2024-09-26,DDU,12:25 AM,12:25 AM,0.0,12:35 AM,12:35 AM,0.0
12141,2024-09-26,BXR,01:41 AM,01:43 AM,2.0,01:43 AM,01:45 AM,2.0
12141,2024-09-27,DDU,12:25 AM,12:25 AM,0.0,12:35 AM,12:35 AM,0.0
12141,2024-09-27,BXR,01:41 AM,01:51 AM,10.0,01:43 AM,01:53 AM,10.0
12141,2024-09-28,DDU,12:25 AM,12:25 AM,0.0,12:35 AM,12:35 AM,0.0
12141,2024-09-28,BXR,01:41 AM,01:48 AM,7.0,01:43 AM,01:50 AM,7.0
12141,2024-09-29,DDU,12:25 AM,01:21 AM,56.0,12:35 AM,01:31 AM,56.0
12141,2024-09-29,BXR,01:41 AM,02:43 AM,62.0,01:43 AM,02:45 AM,62.0
12141,2024-09-30,DDU,12:25 AM,12:25 AM,0.0,12:35 AM,12:35 AM,0.0
12141,2024-09-30,BXR,01:41 AM,01:41 AM,0.0,01:43 AM,01:43 AM,0.0
9184,2024-09-06,CNB,10:15 PM,10:52 PM,37.0,10:20 PM,10:57 PM,37.0
9184,2024-09-13,CNB,10:15 PM,10:15 PM,0.0,10:20 PM,10:20 PM,0.0
9184,2024-09-20,CNB,10:15 PM,10:39 PM,24.0,10:20 PM,10:44 PM,24.0
9184,2024-09-27,CNB,10:15 PM,03:40 AM,325.0,10:20 PM,03:45 AM,325.0
22812,2024-09-02,CNB,09:42 PM,10:00 PM,18.0,09:47 PM,10:05 PM,18.0
22812,2024-09-02,PRYJ,11:53 PM,11:53 PM,0.0,11:55 PM,11:55 PM,0.0
22812,2024-09-02,DDU,01:47 AM,01:47 AM,0.0,01:57 AM,01:57 AM,0.0
22812,2024-09-09,CNB,09:42 PM,10:34 PM,52.0,09:47 PM,10:39 PM,52.0
22812,2024-09-09,PRYJ,11:53 PM,03:11 AM,198.0,11:55 PM,03:13 AM,198.0
22812,2024-09-09,DDU,01:47 AM,06:37 AM,290.0,01:57 AM,06:47 AM,290.0
22812,2024-09-13,CNB,09:42 PM,09:59 PM,17.0,09:47 PM,10:04 PM,17.0
22812,2024-09-13,PRYJ,11:53 PM,12:24 AM,31.0,11:55 PM,12:26 AM,31.0
22812,2024-09-13,DDU,01:47 AM,02:14 AM,27.0,01:57 AM,02:24 AM,27.0
22812,2024-09-20,CNB,09:42 PM,10:04 PM,22.0,09:47 PM,10:09 PM,22.0
22812,2024-09-20,PRYJ,11:53 PM,12:19 AM,26.0,11:55 PM,12:21 AM,26.0
22812,2024-09-20,DDU,01:47 AM,02:15 AM,28.0,01:57 AM,02:25 AM,28.0
22812,2024-09-23,CNB,09:42 PM,11:23 PM,101.0,09:47 PM,11:28 PM,101.0
22812,2024-09-23,PRYJ,11:53 PM,11:53 PM,0.0,11:55 PM,11:55 PM,0.0
22812,2024-09-23,DDU,01:47 AM,01:47 AM,0.0,01:57 AM,01:57 AM,0.0
22812,2024-09-27,CNB,09:42 PM,09:57 PM,15.0,09:47 PM,10:02 PM,15.0
22812,2024-09-27,PRYJ,11:53 PM,11:53 PM,0.0,11:55 PM,11:55 PM,0.0
22812,2024-09-27,DDU,01:47 AM,01:47 AM,0.0,01:57 AM,01:57 AM,0.0
12818,2024-09-02,CNB,01:45 AM,02:01 AM,16.0,01:50 AM,02:06 AM,16.0
12818,2024-09-02,PRYJ,04:15 AM,04:16 AM,0.0,04:20 AM,04:21 AM,0.0
12818,2024-09-02,DDU,06:55 AM,06:56 AM,0.0,07:05 AM,07:06 AM,0.0
12818,2024-09-05,CNB,01:45 AM,02:14 AM,29.0,01:50 AM,02:19 AM,29.0
12818,2024-09-05,PRYJ,04:15 AM,05:01 AM,46.0,04:20 AM,05:06 AM,46.0
12818,2024-09-05,DDU,06:55 AM,07:05 AM,10.0,07:05 AM,07:15 AM,10.0
12818,2024-09-07,CNB,01:45 AM,02:10 AM,25.0,01:50 AM,02:15 AM,25.0
12818,2024-09-07,PRYJ,04:15 AM,04:36 AM,21.0,04:20 AM,04:41 AM,21.0
12818,2024-09-07,DDU,06:55 AM,06:55 AM,0.0,07:05 AM,07:05 AM,0.0
12818,2024-09-09,CNB,01:45 AM,01:45 AM,0.0,01:50 AM,01:50 AM,0.0
12818,2024-09-09,PRYJ,04:15 AM,04:15 AM,0.0,04:20 AM,04:20 AM,0.0
12818,2024-09-09,DDU,06:55 AM,06:55 AM,0.0,07:05 AM,07:05 AM,0.0
12818,2024-09-12,CNB,01:45 AM,01:52 AM,7.0,01:50 AM,01:57 AM,7.0
12818,2024-09-12,PRYJ,04:15 AM,04:20 AM,5.0,04:20 AM,04:25 AM,5.0
12818,2024-09-12,DDU,06:55 AM,06:56 AM,0.0,07:05 AM,07:06 AM,0.0
12818,2024-09-14,CNB,01:45 AM,02:22 AM,37.0,01:50 AM,02:27 AM,37.0
12818,2024-09-14,PRYJ,04:15 AM,05:06 AM,51.0,04:20 AM,05:11 AM,51.0
12818,2024-09-14,DDU,06:55 AM,07:28 AM,33.0,07:05 AM,07:38 AM,33.0
12818,2024-09-16,CNB,01:45 AM,02:23 AM,38.0,01:50 AM,02:28 AM,38.0
12818,2024-09-16,PRYJ,04:15 AM,05:05 AM,50.0,04:20 AM,05:10 AM,50.0
12818,2024-09-16,DDU,06:55 AM,06:55 AM,0.0,07:05 AM,07:05 AM,0.0
12818,2024-09-21,CNB,01:45 AM,02:18 AM,33.0,01:50 AM,02:23 AM,33.0
12818,2024-09-21,PRYJ,04:15 AM,04:48 AM,33.0,04:20 AM,04:53 AM,33.0
12818,2024-09-21,DDU,06:55 AM,07:14 AM,19.0,07:05 AM,07:24 AM,19.0
12818,2024-09-23,CNB,01:45 AM,03:38 AM,113.0,01:50 AM,03:43 AM,113.0
12818,2024-09-23,PRYJ,04:15 AM,06:16 AM,121.0,04:20 AM,06:21 AM,121.0
12818,2024-09-23,DDU,06:55 AM,08:23 AM,88.0,07:05 AM,08:33 AM,88.0
12818,2024-09-26,CNB,01:45 AM,02:18 AM,33.0,01:50 AM,02:23 AM,33.0
12818,2024-09-26,PRYJ,04:15 AM,04:34 AM,19.0,04:20 AM,04:39 AM,19.0
12818,2024-09-26,DDU,06:55 AM,07:05 AM,10.0,07:05 AM,07:15 AM,10.0
12818,2024-09-28,CNB,01:45 AM,02:08 AM,23.0,01:50 AM,02:13 AM,23.0
12818,2024-09-28,PRYJ,04:15 AM,04:19 AM,4.0,04:20 AM,04:24 AM,4.0
12818,2024-09-28,DDU,06:55 AM,06:55 AM,0.0,07:05 AM,07:05 AM,0.0
12818,2024-09-30,CNB,01:45 AM,01:45 AM,0.0,01:50 AM,01:50 AM,0.0
12818,2024-09-30,PRYJ,04:15 AM,04:15 AM,0.0,04:20 AM,04:20 AM,0.0
12818,2024-09-30,DDU,06:55 AM,06:55 AM,0.0,07:05 AM,07:05 AM,0.0
20941,2024-09-06,CNB,10:40 PM,11:08 PM,28.0,10:45 PM,11:13 PM,28.0
20941,2024-09-06,PRYJ,01:25 AM,01:29 AM,4.0,01:30 AM,01:34 AM,4.0
20941,2024-09-08,CNB,10:40 PM,10:55 PM,15.0,10:45 PM,11:00 PM,15.0
20941,2024-09-08,PRYJ,01:25 AM,01:27 AM,2.0,01:30 AM,01:32 AM,2.0
20941,2024-09-13,CNB,10:40 PM,11:14 PM,34.0,10:45 PM,11:19 PM,34.0
20941,2024-09-13,PRYJ,01:25 AM,01:50 AM,25.0,01:30 AM,01:55 AM,25.0
20941,2024-09-15,CNB,10:40 PM,11:40 PM,60.0,10:45 PM,11:45 PM,60.0
20941,2024-09-15,PRYJ,01:25 AM,02:21 AM,56.0,01:30 AM,02:26 AM,56.0
20941,2024-09-20,CNB,10:40 PM,11:59 PM,79.0,10:45 PM,12:04 AM,79.0
20941,2024-09-20,PRYJ,01:25 AM,02:33 AM,68.0,01:30 AM,02:38 AM,68.0
20941,2024-09-22,CNB,10:40 PM,12:33 AM,113.0,10:45 PM,12:38 AM,113.0
20941,2024-09-22,PRYJ,01:25 AM,02:55 AM,90.0,01:30 AM,03:00 AM,90.0
20941,2024-09-29,CNB,10:40 PM,11:38 PM,58.0,10:45 PM,11:43 PM,58.0
20941,2024-09-29,PRYJ,01:25 AM,01:52 AM,27.0,01:30 AM,01:57 AM,27.0
12540,2024-09-06,PRYJ,01:15 AM,01:16 AM,0.0,01:40 AM,01:41 AM,0.0
12540,2024-09-13,PRYJ,01:15 AM,01:15 AM,0.0,01:40 AM,01:40 AM,0.0
12540,2024-09-20,PRYJ,01:15 AM,01:17 AM,2.0,01:40 AM,01:42 AM,2.0
12540,2024-09-27,PRYJ,01:15 AM,01:15 AM,0.0,01:40 AM,01:40 AM,0.0
22445,2024-09-02,CNB,05:45 PM,05:45 PM,0.0,05:45 PM,05:45 PM,0.0
22445,2024-09-09,CNB,05:45 PM,06:15 PM,30.0,05:45 PM,06:15 PM,30.0
22445,2024-09-16,CNB,05:45 PM,05:45 PM,0.0,05:45 PM,05:45 PM,0.0
22445,2024-09-23,CNB,05:45 PM,05:45 PM,0.0,05:45 PM,05:45 PM,0.0
22445,2024-09-30,CNB,05:45 PM,05:45 PM,0.0,05:45 PM,05:45 PM,0.0
4056,2024-09-04,CNB,12:25 AM,12:47 AM,22.0,12:30 AM,12:52 AM,22.0
4056,2024-09-04,PRYJ,03:25 AM,03:25 AM,0.0,03:30 AM,03:30 AM,0.0
4056,2024-09-11,CNB,12:25 AM,02:05 AM,100.0,12:30 AM,02:10 AM,100.0
4056,2024-09-11,PRYJ,03:25 AM,03:25 AM,0.0,03:30 AM,03:30 AM,0.0
4056,2024-09-18,CNB,12:25 AM,12:34 AM,9.0,12:30 AM,12:39 AM,9.0
4056,2024-09-18,PRYJ,03:25 AM,03:25 AM,0.0,03:30 AM,03:30 AM,0.0
4056,2024-09-25,CNB,12:25 AM,01:08 AM,43.0,12:30 AM,01:13 AM,43.0
4056,2024-09-25,PRYJ,03:25 AM,03:40 AM,15.0,03:30 AM,03:45 AM,15.0
12313,2024-09-01,DDU,01:15 AM,01:15 AM,0.0,01:25 AM,01:25 AM,0.0
12313,2024-09-01,CNB,05:20 AM,05:20 AM,0.0,05:25 AM,05:25 AM,0.0
12313,2024-09-03,DDU,01:15 AM,01:17 AM,2.0,01:25 AM,01:27 AM,2.0
12313,2024-09-03,CNB,05:20 AM,05:28 AM,8.0,05:25 AM,05:33 AM,8.0
12313,2024-09-04,DDU,01:15 AM,01:24 AM,9.0,01:25 AM,01:34 AM,9.0
12313,2024-09-04,CNB,05:20 AM,05:22 AM,2.0,05:25 AM,05:27 AM,2.0
12313,2024-09-05,DDU,01:15 AM,01:22 AM,7.0,01:25 AM,01:32 AM,7.0
12313,2024-09-05,CNB,05:20 AM,05:40 AM,20.0,05:25 AM,05:45 AM,20.0
12313,2024-09-06,DDU,01:15 AM,01:16 AM,0.0,01:25 AM,01:26 AM,0.0
12313,2024-09-06,CNB,05:20 AM,05:20 AM,0.0,05:25 AM,05:25 AM,0.0
12313,2024-09-07,DDU,01:15 AM,01:16 AM,0.0,01:25 AM,01:26 AM,0.0
12313,2024-09-07,CNB,05:20 AM,05:20 AM,0.0,05:25 AM,05:25 AM,0.0
12313,2024-09-08,DDU,01:15 AM,01:16 AM,0.0,01:25 AM,01:26 AM,0.0
12313,2024-09-08,CNB,05:20 AM,05:22 AM,2.0,05:25 AM,05:27 AM,2.0
12313,2024-09-09,DDU,01:15 AM,01:28 AM,13.0,01:25 AM,01:38 AM,13.0
12313,2024-09-09,CNB,05:20 AM,05:28 AM,8.0,05:25 AM,05:33 AM,8.0
12313,2024-09-10,DDU,01:15 AM,01:15 AM,0.0,01:25 AM,01:25 AM,0.0
12313,2024-09-10,CNB,05:20 AM,05:30 AM,10.0,05:25 AM,05:35 AM,10.0
12313,2024-09-11,DDU,01:15 AM,01:15 AM,0.0,01:25 AM,01:25 AM,0.0
12313,2024-09-11,CNB,05:20 AM,05:21 AM,0.0,05:25 AM,05:26 AM,0.0
12313,2024-09-12,DDU,01:15 AM,01:24 AM,9.0,01:25 AM,01:34 AM,9.0
12313,2024-09-12,CNB,05:20 AM,05:31 AM,11.0,05:25 AM,05:36 AM,11.0
12313,2024-09-13,DDU,01:15 AM,01:15 AM,0.0,01:25 AM,01:25 AM,0.0
12313,2024-09-13,CNB,05:20 AM,05:28 AM,8.0,05:25 AM,05:33 AM,8.0
12313,2024-09-14,DDU,01:15 AM,01:28 AM,13.0,01:25 AM,01:38 AM,13.0
12313,2024-09-14,CNB,05:20 AM,05:27 AM,7.0,05:25 AM,05:32 AM,7.0
12313,2024-09-15,DDU,01:15 AM,01:25 AM,10.0,01:25 AM,01:35 AM,10.0
12313,2024-09-15,CNB,05:20 AM,05:21 AM,0.0,05:25 AM,05:26 AM,0.0
12313,2024-09-16,DDU,01:15 AM,01:28 AM,13.0,01:25 AM,01:38 AM,13.0
12313,2024-09-16,CNB,05:20 AM,05:42 AM,22.0,05:25 AM,05:47 AM,22.0
12313,2024-09-17,DDU,01:15 AM,01:16 AM,0.0,01:25 AM,01:26 AM,0.0
12313,2024-09-17,CNB,05:20 AM,05:53 AM,33.0,05:25 AM,05:58 AM,33.0
12313,2024-09-18,DDU,01:15 AM,01:17 AM,2.0,01:25 AM,01:27 AM,2.0
12313,2024-09-18,CNB,05:20 AM,05:29 AM,9.0,05:25 AM,05:34 AM,9.0
12313,2024-09-19,DDU,01:15 AM,01:22 AM,7.0,01:25 AM,01:32 AM,7.0
12313,2024-09-19,CNB,05:20 AM,06:02 AM,42.0,05:25 AM,06:07 AM,42.0
12313,2024-09-20,DDU,01:15 AM,01:16 AM,0.0,01:25 AM,01:26 AM,0.0
12313,2024-09-20,CNB,05:20 AM,05:24 AM,4.0,05:25 AM,05:29 AM,4.0
12313,2024-09-21,DDU,01:15 AM,01:15 AM,0.0,01:25 AM,01:25 AM,0.0
12313,2024-09-21,CNB,05:20 AM,05:20 AM,0.0,05:25 AM,05:25 AM,0.0
12313,2024-09-22,DDU,01:15 AM,01:15 AM,0.0,01:25 AM,01:25 AM,0.0
12313,2024-09-22,CNB,05:20 AM,05:21 AM,0.0,05:25 AM,05:26 AM,0.0
12313,2024-09-23,DDU,01:15 AM,01:15 AM,0.0,01:25 AM,01:25 AM,0.0
12313,2024-09-23,CNB,05:20 AM,05:20 AM,0.0,05:25 AM,05:25 AM,0.0
12313,2024-09-24,DDU,01:15 AM,01:15 AM,0.0,01:25 AM,01:25 AM,0.0
12313,2024-09-24,CNB,05:20 AM,05:20 AM,0.0,05:25 AM,05:25 AM,0.0
12313,2024-09-25,DDU,01:15 AM,01:22 AM,7.0,01:25 AM,01:32 AM,7.0
12313,2024-09-25,CNB,05:20 AM,05:23 AM,3.0,05:25 AM,05:28 AM,3.0
12313,2024-09-26,DDU,01:15 AM,01:20 AM,5.0,01:25 AM,01:30 AM,5.0
12313,2024-09-26,CNB,05:20 AM,05:20 AM,0.0,05:25 AM,05:25 AM,0.0
12313,2024-09-27,DDU,01:15 AM,01:17 AM,2.0,01:25 AM,01:27 AM,2.0
12313,2024-09-27,CNB,05:20 AM,05:23 AM,3.0,05:25 AM,05:28 AM,3.0
12313,2024-09-28,DDU,01:15 AM,01:21 AM,6.0,01:25 AM,01:31 AM,6.0
12313,2024-09-28,CNB,05:20 AM,05:24 AM,4.0,05:25 AM,05:29 AM,4.0
12313,2024-09-29,DDU,01:15 AM,01:17 AM,2.0,01:25 AM,01:27 AM,2.0
12313,2024-09-29,CNB,05:20 AM,05:24 AM,4.0,05:25 AM,05:29 AM,4.0
12313,2024-09-30,DDU,01:15 AM,01:15 AM,0.0,01:25 AM,01:25 AM,0.0
12313,2024-09-30,CNB,05:20 AM,05:20 AM,0.0,05:25 AM,05:25 AM,0.0
9405,2024-09-03,CNB,02:05 PM,02:05 PM,0.0,02:15 PM,02:15 PM,0.0
9405,2024-09-03,DDU,10:10 PM,10:10 PM,0.0,10:20 PM,10:20 PM,0.0
9405,2024-09-03,BXR,11:25 PM,11:25 PM,0.0,11:27 PM,11:27 PM,0.0
9405,2024-09-10,CNB,02:05 PM,02:05 PM,0.0,02:15 PM,02:15 PM,0.0
9405,2024-09-10,DDU,10:10 PM,10:10 PM,0.0,10:20 PM,10:20 PM,0.0
9405,2024-09-10,BXR,11:25 PM,11:25 PM,0.0,11:27 PM,11:27 PM,0.0
9405,2024-09-17,CNB,02:05 PM,05:56 PM,231.0,02:15 PM,06:06 PM,231.0
9405,2024-09-17,DDU,10:10 PM,10:10 PM,0.0,10:20 PM,10:20 PM,0.0
9405,2024-09-17,BXR,11:25 PM,11:25 PM,0.0,11:27 PM,11:27 PM,0.0
9405,2024-09-24,CNB,02:05 PM,02:05 PM,0.0,02:15 PM,02:15 PM,0.0
9405,2024-09-24,DDU,10:10 PM,10:10 PM,0.0,10:20 PM,10:20 PM,0.0
9405,2024-09-24,BXR,11:25 PM,11:25 PM,0.0,11:27 PM,11:27 PM,0.0
22355,2024-09-01,BXR,10:12 PM,10:29 PM,17.0,10:14 PM,10:31 PM,17.0
22355,2024-09-01,DDU,12:10 AM,12:11 AM,0.0,12:20 AM,12:21 AM,0.0
22355,2024-09-04,BXR,10:12 PM,11:01 PM,49.0,10:14 PM,11:03 PM,49.0
22355,2024-09-04,DDU,12:10 AM,12:10 AM,0.0,12:20 AM,12:20 AM,0.0
22355,2024-09-08,BXR,10:12 PM,10:12 PM,0.0,10:14 PM,10:14 PM,0.0
22355,2024-09-08,DDU,12:10 AM,12:10 AM,0.0,12:20 AM,12:20 AM,0.0
22355,2024-09-11,BXR,10:12 PM,10:45 PM,33.0,10:14 PM,10:47 PM,33.0
22355,2024-09-11,DDU,12:10 AM,12:10 AM,0.0,12:20 AM,12:20 AM,0.0
22355,2024-09-18,BXR,10:12 PM,10:32 PM,20.0,10:14 PM,10:34 PM,20.0
22355,2024-09-18,DDU,12:10 AM,12:10 AM,0.0,12:20 AM,12:20 AM,0.0
22355,2024-09-22,BXR,10:12 PM,10:37 PM,25.0,10:14 PM,10:39 PM,25.0
22355,2024-09-22,DDU,12:10 AM,12:14 AM,4.0,12:20 AM,12:24 AM,4.0
22355,2024-09-25,BXR,10:12 PM,10:12 PM,0.0,10:14 PM,10:14 PM,0.0
22355,2024-09-25,DDU,12:10 AM,12:10 AM,0.0,12:20 AM,12:20 AM,0.0
22355,2024-09-29,BXR,10:12 PM,10:48 PM,36.0,10:14 PM,10:50 PM,36.0
22355,2024-09-29,DDU,12:10 AM,12:10 AM,0.0,12:20 AM,12:20 AM,0.0
15632,2024-09-05,DDU,09:05 AM,09:52 AM,47.0,09:15 AM,10:02 AM,47.0
15632,2024-09-05,PRYJ,11:30 AM,12:43 PM,73.0,11:35 AM,12:48 PM,73.0
15632,2024-09-05,CNB,02:05 PM,03:41 PM,96.0,02:10 PM,03:46 PM,96.0
15632,2024-09-12,DDU,09:05 AM,09:17 AM,12.0,09:15 AM,09:27 AM,12.0
15632,2024-09-12,PRYJ,11:30 AM,11:33 AM,3.0,11:35 AM,11:38 AM,3.0
15632,2024-09-12,CNB,02:05 PM,02:07 PM,2.0,02:10 PM,02:12 PM,2.0
15632,2024-09-19,DDU,09:05 AM,09:59 AM,54.0,09:15 AM,10:09 AM,54.0
15632,2024-09-19,PRYJ,11:30 AM,12:12 PM,42.0,11:35 AM,12:17 PM,42.0
15632,2024-09-19,CNB,02:05 PM,03:04 PM,59.0,02:10 PM,03:09 PM,59.0
15632,2024-09-26,DDU,09:05 AM,09:05 AM,0.0,09:15 AM,09:15 AM,0.0
15632,2024-09-26,PRYJ,11:30 AM,11:30 AM,0.0,11:35 AM,11:35 AM,0.0
15632,2024-09-26,CNB,02:05 PM,02:05 PM,0.0,02:10 PM,02:10 PM,0.0
14854,2024-09-02,CNB,11:40 PM,11:40 PM,0.0,11:45 PM,11:45 PM,0.0
14854,2024-09-05,CNB,11:40 PM,11:43 PM,3.0,11:45 PM,11:48 PM,3.0
14854,2024-09-07,CNB,11:40 PM,12:13 AM,33.0,11:45 PM,12:18 AM,33.0
14854,2024-09-09,CNB,11:40 PM,11:40 PM,0.0,11:45 PM,11:45 PM,0.0
14854,2024-09-12,CNB,11:40 PM,11:40 PM,0.0,11:45 PM,11:45 PM,0.0
14854,2024-09-14,CNB,11:40 PM,11:48 PM,8.0,11:45 PM,11:53 PM,8.0
14854,2024-09-16,CNB,11:40 PM,11:59 PM,19.0,11:45 PM,12:04 AM,19.0
14854,2024-09-19,CNB,11:40 PM,11:40 PM,0.0,11:45 PM,11:45 PM,0.0
14854,2024-09-21,CNB,11:40 PM,11:41 PM,0.0,11:45 PM,11:46 PM,0.0
14854,2024-09-23,CNB,11:40 PM,11:40 PM,0.0,11:45 PM,11:45 PM,0.0
14854,2024-09-26,CNB,11:40 PM,11:40 PM,0.0,11:45 PM,11:45 PM,0.0
14854,2024-09-28,CNB,11:40 PM,11:40 PM,0.0,11:45 PM,11:45 PM,0.0
14854,2024-09-30,CNB,11:40 PM,11:41 PM,0.0,11:45 PM,11:46 PM,0.0
12315,2024-09-05,DDU,01:50 AM,01:58 AM,8.0,02:00 AM,02:08 AM,8.0
12315,2024-09-05,PRYJ,04:00 AM,04:01 AM,0.0,04:05 AM,04:06 AM,0.0
12315,2024-09-05,CNB,06:25 AM,07:09 AM,44.0,06:30 AM,07:14 AM,44.0
12315,2024-09-12,DDU,01:50 AM,01:50 AM,0.0,02:00 AM,02:00 AM,0.0
12315,2024-09-12,PRYJ,04:00 AM,04:00 AM,0.0,04:05 AM,04:05 AM,0.0
12315,2024-09-12,CNB,06:25 AM,06:25 AM,0.0,06:30 AM,06:30 AM,0.0
12315,2024-09-19,DDU,01:50 AM,01:50 AM,0.0,02:00 AM,02:00 AM,0.0
12315,2024-09-19,PRYJ,04:00 AM,04:00 AM,0.0,04:05 AM,04:05 AM,0.0
12315,2024-09-19,CNB,06:25 AM,06:25 AM,0.0,06:30 AM,06:30 AM,0.0
12315,2024-09-26,DDU,01:50 AM,01:50 AM,0.0,02:00 AM,02:00 AM,0.0
12315,2024-09-26,PRYJ,04:00 AM,04:00 AM,0.0,04:05 AM,04:05 AM,0.0
12315,2024-09-26,CNB,06:25 AM,06:25 AM,0.0,06:30 AM,06:30 AM,0.0
4116,2024-09-27,CNB,02:10 AM,06:45 AM,275.0,02:15 AM,06:50 AM,275.0
12815,2024-09-02,DDU,04:25 AM,04:41 AM,16.0,04:35 AM,04:51 AM,16.0
12815,2024-09-02,PRYJ,06:45 AM,07:18 AM,33.0,06:50 AM,07:23 AM,33.0
12815,2024-09-02,CNB,09:15 AM,09:58 AM,43.0,09:20 AM,10:03 AM,43.0
12815,2024-09-04,DDU,04:25 AM,04:48 AM,23.0,04:35 AM,04:58 AM,23.0
12815,2024-09-04,PRYJ,06:45 AM,06:56 AM,11.0,06:50 AM,07:01 AM,11.0
12815,2024-09-04,CNB,09:15 AM,09:32 AM,17.0,09:20 AM,09:37 AM,17.0
12815,2024-09-05,DDU,04:25 AM,04:25 AM,0.0,04:35 AM,04:35 AM,0.0
12815,2024-09-05,PRYJ,06:45 AM,06:45 AM,0.0,06:50 AM,06:50 AM,0.0
12815,2024-09-05,CNB,09:15 AM,09:15 AM,0.0,09:20 AM,09:20 AM,0.0
12815,2024-09-07,DDU,04:25 AM,04:25 AM,0.0,04:35 AM,04:35 AM,0.0
12815,2024-09-07,PRYJ,06:45 AM,06:45 AM,0.0,06:50 AM,06:50 AM,0.0
12815,2024-09-07,CNB,09:15 AM,09:15 AM,0.0,09:20 AM,09:20 AM,0.0
12815,2024-09-09,DDU,04:25 AM,04:28 AM,3.0,04:35 AM,04:38 AM,3.0
12815,2024-09-09,PRYJ,06:45 AM,06:53 AM,8.0,06:50 AM,06:58 AM,8.0
12815,2024-09-09,CNB,09:15 AM,09:33 AM,18.0,09:20 AM,09:38 AM,18.0
12815,2024-09-11,DDU,04:25 AM,05:40 AM,75.0,04:35 AM,05:50 AM,75.0
12815,2024-09-11,PRYJ,06:45 AM,08:08 AM,83.0,06:50 AM,08:13 AM,83.0
12815,2024-09-11,CNB,09:15 AM,10:32 AM,77.0,09:20 AM,10:37 AM,77.0
12815,2024-09-12,DDU,04:25 AM,04:43 AM,18.0,04:35 AM,04:53 AM,18.0
12815,2024-09-12,PRYJ,06:45 AM,06:52 AM,7.0,06:50 AM,06:57 AM,7.0
12815,2024-09-12,CNB,09:15 AM,09:22 AM,7.0,09:20 AM,09:27 AM,7.0
12815,2024-09-14,DDU,04:25 AM,04:37 AM,12.0,04:35 AM,04:47 AM,12.0
12815,2024-09-14,PRYJ,06:45 AM,07:48 AM,63.0,06:50 AM,07:53 AM,63.0
12815,2024-09-14,CNB,09:15 AM,10:26 AM,71.0,09:20 AM,10:31 AM,71.0
12815,2024-09-16,DDU,04:25 AM,04:43 AM,18.0,04:35 AM,04:53 AM,18.0
12815,2024-09-16,PRYJ,06:45 AM,07:09 AM,24.0,06:50 AM,07:14 AM,24.0
12815,2024-09-16,CNB,09:15 AM,09:38 AM,23.0,09:20 AM,09:43 AM,23.0
12815,2024-09-18,DDU,04:25 AM,04:59 AM,34.0,04:35 AM,05:09 AM,34.0
12815,2024-09-18,PRYJ,06:45 AM,07:37 AM,52.0,06:50 AM,07:42 AM,52.0
12815,2024-09-18,CNB,09:15 AM,10:15 AM,60.0,09:20 AM,10:20 AM,60.0
12815,2024-09-19,DDU,04:25 AM,04:37 AM,12.0,04:35 AM,04:47 AM,12.0
12815,2024-09-19,PRYJ,06:45 AM,07:13 AM,28.0,06:50 AM,07:18 AM,28.0
12815,2024-09-19,CNB,09:15 AM,10:13 AM,58.0,09:20 AM,10:18 AM,58.0
12815,2024-09-21,DDU,04:25 AM,05:24 AM,59.0,04:35 AM,05:34 AM,59.0
12815,2024-09-21,PRYJ,06:45 AM,08:02 AM,77.0,06:50 AM,08:07 AM,77.0
12815,2024-09-21,CNB,09:15 AM,10:46 AM,91.0,09:20 AM,10:51 AM,91.0
12815,2024-09-23,DDU,04:25 AM,06:08 AM,103.0,04:35 AM,06:18 AM,103.0
12815,2024-09-23,PRYJ,06:45 AM,08:25 AM,100.0,06:50 AM,08:30 AM,100.0
12815,2024-09-23,CNB,09:15 AM,10:53 AM,98.0,09:20 AM,10:58 AM,98.0
12815,2024-09-25,DDU,04:25 AM,06:02 AM,97.0,04:35 AM,06:12 AM,97.0
12815,2024-09-25,PRYJ,06:45 AM,08:17 AM,92.0,06:50 AM,08:22 AM,92.0
12815,2024-09-25,CNB,09:15 AM,10:54 AM,99.0,09:20 AM,10:59 AM,99.0
12815,2024-09-26,DDU,04:25 AM,05:11 AM,46.0,04:35 AM,05:21 AM,46.0
12815,2024-09-26,PRYJ,06:45 AM,07:53 AM,68.0,06:50 AM,07:58 AM,68.0
12815,2024-09-26,CNB,09:15 AM,10:39 AM,84.0,09:20 AM,10:44 AM,84.0
12815,2024-09-28,DDU,04:25 AM,05:39 AM,74.0,04:35 AM,05:49 AM,74.0
12815,2024-09-28,PRYJ,06:45 AM,08:00 AM,75.0,06:50 AM,08:05 AM,75.0
12815,2024-09-28,CNB,09:15 AM,10:25 AM,70.0,09:20 AM,10:30 AM,70.0
12815,2024-09-30,DDU,04:25 AM,05:03 AM,38.0,04:35 AM,05:13 AM,38.0
12815,2024-09-30,PRYJ,06:45 AM,07:27 AM,42.0,06:50 AM,07:32 AM,42.0
12815,2024-09-30,CNB,09:15 AM,09:52 AM,37.0,09:20 AM,09:57 AM,37.0
12236,2024-09-05,CNB,10:12 PM,10:12 PM,0.0,10:17 PM,10:17 PM,0.0
12236,2024-09-05,PRYJ,12:23 AM,12:23 AM,0.0,12:25 AM,12:25 AM,0.0
12236,2024-09-05,DDU,02:37 AM,02:37 AM,0.0,02:47 AM,02:47 AM,0.0
12236,2024-09-05,BXR,03:48 AM,03:48 AM,0.0,03:50 AM,03:50 AM,0.0
12236,2024-09-12,CNB,10:12 PM,10:18 PM,6.0,10:17 PM,10:23 PM,6.0
12236,2024-09-12,PRYJ,12:23 AM,12:36 AM,13.0,12:25 AM,12:38 AM,13.0
12236,2024-09-12,DDU,02:37 AM,02:37 AM,0.0,02:47 AM,02:47 AM,0.0
12236,2024-09-12,BXR,03:48 AM,03:49 AM,0.0,03:50 AM,03:51 AM,0.0
12236,2024-09-19,CNB,10:12 PM,12:04 AM,112.0,10:17 PM,12:09 AM,112.0
12236,2024-09-19,PRYJ,12:23 AM,02:16 AM,113.0,12:25 AM,02:18 AM,113.0
12236,2024-09-19,DDU,02:37 AM,04:24 AM,107.0,02:47 AM,04:34 AM,107.0
12236,2024-09-19,BXR,03:48 AM,05:46 AM,118.0,03:50 AM,05:48 AM,118.0
12236,2024-09-26,CNB,10:12 PM,10:40 PM,28.0,10:17 PM,10:45 PM,28.0
12236,2024-09-26,PRYJ,12:23 AM,12:23 AM,0.0,12:25 AM,12:25 AM,0.0
12236,2024-09-26,DDU,02:37 AM,02:37 AM,0.0,02:47 AM,02:47 AM,0.0
12236,2024-09-26,BXR,03:48 AM,03:48 AM,0.0,03:50 AM,03:50 AM,0.0
12391,2024-09-01,BXR,12:22 PM,01:06 PM,44.0,12:24 PM,01:08 PM,44.0
12391,2024-09-01,DDU,02:15 PM,02:20 PM,5.0,02:25 PM,02:30 PM,5.0
12391,2024-09-02,BXR,12:22 PM,12:49 PM,27.0,12:24 PM,12:51 PM,27.0
12391,2024-09-02,DDU,02:15 PM,02:15 PM,0.0,02:25 PM,02:25 PM,0.0
12391,2024-09-03,BXR,12:22 PM,01:03 PM,41.0,12:24 PM,01:05 PM,41.0
12391,2024-09-03,DDU,02:15 PM,02:25 PM,10.0,02:25 PM,02:35 PM,10.0
12391,2024-09-04,BXR,12:22 PM,02:09 PM,107.0,12:24 PM,02:11 PM,107.0
12391,2024-09-04,DDU,02:15 PM,03:52 PM,97.0,02:25 PM,04:02 PM,97.0
12391,2024-09-05,BXR,12:22 PM,01:11 PM,49.0,12:24 PM,01:13 PM,49.0
12391,2024-09-05,DDU,02:15 PM,02:22 PM,7.0,02:25 PM,02:32 PM,7.0
12391,2024-09-06,BXR,12:22 PM,12:49 PM,27.0,12:24 PM,12:51 PM,27.0
12391,2024-09-06,DDU,02:15 PM,02:15 PM,0.0,02:25 PM,02:25 PM,0.0
12391,2024-09-07,BXR,12:22 PM,12:58 PM,36.0,12:24 PM,01:00 PM,36.0
12391,2024-09-07,DDU,02:15 PM,02:22 PM,7.0,02:25 PM,02:32 PM,7.0
12391,2024-09-08,BXR,12:22 PM,01:43 PM,81.0,12:24 PM,01:45 PM,81.0
12391,2024-09-08,DDU,02:15 PM,02:57 PM,42.0,02:25 PM,03:07 PM,42.0
12391,2024-09-09,BXR,12:22 PM,01:09 PM,47.0,12:24 PM,01:11 PM,47.0
12391,2024-09-09,DDU,02:15 PM,02:36 PM,21.0,02:25 PM,02:46 PM,21.0
12391,2024-09-10,BXR,12:22 PM,12:47 PM,25.0,12:24 PM,12:49 PM,25.0
12391,2024-09-10,DDU,02:15 PM,02:16 PM,0.0,02:25 PM,02:26 PM,0.0
12391,2024-09-11,BXR,12:22 PM,01:57 PM,95.0,12:24 PM,01:59 PM,95.0
12391,2024-09-11,DDU,02:15 PM,03:46 PM,91.0,02:25 PM,03:56 PM,91.0
12391,2024-09-12,BXR,12:22 PM,01:06 PM,44.0,12:24 PM,01:08 PM,44.0
12391,2024-09-12,DDU,02:15 PM,02:18 PM,3.0,02:25 PM,02:28 PM,3.0
12391,2024-09-13,BXR,12:22 PM,12:49 PM,27.0,12:24 PM,12:51 PM,27.0
12391,2024-09-13,DDU,02:15 PM,02:16 PM,0.0,02:25 PM,02:26 PM,0.0
12391,2024-09-14,BXR,12:22 PM,01:02 PM,40.0,12:24 PM,01:04 PM,40.0
12391,2024-09-14,DDU,02:15 PM,02:21 PM,6.0,02:25 PM,02:31 PM,6.0
12391,2024-09-15,BXR,12:22 PM,12:50 PM,28.0,12:24 PM,12:52 PM,28.0
12391,2024-09-15,DDU,02:15 PM,02:15 PM,0.0,02:25 PM,02:25 PM,0.0
12391,2024-09-16,BXR,12:22 PM,12:54 PM,32.0,12:24 PM,12:56 PM,32.0
12391,2024-09-16,DDU,02:15 PM,02:15 PM,0.0,02:25 PM,02:25 PM,0.0
12391,2024-09-17,BXR,12:22 PM,12:54 PM,32.0,12:24 PM,12:56 PM,32.0
12391,2024-09-17,DDU,02:15 PM,02:16 PM,0.0,02:25 PM,02:26 PM,0.0
12391,2024-09-18,BXR,12:22 PM,12:53 PM,31.0,12:24 PM,12:55 PM,31.0
12391,2024-09-18,DDU,02:15 PM,02:15 PM,0.0,02:25 PM,02:25 PM,0.0
12391,2024-09-19,BXR,12:22 PM,01:21 PM,59.0,12:24 PM,01:23 PM,59.0
12391,2024-09-19,DDU,02:15 PM,02:51 PM,36.0,02:25 PM,03:01 PM,36.0
12391,2024-09-20,BXR,12:22 PM,12:42 PM,20.0,12:24 PM,12:44 PM,20.0
12391,2024-09-20,DDU,02:15 PM,02:15 PM,0.0,02:25 PM,02:25 PM,0.0
12391,2024-09-21,BXR,12:22 PM,12:54 PM,32.0,12:24 PM,12:56 PM,32.0
12391,2024-09-21,DDU,02:15 PM,02:15 PM,0.0,02:25 PM,02:25 PM,0.0
12391,2024-09-22,BXR,12:22 PM,12:49 PM,27.0,12:24 PM,12:51 PM,27.0
12391,2024-09-22,DDU,02:15 PM,02:15 PM,0.0,02:25 PM,02:25 PM,0.0
12391,2024-09-23,BXR,12:22 PM,01:00 PM,38.0,12:24 PM,01:02 PM,38.0
12391,2024-09-23,DDU,02:15 PM,02:15 PM,0.0,02:25 PM,02:25 PM,0.0
12391,2024-09-24,BXR,12:22 PM,12:42 PM,20.0,12:24 PM,12:44 PM,20.0
12391,2024-09-24,DDU,02:15 PM,02:15 PM,0.0,02:25 PM,02:25 PM,0.0
12391,2024-09-25,BXR,12:22 PM,12:45 PM,23.0,12:24 PM,12:47 PM,23.0
12391,2024-09-25,DDU,02:15 PM,02:15 PM,0.0,02:25 PM,02:25 PM,0.0
12391,2024-09-26,BXR,12:22 PM,12:36 PM,14.0,12:24 PM,12:38 PM,14.0
12391,2024-09-26,DDU,02:15 PM,02:15 PM,0.0,02:25 PM,02:25 PM,0.0
12391,2024-09-27,BXR,12:22 PM,12:40 PM,18.0,12:24 PM,12:42 PM,18.0
12391,2024-09-27,DDU,02:15 PM,02:15 PM,0.0,02:25 PM,02:25 PM,0.0
12391,2024-09-28,BXR,12:22 PM,12:38 PM,16.0,12:24 PM,12:40 PM,16.0
12391,2024-09-28,DDU,02:15 PM,03:00 PM,45.0,02:25 PM,03:10 PM,45.0
12391,2024-09-29,BXR,12:22 PM,12:42 PM,20.0,12:24 PM,12:44 PM,20.0
12391,2024-09-29,DDU,02:15 PM,02:16 PM,0.0,02:25 PM,02:26 PM,0.0
12391,2024-09-30,BXR,12:22 PM,12:49 PM,27.0,12:24 PM,12:51 PM,27.0
12391,2024-09-30,DDU,02:15 PM,02:16 PM,0.0,02:25 PM,02:26 PM,0.0
82501,2024-09-01,CNB,07:20 AM,07:27 AM,7.0,07:25 AM,07:32 AM,7.0
82501,2024-09-02,CNB,07:20 AM,07:20 AM,0.0,07:25 AM,07:25 AM,0.0
82501,2024-09-04,CNB,07:20 AM,07:21 AM,0.0,07:25 AM,07:26 AM,0.0
82501,2024-09-05,CNB,07:20 AM,07:21 AM,0.0,07:25 AM,07:26 AM,0.0
82501,2024-09-06,CNB,07:20 AM,07:20 AM,0.0,07:25 AM,07:25 AM,0.0
82501,2024-09-07,CNB,07:20 AM,07:24 AM,4.0,07:25 AM,07:29 AM,4.0
82501,2024-09-08,CNB,07:20 AM,07:22 AM,2.0,07:25 AM,07:27 AM,2.0
82501,2024-09-09,CNB,07:20 AM,07:25 AM,5.0,07:25 AM,07:30 AM,5.0
82501,2024-09-11,CNB,07:20 AM,07:21 AM,0.0,07:25 AM,07:26 AM,0.0
82501,2024-09-12,CNB,07:20 AM,07:28 AM,8.0,07:25 AM,07:33 AM,8.0
82501,2024-09-13,CNB,07:20 AM,07:22 AM,2.0,07:25 AM,07:27 AM,2.0
82501,2024-09-14,CNB,07:20 AM,07:21 AM,0.0,07:25 AM,07:26 AM,0.0
82501,2024-09-15,CNB,07:20 AM,07:20 AM,0.0,07:25 AM,07:25 AM,0.0
82501,2024-09-16,CNB,07:20 AM,07:22 AM,2.0,07:25 AM,07:27 AM,2.0
82501,2024-09-18,CNB,07:20 AM,07:21 AM,0.0,07:25 AM,07:26 AM,0.0
82501,2024-09-19,CNB,07:20 AM,07:21 AM,0.0,07:25 AM,07:26 AM,0.0
82501,2024-09-20,CNB,07:20 AM,07:24 AM,4.0,07:25 AM,07:29 AM,4.0
82501,2024-09-21,CNB,07:20 AM,07:47 AM,27.0,07:25 AM,07:52 AM,27.0
82501,2024-09-22,CNB,07:20 AM,07:20 AM,0.0,07:25 AM,07:25 AM,0.0
82501,2024-09-23,CNB,07:20 AM,07:20 AM,0.0,07:25 AM,07:25 AM,0.0
82501,2024-09-25,CNB,07:20 AM,07:22 AM,2.0,07:25 AM,07:27 AM,2.0
82501,2024-09-26,CNB,07:20 AM,07:21 AM,0.0,07:25 AM,07:26 AM,0.0
82501,2024-09-27,CNB,07:20 AM,07:34 AM,14.0,07:25 AM,07:39 AM,14.0
82501,2024-09-28,CNB,07:20 AM,07:20 AM,0.0,07:25 AM,07:25 AM,0.0
82501,2024-09-29,CNB,07:20 AM,07:39 AM,19.0,07:25 AM,07:44 AM,19.0
82501,2024-09-30,CNB,07:20 AM,07:22 AM,2.0,07:25 AM,07:27 AM,2.0
12209,2024-09-03,CNB,06:10 AM,06:10 AM,0.0,06:10 AM,06:10 AM,0.0
12209,2024-09-10,CNB,06:10 AM,06:10 AM,0.0,06:10 AM,06:10 AM,0.0
12209,2024-09-17,CNB,06:10 AM,06:11 AM,0.0,06:10 AM,06:11 AM,0.0
12209,2024-09-24,CNB,06:10 AM,06:12 AM,2.0,06:10 AM,06:12 AM,2.0
4138,2024-09-02,CNB,03:20 AM,03:20 AM,0.0,03:25 AM,03:25 AM,0.0
4138,2024-09-09,CNB,03:20 AM,03:20 AM,0.0,03:25 AM,03:25 AM,0.0
4138,2024-09-12,CNB,03:20 AM,03:20 AM,0.0,03:25 AM,03:25 AM,0.0
4138,2024-09-16,CNB,03:20 AM,03:20 AM,0.0,03:25 AM,03:25 AM,0.0
4138,2024-09-19,CNB,03:20 AM,03:20 AM,0.0,03:25 AM,03:25 AM,0.0
4138,2024-09-23,CNB,03:20 AM,03:20 AM,0.0,03:25 AM,03:25 AM,0.0
4138,2024-09-26,CNB,03:20 AM,03:20 AM,0.0,03:25 AM,03:25 AM,0.0
4138,2024-09-30,CNB,03:20 AM,03:20 AM,0.0,03:25 AM,03:25 AM,0.0
3252,2024-09-03,DDU,08:55 PM,05:58 AM,543.0,09:05 PM,06:08 AM,543.0
3252,2024-09-03,BXR,10:07 PM,07:47 AM,580.0,10:09 PM,07:49 AM,580.0
3252,2024-09-04,DDU,08:55 PM,08:55 PM,0.0,09:05 PM,09:05 PM,0.0
3252,2024-09-04,BXR,10:07 PM,10:07 PM,0.0,10:09 PM,10:09 PM,0.0
3252,2024-09-10,DDU,08:55 PM,04:15 AM,440.0,09:05 PM,04:25 AM,440.0
3252,2024-09-10,BXR,10:07 PM,05:49 AM,462.0,10:09 PM,05:51 AM,462.0
3252,2024-09-17,DDU,08:55 PM,04:13 AM,438.0,09:05 PM,04:23 AM,438.0
3252,2024-09-17,BXR,10:07 PM,10:07 PM,0.0,10:09 PM,10:09 PM,0.0
12312,2024-09-01,CNB,01:45 PM,02:38 PM,53.0,01:55 PM,02:48 PM,53.0
12312,2024-09-01,PRYJ,05:05 PM,05:33 PM,28.0,05:10 PM,05:38 PM,28.0
12312,2024-09-01,DDU,08:38 PM,08:39 PM,0.0,08:48 PM,08:49 PM,0.0
12312,2024-09-02,CNB,01:45 PM,02:21 PM,36.0,01:55 PM,02:31 PM,36.0
12312,2024-09-02,PRYJ,05:05 PM,05:17 PM,12.0,05:10 PM,05:22 PM,12.0
12312,2024-09-02,DDU,08:38 PM,08:38 PM,0.0,08:48 PM,08:48 PM,0.0
12312,2024-09-03,CNB,01:45 PM,03:14 PM,89.0,01:55 PM,03:24 PM,89.0
12312,2024-09-03,PRYJ,05:05 PM,06:42 PM,97.0,05:10 PM,06:47 PM,97.0
12312,2024-09-03,DDU,08:38 PM,08:38 PM,0.0,08:48 PM,08:48 PM,0.0
12312,2024-09-04,CNB,01:45 PM,02:08 PM,23.0,01:55 PM,02:18 PM,23.0
12312,2024-09-04,PRYJ,05:05 PM,05:28 PM,23.0,05:10 PM,05:33 PM,23.0
12312,2024-09-04,DDU,08:38 PM,08:38 PM,0.0,08:48 PM,08:48 PM,0.0
12312,2024-09-05,CNB,01:45 PM,02:07 PM,22.0,01:55 PM,02:17 PM,22.0
12312,2024-09-05,PRYJ,05:05 PM,05:06 PM,0.0,05:10 PM,05:11 PM,0.0
12312,2024-09-05,DDU,08:38 PM,08:38 PM,0.0,08:48 PM,08:48 PM,0.0
12312,2024-09-06,CNB,01:45 PM,02:22 PM,37.0,01:55 PM,02:32 PM,37.0
12312,2024-09-06,PRYJ,05:05 PM,05:51 PM,46.0,05:10 PM,05:56 PM,46.0
12312,2024-09-06,DDU,08:38 PM,08:42 PM,4.0,08:48 PM,08:52 PM,4.0
12312,2024-09-07,CNB,01:45 PM,02:12 PM,27.0,01:55 PM,02:22 PM,27.0
12312,2024-09-07,PRYJ,05:05 PM,05:39 PM,34.0,05:10 PM,05:44 PM,34.0
12312,2024-09-07,DDU,08:38 PM,08:41 PM,3.0,08:48 PM,08:51 PM,3.0
12312,2024-09-08,CNB,01:45 PM,03:41 PM,116.0,01:55 PM,03:51 PM,116.0
12312,2024-09-08,PRYJ,05:05 PM,06:32 PM,87.0,05:10 PM,06:37 PM,87.0
12312,2024-09-08,DDU,08:38 PM,09:09 PM,31.0,08:48 PM,09:19 PM,31.0
12312,2024-09-09,CNB,01:45 PM,01:45 PM,0.0,01:55 PM,01:55 PM,0.0
12312,2024-09-09,PRYJ,05:05 PM,05:05 PM,0.0,05:10 PM,05:10 PM,0.0
12312,2024-09-09,DDU,08:38 PM,08:38 PM,0.0,08:48 PM,08:48 PM,0.0
12312,2024-09-10,CNB,01:45 PM,02:18 PM,33.0,01:55 PM,02:28 PM,33.0
12312,2024-09-10,PRYJ,05:05 PM,06:25 PM,80.0,05:10 PM,06:30 PM,80.0
12312,2024-09-10,DDU,08:38 PM,09:54 PM,76.0,08:48 PM,10:04 PM,76.0
12312,2024-09-11,CNB,01:45 PM,02:22 PM,37.0,01:55 PM,02:32 PM,37.0
12312,2024-09-11,PRYJ,05:05 PM,05:19 PM,14.0,05:10 PM,05:24 PM,14.0
12312,2024-09-11,DDU,08:38 PM,08:38 PM,0.0,08:48 PM,08:48 PM,0.0
12312,2024-09-12,CNB,01:45 PM,01:59 PM,14.0,01:55 PM,02:09 PM,14.0
12312,2024-09-12,PRYJ,05:05 PM,05:08 PM,3.0,05:10 PM,05:13 PM,3.0
12312,2024-09-12,DDU,08:38 PM,08:39 PM,0.0,08:48 PM,08:49 PM,0.0
12312,2024-09-13,CNB,01:45 PM,02:13 PM,28.0,01:55 PM,02:23 PM,28.0
12312,2024-09-13,PRYJ,05:05 PM,05:49 PM,44.0,05:10 PM,05:54 PM,44.0
12312,2024-09-13,DDU,08:38 PM,08:38 PM,0.0,08:48 PM,08:48 PM,0.0
12312,2024-09-14,CNB,01:45 PM,01:52 PM,7.0,01:55 PM,02:02 PM,7.0
12312,2024-09-14,PRYJ,05:05 PM,05:19 PM,14.0,05:10 PM,05:24 PM,14.0
12312,2024-09-14,DDU,08:38 PM,08:38 PM,0.0,08:48 PM,08:48 PM,0.0
12312,2024-09-15,CNB,01:45 PM,01:45 PM,0.0,01:55 PM,01:55 PM,0.0
12312,2024-09-15,PRYJ,05:05 PM,05:05 PM,0.0,05:10 PM,05:10 PM,0.0
12312,2024-09-15,DDU,08:38 PM,08:38 PM,0.0,08:48 PM,08:48 PM,0.0
12312,2024-09-16,CNB,01:45 PM,02:30 PM,45.0,01:55 PM,02:40 PM,45.0
12312,2024-09-16,PRYJ,05:05 PM,05:36 PM,31.0,05:10 PM,05:41 PM,31.0
12312,2024-09-16,DDU,08:38 PM,08:52 PM,14.0,08:48 PM,09:02 PM,14.0
12312,2024-09-17,CNB,01:45 PM,02:40 PM,55.0,01:55 PM,02:50 PM,55.0
12312,2024-09-17,PRYJ,05:05 PM,05:31 PM,26.0,05:10 PM,05:36 PM,26.0
12312,2024-09-17,DDU,08:38 PM,08:38 PM,0.0,08:48 PM,08:48 PM,0.0
12312,2024-09-18,CNB,01:45 PM,02:14 PM,29.0,01:55 PM,02:24 PM,29.0
12312,2024-09-18,PRYJ,05:05 PM,05:40 PM,35.0,05:10 PM,05:45 PM,35.0
12312,2024-09-18,DDU,08:38 PM,08:45 PM,7.0,08:48 PM,08:55 PM,7.0
12312,2024-09-19,CNB,01:45 PM,02:02 PM,17.0,01:55 PM,02:12 PM,17.0
12312,2024-09-19,PRYJ,05:05 PM,05:32 PM,27.0,05:10 PM,05:37 PM,27.0
12312,2024-09-19,DDU,08:38 PM,08:38 PM,0.0,08:48 PM,08:48 PM,0.0
12312,2024-09-20,CNB,01:45 PM,02:05 PM,20.0,01:55 PM,02:15 PM,20.0
12312,2024-09-20,PRYJ,05:05 PM,05:37 PM,32.0,05:10 PM,05:42 PM,32.0
12312,2024-09-20,DDU,08:38 PM,08:38 PM,0.0,08:48 PM,08:48 PM,0.0
12312,2024-09-21,CNB,01:45 PM,02:16 PM,31.0,01:55 PM,02:26 PM,31.0
12312,2024-09-21,PRYJ,05:05 PM,05:23 PM,18.0,05:10 PM,05:28 PM,18.0
12312,2024-09-21,DDU,08:38 PM,08:38 PM,0.0,08:48 PM,08:48 PM,0.0
12312,2024-09-22,CNB,01:45 PM,02:14 PM,29.0,01:55 PM,02:24 PM,29.0
12312,2024-09-22,PRYJ,05:05 PM,05:38 PM,33.0,05:10 PM,05:43 PM,33.0
12312,2024-09-22,DDU,08:38 PM,08:45 PM,7.0,08:48 PM,08:55 PM,7.0
12312,2024-09-23,CNB,01:45 PM,02:27 PM,42.0,01:55 PM,02:37 PM,42.0
12312,2024-09-23,PRYJ,05:05 PM,05:41 PM,36.0,05:10 PM,05:46 PM,36.0
12312,2024-09-23,DDU,08:38 PM,08:38 PM,0.0,08:48 PM,08:48 PM,0.0
12312,2024-09-24,CNB,01:45 PM,02:32 PM,47.0,01:55 PM,02:42 PM,47.0
12312,2024-09-24,PRYJ,05:05 PM,06:03 PM,58.0,05:10 PM,06:08 PM,58.0
12312,2024-09-24,DDU,08:38 PM,08:39 PM,0.0,08:48 PM,08:49 PM,0.0
12312,2024-09-25,CNB,01:45 PM,02:17 PM,32.0,01:55 PM,02:27 PM,32.0
12312,2024-09-25,PRYJ,05:05 PM,05:40 PM,35.0,05:10 PM,05:45 PM,35.0
12312,2024-09-25,DDU,08:38 PM,08:40 PM,2.0,08:48 PM,08:50 PM,2.0
12312,2024-09-26,CNB,01:45 PM,02:13 PM,28.0,01:55 PM,02:23 PM,28.0
12312,2024-09-26,PRYJ,05:05 PM,05:31 PM,26.0,05:10 PM,05:36 PM,26.0
12312,2024-09-26,DDU,08:38 PM,08:45 PM,7.0,08:48 PM,08:55 PM,7.0
12312,2024-09-27,CNB,01:45 PM,02:03 PM,18.0,01:55 PM,02:13 PM,18.0
12312,2024-09-27,PRYJ,05:05 PM,05:45 PM,40.0,05:10 PM,05:50 PM,40.0
12312,2024-09-27,DDU,08:38 PM,08:44 PM,6.0,08:48 PM,08:54 PM,6.0
12312,2024-09-28,CNB,01:45 PM,01:46 PM,0.0,01:55 PM,01:56 PM,0.0
12312,2024-09-28,PRYJ,05:05 PM,05:06 PM,0.0,05:10 PM,05:11 PM,0.0
12312,2024-09-28,DDU,08:38 PM,08:39 PM,0.0,08:48 PM,08:49 PM,0.0
12312,2024-09-29,CNB,01:45 PM,02:25 PM,40.0,01:55 PM,02:35 PM,40.0
12312,2024-09-29,PRYJ,05:05 PM,05:36 PM,31.0,05:10 PM,05:41 PM,31.0
12312,2024-09-29,DDU,08:38 PM,08:43 PM,5.0,08:48 PM,08:53 PM,5.0
12312,2024-09-30,CNB,01:45 PM,02:27 PM,42.0,01:55 PM,02:37 PM,42.0
12312,2024-09-30,PRYJ,05:05 PM,05:50 PM,45.0,05:10 PM,05:55 PM,45.0
12312,2024-09-30,DDU,08:38 PM,08:39 PM,0.0,08:48 PM,08:49 PM,0.0
12367,2024-09-01,BXR,06:30 PM,06:39 PM,9.0,06:32 PM,06:41 PM,9.0
12367,2024-09-01,DDU,08:25 PM,08:26 PM,0.0,08:35 PM,08:36 PM,0.0
12367,2024-09-01,CNB,01:05 AM,01:08 AM,3.0,01:10 AM,01:13 AM,3.0
12367,2024-09-02,BXR,06:30 PM,06:50 PM,20.0,06:32 PM,06:52 PM,20.0
12367,2024-09-02,DDU,08:25 PM,08:25 PM,0.0,08:35 PM,08:35 PM,0.0
12367,2024-09-02,CNB,01:05 AM,01:05 AM,0.0,01:10 AM,01:10 AM,0.0
12367,2024-09-03,BXR,06:30 PM,06:30 PM,0.0,06:32 PM,06:32 PM,0.0
12367,2024-09-03,DDU,08:25 PM,08:25 PM,0.0,08:35 PM,08:35 PM,0.0
12367,2024-09-03,CNB,01:05 AM,01:05 AM,0.0,01:10 AM,01:10 AM,0.0
12367,2024-09-04,BXR,06:30 PM,06:30 PM,0.0,06:32 PM,06:32 PM,0.0
12367,2024-09-04,DDU,08:25 PM,11:31 PM,186.0,08:35 PM,11:41 PM,186.0
12367,2024-09-04,CNB,01:05 AM,03:53 AM,168.0,01:10 AM,03:58 AM,168.0
12367,2024-09-05,BXR,06:30 PM,11:07 PM,277.0,06:32 PM,11:09 PM,277.0
12367,2024-09-05,DDU,08:25 PM,12:22 AM,237.0,08:35 PM,12:32 AM,237.0
12367,2024-09-05,CNB,01:05 AM,06:20 AM,315.0,01:10 AM,06:25 AM,315.0
12367,2024-09-06,BXR,06:30 PM,08:42 PM,132.0,06:32 PM,08:44 PM,132.0
12367,2024-09-06,DDU,08:25 PM,10:19 PM,114.0,08:35 PM,10:29 PM,114.0
12367,2024-09-06,CNB,01:05 AM,02:41 AM,96.0,01:10 AM,02:46 AM,96.0
12367,2024-09-07,BXR,06:30 PM,07:16 PM,46.0,06:32 PM,07:18 PM,46.0
12367,2024-09-07,DDU,08:25 PM,08:30 PM,5.0,08:35 PM,08:40 PM,5.0
12367,2024-09-07,CNB,01:05 AM,01:16 AM,11.0,01:10 AM,01:21 AM,11.0
12367,2024-09-08,BXR,06:30 PM,06:30 PM,0.0,06:32 PM,06:32 PM,0.0
12367,2024-09-08,DDU,08:25 PM,09:46 PM,81.0,08:35 PM,09:56 PM,81.0
12367,2024-09-08,CNB,01:05 AM,02:11 AM,66.0,01:10 AM,02:16 AM,66.0
12367,2024-09-09,BXR,06:30 PM,10:03 PM,213.0,06:32 PM,10:05 PM,213.0
12367,2024-09-09,DDU,08:25 PM,11:19 PM,174.0,08:35 PM,11:29 PM,174.0
12367,2024-09-09,CNB,01:05 AM,04:18 AM,193.0,01:10 AM,04:23 AM,193.0
12367,2024-09-10,BXR,06:30 PM,10:59 PM,269.0,06:32 PM,11:01 PM,269.0
12367,2024-09-10,DDU,08:25 PM,12:21 AM,236.0,08:35 PM,12:31 AM,236.0
12367,2024-09-10,CNB,01:05 AM,04:40 AM,215.0,01:10 AM,04:45 AM,215.0
12367,2024-09-11,BXR,06:30 PM,07:04 PM,34.0,06:32 PM,07:06 PM,34.0
12367,2024-09-11,DDU,08:25 PM,08:25 PM,0.0,08:35 PM,08:35 PM,0.0
12367,2024-09-11,CNB,01:05 AM,01:30 AM,25.0,01:10 AM,01:35 AM,25.0
12367,2024-09-12,BXR,06:30 PM,07:23 PM,53.0,06:32 PM,07:25 PM,53.0
12367,2024-09-12,DDU,08:25 PM,08:55 PM,30.0,08:35 PM,09:05 PM,30.0
12367,2024-09-12,CNB,01:05 AM,01:13 AM,8.0,01:10 AM,01:18 AM,8.0
12367,2024-09-13,BXR,06:30 PM,07:25 PM,55.0,06:32 PM,07:27 PM,55.0
12367,2024-09-13,DDU,08:25 PM,08:37 PM,12.0,08:35 PM,08:47 PM,12.0
12367,2024-09-13,CNB,01:05 AM,01:09 AM,4.0,01:10 AM,01:14 AM,4.0
12367,2024-09-14,BXR,06:30 PM,06:55 PM,25.0,06:32 PM,06:57 PM,25.0
12367,2024-09-14,DDU,08:25 PM,08:26 PM,0.0,08:35 PM,08:36 PM,0.0
12367,2024-09-14,CNB,01:05 AM,01:10 AM,5.0,01:10 AM,01:15 AM,5.0
12367,2024-09-15,BXR,06:30 PM,06:30 PM,0.0,06:32 PM,06:32 PM,0.0
12367,2024-09-15,DDU,08:25 PM,08:30 PM,5.0,08:35 PM,08:40 PM,5.0
12367,2024-09-15,CNB,01:05 AM,01:06 AM,0.0,01:10 AM,01:11 AM,0.0
12367,2024-09-16,BXR,06:30 PM,06:54 PM,24.0,06:32 PM,06:56 PM,24.0
12367,2024-09-16,DDU,08:25 PM,08:25 PM,0.0,08:35 PM,08:35 PM,0.0
12367,2024-09-16,CNB,01:05 AM,01:13 AM,8.0,01:10 AM,01:18 AM,8.0
12367,2024-09-17,BXR,06:30 PM,06:30 PM,0.0,06:32 PM,06:32 PM,0.0
12367,2024-09-17,DDU,08:25 PM,08:25 PM,0.0,08:35 PM,08:35 PM,0.0
12367,2024-09-17,CNB,01:05 AM,02:20 AM,75.0,01:10 AM,02:25 AM,75.0
12367,2024-09-18,BXR,06:30 PM,06:50 PM,20.0,06:32 PM,06:52 PM,20.0
12367,2024-09-18,DDU,08:25 PM,08:26 PM,0.0,08:35 PM,08:36 PM,0.0
12367,2024-09-18,CNB,01:05 AM,01:41 AM,36.0,01:10 AM,01:46 AM,36.0
12367,2024-09-19,BXR,06:30 PM,07:00 PM,30.0,06:32 PM,07:02 PM,30.0
12367,2024-09-19,DDU,08:25 PM,08:25 PM,0.0,08:35 PM,08:35 PM,0.0
12367,2024-09-19,CNB,01:05 AM,01:12 AM,7.0,01:10 AM,01:17 AM,7.0
12367,2024-09-20,BXR,06:30 PM,06:39 PM,9.0,06:32 PM,06:41 PM,9.0
12367,2024-09-20,DDU,08:25 PM,08:26 PM,0.0,08:35 PM,08:36 PM,0.0
12367,2024-09-20,CNB,01:05 AM,01:09 AM,4.0,01:10 AM,01:14 AM,4.0
12367,2024-09-21,BXR,06:30 PM,07:00 PM,30.0,06:32 PM,07:02 PM,30.0
12367,2024-09-21,DDU,08:25 PM,08:25 PM,0.0,08:35 PM,08:35 PM,0.0
12367,2024-09-21,CNB,01:05 AM,01:08 AM,3.0,01:10 AM,01:13 AM,3.0
12367,2024-09-22,BXR,06:30 PM,12:40 AM,370.0,06:32 PM,12:42 AM,370.0
12367,2024-09-22,DDU,08:25 PM,01:56 AM,331.0,08:35 PM,02:06 AM,331.0
12367,2024-09-22,CNB,01:05 AM,06:40 AM,335.0,01:10 AM,06:45 AM,335.0
12367,2024-09-23,BXR,06:30 PM,12:08 AM,338.0,06:32 PM,12:10 AM,338.0
12367,2024-09-23,DDU,08:25 PM,01:18 AM,293.0,08:35 PM,01:28 AM,293.0
12367,2024-09-23,CNB,01:05 AM,06:25 AM,320.0,01:10 AM,06:30 AM,320.0
12367,2024-09-24,BXR,06:30 PM,01:23 AM,413.0,06:32 PM,01:25 AM,413.0
12367,2024-09-24,DDU,08:25 PM,02:44 AM,379.0,08:35 PM,02:54 AM,379.0
12367,2024-09-24,CNB,01:05 AM,07:41 AM,396.0,01:10 AM,07:46 AM,396.0
12367,2024-09-25,BXR,06:30 PM,06:58 PM,28.0,06:32 PM,07:00 PM,28.0
12367,2024-09-25,DDU,08:25 PM,08:25 PM,0.0,08:35 PM,08:35 PM,0.0
12367,2024-09-25,CNB,01:05 AM,01:18 AM,13.0,01:10 AM,01:23 AM,13.0
12367,2024-09-26,BXR,06:30 PM,06:55 PM,25.0,06:32 PM,06:57 PM,25.0
12367,2024-09-26,DDU,08:25 PM,08:27 PM,2.0,08:35 PM,08:37 PM,2.0
12367,2024-09-26,CNB,01:05 AM,01:53 AM,48.0,01:10 AM,01:58 AM,48.0
12367,2024-09-27,BXR,06:30 PM,06:54 PM,24.0,06:32 PM,06:56 PM,24.0
12367,2024-09-27,DDU,08:25 PM,08:25 PM,0.0,08:35 PM,08:35 PM,0.0
12367,2024-09-27,CNB,01:05 AM,01:26 AM,21.0,01:10 AM,01:31 AM,21.0
12367,2024-09-28,BXR,06:30 PM,06:56 PM,26.0,06:32 PM,06:58 PM,26.0
12367,2024-09-28,DDU,08:25 PM,08:25 PM,0.0,08:35 PM,08:35 PM,0.0
12367,2024-09-28,CNB,01:05 AM,01:08 AM,3.0,01:10 AM,01:13 AM,3.0
12367,2024-09-29,BXR,06:30 PM,09:39 PM,189.0,06:32 PM,09:41 PM,189.0
12367,2024-09-29,DDU,08:25 PM,10:49 PM,144.0,08:35 PM,10:59 PM,144.0
12367,2024-09-29,CNB,01:05 AM,03:58 AM,173.0,01:10 AM,04:03 AM,173.0
12367,2024-09-30,BXR,06:30 PM,07:15 PM,45.0,06:32 PM,07:17 PM,45.0
12367,2024-09-30,DDU,08:25 PM,08:25 PM,0.0,08:35 PM,08:35 PM,0.0
12367,2024-09-30,CNB,01:05 AM,01:39 AM,34.0,01:10 AM,01:44 AM,34.0
12522,2024-09-06,CNB,08:00 AM,08:06 AM,6.0,08:05 AM,08:11 AM,6.0
12522,2024-09-13,CNB,08:00 AM,08:00 AM,0.0,08:05 AM,08:05 AM,0.0
12522,2024-09-20,CNB,08:00 AM,08:00 AM,0.0,08:05 AM,08:05 AM,0.0
12554,2024-09-01,CNB,02:25 AM,02:29 AM,4.0,02:30 AM,02:34 AM,4.0
12554,2024-09-02,CNB,02:25 AM,02:29 AM,4.0,02:30 AM,02:34 AM,4.0
12554,2024-09-03,CNB,02:25 AM,02:30 AM,5.0,02:30 AM,02:35 AM,5.0
12554,2024-09-04,CNB,02:25 AM,02:29 AM,4.0,02:30 AM,02:34 AM,4.0
12554,2024-09-05,CNB,02:25 AM,02:26 AM,0.0,02:30 AM,02:31 AM,0.0
12554,2024-09-06,CNB,02:25 AM,02:26 AM,0.0,02:30 AM,02:31 AM,0.0
12554,2024-09-07,CNB,02:25 AM,02:27 AM,2.0,02:30 AM,02:32 AM,2.0
12554,2024-09-08,CNB,02:25 AM,02:40 AM,15.0,02:30 AM,02:45 AM,15.0
12554,2024-09-09,CNB,02:25 AM,02:46 AM,21.0,02:30 AM,02:51 AM,21.0
12554,2024-09-10,CNB,02:25 AM,02:45 AM,20.0,02:30 AM,02:50 AM,20.0
12554,2024-09-11,CNB,02:25 AM,02:49 AM,24.0,02:30 AM,02:54 AM,24.0
12554,2024-09-12,CNB,02:25 AM,02:34 AM,9.0,02:30 AM,02:39 AM,9.0
12554,2024-09-13,CNB,02:25 AM,02:40 AM,15.0,02:30 AM,02:45 AM,15.0
12554,2024-09-14,CNB,02:25 AM,02:28 AM,3.0,02:30 AM,02:33 AM,3.0
12554,2024-09-15,CNB,02:25 AM,02:30 AM,5.0,02:30 AM,02:35 AM,5.0
12554,2024-09-16,CNB,02:25 AM,02:25 AM,0.0,02:30 AM,02:30 AM,0.0
12554,2024-09-17,CNB,02:25 AM,02:54 AM,29.0,02:30 AM,02:59 AM,29.0
12554,2024-09-18,CNB,02:25 AM,02:35 AM,10.0,02:30 AM,02:40 AM,10.0
12554,2024-09-19,CNB,02:25 AM,03:02 AM,37.0,02:30 AM,03:07 AM,37.0
12554,2024-09-20,CNB,02:25 AM,02:35 AM,10.0,02:30 AM,02:40 AM,10.0
12554,2024-09-21,CNB,02:25 AM,02:33 AM,8.0,02:30 AM,02:38 AM,8.0
12554,2024-09-22,CNB,02:25 AM,02:25 AM,0.0,02:30 AM,02:30 AM,0.0
12554,2024-09-23,CNB,02:25 AM,02:25 AM,0.0,02:30 AM,02:30 AM,0.0
12554,2024-09-24,CNB,02:25 AM,02:25 AM,0.0,02:30 AM,02:30 AM,0.0
12554,2024-09-25,CNB,02:25 AM,02:40 AM,15.0,02:30 AM,02:45 AM,15.0
12554,2024-09-26,CNB,02:25 AM,02:35 AM,10.0,02:30 AM,02:40 AM,10.0
12554,2024-09-27,CNB,02:25 AM,02:34 AM,9.0,02:30 AM,02:39 AM,9.0
12554,2024-09-28,CNB,02:25 AM,02:26 AM,0.0,02:30 AM,02:31 AM,0.0
12554,2024-09-29,CNB,02:25 AM,02:26 AM,0.0,02:30 AM,02:31 AM,0.0
12554,2024-09-30,CNB,02:25 AM,02:28 AM,3.0,02:30 AM,02:33 AM,3.0
14866,2024-09-04,CNB,11:40 PM,11:51 PM,11.0,11:45 PM,11:56 PM,11.0
14866,2024-09-11,CNB,11:40 PM,11:47 PM,7.0,11:45 PM,11:52 PM,7.0
14866,2024-09-18,CNB,11:40 PM,11:40 PM,0.0,11:45 PM,11:45 PM,0.0
14866,2024-09-25,CNB,11:40 PM,11:40 PM,0.0,11:45 PM,11:45 PM,0.0
12180,2024-09-01,CNB,10:45 AM,10:46 AM,0.0,10:50 AM,10:51 AM,0.0
12180,2024-09-02,CNB,10:45 AM,10:46 AM,0.0,10:50 AM,10:51 AM,0.0
12180,2024-09-03,CNB,10:45 AM,10:49 AM,4.0,10:50 AM,10:54 AM,4.0
12180,2024-09-04,CNB,10:45 AM,10:45 AM,0.0,10:50 AM,10:50 AM,0.0
12180,2024-09-05,CNB,10:45 AM,10:45 AM,0.0,10:50 AM,10:50 AM,0.0
12180,2024-09-06,CNB,10:45 AM,10:45 AM,0.0,10:50 AM,10:50 AM,0.0
12180,2024-09-07,CNB,10:45 AM,10:45 AM,0.0,10:50 AM,10:50 AM,0.0
12180,2024-09-08,CNB,10:45 AM,10:49 AM,4.0,10:50 AM,10:54 AM,4.0
12180,2024-09-09,CNB,10:45 AM,10:46 AM,0.0,10:50 AM,10:51 AM,0.0
12180,2024-09-10,CNB,10:45 AM,10:49 AM,4.0,10:50 AM,10:54 AM,4.0
12180,2024-09-11,CNB,10:45 AM,10:46 AM,0.0,10:50 AM,10:51 AM,0.0
12180,2024-09-12,CNB,10:45 AM,10:50 AM,5.0,10:50 AM,10:55 AM,5.0
12180,2024-09-13,CNB,10:45 AM,10:54 AM,9.0,10:50 AM,10:59 AM,9.0
12180,2024-09-14,CNB,10:45 AM,10:46 AM,0.0,10:50 AM,10:51 AM,0.0
12180,2024-09-15,CNB,10:45 AM,10:45 AM,0.0,10:50 AM,10:50 AM,0.0
12180,2024-09-16,CNB,10:45 AM,10:45 AM,0.0,10:50 AM,10:50 AM,0.0
12180,2024-09-17,CNB,10:45 AM,10:45 AM,0.0,10:50 AM,10:50 AM,0.0
12180,2024-09-18,CNB,10:45 AM,10:58 AM,13.0,10:50 AM,11:03 AM,13.0
12180,2024-09-19,CNB,10:45 AM,10:49 AM,4.0,10:50 AM,10:54 AM,4.0
12180,2024-09-20,CNB,10:45 AM,11:43 AM,58.0,10:50 AM,11:48 AM,58.0
12180,2024-09-21,CNB,10:45 AM,10:45 AM,0.0,10:50 AM,10:50 AM,0.0
12180,2024-09-22,CNB,10:45 AM,10:46 AM,0.0,10:50 AM,10:51 AM,0.0
12180,2024-09-23,CNB,10:45 AM,10:48 AM,3.0,10:50 AM,10:53 AM,3.0
12180,2024-09-24,CNB,10:45 AM,12:54 PM,129.0,10:50 AM,12:59 PM,129.0
12180,2024-09-25,CNB,10:45 AM,10:45 AM,0.0,10:50 AM,10:50 AM,0.0
12180,2024-09-26,CNB,10:45 AM,10:48 AM,3.0,10:50 AM,10:53 AM,3.0
12180,2024-09-27,CNB,10:45 AM,10:46 AM,0.0,10:50 AM,10:51 AM,0.0
12180,2024-09-28,CNB,10:45 AM,10:46 AM,0.0,10:50 AM,10:51 AM,0.0
12180,2024-09-29,CNB,10:45 AM,10:46 AM,0.0,10:50 AM,10:51 AM,0.0
12180,2024-09-30,CNB,10:45 AM,10:47 AM,2.0,10:50 AM,10:52 AM,2.0
12143,2024-09-01,CNB,01:00 PM,01:00 PM,0.0,01:05 PM,01:05 PM,0.0
12143,2024-09-08,CNB,01:00 PM,02:02 PM,62.0,01:05 PM,02:07 PM,62.0
12143,2024-09-15,CNB,01:00 PM,01:00 PM,0.0,01:05 PM,01:05 PM,0.0
12143,2024-09-22,CNB,01:00 PM,01:00 PM,0.0,01:05 PM,01:05 PM,0.0
12143,2024-09-29,CNB,01:00 PM,01:00 PM,0.0,01:05 PM,01:05 PM,0.0
12165,2024-09-02,PRYJ,03:50 AM,03:58 AM,8.0,04:20 AM,04:28 AM,8.0
12165,2024-09-05,PRYJ,03:50 AM,04:57 AM,67.0,04:20 AM,05:27 AM,67.0
12165,2024-09-06,PRYJ,03:50 AM,04:29 AM,39.0,04:20 AM,04:59 AM,39.0
12165,2024-09-09,PRYJ,03:50 AM,04:01 AM,11.0,04:20 AM,04:31 AM,11.0
12165,2024-09-12,PRYJ,03:50 AM,03:57 AM,7.0,04:20 AM,04:27 AM,7.0
12165,2024-09-13,PRYJ,03:50 AM,03:51 AM,0.0,04:20 AM,04:21 AM,0.0
12165,2024-09-16,PRYJ,03:50 AM,04:02 AM,12.0,04:20 AM,04:32 AM,12.0
12165,2024-09-19,PRYJ,03:50 AM,04:02 AM,12.0,04:20 AM,04:32 AM,12.0
12165,2024-09-20,PRYJ,03:50 AM,03:53 AM,3.0,04:20 AM,04:23 AM,3.0
12165,2024-09-23,PRYJ,03:50 AM,04:29 AM,39.0,04:20 AM,04:59 AM,39.0
12165,2024-09-26,PRYJ,03:50 AM,04:36 AM,46.0,04:20 AM,05:06 AM,46.0
12165,2024-09-27,PRYJ,03:50 AM,03:54 AM,4.0,04:20 AM,04:24 AM,4.0
12165,2024-09-30,PRYJ,03:50 AM,03:57 AM,7.0,04:20 AM,04:27 AM,7.0
12260,2024-09-02,CNB,12:35 AM,12:41 AM,6.0,12:40 AM,12:46 AM,6.0
12260,2024-09-02,DDU,04:35 AM,04:35 AM,0.0,04:45 AM,04:45 AM,0.0
12260,2024-09-03,CNB,12:35 AM,12:37 AM,2.0,12:40 AM,12:42 AM,2.0
12260,2024-09-03,DDU,04:35 AM,04:35 AM,0.0,04:45 AM,04:45 AM,0.0
12260,2024-09-05,CNB,12:35 AM,12:40 AM,5.0,12:40 AM,12:45 AM,5.0
12260,2024-09-05,DDU,04:35 AM,04:35 AM,0.0,04:45 AM,04:45 AM,0.0
12260,2024-09-06,CNB,12:35 AM,01:02 AM,27.0,12:40 AM,01:07 AM,27.0
12260,2024-09-06,DDU,04:35 AM,04:47 AM,12.0,04:45 AM,04:57 AM,12.0
12260,2024-09-09,CNB,12:35 AM,01:21 AM,46.0,12:40 AM,01:26 AM,46.0
12260,2024-09-09,DDU,04:35 AM,06:00 AM,85.0,04:45 AM,06:10 AM,85.0
12260,2024-09-10,CNB,12:35 AM,12:36 AM,0.0,12:40 AM,12:41 AM,0.0
12260,2024-09-10,DDU,04:35 AM,04:37 AM,2.0,04:45 AM,04:47 AM,2.0
12260,2024-09-12,CNB,12:35 AM,12:36 AM,0.0,12:40 AM,12:41 AM,0.0
12260,2024-09-12,DDU,04:35 AM,04:35 AM,0.0,04:45 AM,04:45 AM,0.0
12260,2024-09-13,CNB,12:35 AM,01:13 AM,38.0,12:40 AM,01:18 AM,38.0
12260,2024-09-13,DDU,04:35 AM,05:23 AM,48.0,04:45 AM,05:33 AM,48.0
12260,2024-09-16,CNB,12:35 AM,12:45 AM,10.0,12:40 AM,12:50 AM,10.0
12260,2024-09-16,DDU,04:35 AM,04:58 AM,23.0,04:45 AM,05:08 AM,23.0
12260,2024-09-17,CNB,12:35 AM,01:08 AM,33.0,12:40 AM,01:13 AM,33.0
12260,2024-09-17,DDU,04:35 AM,05:05 AM,30.0,04:45 AM,05:15 AM,30.0
12260,2024-09-19,CNB,12:35 AM,12:44 AM,9.0,12:40 AM,12:49 AM,9.0
12260,2024-09-19,DDU,04:35 AM,05:47 AM,72.0,04:45 AM,05:57 AM,72.0
12260,2024-09-20,CNB,12:35 AM,01:14 AM,39.0,12:40 AM,01:19 AM,39.0
12260,2024-09-20,DDU,04:35 AM,05:09 AM,34.0,04:45 AM,05:19 AM,34.0
12260,2024-09-23,CNB,12:35 AM,12:35 AM,0.0,12:40 AM,12:40 AM,0.0
12260,2024-09-23,DDU,04:35 AM,04:35 AM,0.0,04:45 AM,04:45 AM,0.0
12260,2024-09-24,CNB,12:35 AM,12:35 AM,0.0,12:40 AM,12:40 AM,0.0
12260,2024-09-24,DDU,04:35 AM,04:35 AM,0.0,04:45 AM,04:45 AM,0.0
12260,2024-09-26,CNB,12:35 AM,12:44 AM,9.0,12:40 AM,12:49 AM,9.0
12260,2024-09-26,DDU,04:35 AM,04:35 AM,0.0,04:45 AM,04:45 AM,0.0
12260,2024-09-27,CNB,12:35 AM,12:44 AM,9.0,12:40 AM,12:49 AM,9.0
12260,2024-09-27,DDU,04:35 AM,04:40 AM,5.0,04:45 AM,04:50 AM,5.0
12260,2024-09-30,CNB,12:35 AM,01:23 AM,48.0,12:40 AM,01:28 AM,48.0
12260,2024-09-30,DDU,04:35 AM,05:09 AM,34.0,04:45 AM,05:19 AM,34.0
6509,2024-09-09,DDU,04:08 AM,05:42 AM,94.0,04:18 AM,05:52 AM,94.0
6509,2024-09-16,DDU,04:08 AM,04:08 AM,0.0,04:18 AM,04:18 AM,0.0
1906,2024-09-03,CNB,11:55 AM,11:55 AM,0.0,11:55 AM,11:55 AM,0.0
1906,2024-09-10,CNB,11:55 AM,11:55 AM,0.0,11:55 AM,11:55 AM,0.0
1906,2024-09-17,CNB,11:55 AM,11:55 AM,0.0,11:55 AM,11:55 AM,0.0
1906,2024-09-24,CNB,11:55 AM,11:55 AM,0.0,11:55 AM,11:55 AM,0.0
19409,2024-09-05,CNB,09:00 AM,09:00 AM,0.0,09:05 AM,09:05 AM,0.0
19409,2024-09-07,CNB,09:00 AM,09:00 AM,0.0,09:05 AM,09:05 AM,0.0
19409,2024-09-12,CNB,09:00 AM,09:00 AM,0.0,09:05 AM,09:05 AM,0.0
19409,2024-09-14,CNB,09:00 AM,09:00 AM,0.0,09:05 AM,09:05 AM,0.0
19409,2024-09-19,CNB,09:00 AM,09:01 AM,0.0,09:05 AM,09:06 AM,0.0
19409,2024-09-21,CNB,09:00 AM,09:00 AM,0.0,09:05 AM,09:05 AM,0.0
19409,2024-09-26,CNB,09:00 AM,09:00 AM,0.0,09:05 AM,09:05 AM,0.0
19409,2024-09-28,CNB,09:00 AM,09:00 AM,0.0,09:05 AM,09:05 AM,0.0
22669,2024-09-21,PRYJ,10:10 PM,10:10 PM,0.0,10:35 PM,10:35 PM,0.0
22669,2024-09-21,DDU,02:50 AM,02:50 AM,0.0,03:00 AM,03:00 AM,0.0
22669,2024-09-21,BXR,04:09 AM,04:09 AM,0.0,04:11 AM,04:11 AM,0.0
22669,2024-09-28,PRYJ,10:10 PM,10:10 PM,0.0,10:35 PM,10:35 PM,0.0
22669,2024-09-28,DDU,02:50 AM,02:50 AM,0.0,03:00 AM,03:00 AM,0.0
22669,2024-09-28,BXR,04:09 AM,04:09 AM,0.0,04:11 AM,04:11 AM,0.0
14260,2024-09-21,DDU,07:05 AM,08:40 AM,95.0,07:15 AM,08:50 AM,95.0
11071,2024-09-01,PRYJ,03:45 PM,03:45 PM,0.0,04:10 PM,04:10 PM,0.0
11071,2024-09-02,PRYJ,03:45 PM,05:07 PM,82.0,04:10 PM,05:32 PM,82.0
11071,2024-09-03,PRYJ,03:45 PM,04:16 PM,31.0,04:10 PM,04:41 PM,31.0
11071,2024-09-04,PRYJ,03:45 PM,03:55 PM,10.0,04:10 PM,04:20 PM,10.0
11071,2024-09-05,PRYJ,03:45 PM,04:53 PM,68.0,04:10 PM,05:18 PM,68.0
11071,2024-09-06,PRYJ,03:45 PM,03:51 PM,6.0,04:10 PM,04:16 PM,6.0
11071,2024-09-07,PRYJ,03:45 PM,05:13 PM,88.0,04:10 PM,05:38 PM,88.0
11071,2024-09-08,PRYJ,03:45 PM,03:50 PM,5.0,04:10 PM,04:15 PM,5.0
11071,2024-09-09,PRYJ,03:45 PM,03:45 PM,0.0,04:10 PM,04:10 PM,0.0
11071,2024-09-10,PRYJ,03:45 PM,03:52 PM,7.0,04:10 PM,04:17 PM,7.0
11071,2024-09-11,PRYJ,03:45 PM,04:23 PM,38.0,04:10 PM,04:48 PM,38.0
11071,2024-09-12,PRYJ,03:45 PM,04:29 PM,44.0,04:10 PM,04:54 PM,44.0
11071,2024-09-13,PRYJ,03:45 PM,03:54 PM,9.0,04:10 PM,04:19 PM,9.0
11071,2024-09-14,PRYJ,03:45 PM,04:12 PM,27.0,04:10 PM,04:37 PM,27.0
11071,2024-09-15,PRYJ,03:45 PM,04:02 PM,17.0,04:10 PM,04:27 PM,17.0
11071,2024-09-16,PRYJ,03:45 PM,04:12 PM,27.0,04:10 PM,04:37 PM,27.0
11071,2024-09-17,PRYJ,03:45 PM,03:59 PM,14.0,04:10 PM,04:24 PM,14.0
11071,2024-09-18,PRYJ,03:45 PM,04:07 PM,22.0,04:10 PM,04:32 PM,22.0
11071,2024-09-19,PRYJ,03:45 PM,04:04 PM,19.0,04:10 PM,04:29 PM,19.0
11071,2024-09-20,PRYJ,03:45 PM,04:04 PM,19.0,04:10 PM,04:29 PM,19.0
11071,2024-09-21,PRYJ,03:45 PM,04:25 PM,40.0,04:10 PM,04:50 PM,40.0
11071,2024-09-22,PRYJ,03:45 PM,04:19 PM,34.0,04:10 PM,04:44 PM,34.0
11071,2024-09-23,PRYJ,03:45 PM,03:55 PM,10.0,04:10 PM,04:20 PM,10.0
11071,2024-09-24,PRYJ,03:45 PM,04:03 PM,18.0,04:10 PM,04:28 PM,18.0
11071,2024-09-25,PRYJ,03:45 PM,04:08 PM,23.0,04:10 PM,04:33 PM,23.0
11071,2024-09-26,PRYJ,03:45 PM,04:00 PM,15.0,04:10 PM,04:25 PM,15.0
11071,2024-09-27,PRYJ,03:45 PM,03:55 PM,10.0,04:10 PM,04:20 PM,10.0
11071,2024-09-28,PRYJ,03:45 PM,03:50 PM,5.0,04:10 PM,04:15 PM,5.0
11071,2024-09-29,PRYJ,03:45 PM,04:04 PM,19.0,04:10 PM,04:29 PM,19.0
11071,2024-09-30,PRYJ,03:45 PM,04:26 PM,41.0,04:10 PM,04:51 PM,41.0
22184,2024-09-01,PRYJ,06:15 PM,06:42 PM,27.0,06:40 PM,07:07 PM,27.0
22184,2024-09-05,PRYJ,06:15 PM,06:15 PM,0.0,06:40 PM,06:40 PM,0.0
22184,2024-09-08,PRYJ,06:15 PM,06:16 PM,0.0,06:40 PM,06:41 PM,0.0
22184,2024-09-12,PRYJ,06:15 PM,06:19 PM,4.0,06:40 PM,06:44 PM,4.0
22184,2024-09-15,PRYJ,06:15 PM,06:15 PM,0.0,06:40 PM,06:40 PM,0.0
22184,2024-09-19,PRYJ,06:15 PM,06:16 PM,0.0,06:40 PM,06:41 PM,0.0
22184,2024-09-22,PRYJ,06:15 PM,06:15 PM,0.0,06:40 PM,06:40 PM,0.0
22184,2024-09-26,PRYJ,06:15 PM,07:30 PM,75.0,06:40 PM,07:55 PM,75.0
22184,2024-09-29,PRYJ,06:15 PM,06:25 PM,10.0,06:40 PM,06:50 PM,10.0
5294,2024-09-05,DDU,09:25 AM,12:08 PM,163.0,09:35 AM,12:18 PM,163.0
5294,2024-09-05,BXR,10:58 AM,01:31 PM,153.0,11:00 AM,01:33 PM,153.0
5294,2024-09-12,DDU,09:25 AM,09:25 AM,0.0,09:35 AM,09:35 AM,0.0
5294,2024-09-12,BXR,10:58 AM,10:58 AM,0.0,11:00 AM,11:00 AM,0.0
82502,2024-09-01,CNB,08:35 PM,08:35 PM,0.0,08:40 PM,08:40 PM,0.0
82502,2024-09-02,CNB,08:35 PM,08:37 PM,2.0,08:40 PM,08:42 PM,2.0
82502,2024-09-04,CNB,08:35 PM,08:35 PM,0.0,08:40 PM,08:40 PM,0.0
82502,2024-09-05,CNB,08:35 PM,08:38 PM,3.0,08:40 PM,08:43 PM,3.0
82502,2024-09-06,CNB,08:35 PM,08:42 PM,7.0,08:40 PM,08:47 PM,7.0
82502,2024-09-07,CNB,08:35 PM,08:35 PM,0.0,08:40 PM,08:40 PM,0.0
82502,2024-09-08,CNB,08:35 PM,08:35 PM,0.0,08:40 PM,08:40 PM,0.0
82502,2024-09-09,CNB,08:35 PM,08:39 PM,4.0,08:40 PM,08:44 PM,4.0
82502,2024-09-11,CNB,08:35 PM,08:35 PM,0.0,08:40 PM,08:40 PM,0.0
82502,2024-09-12,CNB,08:35 PM,08:35 PM,0.0,08:40 PM,08:40 PM,0.0
82502,2024-09-13,CNB,08:35 PM,08:44 PM,9.0,08:40 PM,08:49 PM,9.0
82502,2024-09-14,CNB,08:35 PM,08:49 PM,14.0,08:40 PM,08:54 PM,14.0
82502,2024-09-15,CNB,08:35 PM,08:35 PM,0.0,08:40 PM,08:40 PM,0.0
82502,2024-09-16,CNB,08:35 PM,08:35 PM,0.0,08:40 PM,08:40 PM,0.0
82502,2024-09-18,CNB,08:35 PM,08:35 PM,0.0,08:40 PM,08:40 PM,0.0
82502,2024-09-19,CNB,08:35 PM,08:37 PM,2.0,08:40 PM,08:42 PM,2.0
82502,2024-09-20,CNB,08:35 PM,08:35 PM,0.0,08:40 PM,08:40 PM,0.0
82502,2024-09-21,CNB,08:35 PM,08:50 PM,15.0,08:40 PM,08:55 PM,15.0
82502,2024-09-22,CNB,08:35 PM,08:35 PM,0.0,08:40 PM,08:40 PM,0.0
82502,2024-09-23,CNB,08:35 PM,08:36 PM,0.0,08:40 PM,08:41 PM,0.0
82502,2024-09-25,CNB,08:35 PM,08:35 PM,0.0,08:40 PM,08:40 PM,0.0
82502,2024-09-26,CNB,08:35 PM,08:35 PM,0.0,08:40 PM,08:40 PM,0.0
82502,2024-09-27,CNB,08:35 PM,08:55 PM,20.0,08:40 PM,09:00 PM,20.0
82502,2024-09-28,CNB,08:35 PM,08:35 PM,0.0,08:40 PM,08:40 PM,0.0
82502,2024-09-30,CNB,08:35 PM,08:35 PM,0.0,08:40 PM,08:40 PM,0.0
12273,2024-09-02,DDU,08:12 PM,08:12 PM,0.0,08:22 PM,08:22 PM,0.0
12273,2024-09-02,CNB,12:50 AM,12:50 AM,0.0,12:55 AM,12:55 AM,0.0
12273,2024-09-06,DDU,08:12 PM,08:14 PM,2.0,08:22 PM,08:24 PM,2.0
12273,2024-09-06,CNB,12:50 AM,01:06 AM,16.0,12:55 AM,01:11 AM,16.0
12273,2024-09-09,DDU,08:12 PM,08:12 PM,0.0,08:22 PM,08:22 PM,0.0
12273,2024-09-09,CNB,12:50 AM,12:50 AM,0.0,12:55 AM,12:55 AM,0.0
12273,2024-09-13,DDU,08:12 PM,08:12 PM,0.0,08:22 PM,08:22 PM,0.0
12273,2024-09-13,CNB,12:50 AM,12:56 AM,6.0,12:55 AM,01:01 AM,6.0
12273,2024-09-16,DDU,08:12 PM,08:50 PM,38.0,08:22 PM,09:00 PM,38.0
12273,2024-09-16,CNB,12:50 AM,01:17 AM,27.0,12:55 AM,01:22 AM,27.0
12273,2024-09-20,DDU,08:12 PM,08:13 PM,0.0,08:22 PM,08:23 PM,0.0
12273,2024-09-20,CNB,12:50 AM,01:00 AM,10.0,12:55 AM,01:05 AM,10.0
12273,2024-09-23,DDU,08:12 PM,08:12 PM,0.0,08:22 PM,08:22 PM,0.0
12273,2024-09-23,CNB,12:50 AM,12:55 AM,5.0,12:55 AM,01:00 AM,5.0
12273,2024-09-27,DDU,08:12 PM,08:12 PM,0.0,08:22 PM,08:22 PM,0.0
12273,2024-09-27,CNB,12:50 AM,01:03 AM,13.0,12:55 AM,01:08 AM,13.0
12273,2024-09-30,DDU,08:12 PM,08:12 PM,0.0,08:22 PM,08:22 PM,0.0
12273,2024-09-30,CNB,12:50 AM,12:50 AM,0.0,12:55 AM,12:55 AM,0.0
12368,2024-09-01,CNB,06:25 PM,06:43 PM,18.0,06:30 PM,06:48 PM,18.0
12368,2024-09-01,DDU,11:35 PM,11:36 PM,0.0,11:45 PM,11:46 PM,0.0
12368,2024-09-01,BXR,12:46 AM,12:54 AM,8.0,12:48 AM,12:56 AM,8.0
12368,2024-09-02,CNB,06:25 PM,06:38 PM,13.0,06:30 PM,06:43 PM,13.0
12368,2024-09-02,DDU,11:35 PM,11:35 PM,0.0,11:45 PM,11:45 PM,0.0
12368,2024-09-02,BXR,12:46 AM,12:46 AM,0.0,12:48 AM,12:48 AM,0.0
12368,2024-09-03,CNB,06:25 PM,07:00 PM,35.0,06:30 PM,07:05 PM,35.0
12368,2024-09-03,DDU,11:35 PM,11:37 PM,2.0,11:45 PM,11:47 PM,2.0
12368,2024-09-03,BXR,12:46 AM,12:46 AM,0.0,12:48 AM,12:48 AM,0.0
12368,2024-09-04,CNB,06:25 PM,09:37 PM,192.0,06:30 PM,09:42 PM,192.0
12368,2024-09-04,DDU,11:35 PM,02:06 AM,151.0,11:45 PM,02:16 AM,151.0
12368,2024-09-04,BXR,12:46 AM,03:34 AM,168.0,12:48 AM,03:36 AM,168.0
12368,2024-09-05,CNB,06:25 PM,07:35 PM,70.0,06:30 PM,07:40 PM,70.0
12368,2024-09-05,DDU,11:35 PM,12:05 AM,30.0,11:45 PM,12:15 AM,30.0
12368,2024-09-05,BXR,12:46 AM,01:21 AM,35.0,12:48 AM,01:23 AM,35.0
12368,2024-09-06,CNB,06:25 PM,10:34 PM,249.0,06:30 PM,10:39 PM,249.0
12368,2024-09-06,DDU,11:35 PM,02:57 AM,202.0,11:45 PM,03:07 AM,202.0
12368,2024-09-06,BXR,12:46 AM,12:46 AM,0.0,12:48 AM,12:48 AM,0.0
12368,2024-09-07,CNB,06:25 PM,07:47 PM,82.0,06:30 PM,07:52 PM,82.0
12368,2024-09-07,DDU,11:35 PM,12:27 AM,52.0,11:45 PM,12:37 AM,52.0
12368,2024-09-07,BXR,12:46 AM,01:49 AM,63.0,12:48 AM,01:51 AM,63.0
12368,2024-09-08,CNB,06:25 PM,06:52 PM,27.0,06:30 PM,06:57 PM,27.0
12368,2024-09-08,DDU,11:35 PM,11:40 PM,5.0,11:45 PM,11:50 PM,5.0
12368,2024-09-08,BXR,12:46 AM,12:53 AM,7.0,12:48 AM,12:55 AM,7.0
12368,2024-09-09,CNB,06:25 PM,06:45 PM,20.0,06:30 PM,06:50 PM,20.0
12368,2024-09-09,DDU,11:35 PM,11:35 PM,0.0,11:45 PM,11:45 PM,0.0
12368,2024-09-09,BXR,12:46 AM,12:46 AM,0.0,12:48 AM,12:48 AM,0.0
12368,2024-09-10,CNB,06:25 PM,06:49 PM,24.0,06:30 PM,06:54 PM,24.0
12368,2024-09-10,DDU,11:35 PM,11:35 PM,0.0,11:45 PM,11:45 PM,0.0
12368,2024-09-10,BXR,12:46 AM,12:53 AM,7.0,12:48 AM,12:55 AM,7.0
12368,2024-09-11,CNB,06:25 PM,06:49 PM,24.0,06:30 PM,06:54 PM,24.0
12368,2024-09-11,DDU,11:35 PM,12:06 AM,31.0,11:45 PM,12:16 AM,31.0
12368,2024-09-11,BXR,12:46 AM,12:46 AM,0.0,12:48 AM,12:48 AM,0.0
12368,2024-09-12,CNB,06:25 PM,07:11 PM,46.0,06:30 PM,07:16 PM,46.0
12368,2024-09-12,DDU,11:35 PM,11:35 PM,0.0,11:45 PM,11:45 PM,0.0
12368,2024-09-12,BXR,12:46 AM,12:50 AM,4.0,12:48 AM,12:52 AM,4.0
12368,2024-09-13,CNB,06:25 PM,06:45 PM,20.0,06:30 PM,06:50 PM,20.0
12368,2024-09-13,DDU,11:35 PM,11:50 PM,15.0,11:45 PM,12:00 AM,15.0
12368,2024-09-13,BXR,12:46 AM,12:46 AM,0.0,12:48 AM,12:48 AM,0.0
12368,2024-09-14,CNB,06:25 PM,06:39 PM,14.0,06:30 PM,06:44 PM,14.0
12368,2024-09-14,DDU,11:35 PM,12:32 AM,57.0,11:45 PM,12:42 AM,57.0
12368,2024-09-14,BXR,12:46 AM,12:46 AM,0.0,12:48 AM,12:48 AM,0.0
12368,2024-09-15,CNB,06:25 PM,06:37 PM,12.0,06:30 PM,06:42 PM,12.0
12368,2024-09-15,DDU,11:35 PM,12:25 AM,50.0,11:45 PM,12:35 AM,50.0
12368,2024-09-15,BXR,12:46 AM,01:53 AM,67.0,12:48 AM,01:55 AM,67.0
12368,2024-09-16,CNB,06:25 PM,06:37 PM,12.0,06:30 PM,06:42 PM,12.0
12368,2024-09-16,DDU,11:35 PM,12:05 AM,30.0,11:45 PM,12:15 AM,30.0
12368,2024-09-16,BXR,12:46 AM,01:19 AM,33.0,12:48 AM,01:21 AM,33.0
12368,2024-09-17,CNB,06:25 PM,06:59 PM,34.0,06:30 PM,07:04 PM,34.0
12368,2024-09-17,DDU,11:35 PM,11:44 PM,9.0,11:45 PM,11:54 PM,9.0
12368,2024-09-17,BXR,12:46 AM,12:59 AM,13.0,12:48 AM,01:01 AM,13.0
12368,2024-09-18,CNB,06:25 PM,06:55 PM,30.0,06:30 PM,07:00 PM,30.0
12368,2024-09-18,DDU,11:35 PM,02:14 AM,159.0,11:45 PM,02:24 AM,159.0
12368,2024-09-18,BXR,12:46 AM,03:29 AM,163.0,12:48 AM,03:31 AM,163.0
12368,2024-09-19,CNB,06:25 PM,06:34 PM,9.0,06:30 PM,06:39 PM,9.0
12368,2024-09-19,DDU,11:35 PM,11:35 PM,0.0,11:45 PM,11:45 PM,0.0
12368,2024-09-19,BXR,12:46 AM,12:52 AM,6.0,12:48 AM,12:54 AM,6.0
12368,2024-09-20,CNB,06:25 PM,06:38 PM,13.0,06:30 PM,06:43 PM,13.0
12368,2024-09-20,DDU,11:35 PM,11:35 PM,0.0,11:45 PM,11:45 PM,0.0
12368,2024-09-20,BXR,12:46 AM,01:07 AM,21.0,12:48 AM,01:09 AM,21.0
12368,2024-09-21,CNB,06:25 PM,07:12 PM,47.0,06:30 PM,07:17 PM,47.0
12368,2024-09-21,DDU,11:35 PM,11:35 PM,0.0,11:45 PM,11:45 PM,0.0
12368,2024-09-21,BXR,12:46 AM,12:46 AM,0.0,12:48 AM,12:48 AM,0.0
12368,2024-09-22,CNB,06:25 PM,07:03 PM,38.0,06:30 PM,07:08 PM,38.0
12368,2024-09-22,DDU,11:35 PM,11:35 PM,0.0,11:45 PM,11:45 PM,0.0
12368,2024-09-22,BXR,12:46 AM,12:54 AM,8.0,12:48 AM,12:56 AM,8.0
12368,2024-09-23,CNB,06:25 PM,07:10 PM,45.0,06:30 PM,07:15 PM,45.0
12368,2024-09-23,DDU,11:35 PM,11:35 PM,0.0,11:45 PM,11:45 PM,0.0
12368,2024-09-23,BXR,12:46 AM,12:49 AM,3.0,12:48 AM,12:51 AM,3.0
12368,2024-09-24,CNB,06:25 PM,08:26 PM,121.0,06:30 PM,08:31 PM,121.0
12368,2024-09-24,DDU,11:35 PM,02:33 AM,178.0,11:45 PM,02:43 AM,178.0
12368,2024-09-24,BXR,12:46 AM,04:16 AM,210.0,12:48 AM,04:18 AM,210.0
12368,2024-09-25,CNB,06:25 PM,11:54 PM,329.0,06:30 PM,11:59 PM,329.0
12368,2024-09-25,DDU,11:35 PM,04:32 AM,297.0,11:45 PM,04:42 AM,297.0
12368,2024-09-25,BXR,12:46 AM,05:55 AM,309.0,12:48 AM,05:57 AM,309.0
12368,2024-09-26,CNB,06:25 PM,06:55 PM,30.0,06:30 PM,07:00 PM,30.0
12368,2024-09-26,DDU,11:35 PM,11:49 PM,14.0,11:45 PM,11:59 PM,14.0
12368,2024-09-26,BXR,12:46 AM,01:01 AM,15.0,12:48 AM,01:03 AM,15.0
12368,2024-09-27,CNB,06:25 PM,06:45 PM,20.0,06:30 PM,06:50 PM,20.0
12368,2024-09-27,DDU,11:35 PM,11:35 PM,0.0,11:45 PM,11:45 PM,0.0
12368,2024-09-27,BXR,12:46 AM,12:46 AM,0.0,12:48 AM,12:48 AM,0.0
12368,2024-09-28,CNB,06:25 PM,07:46 PM,81.0,06:30 PM,07:51 PM,81.0
12368,2024-09-28,DDU,11:35 PM,12:31 AM,56.0,11:45 PM,12:41 AM,56.0
12368,2024-09-28,BXR,12:46 AM,02:01 AM,75.0,12:48 AM,02:03 AM,75.0
12368,2024-09-29,CNB,06:25 PM,06:29 PM,4.0,06:30 PM,06:34 PM,4.0
12368,2024-09-29,DDU,11:35 PM,11:35 PM,0.0,11:45 PM,11:45 PM,0.0
12368,2024-09-29,BXR,12:46 AM,12:46 AM,0.0,12:48 AM,12:48 AM,0.0
12368,2024-09-30,CNB,06:25 PM,06:31 PM,6.0,06:30 PM,06:36 PM,6.0
12368,2024-09-30,DDU,11:35 PM,11:51 PM,16.0,11:45 PM,12:01 AM,16.0
12368,2024-09-30,BXR,12:46 AM,12:46 AM,0.0,12:48 AM,12:48 AM,0.0
12533,2024-09-01,CNB,11:05 PM,11:22 PM,17.0,11:10 PM,11:27 PM,17.0
12533,2024-09-02,CNB,11:05 PM,11:10 PM,5.0,11:10 PM,11:15 PM,5.0
12533,2024-09-03,CNB,11:05 PM,11:06 PM,0.0,11:10 PM,11:11 PM,0.0
12533,2024-09-04,CNB,11:05 PM,11:06 PM,0.0,11:10 PM,11:11 PM,0.0
12533,2024-09-05,CNB,11:05 PM,01:11 AM,126.0,11:10 PM,01:16 AM,126.0
12533,2024-09-06,CNB,11:05 PM,11:13 PM,8.0,11:10 PM,11:18 PM,8.0
12533,2024-09-07,CNB,11:05 PM,11:16 PM,11.0,11:10 PM,11:21 PM,11.0
12533,2024-09-08,CNB,11:05 PM,11:15 PM,10.0,11:10 PM,11:20 PM,10.0
12533,2024-09-09,CNB,11:05 PM,11:31 PM,26.0,11:10 PM,11:36 PM,26.0
12533,2024-09-10,CNB,11:05 PM,12:24 AM,79.0,11:10 PM,12:29 AM,79.0
12533,2024-09-11,CNB,11:05 PM,12:03 AM,58.0,11:10 PM,12:08 AM,58.0
12533,2024-09-12,CNB,11:05 PM,11:09 PM,4.0,11:10 PM,11:14 PM,4.0
12533,2024-09-13,CNB,11:05 PM,11:16 PM,11.0,11:10 PM,11:21 PM,11.0
12533,2024-09-14,CNB,11:05 PM,11:06 PM,0.0,11:10 PM,11:11 PM,0.0
12533,2024-09-15,CNB,11:05 PM,11:13 PM,8.0,11:10 PM,11:18 PM,8.0
12533,2024-09-16,CNB,11:05 PM,11:09 PM,4.0,11:10 PM,11:14 PM,4.0
12533,2024-09-17,CNB,11:05 PM,11:07 PM,2.0,11:10 PM,11:12 PM,2.0
12533,2024-09-18,CNB,11:05 PM,11:08 PM,3.0,11:10 PM,11:13 PM,3.0
12533,2024-09-19,CNB,11:05 PM,11:05 PM,0.0,11:10 PM,11:10 PM,0.0
12533,2024-09-20,CNB,11:05 PM,11:14 PM,9.0,11:10 PM,11:19 PM,9.0
12533,2024-09-21,CNB,11:05 PM,11:11 PM,6.0,11:10 PM,11:16 PM,6.0
12533,2024-09-22,CNB,11:05 PM,11:11 PM,6.0,11:10 PM,11:16 PM,6.0
12533,2024-09-23,CNB,11:05 PM,11:06 PM,0.0,11:10 PM,11:11 PM,0.0
12533,2024-09-24,CNB,11:05 PM,11:12 PM,7.0,11:10 PM,11:17 PM,7.0
12533,2024-09-25,CNB,11:05 PM,11:09 PM,4.0,11:10 PM,11:14 PM,4.0
12533,2024-09-26,CNB,11:05 PM,11:29 PM,24.0,11:10 PM,11:34 PM,24.0
12533,2024-09-27,CNB,11:05 PM,11:12 PM,7.0,11:10 PM,11:17 PM,7.0
12533,2024-09-28,CNB,11:05 PM,11:05 PM,0.0,11:10 PM,11:10 PM,0.0
12533,2024-09-29,CNB,11:05 PM,11:08 PM,3.0,11:10 PM,11:13 PM,3.0
12533,2024-09-30,CNB,11:05 PM,11:23 PM,18.0,11:10 PM,11:28 PM,18.0
14224,2024-09-04,DDU,09:30 PM,09:31 PM,0.0,09:40 PM,09:41 PM,0.0
14224,2024-09-05,DDU,09:30 PM,09:33 PM,3.0,09:40 PM,09:43 PM,3.0
14224,2024-09-08,DDU,09:30 PM,09:32 PM,2.0,09:40 PM,09:42 PM,2.0
14224,2024-09-09,DDU,09:30 PM,09:30 PM,0.0,09:40 PM,09:40 PM,0.0
14224,2024-09-10,DDU,09:30 PM,09:32 PM,2.0,09:40 PM,09:42 PM,2.0
14224,2024-09-11,DDU,09:30 PM,09:30 PM,0.0,09:40 PM,09:40 PM,0.0
14224,2024-09-12,DDU,09:30 PM,09:32 PM,2.0,09:40 PM,09:42 PM,2.0
14224,2024-09-13,DDU,09:30 PM,09:30 PM,0.0,09:40 PM,09:40 PM,0.0
14224,2024-09-14,DDU,09:30 PM,09:30 PM,0.0,09:40 PM,09:40 PM,0.0
14224,2024-09-16,DDU,09:30 PM,09:33 PM,3.0,09:40 PM,09:43 PM,3.0
14224,2024-09-19,DDU,09:30 PM,09:33 PM,3.0,09:40 PM,09:43 PM,3.0
14224,2024-09-20,DDU,09:30 PM,09:40 PM,10.0,09:40 PM,09:50 PM,10.0
14224,2024-09-22,DDU,09:30 PM,09:31 PM,0.0,09:40 PM,09:41 PM,0.0
14224,2024-09-24,DDU,09:30 PM,09:30 PM,0.0,09:40 PM,09:40 PM,0.0
14224,2024-09-25,DDU,09:30 PM,10:18 PM,48.0,09:40 PM,10:28 PM,48.0
14224,2024-09-26,DDU,09:30 PM,09:31 PM,0.0,09:40 PM,09:41 PM,0.0
14224,2024-09-27,DDU,09:30 PM,09:31 PM,0.0,09:40 PM,09:41 PM,0.0
14224,2024-09-28,DDU,09:30 PM,09:30 PM,0.0,09:40 PM,09:40 PM,0.0
11407,2024-09-03,CNB,11:10 PM,11:10 PM,0.0,11:15 PM,11:15 PM,0.0
11407,2024-09-10,CNB,11:10 PM,11:11 PM,0.0,11:15 PM,11:16 PM,0.0
11407,2024-09-24,CNB,11:10 PM,11:10 PM,0.0,11:15 PM,11:15 PM,0.0
12275,2024-09-01,PRYJ,10:30 PM,10:30 PM,0.0,10:30 PM,10:30 PM,0.0
12275,2024-09-08,PRYJ,10:30 PM,10:30 PM,0.0,10:30 PM,10:30 PM,0.0
12275,2024-09-12,PRYJ,10:30 PM,10:30 PM,0.0,10:30 PM,10:30 PM,0.0
12275,2024-09-15,PRYJ,10:30 PM,10:31 PM,0.0,10:30 PM,10:31 PM,0.0
12275,2024-09-17,PRYJ,10:30 PM,10:31 PM,0.0,10:30 PM,10:31 PM,0.0
12275,2024-09-20,PRYJ,10:30 PM,10:30 PM,0.0,10:30 PM,10:30 PM,0.0
12275,2024-09-22,PRYJ,10:30 PM,10:31 PM,0.0,10:30 PM,10:31 PM,0.0
12275,2024-09-27,PRYJ,10:30 PM,10:30 PM,0.0,10:30 PM,10:30 PM,0.0
13238,2024-09-01,CNB,05:00 AM,05:00 AM,0.0,05:05 AM,05:05 AM,0.0
13238,2024-09-01,DDU,03:40 PM,03:40 PM,0.0,03:50 PM,03:50 PM,0.0
13238,2024-09-01,BXR,05:03 PM,05:03 PM,0.0,05:05 PM,05:05 PM,0.0
13238,2024-09-05,CNB,05:00 AM,05:37 AM,37.0,05:05 AM,05:42 AM,37.0
13238,2024-09-05,DDU,03:40 PM,03:49 PM,9.0,03:50 PM,03:59 PM,9.0
13238,2024-09-05,BXR,05:03 PM,05:21 PM,18.0,05:05 PM,05:23 PM,18.0
13238,2024-09-06,CNB,05:00 AM,05:23 AM,23.0,05:05 AM,05:28 AM,23.0
13238,2024-09-06,DDU,03:40 PM,04:51 PM,71.0,03:50 PM,05:01 PM,71.0
13238,2024-09-06,BXR,05:03 PM,06:09 PM,66.0,05:05 PM,06:11 PM,66.0
13238,2024-09-08,CNB,05:00 AM,05:05 AM,5.0,05:05 AM,05:10 AM,5.0
13238,2024-09-08,DDU,03:40 PM,03:54 PM,14.0,03:50 PM,04:04 PM,14.0
13238,2024-09-08,BXR,05:03 PM,05:27 PM,24.0,05:05 PM,05:29 PM,24.0
13238,2024-09-12,CNB,05:00 AM,05:09 AM,9.0,05:05 AM,05:14 AM,9.0
13238,2024-09-12,DDU,03:40 PM,03:46 PM,6.0,03:50 PM,03:56 PM,6.0
13238,2024-09-12,BXR,05:03 PM,05:12 PM,9.0,05:05 PM,05:14 PM,9.0
13238,2024-09-13,CNB,05:00 AM,05:25 AM,25.0,05:05 AM,05:30 AM,25.0
13238,2024-09-13,DDU,03:40 PM,03:40 PM,0.0,03:50 PM,03:50 PM,0.0
13238,2024-09-13,BXR,05:03 PM,05:06 PM,3.0,05:05 PM,05:08 PM,3.0
13238,2024-09-15,CNB,05:00 AM,07:36 AM,156.0,05:05 AM,07:41 AM,156.0
13238,2024-09-15,DDU,03:40 PM,07:32 PM,232.0,03:50 PM,07:42 PM,232.0
13238,2024-09-15,BXR,05:03 PM,09:24 PM,261.0,05:05 PM,09:26 PM,261.0
13238,2024-09-19,CNB,05:00 AM,07:01 AM,121.0,05:05 AM,07:06 AM,121.0
13238,2024-09-19,DDU,03:40 PM,07:21 PM,221.0,03:50 PM,07:31 PM,221.0
13238,2024-09-19,BXR,05:03 PM,09:04 PM,241.0,05:05 PM,09:06 PM,241.0
13238,2024-09-20,CNB,05:00 AM,05:33 AM,33.0,05:05 AM,05:38 AM,33.0
13238,2024-09-20,DDU,03:40 PM,03:59 PM,19.0,03:50 PM,04:09 PM,19.0
13238,2024-09-20,BXR,05:03 PM,05:26 PM,23.0,05:05 PM,05:28 PM,23.0
13238,2024-09-22,CNB,05:00 AM,05:19 AM,19.0,05:05 AM,05:24 AM,19.0
13238,2024-09-22,DDU,03:40 PM,03:40 PM,0.0,03:50 PM,03:50 PM,0.0
13238,2024-09-22,BXR,05:03 PM,05:03 PM,0.0,05:05 PM,05:05 PM,0.0
13238,2024-09-26,CNB,05:00 AM,05:12 AM,12.0,05:05 AM,05:17 AM,12.0
13238,2024-09-26,DDU,03:40 PM,05:49 PM,129.0,03:50 PM,05:59 PM,129.0
13238,2024-09-26,BXR,05:03 PM,07:16 PM,133.0,05:05 PM,07:18 PM,133.0
13238,2024-09-27,CNB,05:00 AM,05:06 AM,6.0,05:05 AM,05:11 AM,6.0
13238,2024-09-27,DDU,03:40 PM,03:44 PM,4.0,03:50 PM,03:54 PM,4.0
13238,2024-09-27,BXR,05:03 PM,05:03 PM,0.0,05:05 PM,05:05 PM,0.0
13238,2024-09-29,CNB,05:00 AM,05:06 AM,6.0,05:05 AM,05:11 AM,6.0
13238,2024-09-29,DDU,03:40 PM,03:40 PM,0.0,03:50 PM,03:50 PM,0.0
13238,2024-09-29,BXR,05:03 PM,05:16 PM,13.0,05:05 PM,05:18 PM,13.0
14110,2024-09-01,CNB,11:05 AM,12:20 PM,75.0,11:05 AM,12:20 PM,75.0
14110,2024-09-02,CNB,11:05 AM,11:05 AM,0.0,11:05 AM,11:05 AM,0.0
14110,2024-09-03,CNB,11:05 AM,11:05 AM,0.0,11:05 AM,11:05 AM,0.0
14110,2024-09-04,CNB,11:05 AM,11:05 AM,0.0,11:05 AM,11:05 AM,0.0
14110,2024-09-06,CNB,11:05 AM,11:05 AM,0.0,11:05 AM,11:05 AM,0.0
14110,2024-09-07,CNB,11:05 AM,11:05 AM,0.0,11:05 AM,11:05 AM,0.0
14110,2024-09-08,CNB,11:05 AM,11:05 AM,0.0,11:05 AM,11:05 AM,0.0
14110,2024-09-09,CNB,11:05 AM,11:05 AM,0.0,11:05 AM,11:05 AM,0.0
14110,2024-09-10,CNB,11:05 AM,11:05 AM,0.0,11:05 AM,11:05 AM,0.0
14110,2024-09-11,CNB,11:05 AM,01:00 PM,115.0,11:05 AM,01:00 PM,115.0
14110,2024-09-12,CNB,11:05 AM,11:05 AM,0.0,11:05 AM,11:05 AM,0.0
14110,2024-09-13,CNB,11:05 AM,11:05 AM,0.0,11:05 AM,11:05 AM,0.0
14110,2024-09-15,CNB,11:05 AM,11:05 AM,0.0,11:05 AM,11:05 AM,0.0
14110,2024-09-16,CNB,11:05 AM,11:05 AM,0.0,11:05 AM,11:05 AM,0.0
14110,2024-09-17,CNB,11:05 AM,11:05 AM,0.0,11:05 AM,11:05 AM,0.0
14110,2024-09-18,CNB,11:05 AM,11:05 AM,0.0,11:05 AM,11:05 AM,0.0
14110,2024-09-19,CNB,11:05 AM,11:05 AM,0.0,11:05 AM,11:05 AM,0.0
14110,2024-09-20,CNB,11:05 AM,11:05 AM,0.0,11:05 AM,11:05 AM,0.0
14110,2024-09-21,CNB,11:05 AM,11:13 AM,8.0,11:05 AM,11:13 AM,8.0
14110,2024-09-22,CNB,11:05 AM,11:07 AM,2.0,11:05 AM,11:07 AM,2.0
14110,2024-09-24,CNB,11:05 AM,11:06 AM,0.0,11:05 AM,11:06 AM,0.0
14110,2024-09-25,CNB,11:05 AM,11:05 AM,0.0,11:05 AM,11:05 AM,0.0
14110,2024-09-26,CNB,11:05 AM,11:05 AM,0.0,11:05 AM,11:05 AM,0.0
14110,2024-09-27,CNB,11:05 AM,11:08 AM,3.0,11:05 AM,11:08 AM,3.0
14110,2024-09-28,CNB,11:05 AM,11:06 AM,0.0,11:05 AM,11:06 AM,0.0
14110,2024-09-29,CNB,11:05 AM,11:06 AM,0.0,11:05 AM,11:06 AM,0.0
14110,2024-09-30,CNB,11:05 AM,11:05 AM,0.0,11:05 AM,11:05 AM,0.0
12595,2024-09-02,CNB,02:55 AM,03:01 AM,6.0,03:00 AM,03:06 AM,6.0
12595,2024-09-03,CNB,02:55 AM,03:59 AM,64.0,03:00 AM,04:04 AM,64.0
12595,2024-09-05,CNB,02:55 AM,06:03 AM,188.0,03:00 AM,06:08 AM,188.0
12595,2024-09-09,CNB,02:55 AM,02:55 AM,0.0,03:00 AM,03:00 AM,0.0
12595,2024-09-10,CNB,02:55 AM,03:29 AM,34.0,03:00 AM,03:34 AM,34.0
12595,2024-09-12,CNB,02:55 AM,03:29 AM,34.0,03:00 AM,03:34 AM,34.0
12595,2024-09-16,CNB,02:55 AM,02:58 AM,3.0,03:00 AM,03:03 AM,3.0
12595,2024-09-17,CNB,02:55 AM,03:13 AM,18.0,03:00 AM,03:18 AM,18.0
12595,2024-09-23,CNB,02:55 AM,02:59 AM,4.0,03:00 AM,03:04 AM,4.0
12595,2024-09-24,CNB,02:55 AM,02:55 AM,0.0,03:00 AM,03:00 AM,0.0
12595,2024-09-26,CNB,02:55 AM,04:22 AM,87.0,03:00 AM,04:27 AM,87.0
12595,2024-09-30,CNB,02:55 AM,03:06 AM,11.0,03:00 AM,03:11 AM,11.0
5290,2024-09-02,DDU,08:50 AM,12:23 AM,933.0,09:00 AM,12:33 AM,933.0
5290,2024-09-02,BXR,10:15 AM,10:15 AM,0.0,10:17 AM,10:17 AM,0.0
5290,2024-09-09,DDU,08:50 AM,12:17 AM,927.0,09:00 AM,12:27 AM,927.0
5290,2024-09-09,BXR,10:15 AM,02:24 AM,969.0,10:17 AM,02:26 AM,969.0
5290,2024-09-16,DDU,08:50 AM,02:55 AM,1085.0,09:00 AM,03:05 AM,1085.0
5290,2024-09-16,BXR,10:15 AM,04:30 AM,1095.0,10:17 AM,04:32 AM,1095.0
5290,2024-09-23,DDU,08:50 AM,04:13 AM,1163.0,09:00 AM,04:23 AM,1163.0
5290,2024-09-23,BXR,10:15 AM,05:52 AM,1177.0,10:17 AM,05:54 AM,1177.0
5290,2024-09-30,DDU,08:50 AM,12:40 AM,950.0,09:00 AM,12:50 AM,950.0
5290,2024-09-30,BXR,10:15 AM,02:36 AM,981.0,10:17 AM,02:38 AM,981.0
12453,2024-09-01,PRYJ,03:35 AM,03:36 AM,0.0,03:37 AM,03:38 AM,0.0
12453,2024-09-01,CNB,05:40 AM,05:44 AM,4.0,05:45 AM,05:49 AM,4.0
12453,2024-09-08,PRYJ,03:35 AM,03:35 AM,0.0,03:37 AM,03:37 AM,0.0
12453,2024-09-08,CNB,05:40 AM,05:40 AM,0.0,05:45 AM,05:45 AM,0.0
12453,2024-09-15,PRYJ,03:35 AM,03:44 AM,9.0,03:37 AM,03:46 AM,9.0
12453,2024-09-15,CNB,05:40 AM,05:40 AM,0.0,05:45 AM,05:45 AM,0.0
12453,2024-09-22,PRYJ,03:35 AM,03:35 AM,0.0,03:37 AM,03:37 AM,0.0
12453,2024-09-22,CNB,05:40 AM,05:40 AM,0.0,05:45 AM,05:45 AM,0.0
12453,2024-09-29,PRYJ,03:35 AM,04:06 AM,31.0,03:37 AM,04:08 AM,31.0
12453,2024-09-29,CNB,05:40 AM,06:22 AM,42.0,05:45 AM,06:27 AM,42.0
22130,2024-09-02,PRYJ,05:56 PM,06:46 PM,50.0,06:21 PM,07:11 PM,50.0
22130,2024-09-04,PRYJ,05:56 PM,08:43 PM,167.0,06:21 PM,09:08 PM,167.0
22130,2024-09-09,PRYJ,05:56 PM,08:10 PM,134.0,06:21 PM,08:35 PM,134.0
22130,2024-09-11,PRYJ,05:56 PM,08:52 PM,176.0,06:21 PM,09:17 PM,176.0
22130,2024-09-16,PRYJ,05:56 PM,06:42 PM,46.0,06:21 PM,07:07 PM,46.0
22130,2024-09-18,PRYJ,05:56 PM,07:52 PM,116.0,06:21 PM,08:17 PM,116.0
22130,2024-09-23,PRYJ,05:56 PM,07:22 PM,86.0,06:21 PM,07:47 PM,86.0
22130,2024-09-25,PRYJ,05:56 PM,07:44 PM,108.0,06:21 PM,08:09 PM,108.0
22130,2024-09-30,PRYJ,05:56 PM,07:56 PM,120.0,06:21 PM,08:21 PM,120.0
9046,2024-09-07,BXR,02:35 PM,02:35 PM,0.0,02:37 PM,02:37 PM,0.0
9046,2024-09-07,DDU,05:00 PM,02:01 AM,541.0,05:10 PM,02:11 AM,541.0
9046,2024-09-14,BXR,02:35 PM,02:35 PM,0.0,02:37 PM,02:37 PM,0.0
9046,2024-09-14,DDU,05:00 PM,12:30 AM,450.0,05:10 PM,12:40 AM,450.0
9046,2024-09-28,BXR,02:35 PM,06:40 PM,245.0,02:37 PM,06:42 PM,245.0
9046,2024-09-28,DDU,05:00 PM,08:22 PM,202.0,05:10 PM,08:32 PM,202.0
15668,2024-09-04,BXR,06:35 AM,11:21 AM,286.0,06:37 AM,11:23 AM,286.0
15668,2024-09-04,DDU,09:05 AM,12:46 PM,221.0,09:15 AM,12:56 PM,221.0
15668,2024-09-04,CNB,07:20 PM,11:40 PM,260.0,07:25 PM,11:45 PM,260.0
15668,2024-09-11,BXR,06:35 AM,08:16 AM,101.0,06:37 AM,08:18 AM,101.0
15668,2024-09-11,DDU,09:05 AM,09:38 AM,33.0,09:15 AM,09:48 AM,33.0
15668,2024-09-11,CNB,07:20 PM,10:14 PM,174.0,07:25 PM,10:19 PM,174.0
15668,2024-09-18,BXR,06:35 AM,08:00 AM,85.0,06:37 AM,08:02 AM,85.0
15668,2024-09-18,DDU,09:05 AM,09:15 AM,10.0,09:15 AM,09:25 AM,10.0
15668,2024-09-18,CNB,07:20 PM,07:20 PM,0.0,07:25 PM,07:25 PM,0.0
15668,2024-09-25,BXR,06:35 AM,08:17 AM,102.0,06:37 AM,08:19 AM,102.0
15668,2024-09-25,DDU,09:05 AM,09:43 AM,38.0,09:15 AM,09:53 AM,38.0
15668,2024-09-25,CNB,07:20 PM,07:34 PM,14.0,07:25 PM,07:39 PM,14.0
14151,2024-09-01,CNB,07:45 AM,07:45 AM,0.0,07:45 AM,07:45 AM,0.0
14151,2024-09-08,CNB,07:45 AM,07:46 AM,0.0,07:45 AM,07:46 AM,0.0
14151,2024-09-15,CNB,07:45 AM,07:45 AM,0.0,07:45 AM,07:45 AM,0.0
14151,2024-09-22,CNB,07:45 AM,07:45 AM,0.0,07:45 AM,07:45 AM,0.0
14151,2024-09-29,CNB,07:45 AM,07:45 AM,0.0,07:45 AM,07:45 AM,0.0
5672,2024-09-06,PRYJ,07:45 AM,09:38 AM,113.0,07:55 AM,09:48 AM,113.0
5672,2024-09-06,DDU,11:20 AM,01:07 PM,107.0,11:30 AM,01:17 PM,107.0
5672,2024-09-13,PRYJ,07:45 AM,09:56 AM,131.0,07:55 AM,10:06 AM,131.0
5672,2024-09-13,DDU,11:20 AM,01:25 PM,125.0,11:30 AM,01:35 PM,125.0
5672,2024-09-20,PRYJ,07:45 AM,09:35 AM,110.0,07:55 AM,09:45 AM,110.0
5672,2024-09-20,DDU,11:20 AM,12:12 PM,52.0,11:30 AM,12:22 PM,52.0
5672,2024-09-27,PRYJ,07:45 AM,09:34 AM,109.0,07:55 AM,09:44 AM,109.0
5672,2024-09-27,DDU,11:20 AM,12:19 PM,59.0,11:30 AM,12:29 PM,59.0
22351,2024-09-06,DDU,11:45 PM,11:59 PM,14.0,11:55 PM,12:09 AM,14.0
22351,2024-09-13,DDU,11:45 PM,11:54 PM,9.0,11:55 PM,12:04 AM,9.0
22351,2024-09-20,DDU,11:45 PM,11:45 PM,0.0,11:55 PM,11:55 PM,0.0
22351,2024-09-27,DDU,11:45 PM,11:45 PM,0.0,11:55 PM,11:55 PM,0.0
12873,2024-09-02,PRYJ,04:20 AM,04:20 AM,0.0,04:25 AM,04:25 AM,0.0
12873,2024-09-02,CNB,06:35 AM,06:57 AM,22.0,06:40 AM,07:02 AM,22.0
12873,2024-09-03,PRYJ,04:20 AM,04:24 AM,4.0,04:25 AM,04:29 AM,4.0
12873,2024-09-03,CNB,06:35 AM,07:24 AM,49.0,06:40 AM,07:29 AM,49.0
12873,2024-09-05,PRYJ,04:20 AM,04:20 AM,0.0,04:25 AM,04:25 AM,0.0
12873,2024-09-05,CNB,06:35 AM,07:40 AM,65.0,06:40 AM,07:45 AM,65.0
12873,2024-09-09,PRYJ,04:20 AM,06:05 AM,105.0,04:25 AM,06:10 AM,105.0
12873,2024-09-09,CNB,06:35 AM,08:37 AM,122.0,06:40 AM,08:42 AM,122.0
12873,2024-09-10,PRYJ,04:20 AM,04:20 AM,0.0,04:25 AM,04:25 AM,0.0
12873,2024-09-10,CNB,06:35 AM,06:35 AM,0.0,06:40 AM,06:40 AM,0.0
12873,2024-09-12,PRYJ,04:20 AM,04:59 AM,39.0,04:25 AM,05:04 AM,39.0
12873,2024-09-12,CNB,06:35 AM,07:25 AM,50.0,06:40 AM,07:30 AM,50.0
12873,2024-09-16,PRYJ,04:20 AM,08:54 AM,274.0,04:25 AM,08:59 AM,274.0
12873,2024-09-16,CNB,06:35 AM,11:48 AM,313.0,06:40 AM,11:53 AM,313.0
12873,2024-09-17,PRYJ,04:20 AM,06:38 AM,138.0,04:25 AM,06:43 AM,138.0
12873,2024-09-17,CNB,06:35 AM,10:36 AM,241.0,06:40 AM,10:41 AM,241.0
12873,2024-09-19,PRYJ,04:20 AM,04:20 AM,0.0,04:25 AM,04:25 AM,0.0
12873,2024-09-19,CNB,06:35 AM,06:35 AM,0.0,06:40 AM,06:40 AM,0.0
12873,2024-09-23,PRYJ,04:20 AM,06:54 AM,154.0,04:25 AM,06:59 AM,154.0
12873,2024-09-23,CNB,06:35 AM,09:26 AM,171.0,06:40 AM,09:31 AM,171.0
12873,2024-09-24,PRYJ,04:20 AM,04:20 AM,0.0,04:25 AM,04:25 AM,0.0
12873,2024-09-24,CNB,06:35 AM,06:35 AM,0.0,06:40 AM,06:40 AM,0.0
12873,2024-09-26,PRYJ,04:20 AM,04:20 AM,0.0,04:25 AM,04:25 AM,0.0
12873,2024-09-26,CNB,06:35 AM,06:35 AM,0.0,06:40 AM,06:40 AM,0.0
12873,2024-09-30,PRYJ,04:20 AM,05:06 AM,46.0,04:25 AM,05:11 AM,46.0
12873,2024-09-30,CNB,06:35 AM,07:36 AM,61.0,06:40 AM,07:41 AM,61.0
12578,2024-09-06,DDU,07:05 AM,07:05 AM,0.0,07:15 AM,07:15 AM,0.0
12578,2024-09-06,BXR,08:18 AM,08:18 AM,0.0,08:20 AM,08:20 AM,0.0
12578,2024-09-13,DDU,07:05 AM,07:05 AM,0.0,07:15 AM,07:15 AM,0.0
12578,2024-09-13,BXR,08:18 AM,08:35 AM,17.0,08:20 AM,08:37 AM,17.0
12578,2024-09-20,DDU,07:05 AM,08:10 AM,65.0,07:15 AM,08:20 AM,65.0
12578,2024-09-20,BXR,08:18 AM,08:18 AM,0.0,08:20 AM,08:20 AM,0.0
12578,2024-09-27,DDU,07:05 AM,07:05 AM,0.0,07:15 AM,07:15 AM,0.0
12578,2024-09-27,BXR,08:18 AM,08:18 AM,0.0,08:20 AM,08:20 AM,0.0
7008,2024-09-06,BXR,02:30 AM,10:30 AM,480.0,02:32 AM,10:32 AM,480.0
7008,2024-09-06,DDU,05:00 AM,12:01 PM,421.0,05:10 AM,12:11 PM,421.0
7008,2024-09-13,BXR,02:30 AM,04:24 AM,114.0,02:32 AM,04:26 AM,114.0
7008,2024-09-13,DDU,05:00 AM,06:04 AM,64.0,05:10 AM,06:14 AM,64.0
7008,2024-09-20,BXR,02:30 AM,10:03 AM,453.0,02:32 AM,10:05 AM,453.0
7008,2024-09-20,DDU,05:00 AM,11:26 AM,386.0,05:10 AM,11:36 AM,386.0
12301,2024-09-02,DDU,12:45 AM,12:51 AM,6.0,12:55 AM,01:01 AM,6.0
12301,2024-09-02,PRYJ,02:43 AM,02:45 AM,2.0,02:45 AM,02:47 AM,2.0
12301,2024-09-02,CNB,04:50 AM,04:50 AM,0.0,04:55 AM,04:55 AM,0.0
12301,2024-09-03,DDU,12:45 AM,12:54 AM,9.0,12:55 AM,01:04 AM,9.0
12301,2024-09-03,PRYJ,02:43 AM,03:09 AM,26.0,02:45 AM,03:11 AM,26.0
12301,2024-09-03,CNB,04:50 AM,04:50 AM,0.0,04:55 AM,04:55 AM,0.0
12301,2024-09-04,DDU,12:45 AM,12:51 AM,6.0,12:55 AM,01:01 AM,6.0
12301,2024-09-04,PRYJ,02:43 AM,02:48 AM,5.0,02:45 AM,02:50 AM,5.0
12301,2024-09-04,CNB,04:50 AM,04:55 AM,5.0,04:55 AM,05:00 AM,5.0
12301,2024-09-05,DDU,12:45 AM,01:05 AM,20.0,12:55 AM,01:15 AM,20.0
12301,2024-09-05,PRYJ,02:43 AM,03:06 AM,23.0,02:45 AM,03:08 AM,23.0
12301,2024-09-05,CNB,04:50 AM,05:17 AM,27.0,04:55 AM,05:22 AM,27.0
12301,2024-09-06,DDU,12:45 AM,12:45 AM,0.0,12:55 AM,12:55 AM,0.0
12301,2024-09-06,PRYJ,02:43 AM,02:43 AM,0.0,02:45 AM,02:45 AM,0.0
12301,2024-09-06,CNB,04:50 AM,04:50 AM,0.0,04:55 AM,04:55 AM,0.0
12301,2024-09-07,DDU,12:45 AM,12:46 AM,0.0,12:55 AM,12:56 AM,0.0
12301,2024-09-07,PRYJ,02:43 AM,02:43 AM,0.0,02:45 AM,02:45 AM,0.0
12301,2024-09-07,CNB,04:50 AM,04:50 AM,0.0,04:55 AM,04:55 AM,0.0
12301,2024-09-09,DDU,12:45 AM,12:55 AM,10.0,12:55 AM,01:05 AM,10.0
12301,2024-09-09,PRYJ,02:43 AM,02:50 AM,7.0,02:45 AM,02:52 AM,7.0
12301,2024-09-09,CNB,04:50 AM,04:57 AM,7.0,04:55 AM,05:02 AM,7.0
12301,2024-09-10,DDU,12:45 AM,12:45 AM,0.0,12:55 AM,12:55 AM,0.0
12301,2024-09-10,PRYJ,02:43 AM,02:43 AM,0.0,02:45 AM,02:45 AM,0.0
12301,2024-09-10,CNB,04:50 AM,04:50 AM,0.0,04:55 AM,04:55 AM,0.0
12301,2024-09-11,DDU,12:45 AM,12:49 AM,4.0,12:55 AM,12:59 AM,4.0
12301,2024-09-11,PRYJ,02:43 AM,02:50 AM,7.0,02:45 AM,02:52 AM,7.0
12301,2024-09-11,CNB,04:50 AM,04:52 AM,2.0,04:55 AM,04:57 AM,2.0
12301,2024-09-12,DDU,12:45 AM,12:50 AM,5.0,12:55 AM,01:00 AM,5.0
12301,2024-09-12,PRYJ,02:43 AM,02:51 AM,8.0,02:45 AM,02:53 AM,8.0
12301,2024-09-12,CNB,04:50 AM,04:50 AM,0.0,04:55 AM,04:55 AM,0.0
12301,2024-09-13,DDU,12:45 AM,12:51 AM,6.0,12:55 AM,01:01 AM,6.0
12301,2024-09-13,PRYJ,02:43 AM,02:55 AM,12.0,02:45 AM,02:57 AM,12.0
12301,2024-09-13,CNB,04:50 AM,05:01 AM,11.0,04:55 AM,05:06 AM,11.0
12301,2024-09-14,DDU,12:45 AM,12:49 AM,4.0,12:55 AM,12:59 AM,4.0
12301,2024-09-14,PRYJ,02:43 AM,02:48 AM,5.0,02:45 AM,02:50 AM,5.0
12301,2024-09-14,CNB,04:50 AM,04:52 AM,2.0,04:55 AM,04:57 AM,2.0
12301,2024-09-16,DDU,12:45 AM,12:45 AM,0.0,12:55 AM,12:55 AM,0.0
12301,2024-09-16,PRYJ,02:43 AM,02:43 AM,0.0,02:45 AM,02:45 AM,0.0
12301,2024-09-16,CNB,04:50 AM,04:50 AM,0.0,04:55 AM,04:55 AM,0.0
12301,2024-09-17,DDU,12:45 AM,12:45 AM,0.0,12:55 AM,12:55 AM,0.0
12301,2024-09-17,PRYJ,02:43 AM,02:43 AM,0.0,02:45 AM,02:45 AM,0.0
12301,2024-09-17,CNB,04:50 AM,04:50 AM,0.0,04:55 AM,04:55 AM,0.0
12301,2024-09-18,DDU,12:45 AM,12:55 AM,10.0,12:55 AM,01:05 AM,10.0
12301,2024-09-18,PRYJ,02:43 AM,02:55 AM,12.0,02:45 AM,02:57 AM,12.0
12301,2024-09-18,CNB,04:50 AM,05:03 AM,13.0,04:55 AM,05:08 AM,13.0
12301,2024-09-19,DDU,12:45 AM,12:59 AM,14.0,12:55 AM,01:09 AM,14.0
12301,2024-09-19,PRYJ,02:43 AM,03:05 AM,22.0,02:45 AM,03:07 AM,22.0
12301,2024-09-19,CNB,04:50 AM,05:13 AM,23.0,04:55 AM,05:18 AM,23.0
12301,2024-09-20,DDU,12:45 AM,12:45 AM,0.0,12:55 AM,12:55 AM,0.0
12301,2024-09-20,PRYJ,02:43 AM,02:53 AM,10.0,02:45 AM,02:55 AM,10.0
12301,2024-09-20,CNB,04:50 AM,04:58 AM,8.0,04:55 AM,05:03 AM,8.0
12301,2024-09-21,DDU,12:45 AM,01:10 AM,25.0,12:55 AM,01:20 AM,25.0
12301,2024-09-21,PRYJ,02:43 AM,03:12 AM,29.0,02:45 AM,03:14 AM,29.0
12301,2024-09-21,CNB,04:50 AM,05:15 AM,25.0,04:55 AM,05:20 AM,25.0
12301,2024-09-23,DDU,12:45 AM,12:45 AM,0.0,12:55 AM,12:55 AM,0.0
12301,2024-09-23,PRYJ,02:43 AM,02:44 AM,0.0,02:45 AM,02:46 AM,0.0
12301,2024-09-23,CNB,04:50 AM,04:53 AM,3.0,04:55 AM,04:58 AM,3.0
12301,2024-09-24,DDU,12:45 AM,12:45 AM,0.0,12:55 AM,12:55 AM,0.0
12301,2024-09-24,PRYJ,02:43 AM,02:43 AM,0.0,02:45 AM,02:45 AM,0.0
12301,2024-09-24,CNB,04:50 AM,04:50 AM,0.0,04:55 AM,04:55 AM,0.0
12301,2024-09-25,DDU,12:45 AM,01:05 AM,20.0,12:55 AM,01:15 AM,20.0
12301,2024-09-25,PRYJ,02:43 AM,03:09 AM,26.0,02:45 AM,03:11 AM,26.0
12301,2024-09-25,CNB,04:50 AM,05:18 AM,28.0,04:55 AM,05:23 AM,28.0
12301,2024-09-26,DDU,12:45 AM,12:47 AM,2.0,12:55 AM,12:57 AM,2.0
12301,2024-09-26,PRYJ,02:43 AM,02:52 AM,9.0,02:45 AM,02:54 AM,9.0
12301,2024-09-26,CNB,04:50 AM,04:59 AM,9.0,04:55 AM,05:04 AM,9.0
12301,2024-09-27,DDU,12:45 AM,12:45 AM,0.0,12:55 AM,12:55 AM,0.0
12301,2024-09-27,PRYJ,02:43 AM,02:43 AM,0.0,02:45 AM,02:45 AM,0.0
12301,2024-09-27,CNB,04:50 AM,04:50 AM,0.0,04:55 AM,04:55 AM,0.0
12301,2024-09-28,DDU,12:45 AM,12:46 AM,0.0,12:55 AM,12:56 AM,0.0
12301,2024-09-28,PRYJ,02:43 AM,02:50 AM,7.0,02:45 AM,02:52 AM,7.0
12301,2024-09-28,CNB,04:50 AM,04:56 AM,6.0,04:55 AM,05:01 AM,6.0
12301,2024-09-30,DDU,12:45 AM,12:45 AM,0.0,12:55 AM,12:55 AM,0.0
12301,2024-09-30,PRYJ,02:43 AM,02:43 AM,0.0,02:45 AM,02:45 AM,0.0
12301,2024-09-30,CNB,04:50 AM,04:50 AM,0.0,04:55 AM,04:55 AM,0.0
22122,2024-09-01,CNB,05:50 PM,06:52 PM,62.0,05:55 PM,06:57 PM,62.0
22122,2024-09-08,CNB,05:50 PM,05:56 PM,6.0,05:55 PM,06:01 PM,6.0
22122,2024-09-15,CNB,05:50 PM,06:00 PM,10.0,05:55 PM,06:05 PM,10.0
22122,2024-09-29,CNB,05:50 PM,05:53 PM,3.0,05:55 PM,05:58 PM,3.0
11109,2024-09-01,CNB,10:25 AM,10:27 AM,2.0,10:30 AM,10:32 AM,2.0
11109,2024-09-02,CNB,10:25 AM,10:25 AM,0.0,10:30 AM,10:30 AM,0.0
11109,2024-09-03,CNB,10:25 AM,10:26 AM,0.0,10:30 AM,10:31 AM,0.0
11109,2024-09-04,CNB,10:25 AM,10:26 AM,0.0,10:30 AM,10:31 AM,0.0
11109,2024-09-05,CNB,10:25 AM,10:27 AM,2.0,10:30 AM,10:32 AM,2.0
11109,2024-09-06,CNB,10:25 AM,10:26 AM,0.0,10:30 AM,10:31 AM,0.0
11109,2024-09-07,CNB,10:25 AM,10:31 AM,6.0,10:30 AM,10:36 AM,6.0
11109,2024-09-08,CNB,10:25 AM,10:27 AM,2.0,10:30 AM,10:32 AM,2.0
11109,2024-09-09,CNB,10:25 AM,10:27 AM,2.0,10:30 AM,10:32 AM,2.0
11109,2024-09-10,CNB,10:25 AM,10:26 AM,0.0,10:30 AM,10:31 AM,0.0
11109,2024-09-11,CNB,10:25 AM,10:32 AM,7.0,10:30 AM,10:37 AM,7.0
11109,2024-09-12,CNB,10:25 AM,03:03 PM,278.0,10:30 AM,03:08 PM,278.0
11109,2024-09-13,CNB,10:25 AM,10:30 AM,5.0,10:30 AM,10:35 AM,5.0
11109,2024-09-14,CNB,10:25 AM,10:26 AM,0.0,10:30 AM,10:31 AM,0.0
11109,2024-09-15,CNB,10:25 AM,10:27 AM,2.0,10:30 AM,10:32 AM,2.0
11109,2024-09-16,CNB,10:25 AM,10:30 AM,5.0,10:30 AM,10:35 AM,5.0
11109,2024-09-17,CNB,10:25 AM,10:31 AM,6.0,10:30 AM,10:36 AM,6.0
11109,2024-09-18,CNB,10:25 AM,10:56 AM,31.0,10:30 AM,11:01 AM,31.0
11109,2024-09-19,CNB,10:25 AM,10:25 AM,0.0,10:30 AM,10:30 AM,0.0
11109,2024-09-20,CNB,10:25 AM,10:28 AM,3.0,10:30 AM,10:33 AM,3.0
11109,2024-09-21,CNB,10:25 AM,10:25 AM,0.0,10:30 AM,10:30 AM,0.0
11109,2024-09-22,CNB,10:25 AM,10:28 AM,3.0,10:30 AM,10:33 AM,3.0
11109,2024-09-23,CNB,10:25 AM,10:27 AM,2.0,10:30 AM,10:32 AM,2.0
11109,2024-09-24,CNB,10:25 AM,10:26 AM,0.0,10:30 AM,10:31 AM,0.0
11109,2024-09-25,CNB,10:25 AM,11:45 AM,80.0,10:30 AM,11:50 AM,80.0
11109,2024-09-26,CNB,10:25 AM,10:25 AM,0.0,10:30 AM,10:30 AM,0.0
11109,2024-09-27,CNB,10:25 AM,10:25 AM,0.0,10:30 AM,10:30 AM,0.0
11109,2024-09-28,CNB,10:25 AM,10:26 AM,0.0,10:30 AM,10:31 AM,0.0
11109,2024-09-29,CNB,10:25 AM,10:25 AM,0.0,10:30 AM,10:30 AM,0.0
11109,2024-09-30,CNB,10:25 AM,10:25 AM,0.0,10:30 AM,10:30 AM,0.0
12304,2024-09-01,CNB,10:55 PM,10:55 PM,0.0,11:05 PM,11:05 PM,0.0
12304,2024-09-01,PRYJ,01:15 AM,01:15 AM,0.0,01:20 AM,01:20 AM,0.0
12304,2024-09-01,DDU,03:45 AM,03:45 AM,0.0,03:55 AM,03:55 AM,0.0
12304,2024-09-01,BXR,04:56 AM,04:56 AM,0.0,04:58 AM,04:58 AM,0.0
12304,2024-09-04,CNB,10:55 PM,11:39 PM,44.0,11:05 PM,11:49 PM,44.0
12304,2024-09-04,PRYJ,01:15 AM,01:57 AM,42.0,01:20 AM,02:02 AM,42.0
12304,2024-09-04,DDU,03:45 AM,04:34 AM,49.0,03:55 AM,04:44 AM,49.0
12304,2024-09-04,BXR,04:56 AM,04:56 AM,0.0,04:58 AM,04:58 AM,0.0
12304,2024-09-05,CNB,10:55 PM,11:07 PM,12.0,11:05 PM,11:17 PM,12.0
12304,2024-09-05,PRYJ,01:15 AM,01:16 AM,0.0,01:20 AM,01:21 AM,0.0
12304,2024-09-05,DDU,03:45 AM,03:45 AM,0.0,03:55 AM,03:55 AM,0.0
12304,2024-09-05,BXR,04:56 AM,05:06 AM,10.0,04:58 AM,05:08 AM,10.0
12304,2024-09-07,CNB,10:55 PM,11:45 PM,50.0,11:05 PM,11:55 PM,50.0
12304,2024-09-07,PRYJ,01:15 AM,01:47 AM,32.0,01:20 AM,01:52 AM,32.0
12304,2024-09-07,DDU,03:45 AM,03:47 AM,2.0,03:55 AM,03:57 AM,2.0
12304,2024-09-07,BXR,04:56 AM,04:59 AM,3.0,04:58 AM,05:01 AM,3.0
12304,2024-09-08,CNB,10:55 PM,11:18 PM,23.0,11:05 PM,11:28 PM,23.0
12304,2024-09-08,PRYJ,01:15 AM,01:35 AM,20.0,01:20 AM,01:40 AM,20.0
12304,2024-09-08,DDU,03:45 AM,03:52 AM,7.0,03:55 AM,04:02 AM,7.0
12304,2024-09-08,BXR,04:56 AM,05:05 AM,9.0,04:58 AM,05:07 AM,9.0
12304,2024-09-11,CNB,10:55 PM,11:28 PM,33.0,11:05 PM,11:38 PM,33.0
12304,2024-09-11,PRYJ,01:15 AM,01:39 AM,24.0,01:20 AM,01:44 AM,24.0
12304,2024-09-11,DDU,03:45 AM,03:45 AM,0.0,03:55 AM,03:55 AM,0.0
12304,2024-09-11,BXR,04:56 AM,05:02 AM,6.0,04:58 AM,05:04 AM,6.0
12304,2024-09-12,CNB,10:55 PM,10:56 PM,0.0,11:05 PM,11:06 PM,0.0
12304,2024-09-12,PRYJ,01:15 AM,01:15 AM,0.0,01:20 AM,01:20 AM,0.0
12304,2024-09-12,DDU,03:45 AM,03:45 AM,0.0,03:55 AM,03:55 AM,0.0
12304,2024-09-12,BXR,04:56 AM,04:56 AM,0.0,04:58 AM,04:58 AM,0.0
12304,2024-09-14,CNB,10:55 PM,11:26 PM,31.0,11:05 PM,11:36 PM,31.0
12304,2024-09-14,PRYJ,01:15 AM,01:48 AM,33.0,01:20 AM,01:53 AM,33.0
12304,2024-09-14,DDU,03:45 AM,03:55 AM,10.0,03:55 AM,04:05 AM,10.0
12304,2024-09-14,BXR,04:56 AM,05:15 AM,19.0,04:58 AM,05:17 AM,19.0
12304,2024-09-15,CNB,10:55 PM,11:14 PM,19.0,11:05 PM,11:24 PM,19.0
12304,2024-09-15,PRYJ,01:15 AM,01:29 AM,14.0,01:20 AM,01:34 AM,14.0
12304,2024-09-15,DDU,03:45 AM,03:45 AM,0.0,03:55 AM,03:55 AM,0.0
12304,2024-09-15,BXR,04:56 AM,05:00 AM,4.0,04:58 AM,05:02 AM,4.0
12304,2024-09-18,CNB,10:55 PM,10:59 PM,4.0,11:05 PM,11:09 PM,4.0
12304,2024-09-18,PRYJ,01:15 AM,01:32 AM,17.0,01:20 AM,01:37 AM,17.0
12304,2024-09-18,DDU,03:45 AM,03:45 AM,0.0,03:55 AM,03:55 AM,0.0
12304,2024-09-18,BXR,04:56 AM,05:03 AM,7.0,04:58 AM,05:05 AM,7.0
12304,2024-09-19,CNB,10:55 PM,11:12 PM,17.0,11:05 PM,11:22 PM,17.0
12304,2024-09-19,PRYJ,01:15 AM,01:21 AM,6.0,01:20 AM,01:26 AM,6.0
12304,2024-09-19,DDU,03:45 AM,03:45 AM,0.0,03:55 AM,03:55 AM,0.0
12304,2024-09-19,BXR,04:56 AM,05:02 AM,6.0,04:58 AM,05:04 AM,6.0
12304,2024-09-21,CNB,10:55 PM,11:14 PM,19.0,11:05 PM,11:24 PM,19.0
12304,2024-09-21,PRYJ,01:15 AM,01:25 AM,10.0,01:20 AM,01:30 AM,10.0
12304,2024-09-21,DDU,03:45 AM,03:45 AM,0.0,03:55 AM,03:55 AM,0.0
12304,2024-09-21,BXR,04:56 AM,05:08 AM,12.0,04:58 AM,05:10 AM,12.0
12304,2024-09-22,CNB,10:55 PM,11:16 PM,21.0,11:05 PM,11:26 PM,21.0
12304,2024-09-22,PRYJ,01:15 AM,01:26 AM,11.0,01:20 AM,01:31 AM,11.0
12304,2024-09-22,DDU,03:45 AM,03:45 AM,0.0,03:55 AM,03:55 AM,0.0
12304,2024-09-22,BXR,04:56 AM,05:13 AM,17.0,04:58 AM,05:15 AM,17.0
12304,2024-09-25,CNB,10:55 PM,11:35 PM,40.0,11:05 PM,11:45 PM,40.0
12304,2024-09-25,PRYJ,01:15 AM,01:48 AM,33.0,01:20 AM,01:53 AM,33.0
12304,2024-09-25,DDU,03:45 AM,03:51 AM,6.0,03:55 AM,04:01 AM,6.0
12304,2024-09-25,BXR,04:56 AM,05:14 AM,18.0,04:58 AM,05:16 AM,18.0
12304,2024-09-26,CNB,10:55 PM,11:08 PM,13.0,11:05 PM,11:18 PM,13.0
12304,2024-09-26,PRYJ,01:15 AM,01:20 AM,5.0,01:20 AM,01:25 AM,5.0
12304,2024-09-26,DDU,03:45 AM,03:45 AM,0.0,03:55 AM,03:55 AM,0.0
12304,2024-09-26,BXR,04:56 AM,04:58 AM,2.0,04:58 AM,05:00 AM,2.0
12304,2024-09-28,CNB,10:55 PM,11:14 PM,19.0,11:05 PM,11:24 PM,19.0
12304,2024-09-28,PRYJ,01:15 AM,01:21 AM,6.0,01:20 AM,01:26 AM,6.0
12304,2024-09-28,DDU,03:45 AM,03:46 AM,0.0,03:55 AM,03:56 AM,0.0
12304,2024-09-28,BXR,04:56 AM,05:08 AM,12.0,04:58 AM,05:10 AM,12.0
12304,2024-09-29,CNB,10:55 PM,11:02 PM,7.0,11:05 PM,11:12 PM,7.0
12304,2024-09-29,PRYJ,01:15 AM,01:16 AM,0.0,01:20 AM,01:21 AM,0.0
12304,2024-09-29,DDU,03:45 AM,03:45 AM,0.0,03:55 AM,03:55 AM,0.0
12304,2024-09-29,BXR,04:56 AM,05:07 AM,11.0,04:58 AM,05:09 AM,11.0
22121,2024-09-07,CNB,11:30 AM,11:30 AM,0.0,11:35 AM,11:35 AM,0.0
22121,2024-09-14,CNB,11:30 AM,11:30 AM,0.0,11:35 AM,11:35 AM,0.0
22121,2024-09-21,CNB,11:30 AM,11:30 AM,0.0,11:35 AM,11:35 AM,0.0
22121,2024-09-28,CNB,11:30 AM,11:30 AM,0.0,11:35 AM,11:35 AM,0.0
20413,2024-09-03,CNB,08:45 PM,09:04 PM,19.0,08:50 PM,09:09 PM,19.0
20413,2024-09-05,CNB,08:45 PM,11:56 PM,191.0,08:50 PM,12:01 AM,191.0
20413,2024-09-10,CNB,08:45 PM,08:45 PM,0.0,08:50 PM,08:50 PM,0.0
20413,2024-09-12,CNB,08:45 PM,09:09 PM,24.0,08:50 PM,09:14 PM,24.0
20413,2024-09-17,CNB,08:45 PM,09:01 PM,16.0,08:50 PM,09:06 PM,16.0
20413,2024-09-19,CNB,08:45 PM,08:45 PM,0.0,08:50 PM,08:50 PM,0.0
20413,2024-09-24,CNB,08:45 PM,09:13 PM,28.0,08:50 PM,09:18 PM,28.0
20413,2024-09-26,CNB,08:45 PM,08:54 PM,9.0,08:50 PM,08:59 PM,9.0
22533,2024-09-02,CNB,01:12 PM,02:38 PM,86.0,01:17 PM,02:43 PM,86.0
22533,2024-09-09,CNB,01:12 PM,01:36 PM,24.0,01:17 PM,01:41 PM,24.0
22533,2024-09-16,CNB,01:12 PM,01:45 PM,33.0,01:17 PM,01:50 PM,33.0
22533,2024-09-23,CNB,01:12 PM,02:01 PM,49.0,01:17 PM,02:06 PM,49.0
22533,2024-09-30,CNB,01:12 PM,03:18 PM,126.0,01:17 PM,03:23 PM,126.0
22539,2024-09-03,CNB,06:05 AM,06:05 AM,0.0,06:10 AM,06:10 AM,0.0
22539,2024-09-06,CNB,06:05 AM,06:05 AM,0.0,06:10 AM,06:10 AM,0.0
22539,2024-09-10,CNB,06:05 AM,06:11 AM,6.0,06:10 AM,06:16 AM,6.0
22539,2024-09-13,CNB,06:05 AM,06:05 AM,0.0,06:10 AM,06:10 AM,0.0
22539,2024-09-20,CNB,06:05 AM,06:06 AM,0.0,06:10 AM,06:11 AM,0.0
22539,2024-09-24,CNB,06:05 AM,06:18 AM,13.0,06:10 AM,06:23 AM,13.0
22539,2024-09-27,CNB,06:05 AM,06:05 AM,0.0,06:10 AM,06:10 AM,0.0
12381,2024-09-01,DDU,05:45 PM,05:57 PM,12.0,05:55 PM,06:07 PM,12.0
12381,2024-09-01,PRYJ,09:35 PM,10:36 PM,61.0,09:40 PM,10:41 PM,61.0
12381,2024-09-01,CNB,12:02 AM,12:02 AM,0.0,12:07 AM,12:07 AM,0.0
12381,2024-09-04,DDU,05:45 PM,05:45 PM,0.0,05:55 PM,05:55 PM,0.0
12381,2024-09-04,PRYJ,09:35 PM,09:35 PM,0.0,09:40 PM,09:40 PM,0.0
12381,2024-09-04,CNB,12:02 AM,12:02 AM,0.0,12:07 AM,12:07 AM,0.0
12381,2024-09-05,DDU,05:45 PM,06:12 PM,27.0,05:55 PM,06:22 PM,27.0
12381,2024-09-05,PRYJ,09:35 PM,09:35 PM,0.0,09:40 PM,09:40 PM,0.0
12381,2024-09-05,CNB,12:02 AM,12:23 AM,21.0,12:07 AM,12:28 AM,21.0
12381,2024-09-08,DDU,05:45 PM,05:46 PM,0.0,05:55 PM,05:56 PM,0.0
12381,2024-09-08,PRYJ,09:35 PM,09:37 PM,2.0,09:40 PM,09:42 PM,2.0
12381,2024-09-08,CNB,12:02 AM,12:02 AM,0.0,12:07 AM,12:07 AM,0.0
12381,2024-09-11,DDU,05:45 PM,06:13 PM,28.0,05:55 PM,06:23 PM,28.0
12381,2024-09-11,PRYJ,09:35 PM,09:44 PM,9.0,09:40 PM,09:49 PM,9.0
12381,2024-09-11,CNB,12:02 AM,12:38 AM,36.0,12:07 AM,12:43 AM,36.0
12381,2024-09-12,DDU,05:45 PM,05:53 PM,8.0,05:55 PM,06:03 PM,8.0
12381,2024-09-12,PRYJ,09:35 PM,09:42 PM,7.0,09:40 PM,09:47 PM,7.0
12381,2024-09-12,CNB,12:02 AM,12:02 AM,0.0,12:07 AM,12:07 AM,0.0
12381,2024-09-15,DDU,05:45 PM,05:46 PM,0.0,05:55 PM,05:56 PM,0.0
12381,2024-09-15,PRYJ,09:35 PM,09:36 PM,0.0,09:40 PM,09:41 PM,0.0
12381,2024-09-15,CNB,12:02 AM,12:19 AM,17.0,12:07 AM,12:24 AM,17.0
12381,2024-09-18,DDU,05:45 PM,06:12 PM,27.0,05:55 PM,06:22 PM,27.0
12381,2024-09-18,PRYJ,09:35 PM,10:22 PM,47.0,09:40 PM,10:27 PM,47.0
12381,2024-09-18,CNB,12:02 AM,01:14 AM,72.0,12:07 AM,01:19 AM,72.0
12381,2024-09-19,DDU,05:45 PM,05:58 PM,13.0,05:55 PM,06:08 PM,13.0
12381,2024-09-19,PRYJ,09:35 PM,09:54 PM,19.0,09:40 PM,09:59 PM,19.0
12381,2024-09-19,CNB,12:02 AM,12:21 AM,19.0,12:07 AM,12:26 AM,19.0
12381,2024-09-22,DDU,05:45 PM,05:45 PM,0.0,05:55 PM,05:55 PM,0.0
12381,2024-09-22,PRYJ,09:35 PM,09:43 PM,8.0,09:40 PM,09:48 PM,8.0
12381,2024-09-22,CNB,12:02 AM,12:02 AM,0.0,12:07 AM,12:07 AM,0.0
12381,2024-09-25,DDU,05:45 PM,05:50 PM,5.0,05:55 PM,06:00 PM,5.0
12381,2024-09-25,PRYJ,09:35 PM,10:43 PM,68.0,09:40 PM,10:48 PM,68.0
12381,2024-09-25,CNB,12:02 AM,01:25 AM,83.0,12:07 AM,01:30 AM,83.0
12381,2024-09-26,DDU,05:45 PM,05:46 PM,0.0,05:55 PM,05:56 PM,0.0
12381,2024-09-26,PRYJ,09:35 PM,09:35 PM,0.0,09:40 PM,09:40 PM,0.0
12381,2024-09-26,CNB,12:02 AM,12:02 AM,0.0,12:07 AM,12:07 AM,0.0
12381,2024-09-29,DDU,05:45 PM,06:11 PM,26.0,05:55 PM,06:21 PM,26.0
12381,2024-09-29,PRYJ,09:35 PM,09:35 PM,0.0,09:40 PM,09:40 PM,0.0
12381,2024-09-29,CNB,12:02 AM,12:02 AM,0.0,12:07 AM,12:07 AM,0.0
22537,2024-09-01,CNB,01:25 AM,02:34 AM,69.0,01:30 AM,02:39 AM,69.0
22537,2024-09-02,CNB,01:25 AM,02:34 AM,69.0,01:30 AM,02:39 AM,69.0
22537,2024-09-03,CNB,01:25 AM,03:44 AM,139.0,01:30 AM,03:49 AM,139.0
22537,2024-09-04,CNB,01:25 AM,04:22 AM,177.0,01:30 AM,04:27 AM,177.0
22537,2024-09-05,CNB,01:25 AM,04:09 AM,164.0,01:30 AM,04:14 AM,164.0
22537,2024-09-06,CNB,01:25 AM,01:56 AM,31.0,01:30 AM,02:01 AM,31.0
22537,2024-09-07,CNB,01:25 AM,01:30 AM,5.0,01:30 AM,01:35 AM,5.0
22537,2024-09-08,CNB,01:25 AM,02:14 AM,49.0,01:30 AM,02:19 AM,49.0
22537,2024-09-09,CNB,01:25 AM,01:57 AM,32.0,01:30 AM,02:02 AM,32.0
22537,2024-09-10,CNB,01:25 AM,03:23 AM,118.0,01:30 AM,03:28 AM,118.0
22537,2024-09-11,CNB,01:25 AM,02:11 AM,46.0,01:30 AM,02:16 AM,46.0
22537,2024-09-12,CNB,01:25 AM,01:27 AM,2.0,01:30 AM,01:32 AM,2.0
22537,2024-09-13,CNB,01:25 AM,01:33 AM,8.0,01:30 AM,01:38 AM,8.0
22537,2024-09-14,CNB,01:25 AM,01:26 AM,0.0,01:30 AM,01:31 AM,0.0
22537,2024-09-15,CNB,01:25 AM,01:43 AM,18.0,01:30 AM,01:48 AM,18.0
22537,2024-09-16,CNB,01:25 AM,01:37 AM,12.0,01:30 AM,01:42 AM,12.0
22537,2024-09-17,CNB,01:25 AM,01:50 AM,25.0,01:30 AM,01:55 AM,25.0
22537,2024-09-18,CNB,01:25 AM,01:34 AM,9.0,01:30 AM,01:39 AM,9.0
22537,2024-09-19,CNB,01:25 AM,01:34 AM,9.0,01:30 AM,01:39 AM,9.0
22537,2024-09-20,CNB,01:25 AM,01:35 AM,10.0,01:30 AM,01:40 AM,10.0
22537,2024-09-21,CNB,01:25 AM,01:28 AM,3.0,01:30 AM,01:33 AM,3.0
22537,2024-09-22,CNB,01:25 AM,04:27 AM,182.0,01:30 AM,04:32 AM,182.0
22537,2024-09-23,CNB,01:25 AM,01:33 AM,8.0,01:30 AM,01:38 AM,8.0
22537,2024-09-24,CNB,01:25 AM,01:35 AM,10.0,01:30 AM,01:40 AM,10.0
22537,2024-09-25,CNB,01:25 AM,02:00 AM,35.0,01:30 AM,02:05 AM,35.0
22537,2024-09-26,CNB,01:25 AM,01:44 AM,19.0,01:30 AM,01:49 AM,19.0
22537,2024-09-27,CNB,01:25 AM,01:34 AM,9.0,01:30 AM,01:39 AM,9.0
22537,2024-09-28,CNB,01:25 AM,02:52 AM,87.0,01:30 AM,02:57 AM,87.0
22537,2024-09-29,CNB,01:25 AM,01:30 AM,5.0,01:30 AM,01:35 AM,5.0
22537,2024-09-30,CNB,01:25 AM,01:42 AM,17.0,01:30 AM,01:47 AM,17.0
22858,2024-09-03,CNB,07:25 PM,07:25 PM,0.0,07:30 PM,07:30 PM,0.0
22858,2024-09-03,PRYJ,10:00 PM,10:09 PM,9.0,10:05 PM,10:14 PM,9.0
22858,2024-09-03,DDU,02:25 AM,02:25 AM,0.0,02:35 AM,02:35 AM,0.0
22858,2024-09-10,CNB,07:25 PM,07:26 PM,0.0,07:30 PM,07:31 PM,0.0
22858,2024-09-10,PRYJ,10:00 PM,10:16 PM,16.0,10:05 PM,10:21 PM,16.0
22858,2024-09-10,DDU,02:25 AM,02:25 AM,0.0,02:35 AM,02:35 AM,0.0
22858,2024-09-17,CNB,07:25 PM,12:47 AM,322.0,07:30 PM,12:52 AM,322.0
22858,2024-09-17,PRYJ,10:00 PM,10:00 PM,0.0,10:05 PM,10:05 PM,0.0
22858,2024-09-17,DDU,02:25 AM,02:25 AM,0.0,02:35 AM,02:35 AM,0.0
22858,2024-09-24,CNB,07:25 PM,09:59 AM,874.0,07:30 PM,10:04 AM,874.0
22858,2024-09-24,PRYJ,10:00 PM,01:22 PM,922.0,10:05 PM,01:27 PM,922.0
22858,2024-09-24,DDU,02:25 AM,05:27 PM,902.0,02:35 AM,05:37 PM,902.0
22465,2024-09-05,BXR,06:17 PM,06:17 PM,0.0,06:19 PM,06:19 PM,0.0
22465,2024-09-05,DDU,08:12 PM,08:12 PM,0.0,08:22 PM,08:22 PM,0.0
22465,2024-09-05,PRYJ,10:36 PM,10:36 PM,0.0,10:38 PM,10:38 PM,0.0
22465,2024-09-05,CNB,12:50 AM,12:50 AM,0.0,12:55 AM,12:55 AM,0.0
22465,2024-09-12,BXR,06:17 PM,06:17 PM,0.0,06:19 PM,06:19 PM,0.0
22465,2024-09-12,DDU,08:12 PM,08:13 PM,0.0,08:22 PM,08:23 PM,0.0
22465,2024-09-12,PRYJ,10:36 PM,10:36 PM,0.0,10:38 PM,10:38 PM,0.0
22465,2024-09-12,CNB,12:50 AM,12:50 AM,0.0,12:55 AM,12:55 AM,0.0
22465,2024-09-19,BXR,06:17 PM,06:22 PM,5.0,06:19 PM,06:24 PM,5.0
22465,2024-09-19,DDU,08:12 PM,08:12 PM,0.0,08:22 PM,08:22 PM,0.0
22465,2024-09-19,PRYJ,10:36 PM,10:39 PM,3.0,10:38 PM,10:41 PM,3.0
22465,2024-09-19,CNB,12:50 AM,01:04 AM,14.0,12:55 AM,01:09 AM,14.0
22465,2024-09-26,BXR,06:17 PM,06:17 PM,0.0,06:19 PM,06:19 PM,0.0
22465,2024-09-26,DDU,08:12 PM,08:12 PM,0.0,08:22 PM,08:22 PM,0.0
22465,2024-09-26,PRYJ,10:36 PM,10:36 PM,0.0,10:38 PM,10:38 PM,0.0
22465,2024-09-26,CNB,12:50 AM,12:50 AM,0.0,12:55 AM,12:55 AM,0.0
9465,2024-09-13,CNB,04:35 PM,04:35 PM,0.0,04:45 PM,04:45 PM,0.0
9465,2024-09-20,CNB,04:35 PM,04:59 PM,24.0,04:45 PM,05:09 PM,24.0
13005,2024-09-01,BXR,05:26 AM,05:42 AM,16.0,05:30 AM,05:46 AM,16.0
13005,2024-09-01,DDU,08:05 AM,08:06 AM,0.0,08:15 AM,08:16 AM,0.0
13005,2024-09-02,BXR,05:26 AM,05:36 AM,10.0,05:30 AM,05:40 AM,10.0
13005,2024-09-02,DDU,08:05 AM,08:05 AM,0.0,08:15 AM,08:15 AM,0.0
13005,2024-09-03,BXR,05:26 AM,06:07 AM,41.0,05:30 AM,06:11 AM,41.0
13005,2024-09-03,DDU,08:05 AM,08:05 AM,0.0,08:15 AM,08:15 AM,0.0
13005,2024-09-04,BXR,05:26 AM,05:39 AM,13.0,05:30 AM,05:43 AM,13.0
13005,2024-09-04,DDU,08:05 AM,08:05 AM,0.0,08:15 AM,08:15 AM,0.0
13005,2024-09-05,BXR,05:26 AM,05:59 AM,33.0,05:30 AM,06:03 AM,33.0
13005,2024-09-05,DDU,08:05 AM,08:24 AM,19.0,08:15 AM,08:34 AM,19.0
13005,2024-09-06,BXR,05:26 AM,05:46 AM,20.0,05:30 AM,05:50 AM,20.0
13005,2024-09-06,DDU,08:05 AM,08:05 AM,0.0,08:15 AM,08:15 AM,0.0
13005,2024-09-07,BXR,05:26 AM,06:23 AM,57.0,05:30 AM,06:27 AM,57.0
13005,2024-09-07,DDU,08:05 AM,08:06 AM,0.0,08:15 AM,08:16 AM,0.0
13005,2024-09-08,BXR,05:26 AM,06:19 AM,53.0,05:30 AM,06:23 AM,53.0
13005,2024-09-08,DDU,08:05 AM,08:05 AM,0.0,08:15 AM,08:15 AM,0.0
13005,2024-09-09,BXR,05:26 AM,05:57 AM,31.0,05:30 AM,06:01 AM,31.0
13005,2024-09-09,DDU,08:05 AM,08:13 AM,8.0,08:15 AM,08:23 AM,8.0
13005,2024-09-10,BXR,05:26 AM,06:02 AM,36.0,05:30 AM,06:06 AM,36.0
13005,2024-09-10,DDU,08:05 AM,08:09 AM,4.0,08:15 AM,08:19 AM,4.0
13005,2024-09-11,BXR,05:26 AM,05:55 AM,29.0,05:30 AM,05:59 AM,29.0
13005,2024-09-11,DDU,08:05 AM,08:05 AM,0.0,08:15 AM,08:15 AM,0.0
13005,2024-09-12,BXR,05:26 AM,06:02 AM,36.0,05:30 AM,06:06 AM,36.0
13005,2024-09-12,DDU,08:05 AM,08:05 AM,0.0,08:15 AM,08:15 AM,0.0
13005,2024-09-13,BXR,05:26 AM,06:05 AM,39.0,05:30 AM,06:09 AM,39.0
13005,2024-09-13,DDU,08:05 AM,08:05 AM,0.0,08:15 AM,08:15 AM,0.0
13005,2024-09-14,BXR,05:26 AM,06:05 AM,39.0,05:30 AM,06:09 AM,39.0
13005,2024-09-14,DDU,08:05 AM,08:06 AM,0.0,08:15 AM,08:16 AM,0.0
13005,2024-09-15,BXR,05:26 AM,05:26 AM,0.0,05:30 AM,05:30 AM,0.0
13005,2024-09-15,DDU,08:05 AM,08:05 AM,0.0,08:15 AM,08:15 AM,0.0
13005,2024-09-16,BXR,05:26 AM,05:47 AM,21.0,05:30 AM,05:51 AM,21.0
13005,2024-09-16,DDU,08:05 AM,08:05 AM,0.0,08:15 AM,08:15 AM,0.0
13005,2024-09-17,BXR,05:26 AM,05:52 AM,26.0,05:30 AM,05:56 AM,26.0
13005,2024-09-17,DDU,08:05 AM,08:06 AM,0.0,08:15 AM,08:16 AM,0.0
13005,2024-09-18,BXR,05:26 AM,06:09 AM,43.0,05:30 AM,06:13 AM,43.0
13005,2024-09-18,DDU,08:05 AM,08:05 AM,0.0,08:15 AM,08:15 AM,0.0
13005,2024-09-19,BXR,05:26 AM,05:51 AM,25.0,05:30 AM,05:55 AM,25.0
13005,2024-09-19,DDU,08:05 AM,08:05 AM,0.0,08:15 AM,08:15 AM,0.0
13005,2024-09-20,BXR,05:26 AM,05:51 AM,25.0,05:30 AM,05:55 AM,25.0
13005,2024-09-20,DDU,08:05 AM,08:16 AM,11.0,08:15 AM,08:26 AM,11.0
13005,2024-09-21,BXR,05:26 AM,06:04 AM,38.0,05:30 AM,06:08 AM,38.0
13005,2024-09-21,DDU,08:05 AM,08:05 AM,0.0,08:15 AM,08:15 AM,0.0
13005,2024-09-22,BXR,05:26 AM,05:42 AM,16.0,05:30 AM,05:46 AM,16.0
13005,2024-09-22,DDU,08:05 AM,08:06 AM,0.0,08:15 AM,08:16 AM,0.0
13005,2024-09-23,BXR,05:26 AM,05:59 AM,33.0,05:30 AM,06:03 AM,33.0
13005,2024-09-23,DDU,08:05 AM,08:05 AM,0.0,08:15 AM,08:15 AM,0.0
13005,2024-09-24,BXR,05:26 AM,05:26 AM,0.0,05:30 AM,05:30 AM,0.0
13005,2024-09-24,DDU,08:05 AM,08:05 AM,0.0,08:15 AM,08:15 AM,0.0
13005,2024-09-25,BXR,05:26 AM,07:58 AM,152.0,05:30 AM,08:02 AM,152.0
13005,2024-09-25,DDU,08:05 AM,09:16 AM,71.0,08:15 AM,09:26 AM,71.0
13005,2024-09-26,BXR,05:26 AM,06:03 AM,37.0,05:30 AM,06:07 AM,37.0
13005,2024-09-26,DDU,08:05 AM,08:05 AM,0.0,08:15 AM,08:15 AM,0.0
13005,2024-09-27,BXR,05:26 AM,05:52 AM,26.0,05:30 AM,05:56 AM,26.0
13005,2024-09-27,DDU,08:05 AM,08:05 AM,0.0,08:15 AM,08:15 AM,0.0
13005,2024-09-28,BXR,05:26 AM,05:26 AM,0.0,05:30 AM,05:30 AM,0.0
13005,2024-09-28,DDU,08:05 AM,08:05 AM,0.0,08:15 AM,08:15 AM,0.0
13005,2024-09-29,BXR,05:26 AM,05:57 AM,31.0,05:30 AM,06:01 AM,31.0
13005,2024-09-29,DDU,08:05 AM,08:05 AM,0.0,08:15 AM,08:15 AM,0.0
13005,2024-09-30,BXR,05:26 AM,06:38 AM,72.0,05:30 AM,06:42 AM,72.0
13005,2024-09-30,DDU,08:05 AM,08:05 AM,0.0,08:15 AM,08:15 AM,0.0
22405,2024-09-03,BXR,08:15 PM,11:14 PM,179.0,08:17 PM,11:16 PM,179.0
22405,2024-09-03,DDU,10:40 PM,12:32 AM,112.0,10:50 PM,12:42 AM,112.0
22405,2024-09-03,PRYJ,12:53 AM,02:59 AM,126.0,12:55 AM,03:01 AM,126.0
22405,2024-09-03,CNB,03:15 AM,06:35 AM,200.0,03:20 AM,06:40 AM,200.0
22405,2024-09-05,BXR,08:15 PM,11:50 PM,215.0,08:17 PM,11:52 PM,215.0
22405,2024-09-05,DDU,10:40 PM,01:17 AM,157.0,10:50 PM,01:27 AM,157.0
22405,2024-09-05,PRYJ,12:53 AM,03:51 AM,178.0,12:55 AM,03:53 AM,178.0
22405,2024-09-05,CNB,03:15 AM,05:59 AM,164.0,03:20 AM,06:04 AM,164.0
22405,2024-09-07,BXR,08:15 PM,08:37 AM,742.0,08:17 PM,08:39 AM,742.0
22405,2024-09-07,DDU,10:40 PM,10:20 AM,700.0,10:50 PM,10:30 AM,700.0
22405,2024-09-07,PRYJ,12:53 AM,01:54 PM,781.0,12:55 AM,01:56 PM,781.0
22405,2024-09-07,CNB,03:15 AM,04:56 PM,821.0,03:20 AM,05:01 PM,821.0
22405,2024-09-10,BXR,08:15 PM,02:25 AM,370.0,08:17 PM,02:27 AM,370.0
22405,2024-09-10,DDU,10:40 PM,03:36 AM,296.0,10:50 PM,03:46 AM,296.0
22405,2024-09-10,PRYJ,12:53 AM,05:59 AM,306.0,12:55 AM,06:01 AM,306.0
22405,2024-09-10,CNB,03:15 AM,08:26 AM,311.0,03:20 AM,08:31 AM,311.0
22405,2024-09-12,BXR,08:15 PM,09:44 PM,89.0,08:17 PM,09:46 PM,89.0
22405,2024-09-12,DDU,10:40 PM,11:07 PM,27.0,10:50 PM,11:17 PM,27.0
22405,2024-09-12,PRYJ,12:53 AM,01:31 AM,38.0,12:55 AM,01:33 AM,38.0
22405,2024-09-12,CNB,03:15 AM,03:40 AM,25.0,03:20 AM,03:45 AM,25.0
22405,2024-09-14,BXR,08:15 PM,09:39 PM,84.0,08:17 PM,09:41 PM,84.0
22405,2024-09-14,DDU,10:40 PM,10:52 PM,12.0,10:50 PM,11:02 PM,12.0
22405,2024-09-14,PRYJ,12:53 AM,12:54 AM,0.0,12:55 AM,12:56 AM,0.0
22405,2024-09-14,CNB,03:15 AM,03:16 AM,0.0,03:20 AM,03:21 AM,0.0
22405,2024-09-17,BXR,08:15 PM,08:15 PM,0.0,08:17 PM,08:17 PM,0.0
22405,2024-09-17,DDU,10:40 PM,11:30 PM,50.0,10:50 PM,11:40 PM,50.0
22405,2024-09-17,PRYJ,12:53 AM,01:48 AM,55.0,12:55 AM,01:50 AM,55.0
22405,2024-09-17,CNB,03:15 AM,06:52 AM,217.0,03:20 AM,06:57 AM,217.0
22405,2024-09-19,BXR,08:15 PM,12:29 AM,254.0,08:17 PM,12:31 AM,254.0
22405,2024-09-19,DDU,10:40 PM,02:01 AM,201.0,10:50 PM,02:11 AM,201.0
22405,2024-09-19,PRYJ,12:53 AM,04:21 AM,208.0,12:55 AM,04:23 AM,208.0
22405,2024-09-19,CNB,03:15 AM,07:00 AM,225.0,03:20 AM,07:05 AM,225.0
22405,2024-09-21,BXR,08:15 PM,01:51 AM,336.0,08:17 PM,01:53 AM,336.0
22405,2024-09-21,DDU,10:40 PM,03:39 AM,299.0,10:50 PM,03:49 AM,299.0
22405,2024-09-21,PRYJ,12:53 AM,06:20 AM,327.0,12:55 AM,06:22 AM,327.0
22405,2024-09-21,CNB,03:15 AM,10:08 AM,413.0,03:20 AM,10:13 AM,413.0
22405,2024-09-24,BXR,08:15 PM,03:32 AM,437.0,08:17 PM,03:34 AM,437.0
22405,2024-09-24,DDU,10:40 PM,05:06 AM,386.0,10:50 PM,05:16 AM,386.0
22405,2024-09-24,PRYJ,12:53 AM,07:28 AM,395.0,12:55 AM,07:30 AM,395.0
22405,2024-09-24,CNB,03:15 AM,10:35 AM,440.0,03:20 AM,10:40 AM,440.0
22405,2024-09-26,BXR,08:15 PM,09:50 PM,95.0,08:17 PM,09:52 PM,95.0
22405,2024-09-26,DDU,10:40 PM,11:32 PM,52.0,10:50 PM,11:42 PM,52.0
22405,2024-09-26,PRYJ,12:53 AM,02:26 AM,93.0,12:55 AM,02:28 AM,93.0
22405,2024-09-26,CNB,03:15 AM,04:45 AM,90.0,03:20 AM,04:50 AM,90.0
22405,2024-09-28,BXR,08:15 PM,09:45 PM,90.0,08:17 PM,09:47 PM,90.0
22405,2024-09-28,DDU,10:40 PM,11:02 PM,22.0,10:50 PM,11:12 PM,22.0
22405,2024-09-28,PRYJ,12:53 AM,01:08 AM,15.0,12:55 AM,01:10 AM,15.0
22405,2024-09-28,CNB,03:15 AM,03:39 AM,24.0,03:20 AM,03:44 AM,24.0
12310,2024-09-01,CNB,09:52 PM,09:56 PM,4.0,09:57 PM,10:01 PM,4.0
12310,2024-09-01,PRYJ,12:03 AM,12:03 AM,0.0,12:05 AM,12:05 AM,0.0
12310,2024-09-01,DDU,02:00 AM,02:00 AM,0.0,02:10 AM,02:10 AM,0.0
12310,2024-09-02,CNB,09:52 PM,10:12 PM,20.0,09:57 PM,10:17 PM,20.0
12310,2024-09-02,PRYJ,12:03 AM,12:14 AM,11.0,12:05 AM,12:16 AM,11.0
12310,2024-09-02,DDU,02:00 AM,02:00 AM,0.0,02:10 AM,02:10 AM,0.0
12310,2024-09-03,CNB,09:52 PM,10:01 PM,9.0,09:57 PM,10:06 PM,9.0
12310,2024-09-03,PRYJ,12:03 AM,12:04 AM,0.0,12:05 AM,12:06 AM,0.0
12310,2024-09-03,DDU,02:00 AM,02:00 AM,0.0,02:10 AM,02:10 AM,0.0
12310,2024-09-04,CNB,09:52 PM,10:19 PM,27.0,09:57 PM,10:24 PM,27.0
12310,2024-09-04,PRYJ,12:03 AM,12:23 AM,20.0,12:05 AM,12:25 AM,20.0
12310,2024-09-04,DDU,02:00 AM,02:31 AM,31.0,02:10 AM,02:41 AM,31.0
12310,2024-09-05,CNB,09:52 PM,09:58 PM,6.0,09:57 PM,10:03 PM,6.0
12310,2024-09-05,PRYJ,12:03 AM,12:05 AM,2.0,12:05 AM,12:07 AM,2.0
12310,2024-09-05,DDU,02:00 AM,02:01 AM,0.0,02:10 AM,02:11 AM,0.0
12310,2024-09-06,CNB,09:52 PM,10:22 PM,30.0,09:57 PM,10:27 PM,30.0
12310,2024-09-06,PRYJ,12:03 AM,12:30 AM,27.0,12:05 AM,12:32 AM,27.0
12310,2024-09-06,DDU,02:00 AM,02:20 AM,20.0,02:10 AM,02:30 AM,20.0
12310,2024-09-07,CNB,09:52 PM,10:43 PM,51.0,09:57 PM,10:48 PM,51.0
12310,2024-09-07,PRYJ,12:03 AM,12:47 AM,44.0,12:05 AM,12:49 AM,44.0
12310,2024-09-07,DDU,02:00 AM,02:46 AM,46.0,02:10 AM,02:56 AM,46.0
12310,2024-09-08,CNB,09:52 PM,10:06 PM,14.0,09:57 PM,10:11 PM,14.0
12310,2024-09-08,PRYJ,12:03 AM,12:12 AM,9.0,12:05 AM,12:14 AM,9.0
12310,2024-09-08,DDU,02:00 AM,02:06 AM,6.0,02:10 AM,02:16 AM,6.0
12310,2024-09-09,CNB,09:52 PM,09:54 PM,2.0,09:57 PM,09:59 PM,2.0
12310,2024-09-09,PRYJ,12:03 AM,12:03 AM,0.0,12:05 AM,12:05 AM,0.0
12310,2024-09-09,DDU,02:00 AM,02:00 AM,0.0,02:10 AM,02:10 AM,0.0
12310,2024-09-10,CNB,09:52 PM,09:53 PM,0.0,09:57 PM,09:58 PM,0.0
12310,2024-09-10,PRYJ,12:03 AM,12:04 AM,0.0,12:05 AM,12:06 AM,0.0
12310,2024-09-10,DDU,02:00 AM,02:01 AM,0.0,02:10 AM,02:11 AM,0.0
12310,2024-09-11,CNB,09:52 PM,10:00 PM,8.0,09:57 PM,10:05 PM,8.0
12310,2024-09-11,PRYJ,12:03 AM,12:11 AM,8.0,12:05 AM,12:13 AM,8.0
12310,2024-09-11,DDU,02:00 AM,02:00 AM,0.0,02:10 AM,02:10 AM,0.0
12310,2024-09-12,CNB,09:52 PM,09:58 PM,6.0,09:57 PM,10:03 PM,6.0
12310,2024-09-12,PRYJ,12:03 AM,12:03 AM,0.0,12:05 AM,12:05 AM,0.0
12310,2024-09-12,DDU,02:00 AM,02:00 AM,0.0,02:10 AM,02:10 AM,0.0
12310,2024-09-13,CNB,09:52 PM,10:08 PM,16.0,09:57 PM,10:13 PM,16.0
12310,2024-09-13,PRYJ,12:03 AM,12:39 AM,36.0,12:05 AM,12:41 AM,36.0
12310,2024-09-13,DDU,02:00 AM,02:30 AM,30.0,02:10 AM,02:40 AM,30.0
12310,2024-09-14,CNB,09:52 PM,10:16 PM,24.0,09:57 PM,10:21 PM,24.0
12310,2024-09-14,PRYJ,12:03 AM,12:25 AM,22.0,12:05 AM,12:27 AM,22.0
12310,2024-09-14,DDU,02:00 AM,02:27 AM,27.0,02:10 AM,02:37 AM,27.0
12310,2024-09-15,CNB,09:52 PM,09:58 PM,6.0,09:57 PM,10:03 PM,6.0
12310,2024-09-15,PRYJ,12:03 AM,12:06 AM,3.0,12:05 AM,12:08 AM,3.0
12310,2024-09-15,DDU,02:00 AM,02:00 AM,0.0,02:10 AM,02:10 AM,0.0
12310,2024-09-17,CNB,09:52 PM,10:07 PM,15.0,09:57 PM,10:12 PM,15.0
12310,2024-09-17,PRYJ,12:03 AM,12:32 AM,29.0,12:05 AM,12:34 AM,29.0
12310,2024-09-17,DDU,02:00 AM,02:24 AM,24.0,02:10 AM,02:34 AM,24.0
12310,2024-09-18,CNB,09:52 PM,09:59 PM,7.0,09:57 PM,10:04 PM,7.0
12310,2024-09-18,PRYJ,12:03 AM,12:05 AM,2.0,12:05 AM,12:07 AM,2.0
12310,2024-09-18,DDU,02:00 AM,02:03 AM,3.0,02:10 AM,02:13 AM,3.0
12310,2024-09-19,CNB,09:52 PM,10:04 PM,12.0,09:57 PM,10:09 PM,12.0
12310,2024-09-19,PRYJ,12:03 AM,12:03 AM,0.0,12:05 AM,12:05 AM,0.0
12310,2024-09-19,DDU,02:00 AM,02:00 AM,0.0,02:10 AM,02:10 AM,0.0
12310,2024-09-20,CNB,09:52 PM,10:14 PM,22.0,09:57 PM,10:19 PM,22.0
12310,2024-09-20,PRYJ,12:03 AM,12:30 AM,27.0,12:05 AM,12:32 AM,27.0
12310,2024-09-20,DDU,02:00 AM,02:30 AM,30.0,02:10 AM,02:40 AM,30.0
12310,2024-09-21,CNB,09:52 PM,10:30 PM,38.0,09:57 PM,10:35 PM,38.0
12310,2024-09-21,PRYJ,12:03 AM,12:56 AM,53.0,12:05 AM,12:58 AM,53.0
12310,2024-09-21,DDU,02:00 AM,02:58 AM,58.0,02:10 AM,03:08 AM,58.0
12310,2024-09-22,CNB,09:52 PM,09:52 PM,0.0,09:57 PM,09:57 PM,0.0
12310,2024-09-22,PRYJ,12:03 AM,12:03 AM,0.0,12:05 AM,12:05 AM,0.0
12310,2024-09-22,DDU,02:00 AM,02:00 AM,0.0,02:10 AM,02:10 AM,0.0
12310,2024-09-23,CNB,09:52 PM,10:04 PM,12.0,09:57 PM,10:09 PM,12.0
12310,2024-09-23,PRYJ,12:03 AM,12:13 AM,10.0,12:05 AM,12:15 AM,10.0
12310,2024-09-23,DDU,02:00 AM,02:00 AM,0.0,02:10 AM,02:10 AM,0.0
12310,2024-09-24,CNB,09:52 PM,10:11 PM,19.0,09:57 PM,10:16 PM,19.0
12310,2024-09-24,PRYJ,12:03 AM,12:19 AM,16.0,12:05 AM,12:21 AM,16.0
12310,2024-09-24,DDU,02:00 AM,02:12 AM,12.0,02:10 AM,02:22 AM,12.0
12310,2024-09-25,CNB,09:52 PM,10:36 PM,44.0,09:57 PM,10:41 PM,44.0
12310,2024-09-25,PRYJ,12:03 AM,12:03 AM,0.0,12:05 AM,12:05 AM,0.0
12310,2024-09-25,DDU,02:00 AM,02:00 AM,0.0,02:10 AM,02:10 AM,0.0
12310,2024-09-26,CNB,09:52 PM,10:19 PM,27.0,09:57 PM,10:24 PM,27.0
12310,2024-09-26,PRYJ,12:03 AM,12:29 AM,26.0,12:05 AM,12:31 AM,26.0
12310,2024-09-26,DDU,02:00 AM,02:20 AM,20.0,02:10 AM,02:30 AM,20.0
12310,2024-09-27,CNB,09:52 PM,10:08 PM,16.0,09:57 PM,10:13 PM,16.0
12310,2024-09-27,PRYJ,12:03 AM,12:19 AM,16.0,12:05 AM,12:21 AM,16.0
12310,2024-09-27,DDU,02:00 AM,02:00 AM,0.0,02:10 AM,02:10 AM,0.0
12310,2024-09-28,CNB,09:52 PM,10:01 PM,9.0,09:57 PM,10:06 PM,9.0
12310,2024-09-28,PRYJ,12:03 AM,12:06 AM,3.0,12:05 AM,12:08 AM,3.0
12310,2024-09-28,DDU,02:00 AM,02:00 AM,0.0,02:10 AM,02:10 AM,0.0
12310,2024-09-29,CNB,09:52 PM,10:03 PM,11.0,09:57 PM,10:08 PM,11.0
12310,2024-09-29,PRYJ,12:03 AM,12:06 AM,3.0,12:05 AM,12:08 AM,3.0
12310,2024-09-29,DDU,02:00 AM,02:00 AM,0.0,02:10 AM,02:10 AM,0.0
12310,2024-09-30,CNB,09:52 PM,10:36 PM,44.0,09:57 PM,10:41 PM,44.0
12310,2024-09-30,PRYJ,12:03 AM,12:48 AM,45.0,12:05 AM,12:50 AM,45.0
12310,2024-09-30,DDU,02:00 AM,02:33 AM,33.0,02:10 AM,02:43 AM,33.0
12392,2024-09-01,DDU,03:33 AM,03:34 AM,0.0,03:43 AM,03:44 AM,0.0
12392,2024-09-01,BXR,05:07 AM,05:10 AM,3.0,05:09 AM,05:12 AM,3.0
12392,2024-09-02,DDU,03:33 AM,04:00 AM,27.0,03:43 AM,04:10 AM,27.0
12392,2024-09-02,BXR,05:07 AM,05:27 AM,20.0,05:09 AM,05:29 AM,20.0
12392,2024-09-03,DDU,03:33 AM,03:33 AM,0.0,03:43 AM,03:43 AM,0.0
12392,2024-09-03,BXR,05:07 AM,05:07 AM,0.0,05:09 AM,05:09 AM,0.0
12392,2024-09-04,DDU,03:33 AM,03:44 AM,11.0,03:43 AM,03:54 AM,11.0
12392,2024-09-04,BXR,05:07 AM,05:59 AM,52.0,05:09 AM,06:01 AM,52.0
12392,2024-09-05,DDU,03:33 AM,08:44 AM,311.0,03:43 AM,08:54 AM,311.0
12392,2024-09-05,BXR,05:07 AM,10:10 AM,303.0,05:09 AM,10:12 AM,303.0
12392,2024-09-06,DDU,03:33 AM,03:38 AM,5.0,03:43 AM,03:48 AM,5.0
12392,2024-09-06,BXR,05:07 AM,05:07 AM,0.0,05:09 AM,05:09 AM,0.0
12392,2024-09-07,DDU,03:33 AM,03:33 AM,0.0,03:43 AM,03:43 AM,0.0
12392,2024-09-07,BXR,05:07 AM,05:07 AM,0.0,05:09 AM,05:09 AM,0.0
12392,2024-09-08,DDU,03:33 AM,03:38 AM,5.0,03:43 AM,03:48 AM,5.0
12392,2024-09-08,BXR,05:07 AM,05:07 AM,0.0,05:09 AM,05:09 AM,0.0
12392,2024-09-09,DDU,03:33 AM,04:10 AM,37.0,03:43 AM,04:20 AM,37.0
12392,2024-09-09,BXR,05:07 AM,06:18 AM,71.0,05:09 AM,06:20 AM,71.0
12392,2024-09-10,DDU,03:33 AM,03:33 AM,0.0,03:43 AM,03:43 AM,0.0
12392,2024-09-10,BXR,05:07 AM,05:15 AM,8.0,05:09 AM,05:17 AM,8.0
12392,2024-09-11,DDU,03:33 AM,04:18 AM,45.0,03:43 AM,04:28 AM,45.0
12392,2024-09-11,BXR,05:07 AM,06:47 AM,100.0,05:09 AM,06:49 AM,100.0
12392,2024-09-12,DDU,03:33 AM,09:06 AM,333.0,03:43 AM,09:16 AM,333.0
12392,2024-09-12,BXR,05:07 AM,10:27 AM,320.0,05:09 AM,10:29 AM,320.0
12392,2024-09-13,DDU,03:33 AM,03:34 AM,0.0,03:43 AM,03:44 AM,0.0
12392,2024-09-13,BXR,05:07 AM,05:07 AM,0.0,05:09 AM,05:09 AM,0.0
12392,2024-09-14,DDU,03:33 AM,03:35 AM,2.0,03:43 AM,03:45 AM,2.0
12392,2024-09-14,BXR,05:07 AM,05:07 AM,0.0,05:09 AM,05:09 AM,0.0
12392,2024-09-15,DDU,03:33 AM,03:33 AM,0.0,03:43 AM,03:43 AM,0.0
12392,2024-09-15,BXR,05:07 AM,05:10 AM,3.0,05:09 AM,05:12 AM,3.0
12392,2024-09-16,DDU,03:33 AM,04:44 AM,71.0,03:43 AM,04:54 AM,71.0
12392,2024-09-16,BXR,05:07 AM,06:17 AM,70.0,05:09 AM,06:19 AM,70.0
12392,2024-09-17,DDU,03:33 AM,03:33 AM,0.0,03:43 AM,03:43 AM,0.0
12392,2024-09-17,BXR,05:07 AM,05:07 AM,0.0,05:09 AM,05:09 AM,0.0
12392,2024-09-18,DDU,03:33 AM,05:25 AM,112.0,03:43 AM,05:35 AM,112.0
12392,2024-09-18,BXR,05:07 AM,05:07 AM,0.0,05:09 AM,05:09 AM,0.0
12392,2024-09-19,DDU,03:33 AM,04:04 AM,31.0,03:43 AM,04:14 AM,31.0
12392,2024-09-19,BXR,05:07 AM,05:30 AM,23.0,05:09 AM,05:32 AM,23.0
12392,2024-09-20,DDU,03:33 AM,03:33 AM,0.0,03:43 AM,03:43 AM,0.0
12392,2024-09-20,BXR,05:07 AM,05:07 AM,0.0,05:09 AM,05:09 AM,0.0
12392,2024-09-21,DDU,03:33 AM,03:33 AM,0.0,03:43 AM,03:43 AM,0.0
12392,2024-09-21,BXR,05:07 AM,05:23 AM,16.0,05:09 AM,05:25 AM,16.0
12392,2024-09-22,DDU,03:33 AM,03:33 AM,0.0,03:43 AM,03:43 AM,0.0
12392,2024-09-22,BXR,05:07 AM,05:22 AM,15.0,05:09 AM,05:24 AM,15.0
12392,2024-09-23,DDU,03:33 AM,03:42 AM,9.0,03:43 AM,03:52 AM,9.0
12392,2024-09-23,BXR,05:07 AM,05:10 AM,3.0,05:09 AM,05:12 AM,3.0
12392,2024-09-24,DDU,03:33 AM,03:41 AM,8.0,03:43 AM,03:51 AM,8.0
12392,2024-09-24,BXR,05:07 AM,05:29 AM,22.0,05:09 AM,05:31 AM,22.0
12392,2024-09-25,DDU,03:33 AM,03:35 AM,2.0,03:43 AM,03:45 AM,2.0
12392,2024-09-25,BXR,05:07 AM,05:23 AM,16.0,05:09 AM,05:25 AM,16.0
12392,2024-09-26,DDU,03:33 AM,04:46 AM,73.0,03:43 AM,04:56 AM,73.0
12392,2024-09-26,BXR,05:07 AM,06:17 AM,70.0,05:09 AM,06:19 AM,70.0
12392,2024-09-27,DDU,03:33 AM,03:33 AM,0.0,03:43 AM,03:43 AM,0.0
12392,2024-09-27,BXR,05:07 AM,05:07 AM,0.0,05:09 AM,05:09 AM,0.0
12392,2024-09-28,DDU,03:33 AM,03:33 AM,0.0,03:43 AM,03:43 AM,0.0
12392,2024-09-28,BXR,05:07 AM,05:17 AM,10.0,05:09 AM,05:19 AM,10.0
12392,2024-09-29,DDU,03:33 AM,03:33 AM,0.0,03:43 AM,03:43 AM,0.0
12392,2024-09-29,BXR,05:07 AM,05:07 AM,0.0,05:09 AM,05:09 AM,0.0
12392,2024-09-30,DDU,03:33 AM,04:14 AM,41.0,03:43 AM,04:24 AM,41.0
12392,2024-09-30,BXR,05:07 AM,05:07 AM,0.0,05:09 AM,05:09 AM,0.0
15945,2024-09-04,DDU,07:50 AM,07:50 AM,0.0,08:00 AM,08:00 AM,0.0
15945,2024-09-04,BXR,09:32 AM,09:32 AM,0.0,09:34 AM,09:34 AM,0.0
15945,2024-09-07,DDU,07:50 AM,07:50 AM,0.0,08:00 AM,08:00 AM,0.0
15945,2024-09-07,BXR,09:32 AM,09:32 AM,0.0,09:34 AM,09:34 AM,0.0
15945,2024-09-11,DDU,07:50 AM,07:50 AM,0.0,08:00 AM,08:00 AM,0.0
15945,2024-09-11,BXR,09:32 AM,09:32 AM,0.0,09:34 AM,09:34 AM,0.0
15945,2024-09-18,DDU,07:50 AM,08:15 AM,25.0,08:00 AM,08:25 AM,25.0
15945,2024-09-18,BXR,09:32 AM,09:46 AM,14.0,09:34 AM,09:48 AM,14.0
15945,2024-09-21,DDU,07:50 AM,07:50 AM,0.0,08:00 AM,08:00 AM,0.0
15945,2024-09-21,BXR,09:32 AM,09:32 AM,0.0,09:34 AM,09:34 AM,0.0
15945,2024-09-25,DDU,07:50 AM,07:50 AM,0.0,08:00 AM,08:00 AM,0.0
15945,2024-09-25,BXR,09:32 AM,09:32 AM,0.0,09:34 AM,09:34 AM,0.0
15945,2024-09-28,DDU,07:50 AM,07:53 AM,3.0,08:00 AM,08:03 AM,3.0
15945,2024-09-28,BXR,09:32 AM,09:32 AM,0.0,09:34 AM,09:34 AM,0.0
12321,2024-09-01,DDU,10:00 AM,10:01 AM,0.0,10:10 AM,10:11 AM,0.0
12321,2024-09-02,DDU,10:00 AM,10:07 AM,7.0,10:10 AM,10:17 AM,7.0
12321,2024-09-03,DDU,10:00 AM,10:02 AM,2.0,10:10 AM,10:12 AM,2.0
12321,2024-09-04,DDU,10:00 AM,10:00 AM,0.0,10:10 AM,10:10 AM,0.0
12321,2024-09-05,DDU,10:00 AM,10:08 AM,8.0,10:10 AM,10:18 AM,8.0
12321,2024-09-06,DDU,10:00 AM,10:03 AM,3.0,10:10 AM,10:13 AM,3.0
12321,2024-09-07,DDU,10:00 AM,10:10 AM,10.0,10:10 AM,10:20 AM,10.0
12321,2024-09-08,DDU,10:00 AM,10:32 AM,32.0,10:10 AM,10:42 AM,32.0
12321,2024-09-09,DDU,10:00 AM,10:11 AM,11.0,10:10 AM,10:21 AM,11.0
12321,2024-09-10,DDU,10:00 AM,10:01 AM,0.0,10:10 AM,10:11 AM,0.0
12321,2024-09-11,DDU,10:00 AM,10:16 AM,16.0,10:10 AM,10:26 AM,16.0
12321,2024-09-12,DDU,10:00 AM,10:03 AM,3.0,10:10 AM,10:13 AM,3.0
12321,2024-09-13,DDU,10:00 AM,10:34 AM,34.0,10:10 AM,10:44 AM,34.0
12321,2024-09-14,DDU,10:00 AM,10:04 AM,4.0,10:10 AM,10:14 AM,4.0
12321,2024-09-15,DDU,10:00 AM,10:09 AM,9.0,10:10 AM,10:19 AM,9.0
12321,2024-09-16,DDU,10:00 AM,11:02 AM,62.0,10:10 AM,11:12 AM,62.0
12321,2024-09-17,DDU,10:00 AM,10:00 AM,0.0,10:10 AM,10:10 AM,0.0
12321,2024-09-19,DDU,10:00 AM,10:03 AM,3.0,10:10 AM,10:13 AM,3.0
12321,2024-09-20,DDU,10:00 AM,10:11 AM,11.0,10:10 AM,10:21 AM,11.0
12321,2024-09-21,DDU,10:00 AM,10:05 AM,5.0,10:10 AM,10:15 AM,5.0
12321,2024-09-22,DDU,10:00 AM,10:07 AM,7.0,10:10 AM,10:17 AM,7.0
12321,2024-09-23,DDU,10:00 AM,10:02 AM,2.0,10:10 AM,10:12 AM,2.0
12321,2024-09-24,DDU,10:00 AM,10:00 AM,0.0,10:10 AM,10:10 AM,0.0
12321,2024-09-25,DDU,10:00 AM,10:25 AM,25.0,10:10 AM,10:35 AM,25.0
12321,2024-09-26,DDU,10:00 AM,10:01 AM,0.0,10:10 AM,10:11 AM,0.0
12321,2024-09-27,DDU,10:00 AM,10:04 AM,4.0,10:10 AM,10:14 AM,4.0
12321,2024-09-28,DDU,10:00 AM,10:07 AM,7.0,10:10 AM,10:17 AM,7.0
12321,2024-09-29,DDU,10:00 AM,10:01 AM,0.0,10:10 AM,10:11 AM,0.0
12321,2024-09-30,DDU,10:00 AM,10:12 AM,12.0,10:10 AM,10:22 AM,12.0
12555,2024-09-01,CNB,11:18 PM,11:35 PM,17.0,11:23 PM,11:40 PM,17.0
12555,2024-09-02,CNB,11:18 PM,01:17 AM,119.0,11:23 PM,01:22 AM,119.0
12555,2024-09-03,CNB,11:18 PM,01:26 AM,128.0,11:23 PM,01:31 AM,128.0
12555,2024-09-04,CNB,11:18 PM,12:05 AM,47.0,11:23 PM,12:10 AM,47.0
12555,2024-09-05,CNB,11:18 PM,12:54 AM,96.0,11:23 PM,12:59 AM,96.0
12555,2024-09-06,CNB,11:18 PM,12:09 AM,51.0,11:23 PM,12:14 AM,51.0
12555,2024-09-07,CNB,11:18 PM,11:18 PM,0.0,11:23 PM,11:23 PM,0.0
12555,2024-09-08,CNB,11:18 PM,11:41 PM,23.0,11:23 PM,11:46 PM,23.0
12555,2024-09-09,CNB,11:18 PM,11:46 PM,28.0,11:23 PM,11:51 PM,28.0
12555,2024-09-10,CNB,11:18 PM,12:04 AM,46.0,11:23 PM,12:09 AM,46.0
12555,2024-09-11,CNB,11:18 PM,11:18 PM,0.0,11:23 PM,11:23 PM,0.0
12555,2024-09-12,CNB,11:18 PM,11:26 PM,8.0,11:23 PM,11:31 PM,8.0
12555,2024-09-13,CNB,11:18 PM,11:22 PM,4.0,11:23 PM,11:27 PM,4.0
12555,2024-09-14,CNB,11:18 PM,11:32 PM,14.0,11:23 PM,11:37 PM,14.0
12555,2024-09-15,CNB,11:18 PM,11:23 PM,5.0,11:23 PM,11:28 PM,5.0
12555,2024-09-16,CNB,11:18 PM,11:44 PM,26.0,11:23 PM,11:49 PM,26.0
12555,2024-09-17,CNB,11:18 PM,11:24 PM,6.0,11:23 PM,11:29 PM,6.0
12555,2024-09-18,CNB,11:18 PM,11:42 PM,24.0,11:23 PM,11:47 PM,24.0
12555,2024-09-19,CNB,11:18 PM,11:33 PM,15.0,11:23 PM,11:38 PM,15.0
12555,2024-09-20,CNB,11:18 PM,11:35 PM,17.0,11:23 PM,11:40 PM,17.0
12555,2024-09-21,CNB,11:18 PM,11:34 PM,16.0,11:23 PM,11:39 PM,16.0
12555,2024-09-22,CNB,11:18 PM,11:26 PM,8.0,11:23 PM,11:31 PM,8.0
12555,2024-09-23,CNB,11:18 PM,11:25 PM,7.0,11:23 PM,11:30 PM,7.0
12555,2024-09-24,CNB,11:18 PM,11:20 PM,2.0,11:23 PM,11:25 PM,2.0
12555,2024-09-25,CNB,11:18 PM,11:18 PM,0.0,11:23 PM,11:23 PM,0.0
12555,2024-09-26,CNB,11:18 PM,11:37 PM,19.0,11:23 PM,11:42 PM,19.0
12555,2024-09-27,CNB,11:18 PM,11:32 PM,14.0,11:23 PM,11:37 PM,14.0
12555,2024-09-28,CNB,11:18 PM,11:36 PM,18.0,11:23 PM,11:41 PM,18.0
12555,2024-09-29,CNB,11:18 PM,11:18 PM,0.0,11:23 PM,11:23 PM,0.0
12555,2024-09-30,CNB,11:18 PM,11:29 PM,11.0,11:23 PM,11:34 PM,11.0
4202,2024-09-06,DDU,12:40 AM,12:50 AM,10.0,12:50 AM,01:00 AM,10.0
4202,2024-09-06,BXR,02:13 AM,02:13 AM,0.0,02:15 AM,02:15 AM,0.0
12316,2024-09-02,CNB,07:30 PM,07:49 PM,19.0,07:35 PM,07:54 PM,19.0
12316,2024-09-02,PRYJ,10:05 PM,10:07 PM,2.0,10:10 PM,10:12 PM,2.0
12316,2024-09-02,DDU,02:25 AM,02:25 AM,0.0,02:35 AM,02:35 AM,0.0
12316,2024-09-09,CNB,07:30 PM,07:41 PM,11.0,07:35 PM,07:46 PM,11.0
12316,2024-09-09,PRYJ,10:05 PM,10:06 PM,0.0,10:10 PM,10:11 PM,0.0
12316,2024-09-09,DDU,02:25 AM,02:25 AM,0.0,02:35 AM,02:35 AM,0.0
12316,2024-09-16,CNB,07:30 PM,07:30 PM,0.0,07:35 PM,07:35 PM,0.0
12316,2024-09-16,PRYJ,10:05 PM,10:05 PM,0.0,10:10 PM,10:10 PM,0.0
12316,2024-09-16,DDU,02:25 AM,02:25 AM,0.0,02:35 AM,02:35 AM,0.0
12316,2024-09-23,CNB,07:30 PM,07:30 PM,0.0,07:35 PM,07:35 PM,0.0
12316,2024-09-23,PRYJ,10:05 PM,10:05 PM,0.0,10:10 PM,10:10 PM,0.0
12316,2024-09-23,DDU,02:25 AM,02:25 AM,0.0,02:35 AM,02:35 AM,0.0
12316,2024-09-30,CNB,07:30 PM,07:30 PM,0.0,07:35 PM,07:35 PM,0.0
12316,2024-09-30,PRYJ,10:05 PM,10:05 PM,0.0,10:10 PM,10:10 PM,0.0
12316,2024-09-30,DDU,02:25 AM,02:25 AM,0.0,02:35 AM,02:35 AM,0.0
12942,2024-09-12,DDU,02:55 AM,03:04 AM,9.0,03:05 AM,03:14 AM,9.0
12942,2024-09-12,PRYJ,05:30 AM,05:31 AM,0.0,05:35 AM,05:36 AM,0.0
12942,2024-09-12,CNB,08:00 AM,08:07 AM,7.0,08:10 AM,08:17 AM,7.0
12942,2024-09-19,DDU,02:55 AM,02:55 AM,0.0,03:05 AM,03:05 AM,0.0
12942,2024-09-19,PRYJ,05:30 AM,05:40 AM,10.0,05:35 AM,05:45 AM,10.0
12942,2024-09-19,CNB,08:00 AM,08:13 AM,13.0,08:10 AM,08:23 AM,13.0
12942,2024-09-26,DDU,02:55 AM,02:55 AM,0.0,03:05 AM,03:05 AM,0.0
12942,2024-09-26,PRYJ,05:30 AM,05:30 AM,0.0,05:35 AM,05:35 AM,0.0
12942,2024-09-26,CNB,08:00 AM,08:00 AM,0.0,08:10 AM,08:10 AM,0.0
11045,2024-09-06,DDU,12:50 AM,12:50 AM,0.0,01:00 AM,01:00 AM,0.0
11045,2024-09-13,DDU,12:50 AM,12:50 AM,0.0,01:00 AM,01:00 AM,0.0
11045,2024-09-20,DDU,12:50 AM,12:50 AM,0.0,01:00 AM,01:00 AM,0.0
11045,2024-09-27,DDU,12:50 AM,12:50 AM,0.0,01:00 AM,01:00 AM,0.0
22317,2024-09-02,DDU,10:40 PM,10:40 PM,0.0,10:50 PM,10:50 PM,0.0
22317,2024-09-09,DDU,10:40 PM,10:40 PM,0.0,10:50 PM,10:50 PM,0.0
22317,2024-09-16,DDU,10:40 PM,11:57 PM,77.0,10:50 PM,12:07 AM,77.0
22317,2024-09-23,DDU,10:40 PM,10:41 PM,0.0,10:50 PM,10:51 PM,0.0
22317,2024-09-30,DDU,10:40 PM,10:40 PM,0.0,10:50 PM,10:50 PM,0.0
14259,2024-09-01,DDU,10:40 PM,10:41 PM,0.0,10:50 PM,10:51 PM,0.0
14259,2024-09-08,DDU,10:40 PM,10:40 PM,0.0,10:50 PM,10:50 PM,0.0
14259,2024-09-15,DDU,10:40 PM,10:46 PM,6.0,10:50 PM,10:56 PM,6.0
14259,2024-09-22,DDU,10:40 PM,11:46 PM,66.0,10:50 PM,11:56 PM,66.0
22353,2024-09-05,BXR,09:50 PM,10:03 PM,13.0,09:52 PM,10:05 PM,13.0
22353,2024-09-05,DDU,11:45 PM,11:48 PM,3.0,11:55 PM,11:58 PM,3.0
22353,2024-09-19,BXR,09:50 PM,10:14 PM,24.0,09:52 PM,10:16 PM,24.0
22353,2024-09-19,DDU,11:45 PM,11:46 PM,0.0,11:55 PM,11:56 PM,0.0
12791,2024-09-01,PRYJ,10:00 AM,10:00 AM,0.0,10:20 AM,10:20 AM,0.0
12791,2024-09-01,DDU,02:50 PM,02:50 PM,0.0,03:00 PM,03:00 PM,0.0
12791,2024-09-01,BXR,04:07 PM,04:07 PM,0.0,04:09 PM,04:09 PM,0.0
12791,2024-09-02,PRYJ,10:00 AM,10:00 AM,0.0,10:20 AM,10:20 AM,0.0
12791,2024-09-02,DDU,02:50 PM,02:50 PM,0.0,03:00 PM,03:00 PM,0.0
12791,2024-09-02,BXR,04:07 PM,04:20 PM,13.0,04:09 PM,04:22 PM,13.0
12791,2024-09-03,PRYJ,10:00 AM,10:00 AM,0.0,10:20 AM,10:20 AM,0.0
12791,2024-09-03,DDU,02:50 PM,02:50 PM,0.0,03:00 PM,03:00 PM,0.0
12791,2024-09-03,BXR,04:07 PM,04:07 PM,0.0,04:09 PM,04:09 PM,0.0
12791,2024-09-04,PRYJ,10:00 AM,10:00 AM,0.0,10:20 AM,10:20 AM,0.0
12791,2024-09-04,DDU,02:50 PM,02:50 PM,0.0,03:00 PM,03:00 PM,0.0
12791,2024-09-04,BXR,04:07 PM,04:07 PM,0.0,04:09 PM,04:09 PM,0.0
12791,2024-09-05,PRYJ,10:00 AM,10:00 AM,0.0,10:20 AM,10:20 AM,0.0
12791,2024-09-05,DDU,02:50 PM,02:50 PM,0.0,03:00 PM,03:00 PM,0.0
12791,2024-09-05,BXR,04:07 PM,04:07 PM,0.0,04:09 PM,04:09 PM,0.0
12791,2024-09-06,PRYJ,10:00 AM,10:00 AM,0.0,10:20 AM,10:20 AM,0.0
12791,2024-09-06,DDU,02:50 PM,02:50 PM,0.0,03:00 PM,03:00 PM,0.0
12791,2024-09-06,BXR,04:07 PM,04:07 PM,0.0,04:09 PM,04:09 PM,0.0
12791,2024-09-07,PRYJ,10:00 AM,10:00 AM,0.0,10:20 AM,10:20 AM,0.0
12791,2024-09-07,DDU,02:50 PM,02:50 PM,0.0,03:00 PM,03:00 PM,0.0
12791,2024-09-07,BXR,04:07 PM,04:07 PM,0.0,04:09 PM,04:09 PM,0.0
12791,2024-09-08,PRYJ,10:00 AM,10:00 AM,0.0,10:20 AM,10:20 AM,0.0
12791,2024-09-08,DDU,02:50 PM,02:50 PM,0.0,03:00 PM,03:00 PM,0.0
12791,2024-09-08,BXR,04:07 PM,04:07 PM,0.0,04:09 PM,04:09 PM,0.0
12791,2024-09-09,PRYJ,10:00 AM,10:00 AM,0.0,10:20 AM,10:20 AM,0.0
12791,2024-09-09,DDU,02:50 PM,02:50 PM,0.0,03:00 PM,03:00 PM,0.0
12791,2024-09-09,BXR,04:07 PM,04:07 PM,0.0,04:09 PM,04:09 PM,0.0
12791,2024-09-10,PRYJ,10:00 AM,10:04 AM,4.0,10:20 AM,10:24 AM,4.0
12791,2024-09-10,DDU,02:50 PM,02:50 PM,0.0,03:00 PM,03:00 PM,0.0
12791,2024-09-10,BXR,04:07 PM,04:07 PM,0.0,04:09 PM,04:09 PM,0.0
12791,2024-09-11,PRYJ,10:00 AM,10:03 AM,3.0,10:20 AM,10:23 AM,3.0
12791,2024-09-11,DDU,02:50 PM,02:50 PM,0.0,03:00 PM,03:00 PM,0.0
12791,2024-09-11,BXR,04:07 PM,04:07 PM,0.0,04:09 PM,04:09 PM,0.0
12791,2024-09-12,PRYJ,10:00 AM,10:00 AM,0.0,10:20 AM,10:20 AM,0.0
12791,2024-09-12,DDU,02:50 PM,02:50 PM,0.0,03:00 PM,03:00 PM,0.0
12791,2024-09-12,BXR,04:07 PM,04:07 PM,0.0,04:09 PM,04:09 PM,0.0
12791,2024-09-13,PRYJ,10:00 AM,10:00 AM,0.0,10:20 AM,10:20 AM,0.0
12791,2024-09-13,DDU,02:50 PM,02:50 PM,0.0,03:00 PM,03:00 PM,0.0
12791,2024-09-13,BXR,04:07 PM,04:07 PM,0.0,04:09 PM,04:09 PM,0.0
12791,2024-09-14,PRYJ,10:00 AM,10:00 AM,0.0,10:20 AM,10:20 AM,0.0
12791,2024-09-14,DDU,02:50 PM,02:50 PM,0.0,03:00 PM,03:00 PM,0.0
12791,2024-09-14,BXR,04:07 PM,04:12 PM,5.0,04:09 PM,04:14 PM,5.0
12791,2024-09-15,PRYJ,10:00 AM,10:00 AM,0.0,10:20 AM,10:20 AM,0.0
12791,2024-09-15,DDU,02:50 PM,02:50 PM,0.0,03:00 PM,03:00 PM,0.0
12791,2024-09-15,BXR,04:07 PM,04:09 PM,2.0,04:09 PM,04:11 PM,2.0
12791,2024-09-16,PRYJ,10:00 AM,10:01 AM,0.0,10:20 AM,10:21 AM,0.0
12791,2024-09-16,DDU,02:50 PM,02:50 PM,0.0,03:00 PM,03:00 PM,0.0
12791,2024-09-16,BXR,04:07 PM,04:07 PM,0.0,04:09 PM,04:09 PM,0.0
12791,2024-09-17,PRYJ,10:00 AM,10:00 AM,0.0,10:20 AM,10:20 AM,0.0
12791,2024-09-17,DDU,02:50 PM,02:50 PM,0.0,03:00 PM,03:00 PM,0.0
12791,2024-09-17,BXR,04:07 PM,04:29 PM,22.0,04:09 PM,04:31 PM,22.0
12791,2024-09-18,PRYJ,10:00 AM,10:03 AM,3.0,10:20 AM,10:23 AM,3.0
12791,2024-09-18,DDU,02:50 PM,02:50 PM,0.0,03:00 PM,03:00 PM,0.0
12791,2024-09-18,BXR,04:07 PM,04:07 PM,0.0,04:09 PM,04:09 PM,0.0
12791,2024-09-19,PRYJ,10:00 AM,10:00 AM,0.0,10:20 AM,10:20 AM,0.0
12791,2024-09-19,DDU,02:50 PM,02:50 PM,0.0,03:00 PM,03:00 PM,0.0
12791,2024-09-19,BXR,04:07 PM,04:07 PM,0.0,04:09 PM,04:09 PM,0.0
12791,2024-09-20,PRYJ,10:00 AM,10:00 AM,0.0,10:20 AM,10:20 AM,0.0
12791,2024-09-20,DDU,02:50 PM,02:50 PM,0.0,03:00 PM,03:00 PM,0.0
12791,2024-09-20,BXR,04:07 PM,04:07 PM,0.0,04:09 PM,04:09 PM,0.0
12791,2024-09-21,PRYJ,10:00 AM,10:00 AM,0.0,10:20 AM,10:20 AM,0.0
12791,2024-09-21,DDU,02:50 PM,02:50 PM,0.0,03:00 PM,03:00 PM,0.0
12791,2024-09-21,BXR,04:07 PM,04:28 PM,21.0,04:09 PM,04:30 PM,21.0
12791,2024-09-22,PRYJ,10:00 AM,10:00 AM,0.0,10:20 AM,10:20 AM,0.0
12791,2024-09-22,DDU,02:50 PM,02:50 PM,0.0,03:00 PM,03:00 PM,0.0
12791,2024-09-22,BXR,04:07 PM,04:07 PM,0.0,04:09 PM,04:09 PM,0.0
12791,2024-09-23,PRYJ,10:00 AM,10:00 AM,0.0,10:20 AM,10:20 AM,0.0
12791,2024-09-23,DDU,02:50 PM,02:50 PM,0.0,03:00 PM,03:00 PM,0.0
12791,2024-09-23,BXR,04:07 PM,04:21 PM,14.0,04:09 PM,04:23 PM,14.0
12791,2024-09-24,PRYJ,10:00 AM,10:00 AM,0.0,10:20 AM,10:20 AM,0.0
12791,2024-09-24,DDU,02:50 PM,02:50 PM,0.0,03:00 PM,03:00 PM,0.0
12791,2024-09-24,BXR,04:07 PM,04:07 PM,0.0,04:09 PM,04:09 PM,0.0
12791,2024-09-25,PRYJ,10:00 AM,10:02 AM,2.0,10:20 AM,10:22 AM,2.0
12791,2024-09-25,DDU,02:50 PM,02:50 PM,0.0,03:00 PM,03:00 PM,0.0
12791,2024-09-25,BXR,04:07 PM,04:29 PM,22.0,04:09 PM,04:31 PM,22.0
12791,2024-09-26,PRYJ,10:00 AM,10:00 AM,0.0,10:20 AM,10:20 AM,0.0
12791,2024-09-26,DDU,02:50 PM,02:50 PM,0.0,03:00 PM,03:00 PM,0.0
12791,2024-09-26,BXR,04:07 PM,04:07 PM,0.0,04:09 PM,04:09 PM,0.0
12791,2024-09-27,PRYJ,10:00 AM,10:01 AM,0.0,10:20 AM,10:21 AM,0.0
12791,2024-09-27,DDU,02:50 PM,02:50 PM,0.0,03:00 PM,03:00 PM,0.0
12791,2024-09-27,BXR,04:07 PM,04:07 PM,0.0,04:09 PM,04:09 PM,0.0
12791,2024-09-28,PRYJ,10:00 AM,11:30 AM,90.0,10:20 AM,11:50 AM,90.0
12791,2024-09-28,DDU,02:50 PM,02:50 PM,0.0,03:00 PM,03:00 PM,0.0
12791,2024-09-28,BXR,04:07 PM,04:07 PM,0.0,04:09 PM,04:09 PM,0.0
12791,2024-09-29,PRYJ,10:00 AM,10:00 AM,0.0,10:20 AM,10:20 AM,0.0
12791,2024-09-29,DDU,02:50 PM,02:50 PM,0.0,03:00 PM,03:00 PM,0.0
12791,2024-09-29,BXR,04:07 PM,04:07 PM,0.0,04:09 PM,04:09 PM,0.0
12791,2024-09-30,PRYJ,10:00 AM,10:00 AM,0.0,10:20 AM,10:20 AM,0.0
12791,2024-09-30,DDU,02:50 PM,02:50 PM,0.0,03:00 PM,03:00 PM,0.0
12791,2024-09-30,BXR,04:07 PM,04:08 PM,0.0,04:09 PM,04:10 PM,0.0
12938,2024-09-02,DDU,08:45 AM,08:53 AM,8.0,08:55 AM,09:03 AM,8.0
12938,2024-09-02,PRYJ,11:30 AM,11:37 AM,7.0,11:35 AM,11:42 AM,7.0
12938,2024-09-02,CNB,02:05 PM,02:28 PM,23.0,02:10 PM,02:33 PM,23.0
12938,2024-09-23,DDU,08:45 AM,08:59 AM,14.0,08:55 AM,09:09 AM,14.0
12938,2024-09-23,PRYJ,11:30 AM,11:44 AM,14.0,11:35 AM,11:49 AM,14.0
12938,2024-09-23,CNB,02:05 PM,02:27 PM,22.0,02:10 PM,02:32 PM,22.0
12938,2024-09-30,DDU,08:45 AM,08:49 AM,4.0,08:55 AM,08:59 AM,4.0
12938,2024-09-30,PRYJ,11:30 AM,11:30 AM,0.0,11:35 AM,11:35 AM,0.0
12938,2024-09-30,CNB,02:05 PM,02:05 PM,0.0,02:10 PM,02:10 PM,0.0
9118,2024-09-07,CNB,10:15 PM,10:15 PM,0.0,10:20 PM,10:20 PM,0.0
9118,2024-09-14,CNB,10:15 PM,10:15 PM,0.0,10:20 PM,10:20 PM,0.0
9118,2024-09-21,CNB,10:15 PM,10:15 PM,0.0,10:20 PM,10:20 PM,0.0
9118,2024-09-28,CNB,10:15 PM,10:15 PM,0.0,10:20 PM,10:20 PM,0.0
12874,2024-09-03,CNB,01:45 AM,02:37 AM,52.0,01:50 AM,02:42 AM,52.0
12874,2024-09-03,PRYJ,04:15 AM,04:52 AM,37.0,04:20 AM,04:57 AM,37.0
12874,2024-09-11,CNB,01:45 AM,02:30 AM,45.0,01:50 AM,02:35 AM,45.0
12874,2024-09-11,PRYJ,04:15 AM,04:39 AM,24.0,04:20 AM,04:44 AM,24.0
12874,2024-09-13,CNB,01:45 AM,02:27 AM,42.0,01:50 AM,02:32 AM,42.0
12874,2024-09-13,PRYJ,04:15 AM,04:47 AM,32.0,04:20 AM,04:52 AM,32.0
12874,2024-09-17,CNB,01:45 AM,05:42 AM,237.0,01:50 AM,05:47 AM,237.0
12874,2024-09-17,PRYJ,04:15 AM,08:47 AM,272.0,04:20 AM,08:52 AM,272.0
12874,2024-09-18,CNB,01:45 AM,01:45 AM,0.0,01:50 AM,01:50 AM,0.0
12874,2024-09-18,PRYJ,04:15 AM,04:15 AM,0.0,04:20 AM,04:20 AM,0.0
12874,2024-09-20,CNB,01:45 AM,02:28 AM,43.0,01:50 AM,02:33 AM,43.0
12874,2024-09-20,PRYJ,04:15 AM,05:02 AM,47.0,04:20 AM,05:07 AM,47.0
12874,2024-09-24,CNB,01:45 AM,01:46 AM,0.0,01:50 AM,01:51 AM,0.0
12874,2024-09-24,PRYJ,04:15 AM,04:15 AM,0.0,04:20 AM,04:20 AM,0.0
12874,2024-09-27,CNB,01:45 AM,01:51 AM,6.0,01:50 AM,01:56 AM,6.0
12874,2024-09-27,PRYJ,04:15 AM,04:16 AM,0.0,04:20 AM,04:21 AM,0.0
19306,2024-09-01,CNB,02:10 PM,05:25 PM,195.0,02:15 PM,05:30 PM,195.0
19306,2024-09-08,CNB,02:10 PM,03:58 PM,108.0,02:15 PM,04:03 PM,108.0
19306,2024-09-15,CNB,02:10 PM,02:18 PM,8.0,02:15 PM,02:23 PM,8.0
19306,2024-09-22,CNB,02:10 PM,02:10 PM,0.0,02:15 PM,02:15 PM,0.0
19306,2024-09-29,CNB,02:10 PM,02:12 PM,2.0,02:15 PM,02:17 PM,2.0
14005,2024-09-01,PRYJ,06:00 PM,06:01 PM,0.0,06:10 PM,06:11 PM,0.0
14005,2024-09-01,CNB,08:55 PM,09:04 PM,9.0,09:00 PM,09:09 PM,9.0
14005,2024-09-02,PRYJ,06:00 PM,06:00 PM,0.0,06:10 PM,06:10 PM,0.0
14005,2024-09-02,CNB,08:55 PM,09:03 PM,8.0,09:00 PM,09:08 PM,8.0
14005,2024-09-03,PRYJ,06:00 PM,06:00 PM,0.0,06:10 PM,06:10 PM,0.0
14005,2024-09-03,CNB,08:55 PM,08:57 PM,2.0,09:00 PM,09:02 PM,2.0
14005,2024-09-04,PRYJ,06:00 PM,06:47 PM,47.0,06:10 PM,06:57 PM,47.0
14005,2024-09-04,CNB,08:55 PM,09:23 PM,28.0,09:00 PM,09:28 PM,28.0
14005,2024-09-05,PRYJ,06:00 PM,06:01 PM,0.0,06:10 PM,06:11 PM,0.0
14005,2024-09-05,CNB,08:55 PM,09:00 PM,5.0,09:00 PM,09:05 PM,5.0
14005,2024-09-06,PRYJ,06:00 PM,06:07 PM,7.0,06:10 PM,06:17 PM,7.0
14005,2024-09-06,CNB,08:55 PM,08:58 PM,3.0,09:00 PM,09:03 PM,3.0
14005,2024-09-07,PRYJ,06:00 PM,06:04 PM,4.0,06:10 PM,06:14 PM,4.0
14005,2024-09-07,CNB,08:55 PM,09:01 PM,6.0,09:00 PM,09:06 PM,6.0
14005,2024-09-08,PRYJ,06:00 PM,06:08 PM,8.0,06:10 PM,06:18 PM,8.0
14005,2024-09-08,CNB,08:55 PM,08:57 PM,2.0,09:00 PM,09:02 PM,2.0
14005,2024-09-09,PRYJ,06:00 PM,06:01 PM,0.0,06:10 PM,06:11 PM,0.0
14005,2024-09-09,CNB,08:55 PM,08:57 PM,2.0,09:00 PM,09:02 PM,2.0
14005,2024-09-10,PRYJ,06:00 PM,06:00 PM,0.0,06:10 PM,06:10 PM,0.0
14005,2024-09-10,CNB,08:55 PM,08:57 PM,2.0,09:00 PM,09:02 PM,2.0
14005,2024-09-11,PRYJ,06:00 PM,06:08 PM,8.0,06:10 PM,06:18 PM,8.0
14005,2024-09-11,CNB,08:55 PM,09:30 PM,35.0,09:00 PM,09:35 PM,35.0
14005,2024-09-12,PRYJ,06:00 PM,06:00 PM,0.0,06:10 PM,06:10 PM,0.0
14005,2024-09-12,CNB,08:55 PM,09:00 PM,5.0,09:00 PM,09:05 PM,5.0
14005,2024-09-13,PRYJ,06:00 PM,06:03 PM,3.0,06:10 PM,06:13 PM,3.0
14005,2024-09-13,CNB,08:55 PM,09:02 PM,7.0,09:00 PM,09:07 PM,7.0
14005,2024-09-14,PRYJ,06:00 PM,06:05 PM,5.0,06:10 PM,06:15 PM,5.0
14005,2024-09-14,CNB,08:55 PM,09:07 PM,12.0,09:00 PM,09:12 PM,12.0
14005,2024-09-15,PRYJ,06:00 PM,06:00 PM,0.0,06:10 PM,06:10 PM,0.0
14005,2024-09-15,CNB,08:55 PM,08:55 PM,0.0,09:00 PM,09:00 PM,0.0
14005,2024-09-16,PRYJ,06:00 PM,06:04 PM,4.0,06:10 PM,06:14 PM,4.0
14005,2024-09-16,CNB,08:55 PM,09:12 PM,17.0,09:00 PM,09:17 PM,17.0
14005,2024-09-17,PRYJ,06:00 PM,06:08 PM,8.0,06:10 PM,06:18 PM,8.0
14005,2024-09-17,CNB,08:55 PM,09:08 PM,13.0,09:00 PM,09:13 PM,13.0
14005,2024-09-18,PRYJ,06:00 PM,06:01 PM,0.0,06:10 PM,06:11 PM,0.0
14005,2024-09-18,CNB,08:55 PM,08:57 PM,2.0,09:00 PM,09:02 PM,2.0
14005,2024-09-19,PRYJ,06:00 PM,06:01 PM,0.0,06:10 PM,06:11 PM,0.0
14005,2024-09-19,CNB,08:55 PM,08:56 PM,0.0,09:00 PM,09:01 PM,0.0
14005,2024-09-20,PRYJ,06:00 PM,06:00 PM,0.0,06:10 PM,06:10 PM,0.0
14005,2024-09-20,CNB,08:55 PM,09:01 PM,6.0,09:00 PM,09:06 PM,6.0
14005,2024-09-21,PRYJ,06:00 PM,06:00 PM,0.0,06:10 PM,06:10 PM,0.0
14005,2024-09-21,CNB,08:55 PM,08:57 PM,2.0,09:00 PM,09:02 PM,2.0
14005,2024-09-22,PRYJ,06:00 PM,06:00 PM,0.0,06:10 PM,06:10 PM,0.0
14005,2024-09-22,CNB,08:55 PM,08:58 PM,3.0,09:00 PM,09:03 PM,3.0
14005,2024-09-23,PRYJ,06:00 PM,06:02 PM,2.0,06:10 PM,06:12 PM,2.0
14005,2024-09-23,CNB,08:55 PM,09:03 PM,8.0,09:00 PM,09:08 PM,8.0
14005,2024-09-24,PRYJ,06:00 PM,06:11 PM,11.0,06:10 PM,06:21 PM,11.0
14005,2024-09-24,CNB,08:55 PM,09:00 PM,5.0,09:00 PM,09:05 PM,5.0
14005,2024-09-25,PRYJ,06:00 PM,06:03 PM,3.0,06:10 PM,06:13 PM,3.0
14005,2024-09-25,CNB,08:55 PM,08:56 PM,0.0,09:00 PM,09:01 PM,0.0
14005,2024-09-26,PRYJ,06:00 PM,06:00 PM,0.0,06:10 PM,06:10 PM,0.0
14005,2024-09-26,CNB,08:55 PM,08:59 PM,4.0,09:00 PM,09:04 PM,4.0
14005,2024-09-27,PRYJ,06:00 PM,06:11 PM,11.0,06:10 PM,06:21 PM,11.0
14005,2024-09-27,CNB,08:55 PM,08:55 PM,0.0,09:00 PM,09:00 PM,0.0
14005,2024-09-28,PRYJ,06:00 PM,06:02 PM,2.0,06:10 PM,06:12 PM,2.0
14005,2024-09-28,CNB,08:55 PM,09:03 PM,8.0,09:00 PM,09:08 PM,8.0
14005,2024-09-29,PRYJ,06:00 PM,06:28 PM,28.0,06:10 PM,06:38 PM,28.0
14005,2024-09-29,CNB,08:55 PM,08:58 PM,3.0,09:00 PM,09:03 PM,3.0
14005,2024-09-30,PRYJ,06:00 PM,06:00 PM,0.0,06:10 PM,06:10 PM,0.0
14005,2024-09-30,CNB,08:55 PM,08:57 PM,2.0,09:00 PM,09:02 PM,2.0
22535,2024-09-04,PRYJ,10:10 PM,05:11 PM,1141.0,10:35 PM,05:36 PM,1141.0
22535,2024-09-11,PRYJ,10:10 PM,10:11 PM,0.0,10:35 PM,10:36 PM,0.0
22535,2024-09-18,PRYJ,10:10 PM,10:10 PM,0.0,10:35 PM,10:35 PM,0.0
22535,2024-09-25,PRYJ,10:10 PM,10:10 PM,0.0,10:35 PM,10:35 PM,0.0
12325,2024-09-05,DDU,07:30 PM,10:24 PM,174.0,07:40 PM,10:34 PM,174.0
12325,2024-09-12,DDU,07:30 PM,07:30 PM,0.0,07:40 PM,07:40 PM,0.0
12325,2024-09-19,DDU,07:30 PM,07:31 PM,0.0,07:40 PM,07:41 PM,0.0
12325,2024-09-26,DDU,07:30 PM,07:31 PM,0.0,07:40 PM,07:41 PM,0.0
15182,2024-09-02,PRYJ,08:40 AM,10:40 AM,120.0,09:05 AM,11:05 AM,120.0
15182,2024-09-09,PRYJ,08:40 AM,09:48 AM,68.0,09:05 AM,10:13 AM,68.0
15182,2024-09-16,PRYJ,08:40 AM,08:51 AM,11.0,09:05 AM,09:16 AM,11.0
15182,2024-09-23,PRYJ,08:40 AM,09:22 AM,42.0,09:05 AM,09:47 AM,42.0
15182,2024-09-30,PRYJ,08:40 AM,08:44 AM,4.0,09:05 AM,09:09 AM,4.0
12436,2024-09-03,CNB,10:12 PM,10:13 PM,0.0,10:17 PM,10:18 PM,0.0
12436,2024-09-03,PRYJ,12:23 AM,12:24 AM,0.0,12:25 AM,12:26 AM,0.0
12436,2024-09-03,DDU,02:37 AM,02:38 AM,0.0,02:47 AM,02:48 AM,0.0
12436,2024-09-03,BXR,03:58 AM,03:58 AM,0.0,04:00 AM,04:00 AM,0.0
12436,2024-09-07,CNB,10:12 PM,10:12 PM,0.0,10:17 PM,10:17 PM,0.0
12436,2024-09-07,PRYJ,12:23 AM,12:23 AM,0.0,12:25 AM,12:25 AM,0.0
12436,2024-09-07,DDU,02:37 AM,02:37 AM,0.0,02:47 AM,02:47 AM,0.0
12436,2024-09-07,BXR,03:58 AM,03:58 AM,0.0,04:00 AM,04:00 AM,0.0
12436,2024-09-10,CNB,10:12 PM,10:30 PM,18.0,10:17 PM,10:35 PM,18.0
12436,2024-09-10,PRYJ,12:23 AM,12:40 AM,17.0,12:25 AM,12:42 AM,17.0
12436,2024-09-10,DDU,02:37 AM,02:37 AM,0.0,02:47 AM,02:47 AM,0.0
12436,2024-09-10,BXR,03:58 AM,03:58 AM,0.0,04:00 AM,04:00 AM,0.0
12436,2024-09-14,CNB,10:12 PM,10:33 PM,21.0,10:17 PM,10:38 PM,21.0
12436,2024-09-14,PRYJ,12:23 AM,12:49 AM,26.0,12:25 AM,12:51 AM,26.0
12436,2024-09-14,DDU,02:37 AM,02:49 AM,12.0,02:47 AM,02:59 AM,12.0
12436,2024-09-14,BXR,03:58 AM,04:02 AM,4.0,04:00 AM,04:04 AM,4.0
12436,2024-09-17,CNB,10:12 PM,10:46 PM,34.0,10:17 PM,10:51 PM,34.0
12436,2024-09-17,PRYJ,12:23 AM,01:23 AM,60.0,12:25 AM,01:25 AM,60.0
12436,2024-09-17,DDU,02:37 AM,04:26 AM,109.0,02:47 AM,04:36 AM,109.0
12436,2024-09-17,BXR,03:58 AM,05:52 AM,114.0,04:00 AM,05:54 AM,114.0
12436,2024-09-21,CNB,10:12 PM,10:22 PM,10.0,10:17 PM,10:27 PM,10.0
12436,2024-09-21,PRYJ,12:23 AM,01:07 AM,44.0,12:25 AM,01:09 AM,44.0
12436,2024-09-21,DDU,02:37 AM,03:23 AM,46.0,02:47 AM,03:33 AM,46.0
12436,2024-09-21,BXR,03:58 AM,04:41 AM,43.0,04:00 AM,04:43 AM,43.0
12436,2024-09-24,CNB,10:12 PM,10:21 PM,9.0,10:17 PM,10:26 PM,9.0
12436,2024-09-24,PRYJ,12:23 AM,12:32 AM,9.0,12:25 AM,12:34 AM,9.0
12436,2024-09-24,DDU,02:37 AM,02:46 AM,9.0,02:47 AM,02:56 AM,9.0
12436,2024-09-24,BXR,03:58 AM,04:06 AM,8.0,04:00 AM,04:08 AM,8.0
12436,2024-09-28,CNB,10:12 PM,12:10 AM,118.0,10:17 PM,12:15 AM,118.0
12436,2024-09-28,PRYJ,12:23 AM,02:19 AM,116.0,12:25 AM,02:21 AM,116.0
12436,2024-09-28,DDU,02:37 AM,04:36 AM,119.0,02:47 AM,04:46 AM,119.0
12436,2024-09-28,BXR,03:58 AM,05:57 AM,119.0,04:00 AM,05:59 AM,119.0
13430,2024-09-07,DDU,10:20 AM,11:53 AM,93.0,10:30 AM,12:03 PM,93.0
13430,2024-09-14,DDU,10:20 AM,10:20 AM,0.0,10:30 AM,10:30 AM,0.0
13430,2024-09-21,DDU,10:20 AM,09:12 PM,652.0,10:30 AM,09:22 PM,652.0
13430,2024-09-28,DDU,10:20 AM,10:20 AM,0.0,10:30 AM,10:30 AM,0.0
12669,2024-09-07,PRYJ,01:45 AM,01:45 AM,0.0,02:10 AM,02:10 AM,0.0
12669,2024-09-09,PRYJ,01:45 AM,01:45 AM,0.0,02:10 AM,02:10 AM,0.0
12669,2024-09-14,PRYJ,01:45 AM,01:45 AM,0.0,02:10 AM,02:10 AM,0.0
12669,2024-09-16,PRYJ,01:45 AM,01:55 AM,10.0,02:10 AM,02:20 AM,10.0
12669,2024-09-23,PRYJ,01:45 AM,01:45 AM,0.0,02:10 AM,02:10 AM,0.0
12669,2024-09-28,PRYJ,01:45 AM,01:48 AM,3.0,02:10 AM,02:13 AM,3.0
12669,2024-09-30,PRYJ,01:45 AM,01:45 AM,0.0,02:10 AM,02:10 AM,0.0
22857,2024-09-02,DDU,10:30 PM,12:28 AM,118.0,10:40 PM,12:38 AM,118.0
22857,2024-09-02,PRYJ,12:45 AM,03:00 AM,135.0,12:50 AM,03:05 AM,135.0
22857,2024-09-02,CNB,03:05 AM,05:43 AM,158.0,03:10 AM,05:48 AM,158.0
22857,2024-09-09,DDU,10:30 PM,10:30 PM,0.0,10:40 PM,10:40 PM,0.0
22857,2024-09-09,PRYJ,12:45 AM,12:45 AM,0.0,12:50 AM,12:50 AM,0.0
22857,2024-09-09,CNB,03:05 AM,03:05 AM,0.0,03:10 AM,03:10 AM,0.0
22857,2024-09-16,DDU,10:30 PM,02:23 AM,233.0,10:40 PM,02:33 AM,233.0
22857,2024-09-16,PRYJ,12:45 AM,05:04 AM,259.0,12:50 AM,05:09 AM,259.0
22857,2024-09-16,CNB,03:05 AM,07:55 AM,290.0,03:10 AM,08:00 AM,290.0
22857,2024-09-23,DDU,10:30 PM,12:43 PM,853.0,10:40 PM,12:53 PM,853.0
22857,2024-09-23,PRYJ,12:45 AM,05:57 PM,1032.0,12:50 AM,06:02 PM,1032.0
22857,2024-09-23,CNB,03:05 AM,08:40 PM,1055.0,03:10 AM,08:45 PM,1055.0
22857,2024-09-30,DDU,10:30 PM,05:50 AM,440.0,10:40 PM,06:00 AM,440.0
22857,2024-09-30,PRYJ,12:45 AM,08:44 AM,479.0,12:50 AM,08:49 AM,479.0
22857,2024-09-30,CNB,03:05 AM,11:08 AM,483.0,03:10 AM,11:13 AM,483.0
9526,2024-09-07,PRYJ,05:10 PM,11:00 PM,350.0,05:15 PM,11:05 PM,350.0
9526,2024-09-14,PRYJ,05:10 PM,10:41 PM,331.0,05:15 PM,10:46 PM,331.0
9526,2024-09-21,PRYJ,05:10 PM,10:54 PM,344.0,05:15 PM,10:59 PM,344.0
9526,2024-09-28,PRYJ,05:10 PM,06:42 PM,92.0,05:15 PM,06:47 PM,92.0
1665,2024-09-05,DDU,07:08 AM,09:21 AM,133.0,07:18 AM,09:31 AM,133.0
1665,2024-09-05,BXR,08:18 AM,08:18 AM,0.0,08:20 AM,08:20 AM,0.0
1665,2024-09-12,DDU,07:08 AM,07:08 AM,0.0,07:18 AM,07:18 AM,0.0
1665,2024-09-12,BXR,08:18 AM,08:18 AM,0.0,08:20 AM,08:20 AM,0.0
1665,2024-09-19,DDU,07:08 AM,10:00 AM,172.0,07:18 AM,10:10 AM,172.0
1665,2024-09-19,BXR,08:18 AM,08:18 AM,0.0,08:20 AM,08:20 AM,0.0
1665,2024-09-26,DDU,07:08 AM,07:51 AM,43.0,07:18 AM,08:01 AM,43.0
1665,2024-09-26,BXR,08:18 AM,09:11 AM,53.0,08:20 AM,09:13 AM,53.0
18206,2024-09-14,PRYJ,07:55 PM,07:58 PM,3.0,08:25 PM,08:28 PM,3.0
18206,2024-09-21,PRYJ,07:55 PM,10:17 PM,142.0,08:25 PM,10:47 PM,142.0
18206,2024-09-28,PRYJ,07:55 PM,07:57 PM,2.0,08:25 PM,08:27 PM,2.0
12943,2024-09-11,CNB,06:25 PM,06:25 PM,0.0,06:25 PM,06:25 PM,0.0
12943,2024-09-18,CNB,06:25 PM,06:25 PM,0.0,06:25 PM,06:25 PM,0.0
12943,2024-09-25,CNB,06:25 PM,06:51 PM,26.0,06:25 PM,06:51 PM,26.0
15023,2024-09-03,CNB,05:50 PM,05:50 PM,0.0,05:55 PM,05:55 PM,0.0
15023,2024-09-10,CNB,05:50 PM,06:04 PM,14.0,05:55 PM,06:09 PM,14.0
15023,2024-09-17,CNB,05:50 PM,06:01 PM,11.0,05:55 PM,06:06 PM,11.0
15023,2024-09-24,CNB,05:50 PM,05:54 PM,4.0,05:55 PM,05:59 PM,4.0
20818,2024-09-01,CNB,09:42 PM,11:13 PM,91.0,09:47 PM,11:18 PM,91.0
20818,2024-09-01,PRYJ,11:53 PM,01:19 AM,86.0,11:55 PM,01:21 AM,86.0
20818,2024-09-01,DDU,01:47 AM,03:21 AM,94.0,01:57 AM,03:31 AM,94.0
20818,2024-09-08,CNB,09:42 PM,09:55 PM,13.0,09:47 PM,10:00 PM,13.0
20818,2024-09-08,PRYJ,11:53 PM,12:02 AM,9.0,11:55 PM,12:04 AM,9.0
20818,2024-09-08,DDU,01:47 AM,01:57 AM,10.0,01:57 AM,02:07 AM,10.0
20818,2024-09-15,CNB,09:42 PM,09:49 PM,7.0,09:47 PM,09:54 PM,7.0
20818,2024-09-15,PRYJ,11:53 PM,11:57 PM,4.0,11:55 PM,11:59 PM,4.0
20818,2024-09-15,DDU,01:47 AM,01:48 AM,0.0,01:57 AM,01:58 AM,0.0
20818,2024-09-22,CNB,09:42 PM,09:59 PM,17.0,09:47 PM,10:04 PM,17.0
20818,2024-09-22,PRYJ,11:53 PM,12:20 AM,27.0,11:55 PM,12:22 AM,27.0
20818,2024-09-22,DDU,01:47 AM,02:10 AM,23.0,01:57 AM,02:20 AM,23.0
20818,2024-09-29,CNB,09:42 PM,09:53 PM,11.0,09:47 PM,09:58 PM,11.0
20818,2024-09-29,PRYJ,11:53 PM,11:53 PM,0.0,11:55 PM,11:55 PM,0.0
20818,2024-09-29,DDU,01:47 AM,01:47 AM,0.0,01:57 AM,01:57 AM,0.0
